{"index": 1018, "act_buckets": [0, 0, 1, 0, 0, 0, 1, 0, 0, 0, 1, 0, 0, 0, 0, 0, 0, 0, 0, 0, 0, 0, 0, 0, 0, 0, 0, 0, 0, 0, 0, 0, 0, 0, 0, 0, 0, 0, 0, 1], "act_bucket_edges": [0, 0.01352, 0.02703, 0.04055, 0.05407, 0.06758, 0.0811, 0.09462, 0.1081, 0.1217, 0.1352, 0.1487, 0.1622, 0.1757, 0.1892, 0.2028, 0.2163, 0.2298, 0.2433, 0.2568, 0.2703, 0.2839, 0.2974, 0.3109, 0.3244, 0.3379, 0.3514, 0.365, 0.3785, 0.392, 0.4055, 0.419, 0.4325, 0.4461, 0.4596, 0.4731, 0.4866, 0.5001, 0.5136, 0.5272, 0.5407], "logit_buckets": [4, 4, 3, 12, 17, 38, 60, 105, 162, 307, 537, 927, 1416, 2252, 3614, 4813, 6296, 7393, 7412, 6607, 5399, 4506, 7128, 3226, 1623, 806, 404, 230, 106, 54, 29, 22, 10, 7, 2, 1, 0, 1, 2, 1], "logit_bucket_edges": [-0.4706, -0.4454, -0.4201, -0.3948, -0.3696, -0.3443, -0.3191, -0.2938, -0.2685, -0.2433, -0.218, -0.1928, -0.1675, -0.1422, -0.117, -0.09173, -0.06647, -0.04121, -0.01595, 0.009305, 0.03456, 0.05982, 0.08508, 0.1103, 0.1356, 0.1609, 0.1861, 0.2114, 0.2366, 0.2619, 0.2872, 0.3124, 0.3377, 0.3629, 0.3882, 0.4134, 0.4387, 0.464, 0.4892, 0.5145, 0.5397], "examples_quantiles": [{"quantile_name": "Top Activations", "quantile_max_act": 0.5407, "examples": [{"tokens_str_list": ["\n                                             ", " 6", "\n\f", "<EOT>", "Abbrev", "iations", "\n", "=============", "\n"], "tokens_acts_list": [0, 0, 0, 0, 0.5407, 0, 0, 0, 0], "train_token_ind": 4, "is_repeated_datapoint": 0, "datapoint_ind": 17505211, "ablations": {"loss_ablation": [0, 0, 0, 0, 0, -0.003008, 0, 0, 0], "top_logit_ablation_tokens_str": [["<META>", "<META>", "<META>", "<META>", "<META>", "s", "<META>", "<META>", "<META>"], ["<EOT>", "<EOT>", "<EOT>", "<EOT>", "<EOT>", "ans", "<EOT>", "<EOT>", "<EOT>"], ["<META_START>", "<META_START>", "<META_START>", "<META_START>", "<META_START>", "i", "<META_START>", "<META_START>", "<META_START>"], ["<SOS>", "<SOS>", "<SOS>", "<SOS>", "<SOS>", "=\"", "<SOS>", "<SOS>", "<SOS>"], ["<META_END>", "<META_END>", "<META_END>", "<META_END>", "<META_END>", "ives", "<META_END>", "<META_END>", "<META_END>"]], "bottom_logit_ablation_tokens_str": [["<META>", "<META>", "<META>", "<META>", "<META>", ",\u2019", "<META>", "<META>", "<META>"], ["<EOT>", "<EOT>", "<EOT>", "<EOT>", "<EOT>", ".\u2019", "<EOT>", "<EOT>", "<EOT>"], ["<META_START>", "<META_START>", "<META_START>", "<META_START>", "<META_START>", "?\u2019", "<META_START>", "<META_START>", "<META_START>"], ["<SOS>", "<SOS>", "<SOS>", "<SOS>", "<SOS>", ".'\"", "<SOS>", "<SOS>", "<SOS>"], ["<META_END>", "<META_END>", "<META_END>", "<META_END>", "<META_END>", "',\"", "<META_END>", "<META_END>", "<META_END>"]], "top_logit_ablation_values": [[0, 0, 0, 0, 0, 0.2573, 0, 0, 0], [0, 0, 0, 0, 0, 0.2502, 0, 0, 0], [0, 0, 0, 0, 0, 0.2486, 0, 0, 0], [0, 0, 0, 0, 0, 0.2447, 0, 0, 0], [0, 0, 0, 0, 0, 0.2381, 0, 0, 0]], "bottom_logit_ablation_values": [[0, 0, 0, 0, 0, -0.3801, 0, 0, 0], [0, 0, 0, 0, 0, -0.3645, 0, 0, 0], [0, 0, 0, 0, 0, -0.363, 0, 0, 0], [0, 0, 0, 0, 0, -0.34, 0, 0, 0], [0, 0, 0, 0, 0, -0.3014, 0, 0, 0]], "residual_loss_ablation": [0.7787, 2.314, 4.341, 1.989, 0.06188, 1.843, -1.845, 4.214, 0]}}, {"tokens_str_list": [" lower", " cost", ".", "<EOT>", "Abbrev", "iations", "\n", "=============", "\n"], "tokens_acts_list": [0, 0, 0, 0, 0.1409, 0, 0, 0, 0], "train_token_ind": 4, "is_repeated_datapoint": 0, "datapoint_ind": 82998532, "ablations": {"loss_ablation": [0, 0, 0, 0, 0, -0.002291, 0, 0, 0], "top_logit_ablation_tokens_str": [["<META>", "<META>", "<META>", "<META>", "<META>", "s", "<META>", "<META>", "<META>"], ["<EOT>", "<EOT>", "<EOT>", "<EOT>", "<EOT>", "i", "<EOT>", "<EOT>", "<EOT>"], ["<META_START>", "<META_START>", "<META_START>", "<META_START>", "<META_START>", "ans", "<META_START>", "<META_START>", "<META_START>"], ["<SOS>", "<SOS>", "<SOS>", "<SOS>", "<SOS>", "=\"", "<SOS>", "<SOS>", "<SOS>"], ["<META_END>", "<META_END>", "<META_END>", "<META_END>", "<META_END>", "ives", "<META_END>", "<META_END>", "<META_END>"]], "bottom_logit_ablation_tokens_str": [["<META>", "<META>", "<META>", "<META>", "<META>", ",\u2019", "<META>", "<META>", "<META>"], ["<EOT>", "<EOT>", "<EOT>", "<EOT>", "<EOT>", ".\u2019", "<EOT>", "<EOT>", "<EOT>"], ["<META_START>", "<META_START>", "<META_START>", "<META_START>", "<META_START>", "?\u2019", "<META_START>", "<META_START>", "<META_START>"], ["<SOS>", "<SOS>", "<SOS>", "<SOS>", "<SOS>", ".'\"", "<SOS>", "<SOS>", "<SOS>"], ["<META_END>", "<META_END>", "<META_END>", "<META_END>", "<META_END>", "',\"", "<META_END>", "<META_END>", "<META_END>"]], "top_logit_ablation_values": [[0, 0, 0, 0, 0, 0.08377, 0, 0, 0], [0, 0, 0, 0, 0, 0.08173, 0, 0, 0], [0, 0, 0, 0, 0, 0.08087, 0, 0, 0], [0, 0, 0, 0, 0, 0.07897, 0, 0, 0], [0, 0, 0, 0, 0, 0.07752, 0, 0, 0]], "bottom_logit_ablation_values": [[0, 0, 0, 0, 0, -0.1168, 0, 0, 0], [0, 0, 0, 0, 0, -0.1123, 0, 0, 0], [0, 0, 0, 0, 0, -0.1117, 0, 0, 0], [0, 0, 0, 0, 0, -0.1043, 0, 0, 0], [0, 0, 0, 0, 0, -0.09342, 0, 0, 0]], "residual_loss_ablation": [5.883, 3.218, -0.346, 0.5796, -0.2728, -0.0514, -0.9989, 5.711, 0]}}, {"tokens_str_list": [" on", " CT", ")", " rates", " were", " combined", ",", " and", " these"], "tokens_acts_list": [0, 0, 0, 0, 0.08464, 0, 0, 0, 0], "train_token_ind": 4, "is_repeated_datapoint": 0, "datapoint_ind": 55561108, "ablations": {"loss_ablation": [0, 0, 0, 0, 0, -0.003969, 0, 0, 0], "top_logit_ablation_tokens_str": [["<META>", "<META>", "<META>", "<META>", "<META>", "=\"", "<META>", "<META>", "<META>"], ["<EOT>", "<EOT>", "<EOT>", "<EOT>", "<EOT>", "ives", "<EOT>", "<EOT>", "<EOT>"], ["<META_START>", "<META_START>", "<META_START>", "<META_START>", "<META_START>", "ans", "<META_START>", "<META_START>", "<META_START>"], ["<SOS>", "<SOS>", "<SOS>", "<SOS>", "<SOS>", "i", "<SOS>", "<SOS>", "<SOS>"], ["<META_END>", "<META_END>", "<META_END>", "<META_END>", "<META_END>", "s", "<META_END>", "<META_END>", "<META_END>"]], "bottom_logit_ablation_tokens_str": [["<META>", "<META>", "<META>", "<META>", "<META>", ",\u2019", "<META>", "<META>", "<META>"], ["<EOT>", "<EOT>", "<EOT>", "<EOT>", "<EOT>", "?\u2019", "<EOT>", "<EOT>", "<EOT>"], ["<META_START>", "<META_START>", "<META_START>", "<META_START>", "<META_START>", ".\u2019", "<META_START>", "<META_START>", "<META_START>"], ["<SOS>", "<SOS>", "<SOS>", "<SOS>", "<SOS>", ".'\"", "<SOS>", "<SOS>", "<SOS>"], ["<META_END>", "<META_END>", "<META_END>", "<META_END>", "<META_END>", "',\"", "<META_END>", "<META_END>", "<META_END>"]], "top_logit_ablation_values": [[0, 0, 0, 0, 0, 0.05232, 0, 0, 0], [0, 0, 0, 0, 0, 0.04929, 0, 0, 0], [0, 0, 0, 0, 0, 0.04676, 0, 0, 0], [0, 0, 0, 0, 0, 0.04437, 0, 0, 0], [0, 0, 0, 0, 0, 0.04435, 0, 0, 0]], "bottom_logit_ablation_values": [[0, 0, 0, 0, 0, -0.1311, 0, 0, 0], [0, 0, 0, 0, 0, -0.1269, 0, 0, 0], [0, 0, 0, 0, 0, -0.1256, 0, 0, 0], [0, 0, 0, 0, 0, -0.1202, 0, 0, 0], [0, 0, 0, 0, 0, -0.1127, 0, 0, 0]], "residual_loss_ablation": [0.103, 5.177, 2.619, 2.026, -1.11, 0.1751, -0.07625, -0.3349, 0]}}, {"tokens_str_list": [" if", " you", "'d", " bothered", " to", " check", ",", " as", " I"], "tokens_acts_list": [0, 0, 0, 0, 0.03067, 0, 0, 0, 0], "train_token_ind": 4, "is_repeated_datapoint": 0, "datapoint_ind": 23684848, "ablations": {"loss_ablation": [0, 0, 0, 0, 0, -0.005654, 0, 0, 0], "top_logit_ablation_tokens_str": [["<META>", "<META>", "<META>", "<META>", "<META>", "s", "<META>", "<META>", "<META>"], ["<EOT>", "<EOT>", "<EOT>", "<EOT>", "<EOT>", "=\"", "<EOT>", "<EOT>", "<EOT>"], ["<META_START>", "<META_START>", "<META_START>", "<META_START>", "<META_START>", ">", "<META_START>", "<META_START>", "<META_START>"], ["<SOS>", "<SOS>", "<SOS>", "<SOS>", "<SOS>", " the", "<SOS>", "<SOS>", "<SOS>"], ["<META_END>", "<META_END>", "<META_END>", "<META_END>", "<META_END>", " you", "<META_END>", "<META_END>", "<META_END>"]],