{"index": 1053, "act_buckets": [0, 0, 0, 0, 0, 0, 0, 0, 0, 0, 0, 0, 0, 0, 0, 0, 0, 0, 0, 0, 0, 0, 0, 0, 0, 0, 0, 0, 0, 0, 0, 0, 0, 0, 0, 0, 0, 0, 0, 1], "act_bucket_edges": [0, 0.007093, 0.01419, 0.02128, 0.02837, 0.03546, 0.04256, 0.04965, 0.05674, 0.06384, 0.07093, 0.07802, 0.08511, 0.09221, 0.0993, 0.1064, 0.1135, 0.1206, 0.1277, 0.1348, 0.1419, 0.1489, 0.156, 0.1631, 0.1702, 0.1773, 0.1844, 0.1915, 0.1986, 0.2057, 0.2128, 0.2199, 0.227, 0.2341, 0.2412, 0.2482, 0.2553, 0.2624, 0.2695, 0.2766, 0.2837], "logit_buckets": [1, 1, 0, 1, 1, 2, 3, 5, 10, 9, 22, 48, 120, 215, 380, 780, 1497, 2675, 4455, 6743, 8387, 9119, 8088, 6665, 6081, 6327, 1766, 928, 508, 337, 155, 90, 54, 31, 21, 5, 3, 2, 0, 1], "logit_bucket_edges": [-0.5596, -0.534, -0.5083, -0.4827, -0.457, -0.4314, -0.4057, -0.38, -0.3544, -0.3287, -0.3031, -0.2774, -0.2518, -0.2261, -0.2004, -0.1748, -0.1491, -0.1235, -0.09782, -0.07216, -0.0465, -0.02085, 0.004811, 0.03047, 0.05613, 0.08178, 0.1074, 0.1331, 0.1588, 0.1844, 0.2101, 0.2357, 0.2614, 0.287, 0.3127, 0.3384, 0.364, 0.3897, 0.4153, 0.441, 0.4666], "examples_quantiles": [{"quantile_name": "Top Activations", "quantile_max_act": 0.2837, "examples": [{"tokens_str_list": [")", " 5", " designs", "\n", "\n", "-", " [", "Foot", "ers"], "tokens_acts_list": [0, 0, 0, 0, 0.2837, 0, 0, 0, 0], "train_token_ind": 4, "is_repeated_datapoint": 0, "datapoint_ind": 23598955, "ablations": {"loss_ablation": [0, 0, 0, 0, 0, 0.07867, 0, 0, 0], "top_logit_ablation_tokens_str": [["<META>", "<META>", "<META>", "<META>", "<META>", "s", "<META>", "<META>", "<META>"], ["<EOT>", "<EOT>", "<EOT>", "<EOT>", "<EOT>", "d", "<EOT>", "<EOT>", "<EOT>"], ["<META_START>", "<META_START>", "<META_START>", "<META_START>", "<META_START>", "giving", "<META_START>", "<META_START>", "<META_START>"], ["<SOS>", "<SOS>", "<SOS>", "<SOS>", "<SOS>", "e", "<SOS>", "<SOS>", "<SOS>"], ["<META_END>", "<META_END>", "<META_END>", "<META_END>", "<META_END>", "tell", "<META_END>", "<META_END>", "<META_END>"]], "bottom_logit_ablation_tokens_str": [["<META>", "<META>", "<META>", "<META>", "<META>", "\u00e8res", "<META>", "<META>", "<META>"], ["<EOT>", "<EOT>", "<EOT>", "<EOT>", "<EOT>", "acs", "<EOT>", "<EOT>", "<EOT>"], ["<META_START>", "<META_START>", "<META_START>", "<META_START>", "<META_START>", "plier", "<META_START>", "<META_START>", "<META_START>"], ["<SOS>", "<SOS>", "<SOS>", "<SOS>", "<SOS>", "ennes", "<SOS>", "<SOS>", "<SOS>"], ["<META_END>", "<META_END>", "<META_END>", "<META_END>", "<META_END>", "ya", "<META_END>", "<META_END>", "<META_END>"]], "top_logit_ablation_values": [[0, 0, 0, 0, 0, 0.2586, 0, 0, 0], [0, 0, 0, 0, 0, 0.2269, 0, 0, 0], [0, 0, 0, 0, 0, 0.1797, 0, 0, 0], [0, 0, 0, 0, 0, 0.1483, 0, 0, 0], [0, 0, 0, 0, 0, 0.128, 0, 0, 0]], "bottom_logit_ablation_values": [[0, 0, 0, 0, 0, -0.651, 0, 0, 0], [0, 0, 0, 0, 0, -0.5982, 0, 0, 0], [0, 0, 0, 0, 0, -0.5897, 0, 0, 0], [0, 0, 0, 0, 0, -0.5713, 0, 0, 0], [0, 0, 0, 0, 0, -0.5658, 0, 0, 0]], "residual_loss_ablation": [5.323, 1.371, 3.83, -0.5566, -1.418, 3.601, 2.416, -0.6052, 0]}}]}], "statistics": {"density_frac": 1e-08, "global_max_act": 0.2837, "abs_max_neuron_weights": [0.2447, 0.214, 0.2011], "abs_max_neuron_inds": [90, 211, 77], "l1_max_neuron_weights": [0.01821, 0.01592, 0.01497]}, "logit_effects": {"negatives": [["eating", -0.3735], ["telling", -0.3812], ["m", -0.3816], ["dle", -0.4049], ["t", -0.4074], ["tell", -0.4106], ["e", -0.436], ["giving", -0.467], ["d", -0.5268], ["s", -0.5596]], "positives": [["\u00e8res", 0.4666], ["acs", 0.4085], ["plier", 0.3992], ["ennes", 0.3736], ["andro", 0.3729], ["ya", 0.3685], ["athan", 0.3606], ["endra", 0.3557], ["\u00e8me", 0.355], ["ators", 0.3522]]}}