{"index": 1058, "act_buckets": [1, 2, 1, 0, 1, 0, 0, 0, 0, 1, 0, 0, 1, 0, 0, 0, 0, 0, 0, 0, 0, 0, 0, 0, 0, 0, 0, 0, 0, 0, 0, 0, 0, 0, 0, 0, 0, 0, 0, 1], "act_bucket_edges": [0, 0.03415, 0.0683, 0.1025, 0.1366, 0.1708, 0.2049, 0.2391, 0.2732, 0.3074, 0.3415, 0.3757, 0.4098, 0.444, 0.4781, 0.5123, 0.5464, 0.5806, 0.6147, 0.6489, 0.683, 0.7172, 0.7513, 0.7855, 0.8196, 0.8538, 0.888, 0.9221, 0.9563, 0.9904, 1.025, 1.059, 1.093, 1.127, 1.161, 1.195, 1.229, 1.264, 1.298, 1.332, 1.366], "logit_buckets": [1, 1, 0, 1, 5, 9, 9, 14, 41, 64, 85, 166, 244, 387, 2749, 1705, 2065, 2582, 3491, 4545, 5693, 6797, 7359, 7539, 6538, 5107, 3391, 2195, 1265, 725, 383, 173, 126, 33, 23, 10, 5, 6, 1, 3], "logit_bucket_edges": [-0.5397, -0.5154, -0.4912, -0.467, -0.4428, -0.4186, -0.3944, -0.3702, -0.346, -0.3218, -0.2976, -0.2734, -0.2492, -0.225, -0.2008, -0.1766, -0.1524, -0.1282, -0.104, -0.0798, -0.0556, -0.0314, -0.007197, 0.017, 0.04121, 0.06541, 0.08961, 0.1138, 0.138, 0.1622, 0.1864, 0.2106, 0.2348, 0.259, 0.2832, 0.3074, 0.3316, 0.3558, 0.38, 0.4042, 0.4284], "examples_quantiles": [{"quantile_name": "Top Activations", "quantile_max_act": 1.366, "examples": [{"tokens_str_list": ["\n                                             ", " 6", "\n\f", "<EOT>", "Abbrev", "iations", "\n", "=============", "\n"], "tokens_acts_list": [0, 0, 0, 0, 1.366, 0, 0, 0, 0], "train_token_ind": 4, "is_repeated_datapoint": 0, "datapoint_ind": 17505211, "ablations": {"loss_ablation": [0, 0, 0, 0, 0, -1.831e-05, 0, 0, 0], "top_logit_ablation_tokens_str": [["<META>", "<META>", "<META>", "<META>", "<META>", " Pradesh", "<META>", "<META>", "<META>"], ["<EOT>", "<EOT>", "<EOT>", "<EOT>", "<EOT>", "ided", "<EOT>", "<EOT>", "<EOT>"], ["<META_START>", "<META_START>", "<META_START>", "<META_START>", "<META_START>", "matic", "<META_START>", "<META_START>", "<META_START>"], ["<SOS>", "<SOS>", "<SOS>", "<SOS>", "<SOS>", "ributed", "<SOS>", "<SOS>", "<SOS>"], ["<META_END>", "<META_END>", "<META_END>", "<META_END>", "<META_END>", "ended", "<META_END>", "<META_END>", "<META_END>"]], "bottom_logit_ablation_tokens_str": [["<META>", "<META>", "<META>", "<META>", "<META>", "Fig", "<META>", "<META>", "<META>"], ["<EOT>", "<EOT>", "<EOT>", "<EOT>", "<EOT>", "googleapis", "<EOT>", "<EOT>", "<EOT>"], ["<META_START>", "<META_START>", "<META_START>", "<META_START>", "<META_START>", "berries", "<META_START>", "<META_START>", "<META_START>"], ["<SOS>", "<SOS>", "<SOS>", "<SOS>", "<SOS>", "stry", "<SOS>", "<SOS>", "<SOS>"], ["<META_END>", "<META_END>", "<META_END>", "<META_END>", "<META_END>", "html", "<META_END>", "<META_END>", "<META_END>"]], "top_logit_ablation_values": [[0, 0, 0, 0, 0, 0.9727, 0, 0, 0], [0, 0, 0, 0, 0, 0.9193, 0, 0, 0], [0, 0, 0, 0, 0, 0.8468, 0, 0, 0], [0, 0, 0, 0, 0, 0.8171, 0, 0, 0], [0, 0, 0, 0, 0, 0.8166, 0, 0, 0]], "bottom_logit_ablation_values": [[0, 0, 0, 0, 0, -0.5815, 0, 0, 0], [0, 0, 0, 0, 0, -0.5674, 0, 0, 0], [0, 0, 0, 0, 0, -0.5512, 0, 0, 0], [0, 0, 0, 0, 0, -0.5164, 0, 0, 0], [0, 0, 0, 0, 0, -0.4991, 0, 0, 0]], "residual_loss_ablation": [0.7787, 2.314, 4.341, 1.989, 0.06188, 1.843, -1.845, 4.214, 0]}}, {"tokens_str_list": ["oids", ".\\[[@", "CR", "23", "],", " [@", "CR", "25", "]\\]"], "tokens_acts_list": [0, 0, 0, 0, 0.4239, 0, 0, 0, 0], "train_token_ind": 4, "is_repeated_datapoint": 0, "datapoint_ind": 24540605, "ablations": {"loss_ablation": [0, 0, 0, 0, 0, 0.048, 0, 0, 0], "top_logit_ablation_tokens_str": [["<META>", "<META>", "<META>", "<META>", "<META>", " Pradesh", "<META>", "<META>", "<META>"], ["<EOT>", "<EOT>", "<EOT>", "<EOT>", "<EOT>", "ided", "<EOT>", "<EOT>", "<EOT>"], ["<META_START>", "<META_START>", "<META_START>", "<META_START>", "<META_START>", "matic", "<META_START>", "<META_START>", "<META_START>"], ["<SOS>", "<SOS>", "<SOS>", "<SOS>", "<SOS>", "ended", "<SOS>", "<SOS>", "<SOS>"], ["<META_END>", "<META_END>", "<META_END>", "<META_END>", "<META_END>", "ributed", "<META_END>", "<META_END>", "<META_END>"]], "bottom_logit_ablation_tokens_str": [["<META>", "<META>", "<META>", "<META>", "<META>", "Fig", "<META>", "<META>", "<META>"], ["<EOT>", "<EOT>", "<EOT>", "<EOT>", "<EOT>", "googleapis", "<EOT>", "<EOT>", "<EOT>"], ["<META_START>", "<META_START>", "<META_START>", "<META_START>", "<META_START>", "berries", "<META_START>", "<META_START>", "<META_START>"], ["<SOS>", "<SOS>", "<SOS>", "<SOS>", "<SOS>", "stry", "<SOS>", "<SOS>", "<SOS>"], ["<META_END>", "<META_END>", "<META_END>", "<META_END>", "<META_END>", "Figure", "<META_END>", "<META_END>", "<META_END>"]], "top_logit_ablation_values": [[0, 0, 0, 0, 0, 0.4471, 0, 0, 0], [0, 0, 0, 0, 0, 0.428, 0, 0, 0], [0, 0, 0, 0, 0, 0.395, 0, 0, 0], [0, 0, 0, 0, 0, 0.3791, 0, 0, 0], [0, 0, 0, 0, 0, 0.3757, 0, 0, 0]], "bottom_logit_ablation_values": [[0, 0, 0, 0, 0, -0.2791, 0, 0, 0], [0, 0, 0, 0, 0, -0.275, 0, 0, 0], [0, 0, 0, 0, 0, -0.2677, 0, 0, 0], [0, 0, 0, 0, 0, -0.2521, 0, 0, 0], [0, 0, 0, 0, 0, -0.2352, 0, 0, 0]], "residual_loss_ablation": [4.096, 1.95, -0.3874, -0.3619, -4.063, 0.1594, -0.01477, 0.699, 0]}}, {"tokens_str_list": ["\n", "And", " blit", "he", " and", " hopeful", " o", "'", "er"], "tokens_acts_list": [0, 0, 0, 0, 0.3209, 0, 0, 0, 0], "train_token_ind": 4, "is_repeated_datapoint": 0, "datapoint_ind": 90240607, "ablations": {"loss_ablation": [0, 0, 0, 0, 0, -0.01604, 0, 0, 0], "top_logit_ablation_tokens_str": [["<META>", "<META>", "<META>", "<META>", "<META>", " Pradesh", "<META>", "<META>", "<META>"], ["<EOT>", "<EOT>", "<EOT>", "<EOT>", "<EOT>", "ided", "<EOT>", "<EOT>", "<EOT>"], ["<META_START>", "<META_START>", "<META_START>", "<META_START>", "<META_START>", "matic", "<META_START>", "<META_START>", "<META_START>"], ["<SOS>", "<SOS>", "<SOS>", "<SOS>", "<SOS>", "ausal", "<SOS>", "<SOS>", "<SOS>"], ["<META_END>", "<META_END>", "<META_END>", "<META_END>", "<META_END>", "ended", "<META_END>", "<META_END>", "<META_END>"]], "bottom_logit_ablation_tokens_str": [["<META>", "<META>", "<META>", "<META>", "<META>", "berries", "<META>", "<META>", "<META>"], ["<EOT>", "<EOT>", "<EOT>", "<EOT>", "<EOT>", "Fig", "<EOT>", "<EOT>", "<EOT>"], ["<META_START>", "<META_START>", "<META_START>", "<META_START>", "<META_START>", "googleapis", "<META_START>", "<META_START>", "<META_START>"], ["<SOS>", "<SOS>", "<SOS>", "<SOS>", "<SOS>", "stry", "<SOS>", "<SOS>", "<SOS>"], ["<META_END>", "<META_END>", "<META_END>", "<META_END>", "<META_END>", "html", "<META_END>", "<META_END>", "<META_END>"]], "top_logit_ablation_values": [[0, 0, 0, 0, 0, 0.3435, 0, 0, 0], [0, 0, 0, 0, 0, 0.3305, 0, 0, 0], [0, 0, 0, 0, 0, 0.3015, 0, 0, 0], [0, 0, 0, 0, 0, 0.2948, 0, 0, 0], [0, 0, 0, 0, 0, 0.2943, 0, 0, 0]], "bottom_logit_ablation_values": [[0, 0, 0, 0, 0, -0.203, 0, 0, 0], [0, 0, 0, 0, 0, -0.1981, 0, 0, 0], [0, 0, 0, 0, 0, -0.1943, 0, 0, 0], [0, 0, 0, 0, 0, -0.1819, 0, 0, 0], [0, 0, 0, 0, 0, -0.1742, 0, 0, 0]], "residual_loss_ablation": [0.2517, 4.437, 0.8348, 5.114, -2.032, 0.6657, -0.3917, 1.874, 0]}}, {"tokens_str_list": ["W", "ren", " sighed", " as", " she", " took", " her", " place", " next"], "tokens_acts_list": [0, 0, 0, 0, 0.1642, 0, 0, 0, 0], "train_token_ind": 4, "is_repeated_datapoint": 0, "datapoint_ind": 20877571, "ablations": {"loss_ablation": [0, 0, 0, 0, 0, -0.02166, 0, 0, 0], "top_logit_ablation_tokens_str": [["<META>", "<META>", "<META>", "<META>", "<META>", "ided", "<META>", "<META>", "<META>"], ["<EOT>", "<EOT>", "<EOT>", "<EOT>", "<EOT>", " Pradesh", "<EOT>", "<EOT>", "<EOT>"], ["<META_START>", "<META_START>", "<META_START>", "<META_START>", "<META_START>", "ended", "<META_START>", "<META_START>", "<META_START>"], ["<SOS>", "<SOS>", "<SOS>", "<SOS>", "<SOS>", "matic", "<SOS>", "<SOS>", "<SOS>"], ["<META_END>", "<META_END>", "<META_END>", "<META_END>", "<META_END>", "ributed", "<META_END>", "<META_END>", "<META_END>"]],