{"index": 1071, "act_buckets": [0, 0, 0, 0, 0, 0, 0, 0, 0, 0, 0, 0, 0, 0, 0, 0, 0, 0, 0, 0, 0, 0, 0, 0, 0, 0, 0, 0, 0, 0, 0, 0, 0, 0, 0, 0, 0, 0, 0, 1], "act_bucket_edges": [0, 0.00251, 0.00502, 0.00753, 0.01004, 0.01255, 0.01506, 0.01757, 0.02008, 0.02259, 0.0251, 0.02761, 0.03012, 0.03263, 0.03514, 0.03765, 0.04016, 0.04267, 0.04518, 0.04769, 0.0502, 0.05271, 0.05522, 0.05773, 0.06024, 0.06275, 0.06526, 0.06777, 0.07028, 0.07279, 0.0753, 0.07781, 0.08032, 0.08283, 0.08534, 0.08785, 0.09036, 0.09287, 0.09538, 0.09789, 0.1004], "logit_buckets": [1, 0, 2, 1, 2, 15, 6, 12, 26, 33, 53, 96, 126, 202, 329, 470, 762, 1114, 3553, 3165, 4204, 5361, 6465, 7666, 8329, 7624, 5821, 4202, 2774, 1600, 830, 381, 167, 80, 40, 16, 7, 0, 0, 1], "logit_bucket_edges": [-0.8552, -0.8194, -0.7836, -0.7478, -0.712, -0.6762, -0.6404, -0.6046, -0.5688, -0.533, -0.4972, -0.4614, -0.4256, -0.3898, -0.354, -0.3182, -0.2824, -0.2466, -0.2108, -0.175, -0.1392, -0.1034, -0.0676, -0.0318, 0.004003, 0.0398, 0.0756, 0.1114, 0.1472, 0.183, 0.2188, 0.2546, 0.2904, 0.3262, 0.362, 0.3978, 0.4336, 0.4694, 0.5052, 0.541, 0.5768], "examples_quantiles": [{"quantile_name": "Top Activations", "quantile_max_act": 0.1004, "examples": [{"tokens_str_list": [" damage", " (", "MD", ").", "**", " (", "A", ")", " The"], "tokens_acts_list": [0, 0, 0, 0, 0.1004, 0, 0, 0, 0], "train_token_ind": 4, "is_repeated_datapoint": 0, "datapoint_ind": 42413622, "ablations": {"loss_ablation": [0, 0, 0, 0, 0, -0.03834, 0, 0, 0], "top_logit_ablation_tokens_str": [["<META>", "<META>", "<META>", "<META>", "<META>", " the", "<META>", "<META>", "<META>"], ["<EOT>", "<EOT>", "<EOT>", "<EOT>", "<EOT>", " with", "<EOT>", "<EOT>", "<EOT>"], ["<META_START>", "<META_START>", "<META_START>", "<META_START>", "<META_START>", " to", "<META_START>", "<META_START>", "<META_START>"], ["<SOS>", "<SOS>", "<SOS>", "<SOS>", "<SOS>", " of", "<SOS>", "<SOS>", "<SOS>"], ["<META_END>", "<META_END>", "<META_END>", "<META_END>", "<META_END>", " their", "<META_END>", "<META_END>", "<META_END>"]], "bottom_logit_ablation_tokens_str": [["<META>", "<META>", "<META>", "<META>", "<META>", "unnumbered", "<META>", "<META>", "<META>"], ["<EOT>", "<EOT>", "<EOT>", "<EOT>", "<EOT>", " towel", "<EOT>", "<EOT>", "<EOT>"], ["<META_START>", "<META_START>", "<META_START>", "<META_START>", "<META_START>", "\u00e7\u00f5es", "<META_START>", "<META_START>", "<META_START>"], ["<SOS>", "<SOS>", "<SOS>", "<SOS>", "<SOS>", "cm", "<SOS>", "<SOS>", "<SOS>"], ["<META_END>", "<META_END>", "<META_END>", "<META_END>", "<META_END>", "lace", "<META_END>", "<META_END>", "<META_END>"]], "top_logit_ablation_values": [[0, 0, 0, 0, 0, 0.1688, 0, 0, 0], [0, 0, 0, 0, 0, 0.1535, 0, 0, 0], [0, 0, 0, 0, 0, 0.1467, 0, 0, 0], [0, 0, 0, 0, 0, 0.1457, 0, 0, 0], [0, 0, 0, 0, 0, 0.1389, 0, 0, 0]], "bottom_logit_ablation_values": [[0, 0, 0, 0, 0, -0.09534, 0, 0, 0], [0, 0, 0, 0, 0, -0.09083, 0, 0, 0], [0, 0, 0, 0, 0, -0.08965, 0, 0, 0], [0, 0, 0, 0, 0, -0.08321, 0, 0, 0], [0, 0, 0, 0, 0, -0.08264, 0, 0, 0]], "residual_loss_ablation": [2.703, -1.247, 0.4048, -0.9549, 1.596, -2.211, -1.247, 0.7785, 0]}}]}], "statistics": {"density_frac": 1e-08, "global_max_act": 0.1004, "abs_max_neuron_weights": [0.1341, 0.1224, 0.1149], "abs_max_neuron_inds": [153, 442, 265], "l1_max_neuron_weights": [0.007202, 0.006576, 0.006172]}, "logit_effects": {"negatives": [[" its", -0.6606], [" in", -0.6615], ["ically", -0.6714], ["ism", -0.6731], [" their", -0.6995], [" that", -0.7085], [" of", -0.7314], [" to", -0.7489], [" with", -0.781], [" the", -0.8552]], "positives": [["unnumbered", 0.5768], [" towel", 0.4664], ["cm", 0.4617], ["\u00e7\u00f5es", 0.4521], ["lace", 0.4451], ["\\}\\", 0.4426], ["Kline", 0.4375], ["cloth", 0.436], ["0019", 0.4296], ["\u00eancia", 0.4282]]}}