{"index": 1084, "act_buckets": [0, 0, 0, 0, 0, 0, 0, 0, 0, 0, 0, 0, 0, 0, 0, 0, 0, 0, 0, 0, 0, 0, 0, 0, 0, 0, 0, 0, 0, 0, 0, 0, 0, 0, 0, 0, 0, 0, 0, 1], "act_bucket_edges": [0, 0.006439, 0.01288, 0.01932, 0.02576, 0.03219, 0.03863, 0.04507, 0.05151, 0.05795, 0.06439, 0.07083, 0.07727, 0.0837, 0.09014, 0.09658, 0.103, 0.1095, 0.1159, 0.1223, 0.1288, 0.1352, 0.1417, 0.1481, 0.1545, 0.161, 0.1674, 0.1738, 0.1803, 0.1867, 0.1932, 0.1996, 0.206, 0.2125, 0.2189, 0.2254, 0.2318, 0.2382, 0.2447, 0.2511, 0.2576], "logit_buckets": [1, 0, 1, 2, 7, 11, 20, 47, 121, 245, 517, 981, 1495, 2434, 3767, 5295, 6956, 7756, 7647, 6161, 5006, 4236, 4978, 1952, 1632, 1322, 993, 747, 480, 292, 178, 103, 61, 40, 21, 17, 7, 2, 1, 4], "logit_bucket_edges": [-0.3863, -0.3653, -0.3443, -0.3233, -0.3023, -0.2813, -0.2603, -0.2392, -0.2182, -0.1972, -0.1762, -0.1552, -0.1342, -0.1132, -0.09221, -0.0712, -0.0502, -0.02919, -0.008188, 0.01282, 0.03382, 0.05483, 0.07583, 0.09684, 0.1178, 0.1388, 0.1599, 0.1809, 0.2019, 0.2229, 0.2439, 0.2649, 0.2859, 0.3069, 0.3279, 0.3489, 0.3699, 0.3909, 0.4119, 0.4329, 0.4539], "examples_quantiles": [{"quantile_name": "Top Activations", "quantile_max_act": 0.2576, "examples": [{"tokens_str_list": [",\"", " said", " Ku", "wait", "i", " Foreign", " Minister", " She", "ikh"], "tokens_acts_list": [0, 0, 0, 0, 0.2576, 0, 0, 0, 0], "train_token_ind": 4, "is_repeated_datapoint": 0, "datapoint_ind": 34360118, "ablations": {"loss_ablation": [0, 0, 0, 0, 0, -0.01055, 0, 0, 0], "top_logit_ablation_tokens_str": [["<META>", "<META>", "<META>", "<META>", "<META>", "clidean", "<META>", "<META>", "<META>"], ["<EOT>", "<EOT>", "<EOT>", "<EOT>", "<EOT>", " infinity", "<EOT>", "<EOT>", "<EOT>"], ["<META_START>", "<META_START>", "<META_START>", "<META_START>", "<META_START>", "urable", "<META_START>", "<META_START>", "<META_START>"], ["<SOS>", "<SOS>", "<SOS>", "<SOS>", "<SOS>", "uplex", "<SOS>", "<SOS>", "<SOS>"], ["<META_END>", "<META_END>", "<META_END>", "<META_END>", "<META_END>", " breath", "<META_END>", "<META_END>", "<META_END>"]], "bottom_logit_ablation_tokens_str": [["<META>", "<META>", "<META>", "<META>", "<META>", "e", "<META>", "<META>", "<META>"], ["<EOT>", "<EOT>", "<EOT>", "<EOT>", "<EOT>", "lla", "<EOT>", "<EOT>", "<EOT>"], ["<META_START>", "<META_START>", "<META_START>", "<META_START>", "<META_START>", "a", "<META_START>", "<META_START>", "<META_START>"], ["<SOS>", "<SOS>", "<SOS>", "<SOS>", "<SOS>", "idge", "<SOS>", "<SOS>", "<SOS>"], ["<META_END>", "<META_END>", "<META_END>", "<META_END>", "<META_END>", "es", "<META_END>", "<META_END>", "<META_END>"]], "top_logit_ablation_values": [[0, 0, 0, 0, 0, 0.05421, 0, 0, 0], [0, 0, 0, 0, 0, 0.05291, 0, 0, 0], [0, 0, 0, 0, 0, 0.04945, 0, 0, 0], [0, 0, 0, 0, 0, 0.04556, 0, 0, 0], [0, 0, 0, 0, 0, 0.04437, 0, 0, 0]], "bottom_logit_ablation_values": [[0, 0, 0, 0, 0, -0.2338, 0, 0, 0], [0, 0, 0, 0, 0, -0.2313, 0, 0, 0], [0, 0, 0, 0, 0, -0.2254, 0, 0, 0], [0, 0, 0, 0, 0, -0.2245, 0, 0, 0], [0, 0, 0, 0, 0, -0.2228, 0, 0, 0]], "residual_loss_ablation": [5.222, 0.09683, 2.679, 7.116, 5.765, 0.716, 2.984, -0.2875, 0]}}]}], "statistics": {"density_frac": 1e-08, "global_max_act": 0.2576, "abs_max_neuron_weights": [0.2233, 0.2138, 0.1813], "abs_max_neuron_inds": [20, 290, 214], "l1_max_neuron_weights": [0.01655, 0.01584, 0.01343]}, "logit_effects": {"negatives": [["iences", -0.2834], [">&", -0.2851], [" medium", -0.2852], ["versely", -0.2936], ["icularly", -0.2956], ["0", -0.2993], ["clidean", -0.311], ["quisite", -0.3182], ["}.", -0.3278], [" infinity", -0.3863]], "positives": [[" said", 0.4539], [" Singh", 0.4529], [" spokesman", 0.4426], [" tweeted", 0.435], [" told", 0.4327], [" spokeswoman", 0.4057], [" Kumar", 0.4056], [" asked", 0.3892], [" warned", 0.3847], [" Leader", 0.3782]]}}