{"index": 1097, "act_buckets": [0, 0, 0, 0, 0, 0, 0, 0, 0, 0, 0, 0, 0, 0, 0, 0, 0, 0, 0, 0, 0, 0, 0, 0, 0, 0, 0, 0, 0, 0, 0, 0, 0, 0, 0, 0, 0, 0, 1, 1], "act_bucket_edges": [0, 0.0009473, 0.001895, 0.002842, 0.003789, 0.004736, 0.005684, 0.006631, 0.007578, 0.008525, 0.009473, 0.01042, 0.01137, 0.01231, 0.01326, 0.01421, 0.01516, 0.0161, 0.01705, 0.018, 0.01895, 0.01989, 0.02084, 0.02179, 0.02273, 0.02368, 0.02463, 0.02558, 0.02652, 0.02747, 0.02842, 0.02937, 0.03031, 0.03126, 0.03221, 0.03315, 0.0341, 0.03505, 0.036, 0.03694, 0.03789], "logit_buckets": [1, 0, 0, 4, 3, 9, 15, 27, 50, 120, 173, 279, 456, 754, 1252, 1739, 2597, 3341, 4208, 4862, 5713, 6315, 9242, 6266, 4887, 3778, 2912, 2120, 1543, 1036, 674, 500, 273, 210, 77, 48, 23, 16, 9, 4], "logit_bucket_edges": [-0.3979, -0.3799, -0.3619, -0.3439, -0.326, -0.308, -0.29, -0.272, -0.254, -0.236, -0.2181, -0.2001, -0.1821, -0.1641, -0.1461, -0.1282, -0.1102, -0.09219, -0.07421, -0.05622, -0.03824, -0.02026, -0.002278, 0.0157, 0.03369, 0.05167, 0.06965, 0.08763, 0.1056, 0.1236, 0.1416, 0.1596, 0.1775, 0.1955, 0.2135, 0.2315, 0.2495, 0.2674, 0.2854, 0.3034, 0.3214], "examples_quantiles": [{"quantile_name": "Top Activations", "quantile_max_act": 0.03789, "examples": [{"tokens_str_list": ["[\\", "%]", "$\\", "\n", "$\\", "phantom", "{", "1", "}"], "tokens_acts_list": [0, 0, 0, 0, 0.03789, 0, 0, 0, 0], "train_token_ind": 4, "is_repeated_datapoint": 0, "datapoint_ind": 49519702, "ablations": {"loss_ablation": [0, 0, 0, 0, 0, -0.0004888, 0, 0, 0], "top_logit_ablation_tokens_str": [["<META>", "<META>", "<META>", "<META>", "<META>", "Infl", "<META>", "<META>", "<META>"], ["<EOT>", "<EOT>", "<EOT>", "<EOT>", "<EOT>", "Competing", "<EOT>", "<EOT>", "<EOT>"], ["<META_START>", "<META_START>", "<META_START>", "<META_START>", "<META_START>", "loid", "<META_START>", "<META_START>", "<META_START>"], ["<SOS>", "<SOS>", "<SOS>", "<SOS>", "<SOS>", " appreciated", "<SOS>", "<SOS>", "<SOS>"], ["<META_END>", "<META_END>", "<META_END>", "<META_END>", "<META_END>", "MENT", "<META_END>", "<META_END>", "<META_END>"]], "bottom_logit_ablation_tokens_str": [["<META>", "<META>", "<META>", "<META>", "<META>", "ball", "<META>", "<META>", "<META>"], ["<EOT>", "<EOT>", "<EOT>", "<EOT>", "<EOT>", " throat", "<EOT>", "<EOT>", "<EOT>"], ["<META_START>", "<META_START>", "<META_START>", "<META_START>", "<META_START>", "]{", "<META_START>", "<META_START>", "<META_START>"], ["<SOS>", "<SOS>", "<SOS>", "<SOS>", "<SOS>", "zer", "<SOS>", "<SOS>", "<SOS>"], ["<META_END>", "<META_END>", "<META_END>", "<META_END>", "<META_END>", "ced", "<META_END>", "<META_END>", "<META_END>"]], "top_logit_ablation_values": [[0, 0, 0, 0, 0, 0.01108, 0, 0, 0], [0, 0, 0, 0, 0, 0.01098, 0, 0, 0], [0, 0, 0, 0, 0, 0.01088, 0, 0, 0], [0, 0, 0, 0, 0, 0.01077, 0, 0, 0], [0, 0, 0, 0, 0, 0.01066, 0, 0, 0]], "bottom_logit_ablation_values": [[0, 0, 0, 0, 0, -0.01159, 0, 0, 0], [0, 0, 0, 0, 0, -0.01123, 0, 0, 0], [0, 0, 0, 0, 0, -0.01115, 0, 0, 0], [0, 0, 0, 0, 0, -0.01097, 0, 0, 0], [0, 0, 0, 0, 0, -0.01087, 0, 0, 0]], "residual_loss_ablation": [0.2643, 4.077, -1.098, 3.838, 1.504, 3.389, 1.14, -1.361, 0]}}, {"tokens_str_list": ["mm", "}", "Reject", " $", "H", "_", "0", "$", " when"], "tokens_acts_list": [0, 0, 0, 0, 0.03664, 0, 0, 0, 0], "train_token_ind": 4, "is_repeated_datapoint": 0, "datapoint_ind": 33984190, "ablations": {"loss_ablation": [0, 0, 0, 0, 0, -0.00218, 0, 0, 0], "top_logit_ablation_tokens_str": [["<META>", "<META>", "<META>", "<META>", "<META>", "=\"", "<META>", "<META>", "<META>"], ["<EOT>", "<EOT>", "<EOT>", "<EOT>", "<EOT>", "eds", "<EOT>", "<EOT>", "<EOT>"], ["<META_START>", "<META_START>", "<META_START>", "<META_START>", "<META_START>", "\"}.", "<META_START>", "<META_START>", "<META_START>"], ["<SOS>", "<SOS>", "<SOS>", "<SOS>", "<SOS>", "utenberg", "<SOS>", "<SOS>", "<SOS>"], ["<META_END>", "<META_END>", "<META_END>", "<META_END>", "<META_END>", "Infl", "<META_END>", "<META_END>", "<META_END>"]], "bottom_logit_ablation_tokens_str": [["<META>", "<META>", "<META>", "<META>", "<META>", "burg", "<META>", "<META>", "<META>"], ["<EOT>", "<EOT>", "<EOT>", "<EOT>", "<EOT>", "zer", "<EOT>", "<EOT>", "<EOT>"], ["<META_START>", "<META_START>", "<META_START>", "<META_START>", "<META_START>", "\u00e7as", "<META_START>", "<META_START>", "<META_START>"], ["<SOS>", "<SOS>", "<SOS>", "<SOS>", "<SOS>", " throat", "<SOS>", "<SOS>", "<SOS>"], ["<META_END>", "<META_END>", "<META_END>", "<META_END>", "<META_END>", "vate", "<META_END>", "<META_END>", "<META_END>"]], "top_logit_ablation_values": [[0, 0, 0, 0, 0, 0.005887, 0, 0, 0], [0, 0, 0, 0, 0, 0.002537, 0, 0, 0], [0, 0, 0, 0, 0, 0.002438, 0, 0, 0], [0, 0, 0, 0, 0, 0.002384, 0, 0, 0], [0, 0, 0, 0, 0, 0.002015, 0, 0, 0]], "bottom_logit_ablation_values": [[0, 0, 0, 0, 0, -0.02955, 0, 0, 0], [0, 0, 0, 0, 0, -0.02943, 0, 0, 0], [0, 0, 0, 0, 0, -0.02869, 0, 0, 0], [0, 0, 0, 0, 0, -0.02844, 0, 0, 0], [0, 0, 0, 0, 0, -0.02799, 0, 0, 0]], "residual_loss_ablation": [2.188, -0.2478, 1.979, 2.294, 2.128, -0.1782, -0.4478, 0.561, 0]}}]}], "statistics": {"density_frac": 2e-08, "global_max_act": 0.03789, "abs_max_neuron_weights": [0.1594, 0.1575, 0.1419], "abs_max_neuron_inds": [90, 286, 199], "l1_max_neuron_weights": [0.009809, 0.009693, 0.008733]}, "logit_effects": {"negatives": [["Competing", -0.3035], ["eds", -0.3076], ["\"}.", -0.3165], ["Additional", -0.3221], ["5", -0.3223], ["=\"\"", -0.3266], ["Life", -0.3301], ["utenberg", -0.3354], ["Infl", -0.3397], ["=\"", -0.3979]], "positives": [["\u00e7as", 0.3214], ["\u00e7os", 0.3167], ["burg", 0.3149], ["ball", 0.3066], ["temps", 0.303], [" gown", 0.3026], ["zer", 0.3003], [" throat", 0.297], ["keit", 0.2935], [" pants", 0.2925]]}}