{"index": 1119, "act_buckets": [0, 0, 0, 1, 0, 0, 2, 1, 1, 0, 0, 0, 0, 0, 0, 0, 1, 0, 0, 0, 0, 0, 0, 0, 0, 0, 0, 0, 0, 0, 0, 1, 0, 0, 0, 0, 0, 0, 0, 1], "act_bucket_edges": [0, 0.02453, 0.04906, 0.07359, 0.09812, 0.1226, 0.1472, 0.1717, 0.1962, 0.2208, 0.2453, 0.2698, 0.2944, 0.3189, 0.3434, 0.3679, 0.3925, 0.417, 0.4415, 0.4661, 0.4906, 0.5151, 0.5397, 0.5642, 0.5887, 0.6132, 0.6378, 0.6623, 0.6868, 0.7114, 0.7359, 0.7604, 0.785, 0.8095, 0.834, 0.8585, 0.8831, 0.9076, 0.9321, 0.9567, 0.9812], "logit_buckets": [2, 2, 3, 3, 7, 7, 18, 22, 68, 100, 181, 361, 541, 965, 1523, 2499, 6867, 5772, 6158, 6878, 6857, 6248, 5414, 4456, 3404, 2356, 1718, 1146, 707, 468, 318, 197, 90, 83, 40, 23, 21, 7, 3, 3], "logit_bucket_edges": [-0.4862, -0.4621, -0.4379, -0.4137, -0.3895, -0.3653, -0.3412, -0.317, -0.2928, -0.2686, -0.2444, -0.2202, -0.1961, -0.1719, -0.1477, -0.1235, -0.09932, -0.07514, -0.05096, -0.02677, -0.002592, 0.02159, 0.04577, 0.06996, 0.09414, 0.1183, 0.1425, 0.1667, 0.1909, 0.2151, 0.2392, 0.2634, 0.2876, 0.3118, 0.336, 0.3602, 0.3843, 0.4085, 0.4327, 0.4569, 0.4811], "examples_quantiles": [{"quantile_name": "Top Activations", "quantile_max_act": 0.9812, "examples": [{"tokens_str_list": ["oids", ".\\[[@", "CR", "23", "],", " [@", "CR", "25", "]\\]"], "tokens_acts_list": [0, 0, 0, 0, 0.9812, 0, 0, 0, 0], "train_token_ind": 4, "is_repeated_datapoint": 0, "datapoint_ind": 24540605, "ablations": {"loss_ablation": [0, 0, 0, 0, 0, 0.02902, 0, 0, 0], "top_logit_ablation_tokens_str": [["<META>", "<META>", "<META>", "<META>", "<META>", "olves", "<META>", "<META>", "<META>"], ["<EOT>", "<EOT>", "<EOT>", "<EOT>", "<EOT>", "istics", "<EOT>", "<EOT>", "<EOT>"], ["<META_START>", "<META_START>", "<META_START>", "<META_START>", "<META_START>", "allets", "<META_START>", "<META_START>", "<META_START>"], ["<SOS>", "<SOS>", "<SOS>", "<SOS>", "<SOS>", "stry", "<SOS>", "<SOS>", "<SOS>"], ["<META_END>", "<META_END>", "<META_END>", "<META_END>", "<META_END>", "nih", "<META_END>", "<META_END>", "<META_END>"]], "bottom_logit_ablation_tokens_str": [["<META>", "<META>", "<META>", "<META>", "<META>", "ronic", "<META>", "<META>", "<META>"], ["<EOT>", "<EOT>", "<EOT>", "<EOT>", "<EOT>", "identally", "<EOT>", "<EOT>", "<EOT>"], ["<META_START>", "<META_START>", "<META_START>", "<META_START>", "<META_START>", "urate", "<META_START>", "<META_START>", "<META_START>"], ["<SOS>", "<SOS>", "<SOS>", "<SOS>", "<SOS>", " want", "<SOS>", "<SOS>", "<SOS>"], ["<META_END>", "<META_END>", "<META_END>", "<META_END>", "<META_END>", "rene", "<META_END>", "<META_END>", "<META_END>"]], "top_logit_ablation_values": [[0, 0, 0, 0, 0, 0.8669, 0, 0, 0], [0, 0, 0, 0, 0, 0.8644, 0, 0, 0], [0, 0, 0, 0, 0, 0.8407, 0, 0, 0], [0, 0, 0, 0, 0, 0.835, 0, 0, 0], [0, 0, 0, 0, 0, 0.7937, 0, 0, 0]], "bottom_logit_ablation_values": [[0, 0, 0, 0, 0, -0.8348, 0, 0, 0], [0, 0, 0, 0, 0, -0.7952, 0, 0, 0], [0, 0, 0, 0, 0, -0.7869, 0, 0, 0], [0, 0, 0, 0, 0, -0.7525, 0, 0, 0], [0, 0, 0, 0, 0, -0.7375, 0, 0, 0]], "residual_loss_ablation": [4.096, 1.95, -0.3874, -0.3619, -4.063, 0.1594, -0.01477, 0.699, 0]}}, {"tokens_str_list": [" conditions", ".", " In", " contrast", ",", " 5", "-", "HT", "~"], "tokens_acts_list": [0, 0, 0, 0, 0.7766, 0, 0, 0, 0], "train_token_ind": 4, "is_repeated_datapoint": 0, "datapoint_ind": 44862297, "ablations": {"loss_ablation": [0, 0, 0, 0, 0, -0.07228, 0, 0, 0], "top_logit_ablation_tokens_str": [["<META>", "<META>", "<META>", "<META>", "<META>", "allets", "<META>", "<META>", "<META>"], ["<EOT>", "<EOT>", "<EOT>", "<EOT>", "<EOT>", "olves", "<EOT>", "<EOT>", "<EOT>"], ["<META_START>", "<META_START>", "<META_START>", "<META_START>", "<META_START>", "istics", "<META_START>", "<META_START>", "<META_START>"], ["<SOS>", "<SOS>", "<SOS>", "<SOS>", "<SOS>", "stry", "<SOS>", "<SOS>", "<SOS>"], ["<META_END>", "<META_END>", "<META_END>", "<META_END>", "<META_END>", "neur", "<META_END>", "<META_END>", "<META_END>"]], "bottom_logit_ablation_tokens_str": [["<META>", "<META>", "<META>", "<META>", "<META>", "urate", "<META>", "<META>", "<META>"], ["<EOT>", "<EOT>", "<EOT>", "<EOT>", "<EOT>", "ronic", "<EOT>", "<EOT>", "<EOT>"], ["<META_START>", "<META_START>", "<META_START>", "<META_START>", "<META_START>", "identally", "<META_START>", "<META_START>", "<META_START>"], ["<SOS>", "<SOS>", "<SOS>", "<SOS>", "<SOS>", " the", "<SOS>", "<SOS>", "<SOS>"], ["<META_END>", "<META_END>", "<META_END>", "<META_END>", "<META_END>", "sely", "<META_END>", "<META_END>", "<META_END>"]], "top_logit_ablation_values": [[0, 0, 0, 0, 0, 0.9474, 0, 0, 0], [0, 0, 0, 0, 0, 0.9439, 0, 0, 0], [0, 0, 0, 0, 0, 0.9398, 0, 0, 0], [0, 0, 0, 0, 0, 0.8497, 0, 0, 0], [0, 0, 0, 0, 0, 0.8388, 0, 0, 0]], "bottom_logit_ablation_values": [[0, 0, 0, 0, 0, -0.5608, 0, 0, 0], [0, 0, 0, 0, 0, -0.5578, 0, 0, 0], [0, 0, 0, 0, 0, -0.5193, 0, 0, 0], [0, 0, 0, 0, 0, -0.4997, 0, 0, 0], [0, 0, 0, 0, 0, -0.4912, 0, 0, 0]], "residual_loss_ablation": [1.046, 0.2116, -0.3119, 0.5894, -0.1229, 2.026, -0.1312, 6.317, 0]}}, {"tokens_str_list": ["\\", "bigg", "(\\", "frac", " {\\", "vart", "he", "ta", "_{"], "tokens_acts_list": [0, 0, 0, 0, 0.4163, 0, 0, 0, 0], "train_token_ind": 4, "is_repeated_datapoint": 0, "datapoint_ind": 1954732, "ablations": {"loss_ablation": [0, 0, 0, 0, 0, 0.06539, 0, 0, 0], "top_logit_ablation_tokens_str": [["<META>", "<META>", "<META>", "<META>", "<META>", "olves", "<META>", "<META>", "<META>"], ["<EOT>", "<EOT>", "<EOT>", "<EOT>", "<EOT>", "allets", "<EOT>", "<EOT>", "<EOT>"], ["<META_START>", "<META_START>", "<META_START>", "<META_START>", "<META_START>", "stry", "<META_START>", "<META_START>", "<META_START>"], ["<SOS>", "<SOS>", "<SOS>", "<SOS>", "<SOS>", "istics", "<SOS>", "<SOS>", "<SOS>"], ["<META_END>", "<META_END>", "<META_END>", "<META_END>", "<META_END>", "orage", "<META_END>", "<META_END>", "<META_END>"]], "bottom_logit_ablation_tokens_str": [["<META>", "<META>", "<META>", "<META>", "<META>", "ronic", "<META>", "<META>", "<META>"], ["<EOT>", "<EOT>", "<EOT>", "<EOT>", "<EOT>", "urate", "<EOT>", "<EOT>", "<EOT>"], ["<META_START>", "<META_START>", "<META_START>", "<META_START>", "<META_START>", "identally", "<META_START>", "<META_START>", "<META_START>"], ["<SOS>", "<SOS>", "<SOS>", "<SOS>", "<SOS>", "rene", "<SOS>", "<SOS>", "<SOS>"], ["<META_END>", "<META_END>", "<META_END>", "<META_END>", "<META_END>", "anol", "<META_END>", "<META_END>", "<META_END>"]], "top_logit_ablation_values": [[0, 0, 0, 0, 0, 0.3317, 0, 0, 0], [0, 0, 0, 0, 0, 0.3303, 0, 0, 0], [0, 0, 0, 0, 0, 0.3057, 0, 0, 0], [0, 0, 0, 0, 0, 0.3011, 0, 0, 0], [0, 0, 0, 0, 0, 0.2973, 0, 0, 0]], "bottom_logit_ablation_values": [[0, 0, 0, 0, 0, -0.3663, 0, 0, 0], [0, 0, 0, 0, 0, -0.3488, 0, 0, 0], [0, 0, 0, 0, 0, -0.3468, 0, 0, 0], [0, 0, 0, 0, 0, -0.3402, 0, 0, 0], [0, 0, 0, 0, 0, -0.3312, 0, 0, 0]], "residual_loss_ablation": [-0.8725, 4.317, 1.238, 1.696, 0.1535, 2.122, 5.199, 7.429, 0]}}, {"tokens_str_list": ["\n", ",", " **", "**,", " ().", "\n", "\n", ",", " **"], "tokens_acts_list": [0, 0, 0, 0, 0.1966, 0, 0, 0, 0], "train_token_ind": 4, "is_repeated_datapoint": 0, "datapoint_ind": 53779, "ablations": {"loss_ablation": [0, 0, 0, 0, 0, -0.01203, 0, 0, 0], "top_logit_ablation_tokens_str": [["<META>", "<META>", "<META>", "<META>", "<META>", "olves", "<META>", "<META>", "<META>"], ["<EOT>", "<EOT>", "<EOT>", "<EOT>", "<EOT>", "allets", "<EOT>", "<EOT>", "<EOT>"], ["<META_START>", "<META_START>", "<META_START>", "<META_START>", "<META_START>", "istics", "<META_START>", "<META_START>", "<META_START>"], ["<SOS>", "<SOS>", "<SOS>", "<SOS>", "<SOS>", "stry", "<SOS>", "<SOS>", "<SOS>"], ["<META_END>", "<META_END>", "<META_END>", "<META_END>", "<META_END>", "nih", "<META_END>", "<META_END>", "<META_END>"]],