{"index": 1121, "act_buckets": [0, 0, 0, 0, 0, 0, 0, 0, 0, 0, 0, 0, 0, 0, 0, 0, 0, 0, 0, 0, 0, 0, 0, 0, 0, 0, 0, 0, 0, 0, 0, 0, 0, 0, 0, 0, 1, 0, 1, 1], "act_bucket_edges": [0, 0.01126, 0.02253, 0.03379, 0.04505, 0.05631, 0.06758, 0.07884, 0.0901, 0.1014, 0.1126, 0.1239, 0.1352, 0.1464, 0.1577, 0.1689, 0.1802, 0.1915, 0.2027, 0.214, 0.2253, 0.2365, 0.2478, 0.259, 0.2703, 0.2816, 0.2928, 0.3041, 0.3154, 0.3266, 0.3379, 0.3492, 0.3604, 0.3717, 0.3829, 0.3942, 0.4055, 0.4167, 0.428, 0.4393, 0.4505], "logit_buckets": [1, 2, 2, 4, 12, 12, 19, 35, 1707, 781, 688, 740, 778, 973, 1207, 1720, 2395, 3218, 4224, 5528, 6729, 7013, 6470, 5538, 4590, 3701, 2684, 1976, 1269, 740, 400, 192, 98, 50, 19, 9, 7, 2, 2, 1], "logit_bucket_edges": [-0.4953, -0.472, -0.4488, -0.4255, -0.4022, -0.379, -0.3557, -0.3324, -0.3091, -0.2859, -0.2626, -0.2393, -0.2161, -0.1928, -0.1695, -0.1463, -0.123, -0.09973, -0.07646, -0.05319, -0.02992, -0.006656, 0.01661, 0.03988, 0.06315, 0.08642, 0.1097, 0.133, 0.1562, 0.1795, 0.2028, 0.226, 0.2493, 0.2726, 0.2958, 0.3191, 0.3424, 0.3656, 0.3889, 0.4122, 0.4354], "examples_quantiles": [{"quantile_name": "Top Activations", "quantile_max_act": 0.4505, "examples": [{"tokens_str_list": ["Value", "=\"#", "{", "javascript", ":@", "Created", "()}", "\">", "\n           "], "tokens_acts_list": [0, 0, 0, 0, 0.4505, 0, 0, 0, 0], "train_token_ind": 4, "is_repeated_datapoint": 0, "datapoint_ind": 89413861, "ablations": {"loss_ablation": [0, 0, 0, 0, 0, -0.02101, 0, 0, 0], "top_logit_ablation_tokens_str": [["<META>", "<META>", "<META>", "<META>", "<META>", " Pradesh", "<META>", "<META>", "<META>"], ["<EOT>", "<EOT>", "<EOT>", "<EOT>", "<EOT>", "ous", "<EOT>", "<EOT>", "<EOT>"], ["<META_START>", "<META_START>", "<META_START>", "<META_START>", "<META_START>", "iously", "<META_START>", "<META_START>", "<META_START>"], ["<SOS>", "<SOS>", "<SOS>", "<SOS>", "<SOS>", "asy", "<SOS>", "<SOS>", "<SOS>"], ["<META_END>", "<META_END>", "<META_END>", "<META_END>", "<META_END>", "isms", "<META_END>", "<META_END>", "<META_END>"]], "bottom_logit_ablation_tokens_str": [["<META>", "<META>", "<META>", "<META>", "<META>", " $", "<META>", "<META>", "<META>"], ["<EOT>", "<EOT>", "<EOT>", "<EOT>", "<EOT>", "\n    ", "<EOT>", "<EOT>", "<EOT>"], ["<META_START>", "<META_START>", "<META_START>", "<META_START>", "<META_START>", " $\\", "<META_START>", "<META_START>", "<META_START>"], ["<SOS>", "<SOS>", "<SOS>", "<SOS>", "<SOS>", "\n              ", "<SOS>", "<SOS>", "<SOS>"], ["<META_END>", "<META_END>", "<META_END>", "<META_END>", "<META_END>", " jail", "<META_END>", "<META_END>", "<META_END>"]], "top_logit_ablation_values": [[0, 0, 0, 0, 0, 0.5659, 0, 0, 0], [0, 0, 0, 0, 0, 0.5331, 0, 0, 0], [0, 0, 0, 0, 0, 0.5286, 0, 0, 0], [0, 0, 0, 0, 0, 0.519, 0, 0, 0], [0, 0, 0, 0, 0, 0.511, 0, 0, 0]], "bottom_logit_ablation_values": [[0, 0, 0, 0, 0, -0.293, 0, 0, 0], [0, 0, 0, 0, 0, -0.2633, 0, 0, 0], [0, 0, 0, 0, 0, -0.2541, 0, 0, 0], [0, 0, 0, 0, 0, -0.2344, 0, 0, 0], [0, 0, 0, 0, 0, -0.2307, 0, 0, 0]], "residual_loss_ablation": [0.8517, 2.095, 7.384, 1.848, -0.9824, -1.045, -2.036, 4.798, 0]}}, {"tokens_str_list": [" (-", "8", ")/(-", "12", ")*(-", "145", "66", ")/((-", "7"], "tokens_acts_list": [0, 0, 0, 0, 0.431, 0, 0, 0, 0], "train_token_ind": 4, "is_repeated_datapoint": 0, "datapoint_ind": 5547788, "ablations": {"loss_ablation": [0, 0, 0, 0, 0, 0.008706, 0, 0, 0], "top_logit_ablation_tokens_str": [["<META>", "<META>", "<META>", "<META>", "<META>", " Pradesh", "<META>", "<META>", "<META>"], ["<EOT>", "<EOT>", "<EOT>", "<EOT>", "<EOT>", "ically", "<EOT>", "<EOT>", "<EOT>"], ["<META_START>", "<META_START>", "<META_START>", "<META_START>", "<META_START>", "lected", "<META_START>", "<META_START>", "<META_START>"], ["<SOS>", "<SOS>", "<SOS>", "<SOS>", "<SOS>", "ized", "<SOS>", "<SOS>", "<SOS>"], ["<META_END>", "<META_END>", "<META_END>", "<META_END>", "<META_END>", "ment", "<META_END>", "<META_END>", "<META_END>"]], "bottom_logit_ablation_tokens_str": [["<META>", "<META>", "<META>", "<META>", "<META>", " $", "<META>", "<META>", "<META>"], ["<EOT>", "<EOT>", "<EOT>", "<EOT>", "<EOT>", " $\\", "<EOT>", "<EOT>", "<EOT>"], ["<META_START>", "<META_START>", "<META_START>", "<META_START>", "<META_START>", "\n    ", "<META_START>", "<META_START>", "<META_START>"], ["<SOS>", "<SOS>", "<SOS>", "<SOS>", "<SOS>", "\n              ", "<SOS>", "<SOS>", "<SOS>"], ["<META_END>", "<META_END>", "<META_END>", "<META_END>", "<META_END>", " jail", "<META_END>", "<META_END>", "<META_END>"]], "top_logit_ablation_values": [[0, 0, 0, 0, 0, 0.3523, 0, 0, 0], [0, 0, 0, 0, 0, 0.3341, 0, 0, 0], [0, 0, 0, 0, 0, 0.3145, 0, 0, 0], [0, 0, 0, 0, 0, 0.3132, 0, 0, 0], [0, 0, 0, 0, 0, 0.3116, 0, 0, 0]], "bottom_logit_ablation_values": [[0, 0, 0, 0, 0, -0.1447, 0, 0, 0], [0, 0, 0, 0, 0, -0.1371, 0, 0, 0], [0, 0, 0, 0, 0, -0.129, 0, 0, 0], [0, 0, 0, 0, 0, -0.126, 0, 0, 0], [0, 0, 0, 0, 0, -0.1243, 0, 0, 0]], "residual_loss_ablation": [4.172, -0.1182, 3.626, -0.09521, 0.08316, -0.2478, 2.347, -1.624, 0]}}, {"tokens_str_list": [" it", " take", " for", " a", " bount", "y", " to", " be", " auto"], "tokens_acts_list": [0, 0, 0, 0, 0.4104, 0, 0, 0, 0], "train_token_ind": 4, "is_repeated_datapoint": 0, "datapoint_ind": 82550481, "ablations": {"loss_ablation": [0, 0, 0, 0, 0, 0.0004909, 0, 0, 0], "top_logit_ablation_tokens_str": [["<META>", "<META>", "<META>", "<META>", "<META>", " Pradesh", "<META>", "<META>", "<META>"], ["<EOT>", "<EOT>", "<EOT>", "<EOT>", "<EOT>", "iously", "<EOT>", "<EOT>", "<EOT>"], ["<META_START>", "<META_START>", "<META_START>", "<META_START>", "<META_START>", "ous", "<META_START>", "<META_START>", "<META_START>"], ["<SOS>", "<SOS>", "<SOS>", "<SOS>", "<SOS>", "isms", "<SOS>", "<SOS>", "<SOS>"], ["<META_END>", "<META_END>", "<META_END>", "<META_END>", "<META_END>", "asy", "<META_END>", "<META_END>", "<META_END>"]], "bottom_logit_ablation_tokens_str": [["<META>", "<META>", "<META>", "<META>", "<META>", " $", "<META>", "<META>", "<META>"], ["<EOT>", "<EOT>", "<EOT>", "<EOT>", "<EOT>", "\n    ", "<EOT>", "<EOT>", "<EOT>"], ["<META_START>", "<META_START>", "<META_START>", "<META_START>", "<META_START>", " $\\", "<META_START>", "<META_START>", "<META_START>"], ["<SOS>", "<SOS>", "<SOS>", "<SOS>", "<SOS>", " jail", "<SOS>", "<SOS>", "<SOS>"], ["<META_END>", "<META_END>", "<META_END>", "<META_END>", "<META_END>", "\n              ", "<META_END>", "<META_END>", "<META_END>"]], "top_logit_ablation_values": [[0, 0, 0, 0, 0, 0.348, 0, 0, 0], [0, 0, 0, 0, 0, 0.3299, 0, 0, 0], [0, 0, 0, 0, 0, 0.3274, 0, 0, 0], [0, 0, 0, 0, 0, 0.3171, 0, 0, 0], [0, 0, 0, 0, 0, 0.3162, 0, 0, 0]], "bottom_logit_ablation_values": [[0, 0, 0, 0, 0, -0.1596, 0, 0, 0], [0, 0, 0, 0, 0, -0.1422, 0, 0, 0], [0, 0, 0, 0, 0, -0.1376, 0, 0, 0], [0, 0, 0, 0, 0, -0.128, 0, 0, 0], [0, 0, 0, 0, 0, -0.1248, 0, 0, 0]], "residual_loss_ablation": [0.5495, 1.034, -0.03435, 0.2797, -0.4034, 2.756, -1.464, -2.046, 0]}}]}], "statistics": {"density_frac": 3e-08, "global_max_act": 0.4505, "abs_max_neuron_weights": [-0.1834, 0.1597, -0.147], "abs_max_neuron_inds": [299, 446, 388], "l1_max_neuron_weights": [0.01036, 0.009022, 0.008304]}, "logit_effects": {"negatives": [["lected", -0.4005], ["ized", -0.4035], ["ically", -0.4038], ["esis", -0.42], ["quate", -0.4243], ["isms", -0.4333], ["asy", -0.4426], ["ous", -0.4517], ["iously", -0.4555], [" Pradesh", -0.4953]], "positives": [[" $", 0.4354], ["\n    ", 0.4054], [" $\\", 0.3941], ["\n              ", 0.3766], [" jail", 0.3714], ["\n            ", 0.3654], [" prison", 0.3625], ["\n      ", 0.3575], ["]$", 0.3549], ["\n         ", 0.3537]]}}