{"index": 1140, "act_buckets": [0, 0, 0, 0, 0, 0, 0, 0, 0, 0, 0, 0, 0, 0, 0, 0, 0, 0, 0, 0, 0, 0, 0, 0, 0, 0, 0, 0, 0, 0, 0, 0, 0, 0, 0, 0, 0, 0, 0, 1], "act_bucket_edges": [0, 0.002882, 0.005764, 0.008646, 0.01153, 0.01441, 0.01729, 0.02018, 0.02306, 0.02594, 0.02882, 0.0317, 0.03459, 0.03747, 0.04035, 0.04323, 0.04611, 0.049, 0.05188, 0.05476, 0.05764, 0.06053, 0.06341, 0.06629, 0.06917, 0.07205, 0.07494, 0.07782, 0.0807, 0.08358, 0.08646, 0.08935, 0.09223, 0.09511, 0.09799, 0.1009, 0.1038, 0.1066, 0.1095, 0.1124, 0.1153], "logit_buckets": [1, 0, 0, 0, 0, 3, 16, 42, 96, 202, 435, 836, 1322, 1903, 2630, 3510, 4281, 5513, 7123, 8985, 9122, 5294, 4046, 3049, 2244, 1584, 1107, 795, 498, 340, 216, 123, 92, 53, 25, 24, 18, 4, 3, 1], "logit_bucket_edges": [-0.4023, -0.3818, -0.3612, -0.3407, -0.3201, -0.2996, -0.279, -0.2585, -0.2379, -0.2174, -0.1968, -0.1763, -0.1557, -0.1352, -0.1146, -0.09405, -0.0735, -0.05295, -0.03239, -0.01184, 0.008711, 0.02926, 0.04982, 0.07037, 0.09092, 0.1115, 0.132, 0.1526, 0.1731, 0.1937, 0.2142, 0.2348, 0.2553, 0.2759, 0.2964, 0.317, 0.3376, 0.3581, 0.3787, 0.3992, 0.4198], "examples_quantiles": [{"quantile_name": "Top Activations", "quantile_max_act": 0.1153, "examples": [{"tokens_str_list": ["20", "59", "27", "\\],", " and", " *", "CD", "34", "*"], "tokens_acts_list": [0, 0, 0, 0, 0.1153, 0, 0, 0, 0], "train_token_ind": 4, "is_repeated_datapoint": 0, "datapoint_ind": 99577037, "ablations": {"loss_ablation": [0, 0, 0, 0, 0, 0.04399, 0, 0, 0], "top_logit_ablation_tokens_str": [["<META>", "<META>", "<META>", "<META>", "<META>", "hest", "<META>", "<META>", "<META>"], ["<EOT>", "<EOT>", "<EOT>", "<EOT>", "<EOT>", "yg", "<EOT>", "<EOT>", "<EOT>"], ["<META_START>", "<META_START>", "<META_START>", "<META_START>", "<META_START>", "oon", "<META_START>", "<META_START>", "<META_START>"], ["<SOS>", "<SOS>", "<SOS>", "<SOS>", "<SOS>", "gypt", "<SOS>", "<SOS>", "<SOS>"], ["<META_END>", "<META_END>", "<META_END>", "<META_END>", "<META_END>", "gone", "<META_END>", "<META_END>", "<META_END>"]], "bottom_logit_ablation_tokens_str": [["<META>", "<META>", "<META>", "<META>", "<META>", " Methods", "<META>", "<META>", "<META>"], ["<EOT>", "<EOT>", "<EOT>", "<EOT>", "<EOT>", "Identifier", "<EOT>", "<EOT>", "<EOT>"], ["<META_START>", "<META_START>", "<META_START>", "<META_START>", "<META_START>", "============", "<META_START>", "<META_START>", "<META_START>"], ["<SOS>", "<SOS>", "<SOS>", "<SOS>", "<SOS>", "Entity", "<SOS>", "<SOS>", "<SOS>"], ["<META_END>", "<META_END>", "<META_END>", "<META_END>", "<META_END>", "Reference", "<META_END>", "<META_END>", "<META_END>"]], "top_logit_ablation_values": [[0, 0, 0, 0, 0, 0.2297, 0, 0, 0], [0, 0, 0, 0, 0, 0.1962, 0, 0, 0], [0, 0, 0, 0, 0, 0.1928, 0, 0, 0], [0, 0, 0, 0, 0, 0.1922, 0, 0, 0], [0, 0, 0, 0, 0, 0.1914, 0, 0, 0]], "bottom_logit_ablation_values": [[0, 0, 0, 0, 0, 0.006407, 0, 0, 0], [0, 0, 0, 0, 0, 0.0163, 0, 0, 0], [0, 0, 0, 0, 0, 0.0182, 0, 0, 0], [0, 0, 0, 0, 0, 0.01895, 0, 0, 0], [0, 0, 0, 0, 0, 0.02106, 0, 0, 0]], "residual_loss_ablation": [3.284, 1.456, 0.9236, 6.343, -0.9272, 0.2565, 2.576, -0.6589, 0]}}]}], "statistics": {"density_frac": 1e-08, "global_max_act": 0.1153, "abs_max_neuron_weights": [0.4244, 0.2113, 0.201], "abs_max_neuron_inds": [446, 344, 369], "l1_max_neuron_weights": [0.02933, 0.0146, 0.01389]}, "logit_effects": {"negatives": [[" farewell", -0.2731], [" incarcer", -0.2734], [" humor", -0.277], [" reboot", -0.2773], [" scenes", -0.278], [" remanded", -0.279], [" jokes", -0.2816], ["yg", -0.2868], ["thro", -0.2967], ["hest", -0.4023]], "positives": [["Identifier", 0.4198], ["Type", 0.3875], ["Value", 0.3865], ["Column", 0.386], ["Name", 0.3687], ["Model", 0.363], ["Entity", 0.3616], ["ories", 0.3608], ["Expression", 0.3571], ["Reference", 0.3565]]}}