{"index": 1151, "act_buckets": [0, 0, 0, 0, 0, 0, 0, 0, 0, 0, 1, 0, 0, 0, 0, 0, 0, 0, 0, 0, 0, 0, 0, 0, 0, 0, 0, 0, 0, 0, 0, 0, 0, 0, 0, 0, 0, 0, 0, 1], "act_bucket_edges": [0, 0.00368, 0.007361, 0.01104, 0.01472, 0.0184, 0.02208, 0.02576, 0.02944, 0.03312, 0.0368, 0.04049, 0.04417, 0.04785, 0.05153, 0.05521, 0.05889, 0.06257, 0.06625, 0.06993, 0.07361, 0.07729, 0.08097, 0.08465, 0.08833, 0.09201, 0.09569, 0.09937, 0.1031, 0.1067, 0.1104, 0.1141, 0.1178, 0.1215, 0.1251, 0.1288, 0.1325, 0.1362, 0.1399, 0.1435, 0.1472], "logit_buckets": [2, 0, 6, 6, 19, 18, 43, 97, 166, 206, 373, 524, 813, 1175, 1686, 2413, 3390, 4667, 6495, 11400, 9246, 7413, 5354, 3632, 2399, 1542, 981, 584, 358, 252, 120, 70, 43, 22, 11, 2, 3, 0, 0, 1], "logit_bucket_edges": [-0.567, -0.5386, -0.5101, -0.4817, -0.4532, -0.4248, -0.3963, -0.3678, -0.3394, -0.3109, -0.2825, -0.254, -0.2256, -0.1971, -0.1687, -0.1402, -0.1117, -0.08328, -0.05483, -0.02637, 0.002088, 0.03054, 0.059, 0.08746, 0.1159, 0.1444, 0.1728, 0.2013, 0.2297, 0.2582, 0.2867, 0.3151, 0.3436, 0.372, 0.4005, 0.4289, 0.4574, 0.4858, 0.5143, 0.5428, 0.5712], "examples_quantiles": [{"quantile_name": "Top Activations", "quantile_max_act": 0.1472, "examples": [{"tokens_str_list": [" April", " (", "and", " over", " every", " special", " session", " in", " between"], "tokens_acts_list": [0, 0, 0, 0, 0.1472, 0, 0, 0, 0], "train_token_ind": 4, "is_repeated_datapoint": 0, "datapoint_ind": 64706321, "ablations": {"loss_ablation": [0, 0, 0, 0, 0, -0.01843, 0, 0, 0], "top_logit_ablation_tokens_str": [["<META>", "<META>", "<META>", "<META>", "<META>", " and", "<META>", "<META>", "<META>"], ["<EOT>", "<EOT>", "<EOT>", "<EOT>", "<EOT>", " the", "<EOT>", "<EOT>", "<EOT>"], ["<META_START>", "<META_START>", "<META_START>", "<META_START>", "<META_START>", " is", "<META_START>", "<META_START>", "<META_START>"], ["<SOS>", "<SOS>", "<SOS>", "<SOS>", "<SOS>", " their", "<SOS>", "<SOS>", "<SOS>"], ["<META_END>", "<META_END>", "<META_END>", "<META_END>", "<META_END>", " was", "<META_END>", "<META_END>", "<META_END>"]], "bottom_logit_ablation_tokens_str": [["<META>", "<META>", "<META>", "<META>", "<META>", "ility", "<META>", "<META>", "<META>"], ["<EOT>", "<EOT>", "<EOT>", "<EOT>", "<EOT>", "cott", "<EOT>", "<EOT>", "<EOT>"], ["<META_START>", "<META_START>", "<META_START>", "<META_START>", "<META_START>", "eger", "<META_START>", "<META_START>", "<META_START>"], ["<SOS>", "<SOS>", "<SOS>", "<SOS>", "<SOS>", "unnumbered", "<SOS>", "<SOS>", "<SOS>"], ["<META_END>", "<META_END>", "<META_END>", "<META_END>", "<META_END>", "\u308c", "<META_END>", "<META_END>", "<META_END>"]], "top_logit_ablation_values": [[0, 0, 0, 0, 0, 0.08415, 0, 0, 0], [0, 0, 0, 0, 0, 0.077, 0, 0, 0], [0, 0, 0, 0, 0, 0.06134, 0, 0, 0], [0, 0, 0, 0, 0, 0.06093, 0, 0, 0], [0, 0, 0, 0, 0, 0.06061, 0, 0, 0]], "bottom_logit_ablation_values": [[0, 0, 0, 0, 0, -0.2456, 0, 0, 0], [0, 0, 0, 0, 0, -0.2375, 0, 0, 0], [0, 0, 0, 0, 0, -0.2284, 0, 0, 0], [0, 0, 0, 0, 0, -0.2274, 0, 0, 0], [0, 0, 0, 0, 0, -0.2261, 0, 0, 0]], "residual_loss_ablation": [4.589, 1.407, -0.2379, 1.12, 0.02041, -0.7298, -0.1103, -0.5478, 0]}}, {"tokens_str_list": ["lessly", " wh", "ine", " over", " your", " s", "ushi", " about", " how"], "tokens_acts_list": [0, 0, 0, 0, 0.03809, 0, 0, 0, 0], "train_token_ind": 4, "is_repeated_datapoint": 0, "datapoint_ind": 11026821, "ablations": {"loss_ablation": [0, 0, 0, 0, 0, 0.005448, 0, 0, 0], "top_logit_ablation_tokens_str": [["<META>", "<META>", "<META>", "<META>", "<META>", " the", "<META>", "<META>", "<META>"], ["<EOT>", "<EOT>", "<EOT>", "<EOT>", "<EOT>", " and", "<EOT>", "<EOT>", "<EOT>"], ["<META_START>", "<META_START>", "<META_START>", "<META_START>", "<META_START>", " could", "<META_START>", "<META_START>", "<META_START>"], ["<SOS>", "<SOS>", "<SOS>", "<SOS>", "<SOS>", "ously", "<SOS>", "<SOS>", "<SOS>"], ["<META_END>", "<META_END>", "<META_END>", "<META_END>", "<META_END>", " was", "<META_END>", "<META_END>", "<META_END>"]], "bottom_logit_ablation_tokens_str": [["<META>", "<META>", "<META>", "<META>", "<META>", "ility", "<META>", "<META>", "<META>"], ["<EOT>", "<EOT>", "<EOT>", "<EOT>", "<EOT>", "lasses", "<EOT>", "<EOT>", "<EOT>"], ["<META_START>", "<META_START>", "<META_START>", "<META_START>", "<META_START>", "eger", "<META_START>", "<META_START>", "<META_START>"], ["<SOS>", "<SOS>", "<SOS>", "<SOS>", "<SOS>", "unnumbered", "<SOS>", "<SOS>", "<SOS>"], ["<META_END>", "<META_END>", "<META_END>", "<META_END>", "<META_END>", "elles", "<META_END>", "<META_END>", "<META_END>"]], "top_logit_ablation_values": [[0, 0, 0, 0, 0, 0.01616, 0, 0, 0], [0, 0, 0, 0, 0, 0.01583, 0, 0, 0], [0, 0, 0, 0, 0, 0.01328, 0, 0, 0], [0, 0, 0, 0, 0, 0.01316, 0, 0, 0], [0, 0, 0, 0, 0, 0.0122, 0, 0, 0]], "bottom_logit_ablation_values": [[0, 0, 0, 0, 0, -0.07397, 0, 0, 0], [0, 0, 0, 0, 0, -0.0734, 0, 0, 0], [0, 0, 0, 0, 0, -0.07129, 0, 0, 0], [0, 0, 0, 0, 0, -0.07011, 0, 0, 0], [0, 0, 0, 0, 0, -0.06983, 0, 0, 0]], "residual_loss_ablation": [6.749, 0.07147, -0.5107, -0.9327, 1.751, 0.6298, 1.991, -1.351, 0]}}]}], "statistics": {"density_frac": 2e-08, "global_max_act": 0.1472, "abs_max_neuron_weights": [0.1802, 0.1307, 0.1206], "abs_max_neuron_inds": [275, 27, 58], "l1_max_neuron_weights": [0.009925, 0.007201, 0.006646]}, "logit_effects": {"negatives": [[" which", -0.4725], [" would", -0.4782], [" is", -0.4923], [" could", -0.4936], [" was", -0.4962], [" had", -0.4969], [" their", -0.4981], [" it", -0.5025], [" the", -0.5555], [" and", -0.567]], "positives": [["ility", 0.5712], ["lasses", 0.4678], ["eger", 0.4591], ["cott", 0.4583], ["elles", 0.4447], ["hev", 0.4312], ["unnumbered", 0.4271], ["ifolds", 0.4195], ["\r\n\r\n\r\n\r", 0.4158], ["\r\n\r\n ", 0.4145]]}}