{"index": 1158, "act_buckets": [1, 0, 0, 0, 1, 0, 0, 0, 0, 0, 0, 0, 0, 0, 0, 0, 0, 0, 0, 1, 0, 0, 0, 0, 0, 0, 0, 0, 0, 0, 0, 0, 0, 0, 0, 0, 0, 0, 0, 1], "act_bucket_edges": [0, 0.01217, 0.02434, 0.03651, 0.04868, 0.06085, 0.07301, 0.08518, 0.09735, 0.1095, 0.1217, 0.1339, 0.146, 0.1582, 0.1704, 0.1825, 0.1947, 0.2069, 0.219, 0.2312, 0.2434, 0.2556, 0.2677, 0.2799, 0.2921, 0.3042, 0.3164, 0.3286, 0.3407, 0.3529, 0.3651, 0.3772, 0.3894, 0.4016, 0.4137, 0.4259, 0.4381, 0.4503, 0.4624, 0.4746, 0.4868], "logit_buckets": [2, 0, 0, 3, 1, 4, 8, 12, 27, 41, 79, 147, 239, 441, 726, 1126, 1823, 2715, 3815, 5367, 9174, 9670, 8861, 7058, 4902, 3496, 2195, 1403, 870, 517, 338, 191, 119, 80, 38, 17, 15, 7, 4, 5], "logit_bucket_edges": [-0.5233, -0.4992, -0.4751, -0.451, -0.4269, -0.4029, -0.3788, -0.3547, -0.3306, -0.3065, -0.2824, -0.2584, -0.2343, -0.2102, -0.1861, -0.162, -0.1379, -0.1139, -0.08977, -0.06569, -0.0416, -0.01752, 0.006567, 0.03065, 0.05474, 0.07882, 0.1029, 0.127, 0.1511, 0.1752, 0.1992, 0.2233, 0.2474, 0.2715, 0.2956, 0.3197, 0.3437, 0.3678, 0.3919, 0.416, 0.4401], "examples_quantiles": [{"quantile_name": "Top Activations", "quantile_max_act": 0.4868, "examples": [{"tokens_str_list": ["\n                                             ", " 6", "\n\f", "<EOT>", "Abbrev", "iations", "\n", "=============", "\n"], "tokens_acts_list": [0, 0, 0, 0, 0.4868, 0, 0, 0, 0], "train_token_ind": 4, "is_repeated_datapoint": 0, "datapoint_ind": 17505211, "ablations": {"loss_ablation": [0, 0, 0, 0, 0, -0.00864, 0, 0, 0], "top_logit_ablation_tokens_str": [["<META>", "<META>", "<META>", "<META>", "<META>", " are", "<META>", "<META>", "<META>"], ["<EOT>", "<EOT>", "<EOT>", "<EOT>", "<EOT>", " were", "<EOT>", "<EOT>", "<EOT>"], ["<META_START>", "<META_START>", "<META_START>", "<META_START>", "<META_START>", "romy", "<META_START>", "<META_START>", "<META_START>"], ["<SOS>", "<SOS>", "<SOS>", "<SOS>", "<SOS>", "){#", "<SOS>", "<SOS>", "<SOS>"], ["<META_END>", "<META_END>", "<META_END>", "<META_END>", "<META_END>", "erial", "<META_END>", "<META_END>", "<META_END>"]], "bottom_logit_ablation_tokens_str": [["<META>", "<META>", "<META>", "<META>", "<META>", "mbled", "<META>", "<META>", "<META>"], ["<EOT>", "<EOT>", "<EOT>", "<EOT>", "<EOT>", "\u0441\u0442\u044c", "<EOT>", "<EOT>", "<EOT>"], ["<META_START>", "<META_START>", "<META_START>", "<META_START>", "<META_START>", "sects", "<META_START>", "<META_START>", "<META_START>"], ["<SOS>", "<SOS>", "<SOS>", "<SOS>", "<SOS>", "tin", "<SOS>", "<SOS>", "<SOS>"], ["<META_END>", "<META_END>", "<META_END>", "<META_END>", "<META_END>", "omorphic", "<META_END>", "<META_END>", "<META_END>"]], "top_logit_ablation_values": [[0, 0, 0, 0, 0, 0.2052, 0, 0, 0], [0, 0, 0, 0, 0, 0.1941, 0, 0, 0], [0, 0, 0, 0, 0, 0.1747, 0, 0, 0], [0, 0, 0, 0, 0, 0.164, 0, 0, 0], [0, 0, 0, 0, 0, 0.1618, 0, 0, 0]], "bottom_logit_ablation_values": [[0, 0, 0, 0, 0, -0.3221, 0, 0, 0], [0, 0, 0, 0, 0, -0.322, 0, 0, 0], [0, 0, 0, 0, 0, -0.3185, 0, 0, 0], [0, 0, 0, 0, 0, -0.3123, 0, 0, 0], [0, 0, 0, 0, 0, -0.3082, 0, 0, 0]], "residual_loss_ablation": [0.7787, 2.314, 4.341, 1.989, 0.06188, 1.843, -1.845, 4.214, 0]}}, {"tokens_str_list": ["\\x9d", "\\xe1\\x83", "\\x93", " \\xe1\\x83", "\\xac", "\u10d8\\xe1\\x83", "\\x9c", "\u10d0\\xe1\\x83", "\\xa1"], "tokens_acts_list": [0, 0, 0, 0, 0.241, 0, 0, 0, 0], "train_token_ind": 4, "is_repeated_datapoint": 0, "datapoint_ind": 54671983, "ablations": {"loss_ablation": [0, 0, 0, 0, 0, -0.007331, 0, 0, 0], "top_logit_ablation_tokens_str": [["<META>", "<META>", "<META>", "<META>", "<META>", " are", "<META>", "<META>", "<META>"], ["<EOT>", "<EOT>", "<EOT>", "<EOT>", "<EOT>", " were", "<EOT>", "<EOT>", "<EOT>"], ["<META_START>", "<META_START>", "<META_START>", "<META_START>", "<META_START>", "romy", "<META_START>", "<META_START>", "<META_START>"], ["<SOS>", "<SOS>", "<SOS>", "<SOS>", "<SOS>", "){#", "<SOS>", "<SOS>", "<SOS>"], ["<META_END>", "<META_END>", "<META_END>", "<META_END>", "<META_END>", "erial", "<META_END>", "<META_END>", "<META_END>"]], "bottom_logit_ablation_tokens_str": [["<META>", "<META>", "<META>", "<META>", "<META>", "sects", "<META>", "<META>", "<META>"], ["<EOT>", "<EOT>", "<EOT>", "<EOT>", "<EOT>", "\u0441\u0442\u044c", "<EOT>", "<EOT>", "<EOT>"], ["<META_START>", "<META_START>", "<META_START>", "<META_START>", "<META_START>", "mbled", "<META_START>", "<META_START>", "<META_START>"], ["<SOS>", "<SOS>", "<SOS>", "<SOS>", "<SOS>", "tin", "<SOS>", "<SOS>", "<SOS>"], ["<META_END>", "<META_END>", "<META_END>", "<META_END>", "<META_END>", "omorphic", "<META_END>", "<META_END>", "<META_END>"]], "top_logit_ablation_values": [[0, 0, 0, 0, 0, 0.1294, 0, 0, 0], [0, 0, 0, 0, 0, 0.1258, 0, 0, 0], [0, 0, 0, 0, 0, 0.1113, 0, 0, 0], [0, 0, 0, 0, 0, 0.1108, 0, 0, 0], [0, 0, 0, 0, 0, 0.1054, 0, 0, 0]], "bottom_logit_ablation_values": [[0, 0, 0, 0, 0, -0.1928, 0, 0, 0], [0, 0, 0, 0, 0, -0.1925, 0, 0, 0], [0, 0, 0, 0, 0, -0.1924, 0, 0, 0], [0, 0, 0, 0, 0, -0.1889, 0, 0, 0], [0, 0, 0, 0, 0, -0.1869, 0, 0, 0]], "residual_loss_ablation": [1.262, -0.07189, 1.003, -0.7419, 1.176, 0.2246, 0.1431, 0.2026, 0]}}, {"tokens_str_list": ["C", " with", " a", " fluid", " flow", " rate", " of", " 30", " mL"], "tokens_acts_list": [0, 0, 0, 0, 0.05638, 0, 0, 0, 0], "train_token_ind": 4, "is_repeated_datapoint": 0, "datapoint_ind": 31255445, "ablations": {"loss_ablation": [0, 0, 0, 0, 0, 0.02869, 0, 0, 0], "top_logit_ablation_tokens_str": [["<META>", "<META>", "<META>", "<META>", "<META>", " are", "<META>", "<META>", "<META>"], ["<EOT>", "<EOT>", "<EOT>", "<EOT>", "<EOT>", " were", "<EOT>", "<EOT>", "<EOT>"], ["<META_START>", "<META_START>", "<META_START>", "<META_START>", "<META_START>", "){#", "<META_START>", "<META_START>", "<META_START>"], ["<SOS>", "<SOS>", "<SOS>", "<SOS>", "<SOS>", "romy", "<SOS>", "<SOS>", "<SOS>"], ["<META_END>", "<META_END>", "<META_END>", "<META_END>", "<META_END>", "ety", "<META_END>", "<META_END>", "<META_END>"]], "bottom_logit_ablation_tokens_str": [["<META>", "<META>", "<META>", "<META>", "<META>", "omorphic", "<META>", "<META>", "<META>"], ["<EOT>", "<EOT>", "<EOT>", "<EOT>", "<EOT>", "overs", "<EOT>", "<EOT>", "<EOT>"], ["<META_START>", "<META_START>", "<META_START>", "<META_START>", "<META_START>", "ferential", "<META_START>", "<META_START>", "<META_START>"], ["<SOS>", "<SOS>", "<SOS>", "<SOS>", "<SOS>", "tin", "<SOS>", "<SOS>", "<SOS>"], ["<META_END>", "<META_END>", "<META_END>", "<META_END>", "<META_END>", "\u0441\u0442\u044c", "<META_END>", "<META_END>", "<META_END>"]], "top_logit_ablation_values": [[0, 0, 0, 0, 0, 0.05817, 0, 0, 0], [0, 0, 0, 0, 0, 0.0509, 0, 0, 0], [0, 0, 0, 0, 0, 0.04353, 0, 0, 0], [0, 0, 0, 0, 0, 0.04329, 0, 0, 0], [0, 0, 0, 0, 0, 0.04047, 0, 0, 0]], "bottom_logit_ablation_values": [[0, 0, 0, 0, 0, -0.06425, 0, 0, 0], [0, 0, 0, 0, 0, -0.06419, 0, 0, 0], [0, 0, 0, 0, 0, -0.06381, 0, 0, 0], [0, 0, 0, 0, 0, -0.06357, 0, 0, 0], [0, 0, 0, 0, 0, -0.06319, 0, 0, 0]], "residual_loss_ablation": [-0.02007, -0.2569, -0.2723, 0.9846, 2.315, 1.627, -0.0513, 3.925, 0]}}, {"tokens_str_list": [":", "\n", "\n", "Find", " and", " copy", " FORM", " tag", "\n"], "tokens_acts_list": [0, 0, 0, 0, 0.005189, 0, 0, 0, 0], "train_token_ind": 4, "is_repeated_datapoint": 0, "datapoint_ind": 46122956, "ablations": {"loss_ablation": [0, 0, 0, 0, 0, -0.00206, 0, 0, 0], "top_logit_ablation_tokens_str": [["<META>", "<META>", "<META>", "<META>", "<META>", "){#", "<META>", "<META>", "<META>"], ["<EOT>", "<EOT>", "<EOT>", "<EOT>", "<EOT>", " were", "<EOT>", "<EOT>", "<EOT>"], ["<META_START>", "<META_START>", "<META_START>", "<META_START>", "<META_START>", "/**", "<META_START>", "<META_START>", "<META_START>"], ["<SOS>", "<SOS>", "<SOS>", "<SOS>", "<SOS>", " are", "<SOS>", "<SOS>", "<SOS>"], ["<META_END>", "<META_END>", "<META_END>", "<META_END>", "<META_END>", "ail", "<META_END>", "<META_END>", "<META_END>"]],