{"index": 1170, "act_buckets": [0, 0, 0, 0, 0, 0, 0, 0, 0, 1, 0, 0, 0, 0, 0, 0, 0, 0, 0, 0, 1, 0, 0, 0, 0, 0, 0, 0, 0, 0, 0, 0, 0, 0, 1, 0, 0, 0, 0, 1], "act_bucket_edges": [0, 0.01735, 0.03471, 0.05206, 0.06941, 0.08677, 0.1041, 0.1215, 0.1388, 0.1562, 0.1735, 0.1909, 0.2082, 0.2256, 0.243, 0.2603, 0.2777, 0.295, 0.3124, 0.3297, 0.3471, 0.3644, 0.3818, 0.3991, 0.4165, 0.4338, 0.4512, 0.4685, 0.4859, 0.5033, 0.5206, 0.538, 0.5553, 0.5727, 0.59, 0.6074, 0.6247, 0.6421, 0.6594, 0.6768, 0.6941], "logit_buckets": [2, 1, 3, 3, 9, 15, 23, 47, 75, 154, 275, 408, 680, 1036, 1541, 2429, 3305, 4699, 8510, 8586, 8664, 7477, 5930, 4261, 2835, 1905, 1191, 637, 377, 190, 119, 59, 35, 26, 8, 13, 3, 2, 0, 3], "logit_bucket_edges": [-0.5696, -0.5413, -0.513, -0.4846, -0.4563, -0.428, -0.3996, -0.3713, -0.343, -0.3146, -0.2863, -0.2579, -0.2296, -0.2013, -0.1729, -0.1446, -0.1163, -0.08794, -0.05961, -0.03128, -0.002941, 0.02539, 0.05373, 0.08206, 0.1104, 0.1387, 0.1671, 0.1954, 0.2237, 0.2521, 0.2804, 0.3087, 0.3371, 0.3654, 0.3937, 0.4221, 0.4504, 0.4787, 0.5071, 0.5354, 0.5637], "examples_quantiles": [{"quantile_name": "Top Activations", "quantile_max_act": 0.6941, "examples": [{"tokens_str_list": [" (-", "8", ")/(-", "12", ")*(-", "145", "66", ")/((-", "7"], "tokens_acts_list": [0, 0, 0, 0, 0.6941, 0, 0, 0, 0], "train_token_ind": 4, "is_repeated_datapoint": 0, "datapoint_ind": 5547788, "ablations": {"loss_ablation": [0, 0, 0, 0, 0, 0.1251, 0, 0, 0], "top_logit_ablation_tokens_str": [["<META>", "<META>", "<META>", "<META>", "<META>", "atic", "<META>", "<META>", "<META>"], ["<EOT>", "<EOT>", "<EOT>", "<EOT>", "<EOT>", "ically", "<EOT>", "<EOT>", "<EOT>"], ["<META_START>", "<META_START>", "<META_START>", "<META_START>", "<META_START>", "ious", "<META_START>", "<META_START>", "<META_START>"], ["<SOS>", "<SOS>", "<SOS>", "<SOS>", "<SOS>", "ments", "<SOS>", "<SOS>", "<SOS>"], ["<META_END>", "<META_END>", "<META_END>", "<META_END>", "<META_END>", "one", "<META_END>", "<META_END>", "<META_END>"]], "bottom_logit_ablation_tokens_str": [["<META>", "<META>", "<META>", "<META>", "<META>", "?'", "<META>", "<META>", "<META>"], ["<EOT>", "<EOT>", "<EOT>", "<EOT>", "<EOT>", "?\u201d", "<EOT>", "<EOT>", "<EOT>"], ["<META_START>", "<META_START>", "<META_START>", "<META_START>", "<META_START>", "?\u2019", "<META_START>", "<META_START>", "<META_START>"], ["<SOS>", "<SOS>", "<SOS>", "<SOS>", "<SOS>", "]{}", "<SOS>", "<SOS>", "<SOS>"], ["<META_END>", "<META_END>", "<META_END>", "<META_END>", "<META_END>", "]{}]{}", "<META_END>", "<META_END>", "<META_END>"]], "top_logit_ablation_values": [[0, 0, 0, 0, 0, 0.7946, 0, 0, 0], [0, 0, 0, 0, 0, 0.7696, 0, 0, 0], [0, 0, 0, 0, 0, 0.7611, 0, 0, 0], [0, 0, 0, 0, 0, 0.7564, 0, 0, 0], [0, 0, 0, 0, 0, 0.7351, 0, 0, 0]], "bottom_logit_ablation_values": [[0, 0, 0, 0, 0, -0.1384, 0, 0, 0], [0, 0, 0, 0, 0, -0.1342, 0, 0, 0], [0, 0, 0, 0, 0, -0.1268, 0, 0, 0], [0, 0, 0, 0, 0, -0.1069, 0, 0, 0], [0, 0, 0, 0, 0, -0.09311, 0, 0, 0]], "residual_loss_ablation": [4.172, -0.1182, 3.626, -0.09521, 0.08316, -0.2478, 2.347, -1.624, 0]}}, {"tokens_str_list": ["\n                                             ", " 6", "\n\f", "<EOT>", "Abbrev", "iations", "\n", "=============", "\n"], "tokens_acts_list": [0, 0, 0, 0, 0.5959, 0, 0, 0, 0], "train_token_ind": 4, "is_repeated_datapoint": 0, "datapoint_ind": 17505211, "ablations": {"loss_ablation": [0, 0, 0, 0, 0, 0.004473, 0, 0, 0], "top_logit_ablation_tokens_str": [["<META>", "<META>", "<META>", "<META>", "<META>", "ically", "<META>", "<META>", "<META>"], ["<EOT>", "<EOT>", "<EOT>", "<EOT>", "<EOT>", "atic", "<EOT>", "<EOT>", "<EOT>"], ["<META_START>", "<META_START>", "<META_START>", "<META_START>", "<META_START>", "tal", "<META_START>", "<META_START>", "<META_START>"], ["<SOS>", "<SOS>", "<SOS>", "<SOS>", "<SOS>", "ments", "<SOS>", "<SOS>", "<SOS>"], ["<META_END>", "<META_END>", "<META_END>", "<META_END>", "<META_END>", "ious", "<META_END>", "<META_END>", "<META_END>"]], "bottom_logit_ablation_tokens_str": [["<META>", "<META>", "<META>", "<META>", "<META>", "?'", "<META>", "<META>", "<META>"], ["<EOT>", "<EOT>", "<EOT>", "<EOT>", "<EOT>", "?\u2019", "<EOT>", "<EOT>", "<EOT>"], ["<META_START>", "<META_START>", "<META_START>", "<META_START>", "<META_START>", "?\u201d", "<META_START>", "<META_START>", "<META_START>"], ["<SOS>", "<SOS>", "<SOS>", "<SOS>", "<SOS>", "]{}]{}", "<SOS>", "<SOS>", "<SOS>"], ["<META_END>", "<META_END>", "<META_END>", "<META_END>", "<META_END>", "\".'", "<META_END>", "<META_END>", "<META_END>"]], "top_logit_ablation_values": [[0, 0, 0, 0, 0, 0.6418, 0, 0, 0], [0, 0, 0, 0, 0, 0.6299, 0, 0, 0], [0, 0, 0, 0, 0, 0.6046, 0, 0, 0], [0, 0, 0, 0, 0, 0.6032, 0, 0, 0], [0, 0, 0, 0, 0, 0.6002, 0, 0, 0]], "bottom_logit_ablation_values": [[0, 0, 0, 0, 0, -0.1344, 0, 0, 0], [0, 0, 0, 0, 0, -0.1233, 0, 0, 0], [0, 0, 0, 0, 0, -0.1219, 0, 0, 0], [0, 0, 0, 0, 0, -0.09467, 0, 0, 0], [0, 0, 0, 0, 0, -0.07556, 0, 0, 0]], "residual_loss_ablation": [0.7787, 2.314, 4.341, 1.989, 0.06188, 1.843, -1.845, 4.214, 0]}}, {"tokens_str_list": ["\n", ",", " **", "**,", " ().", "\n", "\n", ",", " **"], "tokens_acts_list": [0, 0, 0, 0, 0.3619, 0, 0, 0, 0], "train_token_ind": 4, "is_repeated_datapoint": 0, "datapoint_ind": 53779, "ablations": {"loss_ablation": [0, 0, 0, 0, 0, 0.09832, 0, 0, 0], "top_logit_ablation_tokens_str": [["<META>", "<META>", "<META>", "<META>", "<META>", "atic", "<META>", "<META>", "<META>"], ["<EOT>", "<EOT>", "<EOT>", "<EOT>", "<EOT>", "ically", "<EOT>", "<EOT>", "<EOT>"], ["<META_START>", "<META_START>", "<META_START>", "<META_START>", "<META_START>", "tal", "<META_START>", "<META_START>", "<META_START>"], ["<SOS>", "<SOS>", "<SOS>", "<SOS>", "<SOS>", "ious", "<SOS>", "<SOS>", "<SOS>"], ["<META_END>", "<META_END>", "<META_END>", "<META_END>", "<META_END>", "one", "<META_END>", "<META_END>", "<META_END>"]], "bottom_logit_ablation_tokens_str": [["<META>", "<META>", "<META>", "<META>", "<META>", "?'", "<META>", "<META>", "<META>"], ["<EOT>", "<EOT>", "<EOT>", "<EOT>", "<EOT>", "?\u2019", "<EOT>", "<EOT>", "<EOT>"], ["<META_START>", "<META_START>", "<META_START>", "<META_START>", "<META_START>", "?\u201d", "<META_START>", "<META_START>", "<META_START>"], ["<SOS>", "<SOS>", "<SOS>", "<SOS>", "<SOS>", "]{}]{}", "<SOS>", "<SOS>", "<SOS>"], ["<META_END>", "<META_END>", "<META_END>", "<META_END>", "<META_END>", "]{}", "<META_END>", "<META_END>", "<META_END>"]], "top_logit_ablation_values": [[0, 0, 0, 0, 0, 0.4528, 0, 0, 0], [0, 0, 0, 0, 0, 0.4449, 0, 0, 0], [0, 0, 0, 0, 0, 0.4233, 0, 0, 0], [0, 0, 0, 0, 0, 0.4169, 0, 0, 0], [0, 0, 0, 0, 0, 0.415, 0, 0, 0]], "bottom_logit_ablation_values": [[0, 0, 0, 0, 0, -0.1373, 0, 0, 0], [0, 0, 0, 0, 0, -0.1331, 0, 0, 0], [0, 0, 0, 0, 0, -0.1287, 0, 0, 0], [0, 0, 0, 0, 0, -0.121, 0, 0, 0], [0, 0, 0, 0, 0, -0.1079, 0, 0, 0]], "residual_loss_ablation": [-1.019, 2.532, 6.593, 2.603, 3.239, 3.891, -0.6105, 7.652, 0]}}, {"tokens_str_list": [" factors", " of", " ${\\", "mathbb", " T", "}$,", " respectively", ",", " and"], "tokens_acts_list": [0, 0, 0, 0, 0.1585, 0, 0, 0, 0], "train_token_ind": 4, "is_repeated_datapoint": 0, "datapoint_ind": 22709799, "ablations": {"loss_ablation": [0, 0, 0, 0, 0, -0.003444, 0, 0, 0], "top_logit_ablation_tokens_str": [["<META>", "<META>", "<META>", "<META>", "<META>", "atic", "<META>", "<META>", "<META>"], ["<EOT>", "<EOT>", "<EOT>", "<EOT>", "<EOT>", "ically", "<EOT>", "<EOT>", "<EOT>"], ["<META_START>", "<META_START>", "<META_START>", "<META_START>", "<META_START>", "ments", "<META_START>", "<META_START>", "<META_START>"], ["<SOS>", "<SOS>", "<SOS>", "<SOS>", "<SOS>", "one", "<SOS>", "<SOS>", "<SOS>"], ["<META_END>", "<META_END>", "<META_END>", "<META_END>", "<META_END>", "ment", "<META_END>", "<META_END>", "<META_END>"]],