{"index": 1190, "act_buckets": [0, 0, 0, 0, 0, 0, 0, 0, 0, 0, 0, 0, 0, 0, 0, 0, 0, 0, 0, 0, 0, 0, 0, 1, 0, 0, 0, 0, 0, 0, 0, 0, 0, 0, 0, 0, 0, 0, 0, 1], "act_bucket_edges": [0, 0.004144, 0.008288, 0.01243, 0.01658, 0.02072, 0.02487, 0.02901, 0.03315, 0.0373, 0.04144, 0.04559, 0.04973, 0.05387, 0.05802, 0.06216, 0.06631, 0.07045, 0.0746, 0.07874, 0.08288, 0.08703, 0.09117, 0.09532, 0.09946, 0.1036, 0.1077, 0.1119, 0.116, 0.1202, 0.1243, 0.1285, 0.1326, 0.1368, 0.1409, 0.145, 0.1492, 0.1533, 0.1575, 0.1616, 0.1658], "logit_buckets": [1, 0, 3, 4, 9, 8, 25, 61, 133, 262, 534, 956, 1505, 2515, 3701, 5383, 6930, 7723, 6905, 5856, 4908, 4237, 4936, 2024, 1685, 1452, 1148, 906, 624, 442, 265, 179, 92, 52, 37, 17, 8, 4, 1, 5], "logit_bucket_edges": [-0.3433, -0.3247, -0.306, -0.2874, -0.2687, -0.2501, -0.2314, -0.2128, -0.1941, -0.1755, -0.1568, -0.1382, -0.1195, -0.1009, -0.08223, -0.06358, -0.04493, -0.02628, -0.007632, 0.01102, 0.02967, 0.04832, 0.06697, 0.08562, 0.1043, 0.1229, 0.1416, 0.1602, 0.1789, 0.1975, 0.2162, 0.2348, 0.2535, 0.2721, 0.2908, 0.3094, 0.3281, 0.3467, 0.3654, 0.384, 0.4027], "examples_quantiles": [{"quantile_name": "Top Activations", "quantile_max_act": 0.1658, "examples": [{"tokens_str_list": ["up", " and", " outcomes", " {#", "apt", "14", "990", "-", "sec"], "tokens_acts_list": [0, 0, 0, 0, 0.1658, 0, 0, 0, 0], "train_token_ind": 4, "is_repeated_datapoint": 0, "datapoint_ind": 23134840, "ablations": {"loss_ablation": [0, 0, 0, 0, 0, -0.04031, 0, 0, 0], "top_logit_ablation_tokens_str": [["<META>", "<META>", "<META>", "<META>", "<META>", "iences", "<META>", "<META>", "<META>"], ["<EOT>", "<EOT>", "<EOT>", "<EOT>", "<EOT>", "=\"", "<EOT>", "<EOT>", "<EOT>"], ["<META_START>", "<META_START>", "<META_START>", "<META_START>", "<META_START>", " infinity", "<META_START>", "<META_START>", "<META_START>"], ["<SOS>", "<SOS>", "<SOS>", "<SOS>", "<SOS>", "posite", "<SOS>", "<SOS>", "<SOS>"], ["<META_END>", "<META_END>", "<META_END>", "<META_END>", "<META_END>", " MERCHANTABILITY", "<META_END>", "<META_END>", "<META_END>"]], "bottom_logit_ablation_tokens_str": [["<META>", "<META>", "<META>", "<META>", "<META>", " said", "<META>", "<META>", "<META>"], ["<EOT>", "<EOT>", "<EOT>", "<EOT>", "<EOT>", " (@", "<EOT>", "<EOT>", "<EOT>"], ["<META_START>", "<META_START>", "<META_START>", "<META_START>", "<META_START>", " tweeted", "<META_START>", "<META_START>", "<META_START>"], ["<SOS>", "<SOS>", "<SOS>", "<SOS>", "<SOS>", " County", "<SOS>", "<SOS>", "<SOS>"], ["<META_END>", "<META_END>", "<META_END>", "<META_END>", "<META_END>", " told", "<META_END>", "<META_END>", "<META_END>"]], "top_logit_ablation_values": [[0, 0, 0, 0, 0, 0.07666, 0, 0, 0], [0, 0, 0, 0, 0, 0.07485, 0, 0, 0], [0, 0, 0, 0, 0, 0.07215, 0, 0, 0], [0, 0, 0, 0, 0, 0.06014, 0, 0, 0], [0, 0, 0, 0, 0, 0.05975, 0, 0, 0]], "bottom_logit_ablation_values": [[0, 0, 0, 0, 0, -0.2118, 0, 0, 0], [0, 0, 0, 0, 0, -0.2106, 0, 0, 0], [0, 0, 0, 0, 0, -0.2056, 0, 0, 0], [0, 0, 0, 0, 0, -0.2053, 0, 0, 0], [0, 0, 0, 0, 0, -0.2019, 0, 0, 0]], "residual_loss_ablation": [0.3818, 1.804, 1.748, 5.806, 5.962, -2.746, 5.507, -0.0004503, 0]}}, {"tokens_str_list": [" of", " I", "BD", " {#", "apt", "14", "145", "-", "sec"], "tokens_acts_list": [0, 0, 0, 0, 0.09595, 0, 0, 0, 0], "train_token_ind": 4, "is_repeated_datapoint": 0, "datapoint_ind": 14008363, "ablations": {"loss_ablation": [0, 0, 0, 0, 0, -0.02036, 0, 0, 0], "top_logit_ablation_tokens_str": [["<META>", "<META>", "<META>", "<META>", "<META>", "iences", "<META>", "<META>", "<META>"], ["<EOT>", "<EOT>", "<EOT>", "<EOT>", "<EOT>", " infinity", "<EOT>", "<EOT>", "<EOT>"], ["<META_START>", "<META_START>", "<META_START>", "<META_START>", "<META_START>", "=\"", "<META_START>", "<META_START>", "<META_START>"], ["<SOS>", "<SOS>", "<SOS>", "<SOS>", "<SOS>", " MERCHANTABILITY", "<SOS>", "<SOS>", "<SOS>"], ["<META_END>", "<META_END>", "<META_END>", "<META_END>", "<META_END>", "posite", "<META_END>", "<META_END>", "<META_END>"]], "bottom_logit_ablation_tokens_str": [["<META>", "<META>", "<META>", "<META>", "<META>", " said", "<META>", "<META>", "<META>"], ["<EOT>", "<EOT>", "<EOT>", "<EOT>", "<EOT>", " (@", "<EOT>", "<EOT>", "<EOT>"], ["<META_START>", "<META_START>", "<META_START>", "<META_START>", "<META_START>", " tweeted", "<META_START>", "<META_START>", "<META_START>"], ["<SOS>", "<SOS>", "<SOS>", "<SOS>", "<SOS>", " County", "<SOS>", "<SOS>", "<SOS>"], ["<META_END>", "<META_END>", "<META_END>", "<META_END>", "<META_END>", " told", "<META_END>", "<META_END>", "<META_END>"]], "top_logit_ablation_values": [[0, 0, 0, 0, 0, 0.03406, 0, 0, 0], [0, 0, 0, 0, 0, 0.03349, 0, 0, 0], [0, 0, 0, 0, 0, 0.03071, 0, 0, 0], [0, 0, 0, 0, 0, 0.02458, 0, 0, 0], [0, 0, 0, 0, 0, 0.02335, 0, 0, 0]], "bottom_logit_ablation_values": [[0, 0, 0, 0, 0, -0.141, 0, 0, 0], [0, 0, 0, 0, 0, -0.1402, 0, 0, 0], [0, 0, 0, 0, 0, -0.1389, 0, 0, 0], [0, 0, 0, 0, 0, -0.1349, 0, 0, 0], [0, 0, 0, 0, 0, -0.1342, 0, 0, 0]], "residual_loss_ablation": [0.6005, -0.2011, 4.771, 1.249, 4.641, -2.58, 3.951, 2.031, 0]}}]}], "statistics": {"density_frac": 2e-08, "global_max_act": 0.1658, "abs_max_neuron_weights": [0.295, 0.2705, 0.1986], "abs_max_neuron_inds": [290, 20, 175], "l1_max_neuron_weights": [0.02267, 0.02079, 0.01526]}, "logit_effects": {"negatives": [[" medium", -0.2588], ["quisite", -0.2665], ["versely", -0.277], ["clidean", -0.2794], [" MERCHANTABILITY", -0.2795], ["icularly", -0.2834], ["=\"", -0.2885], ["iences", -0.2975], ["}.", -0.3008], [" infinity", -0.3433]], "positives": [[" said", 0.4027], [" (@", 0.3967], [" Singh", 0.3914], [" tweeted", 0.3911], [" County", 0.3858], [" told", 0.3745], [" spokesman", 0.3638], [" Leader", 0.3585], [" Kumar", 0.3542], ["owitz", 0.3493]]}}