{"index": 1217, "act_buckets": [0, 0, 0, 0, 2, 0, 0, 0, 1, 0, 0, 0, 0, 0, 0, 0, 0, 0, 0, 0, 0, 0, 0, 0, 0, 0, 0, 0, 0, 0, 0, 0, 0, 0, 0, 0, 0, 0, 0, 1], "act_bucket_edges": [0, 0.04592, 0.09185, 0.1378, 0.1837, 0.2296, 0.2755, 0.3215, 0.3674, 0.4133, 0.4592, 0.5052, 0.5511, 0.597, 0.6429, 0.6888, 0.7348, 0.7807, 0.8266, 0.8725, 0.9185, 0.9644, 1.01, 1.056, 1.102, 1.148, 1.194, 1.24, 1.286, 1.332, 1.378, 1.424, 1.47, 1.515, 1.561, 1.607, 1.653, 1.699, 1.745, 1.791, 1.837], "logit_buckets": [2, 0, 6, 1, 7, 28, 37, 66, 111, 183, 328, 560, 858, 1482, 2247, 3231, 4443, 5752, 7019, 10470, 7650, 6020, 4477, 3295, 2295, 1574, 1123, 754, 512, 347, 263, 139, 99, 65, 42, 29, 14, 1, 8, 1], "logit_bucket_edges": [-0.4903, -0.4652, -0.4401, -0.4151, -0.39, -0.3649, -0.3398, -0.3147, -0.2897, -0.2646, -0.2395, -0.2144, -0.1894, -0.1643, -0.1392, -0.1141, -0.08905, -0.06397, -0.03889, -0.01381, 0.01126, 0.03634, 0.06142, 0.0865, 0.1116, 0.1367, 0.1617, 0.1868, 0.2119, 0.237, 0.262, 0.2871, 0.3122, 0.3373, 0.3624, 0.3874, 0.4125, 0.4376, 0.4627, 0.4877, 0.5128], "examples_quantiles": [{"quantile_name": "Top Activations", "quantile_max_act": 1.837, "examples": [{"tokens_str_list": [" mit", "z", "ured", "en", ".\u00ab", "\n", "\n", "\u00bb", "All"], "tokens_acts_list": [0, 0, 0, 0, 1.837, 0, 0, 0, 0], "train_token_ind": 4, "is_repeated_datapoint": 0, "datapoint_ind": 76851631, "ablations": {"loss_ablation": [0, 0, 0, 0, 0, -0.0621, 0, 0, 0], "top_logit_ablation_tokens_str": [["<META>", "<META>", "<META>", "<META>", "<META>", ")](#", "<META>", "<META>", "<META>"], ["<EOT>", "<EOT>", "<EOT>", "<EOT>", "<EOT>", "ably", "<EOT>", "<EOT>", "<EOT>"], ["<META_START>", "<META_START>", "<META_START>", "<META_START>", "<META_START>", "led", "<META_START>", "<META_START>", "<META_START>"], ["<SOS>", "<SOS>", "<SOS>", "<SOS>", "<SOS>", "=\"", "<SOS>", "<SOS>", "<SOS>"], ["<META_END>", "<META_END>", "<META_END>", "<META_END>", "<META_END>", "leq", "<META_END>", "<META_END>", "<META_END>"]], "bottom_logit_ablation_tokens_str": [["<META>", "<META>", "<META>", "<META>", "<META>", "igrate", "<META>", "<META>", "<META>"], ["<EOT>", "<EOT>", "<EOT>", "<EOT>", "<EOT>", "olithic", "<EOT>", "<EOT>", "<EOT>"], ["<META_START>", "<META_START>", "<META_START>", "<META_START>", "<META_START>", "ifolds", "<META_START>", "<META_START>", "<META_START>"], ["<SOS>", "<SOS>", "<SOS>", "<SOS>", "<SOS>", "iers", "<SOS>", "<SOS>", "<SOS>"], ["<META_END>", "<META_END>", "<META_END>", "<META_END>", "<META_END>", "halb", "<META_END>", "<META_END>", "<META_END>"]], "top_logit_ablation_values": [[0, 0, 0, 0, 0, 0.1482, 0, 0, 0], [0, 0, 0, 0, 0, 0.0989, 0, 0, 0], [0, 0, 0, 0, 0, 0.08892, 0, 0, 0], [0, 0, 0, 0, 0, 0.06436, 0, 0, 0], [0, 0, 0, 0, 0, 0.04934, 0, 0, 0]], "bottom_logit_ablation_values": [[0, 0, 0, 0, 0, -2.317, 0, 0, 0], [0, 0, 0, 0, 0, -2.311, 0, 0, 0], [0, 0, 0, 0, 0, -2.304, 0, 0, 0], [0, 0, 0, 0, 0, -2.303, 0, 0, 0], [0, 0, 0, 0, 0, -2.292, 0, 0, 0]], "residual_loss_ablation": [-1.391, 0.6779, 1.498, 2.721, -0.6154, 3.15, 0.161, 5.499, 0]}}, {"tokens_str_list": ["[\\", "%]", "$\\", "\n", "$\\", "phantom", "{", "1", "}"], "tokens_acts_list": [0, 0, 0, 0, 0.3794, 0, 0, 0, 0], "train_token_ind": 4, "is_repeated_datapoint": 0, "datapoint_ind": 49519702, "ablations": {"loss_ablation": [0, 0, 0, 0, 0, 0.06645, 0, 0, 0], "top_logit_ablation_tokens_str": [["<META>", "<META>", "<META>", "<META>", "<META>", ")](#", "<META>", "<META>", "<META>"], ["<EOT>", "<EOT>", "<EOT>", "<EOT>", "<EOT>", "leq", "<EOT>", "<EOT>", "<EOT>"], ["<META_START>", "<META_START>", "<META_START>", "<META_START>", "<META_START>", "ably", "<META_START>", "<META_START>", "<META_START>"], ["<SOS>", "<SOS>", "<SOS>", "<SOS>", "<SOS>", "----------------------", "<SOS>", "<SOS>", "<SOS>"], ["<META_END>", "<META_END>", "<META_END>", "<META_END>", "<META_END>", "led", "<META_END>", "<META_END>", "<META_END>"]], "bottom_logit_ablation_tokens_str": [["<META>", "<META>", "<META>", "<META>", "<META>", "olithic", "<META>", "<META>", "<META>"], ["<EOT>", "<EOT>", "<EOT>", "<EOT>", "<EOT>", "isans", "<EOT>", "<EOT>", "<EOT>"], ["<META_START>", "<META_START>", "<META_START>", "<META_START>", "<META_START>", "ifolds", "<META_START>", "<META_START>", "<META_START>"], ["<SOS>", "<SOS>", "<SOS>", "<SOS>", "<SOS>", "oph", "<SOS>", "<SOS>", "<SOS>"], ["<META_END>", "<META_END>", "<META_END>", "<META_END>", "<META_END>", "iers", "<META_END>", "<META_END>", "<META_END>"]], "top_logit_ablation_values": [[0, 0, 0, 0, 0, -0.03763, 0, 0, 0], [0, 0, 0, 0, 0, -0.04137, 0, 0, 0], [0, 0, 0, 0, 0, -0.05017, 0, 0, 0], [0, 0, 0, 0, 0, -0.05206, 0, 0, 0], [0, 0, 0, 0, 0, -0.05956, 0, 0, 0]], "bottom_logit_ablation_values": [[0, 0, 0, 0, 0, -0.6186, 0, 0, 0], [0, 0, 0, 0, 0, -0.6111, 0, 0, 0], [0, 0, 0, 0, 0, -0.6064, 0, 0, 0], [0, 0, 0, 0, 0, -0.6047, 0, 0, 0], [0, 0, 0, 0, 0, -0.6046, 0, 0, 0]], "residual_loss_ablation": [0.2643, 4.077, -1.098, 3.838, 1.504, 3.389, 1.14, -1.361, 0]}}, {"tokens_str_list": ["\\", "bigg", "(\\", "frac", " {\\", "vart", "he", "ta", "_{"], "tokens_acts_list": [0, 0, 0, 0, 0.2234, 0, 0, 0, 0], "train_token_ind": 4, "is_repeated_datapoint": 0, "datapoint_ind": 1954732, "ablations": {"loss_ablation": [0, 0, 0, 0, 0, -0.00706, 0, 0, 0], "top_logit_ablation_tokens_str": [["<META>", "<META>", "<META>", "<META>", "<META>", "leq", "<META>", "<META>", "<META>"], ["<EOT>", "<EOT>", "<EOT>", "<EOT>", "<EOT>", ")](#", "<EOT>", "<EOT>", "<EOT>"], ["<META_START>", "<META_START>", "<META_START>", "<META_START>", "<META_START>", "ably", "<META_START>", "<META_START>", "<META_START>"], ["<SOS>", "<SOS>", "<SOS>", "<SOS>", "<SOS>", " Filed", "<SOS>", "<SOS>", "<SOS>"], ["<META_END>", "<META_END>", "<META_END>", "<META_END>", "<META_END>", "----------------------", "<META_END>", "<META_END>", "<META_END>"]], "bottom_logit_ablation_tokens_str": [["<META>", "<META>", "<META>", "<META>", "<META>", "olithic", "<META>", "<META>", "<META>"], ["<EOT>", "<EOT>", "<EOT>", "<EOT>", "<EOT>", "isans", "<EOT>", "<EOT>", "<EOT>"], ["<META_START>", "<META_START>", "<META_START>", "<META_START>", "<META_START>", "ifolds", "<META_START>", "<META_START>", "<META_START>"], ["<SOS>", "<SOS>", "<SOS>", "<SOS>", "<SOS>", "iers", "<SOS>", "<SOS>", "<SOS>"], ["<META_END>", "<META_END>", "<META_END>", "<META_END>", "<META_END>", "lims", "<META_END>", "<META_END>", "<META_END>"]], "top_logit_ablation_values": [[0, 0, 0, 0, 0, -0.02614, 0, 0, 0], [0, 0, 0, 0, 0, -0.03376, 0, 0, 0], [0, 0, 0, 0, 0, -0.03502, 0, 0, 0], [0, 0, 0, 0, 0, -0.03602, 0, 0, 0], [0, 0, 0, 0, 0, -0.03708, 0, 0, 0]], "bottom_logit_ablation_values": [[0, 0, 0, 0, 0, -0.4021, 0, 0, 0], [0, 0, 0, 0, 0, -0.4011, 0, 0, 0], [0, 0, 0, 0, 0, -0.3924, 0, 0, 0], [0, 0, 0, 0, 0, -0.3915, 0, 0, 0], [0, 0, 0, 0, 0, -0.3872, 0, 0, 0]], "residual_loss_ablation": [-0.8725, 4.317, 1.238, 1.696, 0.1535, 2.122, 5.199, 7.429, 0]}}, {"tokens_str_list": [" $", "0", "<", "T", "<", "T", "_", "0", "(\\"], "tokens_acts_list": [0, 0, 0, 0, 0.2145, 0, 0, 0, 0], "train_token_ind": 4, "is_repeated_datapoint": 0, "datapoint_ind": 33218605, "ablations": {"loss_ablation": [0, 0, 0, 0, 0, -0.04727, 0, 0, 0], "top_logit_ablation_tokens_str": [["<META>", "<META>", "<META>", "<META>", "<META>", ")](#", "<META>", "<META>", "<META>"], ["<EOT>", "<EOT>", "<EOT>", "<EOT>", "<EOT>", "ably", "<EOT>", "<EOT>", "<EOT>"], ["<META_START>", "<META_START>", "<META_START>", "<META_START>", "<META_START>", "leq", "<META_START>", "<META_START>", "<META_START>"], ["<SOS>", "<SOS>", "<SOS>", "<SOS>", "<SOS>", "----------------------", "<SOS>", "<SOS>", "<SOS>"], ["<META_END>", "<META_END>", "<META_END>", "<META_END>", "<META_END>", "=\"", "<META_END>", "<META_END>", "<META_END>"]],