{"index": 1257, "act_buckets": [1, 1, 2, 2, 0, 0, 0, 0, 0, 0, 0, 0, 0, 0, 0, 1, 0, 0, 0, 0, 0, 0, 0, 0, 0, 0, 0, 0, 0, 0, 0, 0, 0, 0, 0, 0, 0, 0, 0, 1], "act_bucket_edges": [0, 0.02266, 0.04533, 0.06799, 0.09065, 0.1133, 0.136, 0.1586, 0.1813, 0.204, 0.2266, 0.2493, 0.272, 0.2946, 0.3173, 0.34, 0.3626, 0.3853, 0.4079, 0.4306, 0.4533, 0.4759, 0.4986, 0.5213, 0.5439, 0.5666, 0.5893, 0.6119, 0.6346, 0.6572, 0.6799, 0.7026, 0.7252, 0.7479, 0.7706, 0.7932, 0.8159, 0.8386, 0.8612, 0.8839, 0.9065], "logit_buckets": [1, 3, 5, 6, 17, 32, 54, 116, 188, 342, 634, 904, 1539, 2215, 3229, 4411, 5825, 10150, 9436, 7909, 5959, 4422, 3016, 1915, 1245, 763, 536, 277, 184, 83, 40, 35, 18, 14, 7, 4, 0, 0, 1, 1], "logit_bucket_edges": [-0.4187, -0.3959, -0.373, -0.3501, -0.3273, -0.3044, -0.2816, -0.2587, -0.2358, -0.213, -0.1901, -0.1673, -0.1444, -0.1215, -0.09868, -0.07582, -0.05296, -0.0301, -0.007243, 0.01562, 0.03848, 0.06134, 0.0842, 0.1071, 0.1299, 0.1528, 0.1756, 0.1985, 0.2214, 0.2442, 0.2671, 0.2899, 0.3128, 0.3357, 0.3585, 0.3814, 0.4042, 0.4271, 0.45, 0.4728, 0.4957], "examples_quantiles": [{"quantile_name": "Top Activations", "quantile_max_act": 0.9065, "examples": [{"tokens_str_list": ["_", "30", "_", " Lest", " we", " remember", " still", " that", " we"], "tokens_acts_list": [0, 0, 0, 0, 0.9065, 0, 0, 0, 0], "train_token_ind": 4, "is_repeated_datapoint": 0, "datapoint_ind": 82678079, "ablations": {"loss_ablation": [0, 0, 0, 0, 0, -0.02027, 0, 0, 0], "top_logit_ablation_tokens_str": [["<META>", "<META>", "<META>", "<META>", "<META>", " entirety", "<META>", "<META>", "<META>"], ["<EOT>", "<EOT>", "<EOT>", "<EOT>", "<EOT>", " final", "<EOT>", "<EOT>", "<EOT>"], ["<META_START>", "<META_START>", "<META_START>", "<META_START>", "<META_START>", " favor", "<META_START>", "<META_START>", "<META_START>"], ["<SOS>", "<SOS>", "<SOS>", "<SOS>", "<SOS>", "led", "<SOS>", "<SOS>", "<SOS>"], ["<META_END>", "<META_END>", "<META_END>", "<META_END>", "<META_END>", "ronic", "<META_END>", "<META_END>", "<META_END>"]], "bottom_logit_ablation_tokens_str": [["<META>", "<META>", "<META>", "<META>", "<META>", "documentclass", "<META>", "<META>", "<META>"], ["<EOT>", "<EOT>", "<EOT>", "<EOT>", "<EOT>", " stairs", "<EOT>", "<EOT>", "<EOT>"], ["<META_START>", "<META_START>", "<META_START>", "<META_START>", "<META_START>", "hole", "<META_START>", "<META_START>", "<META_START>"], ["<SOS>", "<SOS>", "<SOS>", "<SOS>", "<SOS>", "wife", "<SOS>", "<SOS>", "<SOS>"], ["<META_END>", "<META_END>", "<META_END>", "<META_END>", "<META_END>", "wall", "<META_END>", "<META_END>", "<META_END>"]], "top_logit_ablation_values": [[0, 0, 0, 0, 0, 0.5541, 0, 0, 0], [0, 0, 0, 0, 0, 0.4841, 0, 0, 0], [0, 0, 0, 0, 0, 0.4731, 0, 0, 0], [0, 0, 0, 0, 0, 0.4659, 0, 0, 0], [0, 0, 0, 0, 0, 0.4593, 0, 0, 0]], "bottom_logit_ablation_values": [[0, 0, 0, 0, 0, -0.792, 0, 0, 0], [0, 0, 0, 0, 0, -0.7566, 0, 0, 0], [0, 0, 0, 0, 0, -0.6568, 0, 0, 0], [0, 0, 0, 0, 0, -0.6532, 0, 0, 0], [0, 0, 0, 0, 0, -0.6507, 0, 0, 0]], "residual_loss_ablation": [1.433, -0.03789, 3.167, -2.117, 3.35, -0.2296, 1.607, -0.02608, 0]}}, {"tokens_str_list": ["oids", ".\\[[@", "CR", "23", "],", " [@", "CR", "25", "]\\]"], "tokens_acts_list": [0, 0, 0, 0, 0.3575, 0, 0, 0, 0], "train_token_ind": 4, "is_repeated_datapoint": 0, "datapoint_ind": 24540605, "ablations": {"loss_ablation": [0, 0, 0, 0, 0, -0.01947, 0, 0, 0], "top_logit_ablation_tokens_str": [["<META>", "<META>", "<META>", "<META>", "<META>", " entirety", "<META>", "<META>", "<META>"], ["<EOT>", "<EOT>", "<EOT>", "<EOT>", "<EOT>", "lected", "<EOT>", "<EOT>", "<EOT>"], ["<META_START>", "<META_START>", "<META_START>", "<META_START>", "<META_START>", "led", "<META_START>", "<META_START>", "<META_START>"], ["<SOS>", "<SOS>", "<SOS>", "<SOS>", "<SOS>", " final", "<SOS>", "<SOS>", "<SOS>"], ["<META_END>", "<META_END>", "<META_END>", "<META_END>", "<META_END>", "itional", "<META_END>", "<META_END>", "<META_END>"]], "bottom_logit_ablation_tokens_str": [["<META>", "<META>", "<META>", "<META>", "<META>", " stairs", "<META>", "<META>", "<META>"], ["<EOT>", "<EOT>", "<EOT>", "<EOT>", "<EOT>", "documentclass", "<EOT>", "<EOT>", "<EOT>"], ["<META_START>", "<META_START>", "<META_START>", "<META_START>", "<META_START>", "grund", "<META_START>", "<META_START>", "<META_START>"], ["<SOS>", "<SOS>", "<SOS>", "<SOS>", "<SOS>", "hole", "<SOS>", "<SOS>", "<SOS>"], ["<META_END>", "<META_END>", "<META_END>", "<META_END>", "<META_END>", "wife", "<META_END>", "<META_END>", "<META_END>"]], "top_logit_ablation_values": [[0, 0, 0, 0, 0, 0.183, 0, 0, 0], [0, 0, 0, 0, 0, 0.166, 0, 0, 0], [0, 0, 0, 0, 0, 0.1614, 0, 0, 0], [0, 0, 0, 0, 0, 0.161, 0, 0, 0], [0, 0, 0, 0, 0, 0.1478, 0, 0, 0]], "bottom_logit_ablation_values": [[0, 0, 0, 0, 0, -0.4022, 0, 0, 0], [0, 0, 0, 0, 0, -0.3802, 0, 0, 0], [0, 0, 0, 0, 0, -0.3446, 0, 0, 0], [0, 0, 0, 0, 0, -0.3403, 0, 0, 0], [0, 0, 0, 0, 0, -0.3371, 0, 0, 0]], "residual_loss_ablation": [4.096, 1.95, -0.3874, -0.3619, -4.063, 0.1594, -0.01477, 0.699, 0]}}, {"tokens_str_list": ["lessly", " wh", "ine", " over", " your", " s", "ushi", " about", " how"], "tokens_acts_list": [0, 0, 0, 0, 0.06948, 0, 0, 0, 0], "train_token_ind": 4, "is_repeated_datapoint": 0, "datapoint_ind": 11026821, "ablations": {"loss_ablation": [0, 0, 0, 0, 0, -0.01744, 0, 0, 0], "top_logit_ablation_tokens_str": [["<META>", "<META>", "<META>", "<META>", "<META>", " entirety", "<META>", "<META>", "<META>"], ["<EOT>", "<EOT>", "<EOT>", "<EOT>", "<EOT>", "lected", "<EOT>", "<EOT>", "<EOT>"], ["<META_START>", "<META_START>", "<META_START>", "<META_START>", "<META_START>", " final", "<META_START>", "<META_START>", "<META_START>"], ["<SOS>", "<SOS>", "<SOS>", "<SOS>", "<SOS>", "\u0093", "<SOS>", "<SOS>", "<SOS>"], ["<META_END>", "<META_END>", "<META_END>", "<META_END>", "<META_END>", "led", "<META_END>", "<META_END>", "<META_END>"]], "bottom_logit_ablation_tokens_str": [["<META>", "<META>", "<META>", "<META>", "<META>", " stairs", "<META>", "<META>", "<META>"], ["<EOT>", "<EOT>", "<EOT>", "<EOT>", "<EOT>", "documentclass", "<EOT>", "<EOT>", "<EOT>"], ["<META_START>", "<META_START>", "<META_START>", "<META_START>", "<META_START>", "grund", "<META_START>", "<META_START>", "<META_START>"], ["<SOS>", "<SOS>", "<SOS>", "<SOS>", "<SOS>", "wall", "<SOS>", "<SOS>", "<SOS>"], ["<META_END>", "<META_END>", "<META_END>", "<META_END>", "<META_END>", "wife", "<META_END>", "<META_END>", "<META_END>"]], "top_logit_ablation_values": [[0, 0, 0, 0, 0, 0.05425, 0, 0, 0], [0, 0, 0, 0, 0, 0.04995, 0, 0, 0], [0, 0, 0, 0, 0, 0.04985, 0, 0, 0], [0, 0, 0, 0, 0, 0.0475, 0, 0, 0], [0, 0, 0, 0, 0, 0.04726, 0, 0, 0]], "bottom_logit_ablation_values": [[0, 0, 0, 0, 0, -0.09402, 0, 0, 0], [0, 0, 0, 0, 0, -0.08981, 0, 0, 0], [0, 0, 0, 0, 0, -0.07871, 0, 0, 0], [0, 0, 0, 0, 0, -0.0786, 0, 0, 0], [0, 0, 0, 0, 0, -0.077, 0, 0, 0]], "residual_loss_ablation": [6.749, 0.07147, -0.5107, -0.9327, 1.751, 0.6298, 1.991, -1.351, 0]}}, {"tokens_str_list": [" and", " dance", ",", " though", " we", " so", " far", " have", " not"], "tokens_acts_list": [0, 0, 0, 0, 0.06894, 0, 0, 0, 0], "train_token_ind": 4, "is_repeated_datapoint": 0, "datapoint_ind": 29403102, "ablations": {"loss_ablation": [0, 0, 0, 0, 0, -0.01656, 0, 0, 0], "top_logit_ablation_tokens_str": [["<META>", "<META>", "<META>", "<META>", "<META>", " entirety", "<META>", "<META>", "<META>"], ["<EOT>", "<EOT>", "<EOT>", "<EOT>", "<EOT>", "lected", "<EOT>", "<EOT>", "<EOT>"], ["<META_START>", "<META_START>", "<META_START>", "<META_START>", "<META_START>", "urally", "<META_START>", "<META_START>", "<META_START>"], ["<SOS>", "<SOS>", "<SOS>", "<SOS>", "<SOS>", "itional", "<SOS>", "<SOS>", "<SOS>"], ["<META_END>", "<META_END>", "<META_END>", "<META_END>", "<META_END>", "\u0093", "<META_END>", "<META_END>", "<META_END>"]],