{"index": 1265, "act_buckets": [0, 0, 1, 0, 0, 0, 1, 0, 1, 0, 0, 0, 0, 0, 0, 0, 0, 0, 0, 0, 1, 1, 0, 0, 0, 0, 0, 0, 0, 0, 0, 0, 0, 0, 0, 0, 0, 0, 0, 1], "act_bucket_edges": [0, 0.01141, 0.02283, 0.03424, 0.04565, 0.05706, 0.06848, 0.07989, 0.0913, 0.1027, 0.1141, 0.1255, 0.137, 0.1484, 0.1598, 0.1712, 0.1826, 0.194, 0.2054, 0.2168, 0.2283, 0.2397, 0.2511, 0.2625, 0.2739, 0.2853, 0.2967, 0.3081, 0.3196, 0.331, 0.3424, 0.3538, 0.3652, 0.3766, 0.388, 0.3994, 0.4109, 0.4223, 0.4337, 0.4451, 0.4565], "logit_buckets": [3, 1, 2, 7, 3, 13, 13, 22, 24, 49, 52, 117, 169, 238, 422, 680, 970, 1459, 4488, 4193, 5434, 6989, 8175, 8159, 7440, 5727, 4121, 2831, 1656, 876, 557, 311, 172, 88, 37, 19, 12, 5, 1, 1], "logit_bucket_edges": [-0.6016, -0.5754, -0.5491, -0.5228, -0.4966, -0.4703, -0.4441, -0.4178, -0.3916, -0.3653, -0.3391, -0.3128, -0.2866, -0.2603, -0.234, -0.2078, -0.1815, -0.1553, -0.129, -0.1028, -0.07652, -0.05026, -0.02401, 0.002246, 0.0285, 0.05476, 0.08101, 0.1073, 0.1335, 0.1598, 0.186, 0.2123, 0.2385, 0.2648, 0.291, 0.3173, 0.3436, 0.3698, 0.3961, 0.4223, 0.4486], "examples_quantiles": [{"quantile_name": "Top Activations", "quantile_max_act": 0.4565, "examples": [{"tokens_str_list": [" 1", " 2", " 1", " 1", " 1", " 1", " 1", " 2", " 1"], "tokens_acts_list": [0.2291, 0, 0.2927, 0.4147, 0.4565, 0.419, 0.3285, 0, 0], "train_token_ind": 4, "is_repeated_datapoint": 0, "datapoint_ind": 36101591, "ablations": {"loss_ablation": [0, 0.01318, 0, 0.01082, 0.01059, 0.007114, -0.0007918, 0.001593, 0], "top_logit_ablation_tokens_str": [["<META>", " to", "<META>", " to", " to", " to", " to", " to", "<META>"], ["<EOT>", " with", "<EOT>", " with", " with", " with", " with", " with", "<EOT>"], ["<META_START>", "ize", "<META_START>", ".", "ize", ".", ".", ".", "<META_START>"], ["<SOS>", ".", "<SOS>", "ize", ".", "ize", "ize", "ize", "<SOS>"], ["<META_END>", " of", "<META_END>", " of", " of", " of", " of", " of", "<META_END>"]], "bottom_logit_ablation_tokens_str": [["<META>", "*^](#", "<META>", "witz", "*^](#", "*^](#", "*^](#", "*^](#", "<META>"], ["<EOT>", "witz", "<EOT>", "*^](#", "witz", "witz", "witz", "witz", "<EOT>"], ["<META_START>", "shaw", "<META_START>", "shaw", "shaw", "shaw", "shaw", "shaw", "<META_START>"], ["<SOS>", "\\xa2", "<SOS>", "\\xa2", "\\xa2", "\\xa2", "\\xa2", "\\xa2", "<SOS>"], ["<META_END>", "\\xb2", "<META_END>", "\\xb2", "\\xb2", "\\xb2", "encies", "encies", "<META_END>"]], "top_logit_ablation_values": [[0, 0.2267, 0, 0.2785, 0.4053, 0.4524, 0.426, 0.3343, 0], [0, 0.2205, 0, 0.2754, 0.3979, 0.4439, 0.4145, 0.3271, 0], [0, 0.2086, 0, 0.26, 0.3772, 0.4167, 0.39, 0.3048, 0], [0, 0.2075, 0, 0.2599, 0.3767, 0.4061, 0.3799, 0.3039, 0], [0, 0.2005, 0, 0.2489, 0.3625, 0.3974, 0.3782, 0.2946, 0]], "bottom_logit_ablation_values": [[0, -0.2193, 0, -0.3098, -0.4397, -0.5012, -0.4731, -0.369, 0], [0, -0.2185, 0, -0.3087, -0.4389, -0.4972, -0.4638, -0.3654, 0], [0, -0.2095, 0, -0.2978, -0.4198, -0.4734, -0.4444, -0.3481, 0], [0, -0.2008, 0, -0.2892, -0.4068, -0.458, -0.4297, -0.3385, 0], [0, -0.2002, 0, -0.2869, -0.4014, -0.4484, -0.4249, -0.3318, 0]], "residual_loss_ablation": [-1.488, -1.693, -0.8554, -0.8203, -0.509, -0.2253, 0.01279, -0.209, 0]}}, {"tokens_str_list": [" release", " properties", ",", " under", " in", " vivo", " laboratory", " conditions", ","], "tokens_acts_list": [0, 0, 0, 0, 0.2492, 0, 0, 0, 0], "train_token_ind": 4, "is_repeated_datapoint": 0, "datapoint_ind": 32744176, "ablations": {"loss_ablation": [0, 0, 0, 0, 0, 0.1302, 0, 0, 0], "top_logit_ablation_tokens_str": [["<META>", "<META>", "<META>", "<META>", "<META>", " the", "<META>", "<META>", "<META>"], ["<EOT>", "<EOT>", "<EOT>", "<EOT>", "<EOT>", " with", "<EOT>", "<EOT>", "<EOT>"], ["<META_START>", "<META_START>", "<META_START>", "<META_START>", "<META_START>", " to", "<META_START>", "<META_START>", "<META_START>"], ["<SOS>", "<SOS>", "<SOS>", "<SOS>", "<SOS>", "ize", "<SOS>", "<SOS>", "<SOS>"], ["<META_END>", "<META_END>", "<META_END>", "<META_END>", "<META_END>", " which", "<META_END>", "<META_END>", "<META_END>"]], "bottom_logit_ablation_tokens_str": [["<META>", "<META>", "<META>", "<META>", "<META>", "*^](#", "<META>", "<META>", "<META>"], ["<EOT>", "<EOT>", "<EOT>", "<EOT>", "<EOT>", "witz", "<EOT>", "<EOT>", "<EOT>"], ["<META_START>", "<META_START>", "<META_START>", "<META_START>", "<META_START>", "\\xa2", "<META_START>", "<META_START>", "<META_START>"], ["<SOS>", "<SOS>", "<SOS>", "<SOS>", "<SOS>", " deaths", "<SOS>", "<SOS>", "<SOS>"], ["<META_END>", "<META_END>", "<META_END>", "<META_END>", "<META_END>", "shaw", "<META_END>", "<META_END>", "<META_END>"]], "top_logit_ablation_values": [[0, 0, 0, 0, 0, 0.3446, 0, 0, 0], [0, 0, 0, 0, 0, 0.3358, 0, 0, 0], [0, 0, 0, 0, 0, 0.3335, 0, 0, 0], [0, 0, 0, 0, 0, 0.3301, 0, 0, 0], [0, 0, 0, 0, 0, 0.3136, 0, 0, 0]], "bottom_logit_ablation_values": [[0, 0, 0, 0, 0, -0.2215, 0, 0, 0], [0, 0, 0, 0, 0, -0.194, 0, 0, 0], [0, 0, 0, 0, 0, -0.1862, 0, 0, 0], [0, 0, 0, 0, 0, -0.1859, 0, 0, 0], [0, 0, 0, 0, 0, -0.1852, 0, 0, 0]], "residual_loss_ablation": [0.9639, 5.01, -0.1585, 0.05098, -0.2355, 3.295, 4.606, 3.797, 0]}}, {"tokens_str_list": ["<EOT>", " 1", " 1", " 1", " 1", " 0", " 1", " 0", " 0"], "tokens_acts_list": [0, 0, 0, 0, 0.2291, 0, 0.05154, 0, 0], "train_token_ind": 4, "is_repeated_datapoint": 0, "datapoint_ind": 49216374, "ablations": {"loss_ablation": [0, 0, 0, 0, 0, 0.00936, 0, -0.003433, 0], "top_logit_ablation_tokens_str": [["<META>", "<META>", "<META>", "<META>", "<META>", " to", "<META>", "ize", "<META>"], ["<EOT>", "<EOT>", "<EOT>", "<EOT>", "<EOT>", " with", "<EOT>", " to", "<EOT>"], ["<META_START>", "<META_START>", "<META_START>", "<META_START>", "<META_START>", "ize", "<META_START>", " with", "<META_START>"], ["<SOS>", "<SOS>", "<SOS>", "<SOS>", "<SOS>", ".", "<SOS>", "izes", "<SOS>"], ["<META_END>", "<META_END>", "<META_END>", "<META_END>", "<META_END>", " of", "<META_END>", ".", "<META_END>"]], "bottom_logit_ablation_tokens_str": [["<META>", "<META>", "<META>", "<META>", "<META>", "*^](#", "<META>", "*^](#", "<META>"], ["<EOT>", "<EOT>", "<EOT>", "<EOT>", "<EOT>", "witz", "<EOT>", "witz", "<EOT>"], ["<META_START>", "<META_START>", "<META_START>", "<META_START>", "<META_START>", "shaw", "<META_START>", "\\xa2", "<META_START>"], ["<SOS>", "<SOS>", "<SOS>", "<SOS>", "<SOS>", "\\xa2", "<SOS>", "shaw", "<SOS>"], ["<META_END>", "<META_END>", "<META_END>", "<META_END>", "<META_END>", "\\xb2", "<META_END>", "\\xb2", "<META_END>"]], "top_logit_ablation_values": [[0, 0, 0, 0, 0, 0.2267, 0, 0.04626, 0], [0, 0, 0, 0, 0, 0.2205, 0, 0.04463, 0], [0, 0, 0, 0, 0, 0.2086, 0, 0.04262, 0], [0, 0, 0, 0, 0, 0.2075, 0, 0.04125, 0], [0, 0, 0, 0, 0, 0.2005, 0, 0.03899, 0]], "bottom_logit_ablation_values": [[0, 0, 0, 0, 0, -0.2193, 0, -0.05907, 0], [0, 0, 0, 0, 0, -0.2185, 0, -0.05884, 0], [0, 0, 0, 0, 0, -0.2095, 0, -0.05835, 0], [0, 0, 0, 0, 0, -0.2008, 0, -0.05715, 0], [0, 0, 0, 0, 0, -0.2002, 0, -0.05702, 0]], "residual_loss_ablation": [0, 0.09016, -1.705, -1.777, -1.488, -2.778, -0.9538, -2.696, 0]}}, {"tokens_str_list": [" 6", " 9", " 5", " 2", " 0", " project", " 92", " 40", " 33"], "tokens_acts_list": [0, 0, 0, 0, 0.09322, 0, 0, 0, 0], "train_token_ind": 4, "is_repeated_datapoint": 0, "datapoint_ind": 74268354, "ablations": {"loss_ablation": [0, 0, 0, 0, 0, -0.001552, 0, 0, 0], "top_logit_ablation_tokens_str": [["<META>", "<META>", "<META>", "<META>", "<META>", "ize", "<META>", "<META>", "<META>"], ["<EOT>", "<EOT>", "<EOT>", "<EOT>", "<EOT>", " to", "<EOT>", "<EOT>", "<EOT>"], ["<META_START>", "<META_START>", "<META_START>", "<META_START>", "<META_START>", " with", "<META_START>", "<META_START>", "<META_START>"], ["<SOS>", "<SOS>", "<SOS>", "<SOS>", "<SOS>", " the", "<SOS>", "<SOS>", "<SOS>"], ["<META_END>", "<META_END>", "<META_END>", "<META_END>", "<META_END>", "izes", "<META_END>", "<META_END>", "<META_END>"]],