{"index": 1294, "act_buckets": [0, 0, 0, 0, 0, 0, 0, 0, 0, 0, 0, 0, 0, 0, 0, 0, 0, 0, 0, 0, 0, 0, 0, 0, 0, 0, 0, 1, 0, 0, 0, 0, 0, 0, 0, 0, 0, 0, 1, 1], "act_bucket_edges": [0, 0.01282, 0.02563, 0.03845, 0.05127, 0.06409, 0.0769, 0.08972, 0.1025, 0.1154, 0.1282, 0.141, 0.1538, 0.1666, 0.1794, 0.1923, 0.2051, 0.2179, 0.2307, 0.2435, 0.2563, 0.2692, 0.282, 0.2948, 0.3076, 0.3204, 0.3332, 0.3461, 0.3589, 0.3717, 0.3845, 0.3973, 0.4102, 0.423, 0.4358, 0.4486, 0.4614, 0.4742, 0.4871, 0.4999, 0.5127], "logit_buckets": [1, 0, 0, 2, 5, 6, 8, 8, 23, 44, 67, 120, 204, 324, 553, 831, 1279, 1863, 2778, 3804, 5072, 9208, 8904, 7493, 6325, 5060, 3845, 2617, 1683, 1165, 830, 541, 368, 288, 121, 44, 30, 14, 3, 5], "logit_bucket_edges": [-0.4443, -0.4247, -0.4052, -0.3856, -0.366, -0.3465, -0.3269, -0.3074, -0.2878, -0.2682, -0.2487, -0.2291, -0.2096, -0.19, -0.1704, -0.1509, -0.1313, -0.1118, -0.09219, -0.07263, -0.05307, -0.03351, -0.01395, 0.005611, 0.02517, 0.04473, 0.06429, 0.08385, 0.1034, 0.123, 0.1425, 0.1621, 0.1817, 0.2012, 0.2208, 0.2403, 0.2599, 0.2795, 0.299, 0.3186, 0.3381], "examples_quantiles": [{"quantile_name": "Top Activations", "quantile_max_act": 0.5127, "examples": [{"tokens_str_list": [".", "\n", "\n", "In", " the", " conditions", " of", " Definition", " 2"], "tokens_acts_list": [0, 0, 0, 0, 0.5127, 0, 0, 0, 0], "train_token_ind": 4, "is_repeated_datapoint": 0, "datapoint_ind": 26340538, "ablations": {"loss_ablation": [0, 0, 0, 0, 0, 0.01111, 0, 0, 0], "top_logit_ablation_tokens_str": [["<META>", "<META>", "<META>", "<META>", "<META>", "leness", "<META>", "<META>", "<META>"], ["<EOT>", "<EOT>", "<EOT>", "<EOT>", "<EOT>", "itatively", "<EOT>", "<EOT>", "<EOT>"], ["<META_START>", "<META_START>", "<META_START>", "<META_START>", "<META_START>", "gets", "<META_START>", "<META_START>", "<META_START>"], ["<SOS>", "<SOS>", "<SOS>", "<SOS>", "<SOS>", "fficiency", "<SOS>", "<SOS>", "<SOS>"], ["<META_END>", "<META_END>", "<META_END>", "<META_END>", "<META_END>", "\"}.", "<META_END>", "<META_END>", "<META_END>"]], "bottom_logit_ablation_tokens_str": [["<META>", "<META>", "<META>", "<META>", "<META>", "ichael", "<META>", "<META>", "<META>"], ["<EOT>", "<EOT>", "<EOT>", "<EOT>", "<EOT>", "eur", "<EOT>", "<EOT>", "<EOT>"], ["<META_START>", "<META_START>", "<META_START>", "<META_START>", "<META_START>", "temps", "<META_START>", "<META_START>", "<META_START>"], ["<SOS>", "<SOS>", "<SOS>", "<SOS>", "<SOS>", "onne", "<SOS>", "<SOS>", "<SOS>"], ["<META_END>", "<META_END>", "<META_END>", "<META_END>", "<META_END>", " ORDER", "<META_END>", "<META_END>", "<META_END>"]], "top_logit_ablation_values": [[0, 0, 0, 0, 0, 0.687, 0, 0, 0], [0, 0, 0, 0, 0, 0.6446, 0, 0, 0], [0, 0, 0, 0, 0, 0.6413, 0, 0, 0], [0, 0, 0, 0, 0, 0.6255, 0, 0, 0], [0, 0, 0, 0, 0, 0.6245, 0, 0, 0]], "bottom_logit_ablation_values": [[0, 0, 0, 0, 0, -0.1814, 0, 0, 0], [0, 0, 0, 0, 0, -0.1623, 0, 0, 0], [0, 0, 0, 0, 0, -0.1475, 0, 0, 0], [0, 0, 0, 0, 0, -0.1436, 0, 0, 0], [0, 0, 0, 0, 0, -0.1367, 0, 0, 0]], "residual_loss_ablation": [2.005, 0.1299, 0.2012, -0.02559, -0.5824, 1.777, 0.3678, 0.1318, 0]}}, {"tokens_str_list": ["\n", ",", " **", "**,", " ().", "\n", "\n", ",", " **"], "tokens_acts_list": [0, 0, 0, 0, 0.4902, 0, 0, 0, 0], "train_token_ind": 4, "is_repeated_datapoint": 0, "datapoint_ind": 53779, "ablations": {"loss_ablation": [0, 0, 0, 0, 0, -0.1208, 0, 0, 0], "top_logit_ablation_tokens_str": [["<META>", "<META>", "<META>", "<META>", "<META>", "leness", "<META>", "<META>", "<META>"], ["<EOT>", "<EOT>", "<EOT>", "<EOT>", "<EOT>", "gets", "<EOT>", "<EOT>", "<EOT>"], ["<META_START>", "<META_START>", "<META_START>", "<META_START>", "<META_START>", "\"}.", "<META_START>", "<META_START>", "<META_START>"], ["<SOS>", "<SOS>", "<SOS>", "<SOS>", "<SOS>", "ROW", "<SOS>", "<SOS>", "<SOS>"], ["<META_END>", "<META_END>", "<META_END>", "<META_END>", "<META_END>", "itatively", "<META_END>", "<META_END>", "<META_END>"]], "bottom_logit_ablation_tokens_str": [["<META>", "<META>", "<META>", "<META>", "<META>", "eur", "<META>", "<META>", "<META>"], ["<EOT>", "<EOT>", "<EOT>", "<EOT>", "<EOT>", "temps", "<EOT>", "<EOT>", "<EOT>"], ["<META_START>", "<META_START>", "<META_START>", "<META_START>", "<META_START>", "ichael", "<META_START>", "<META_START>", "<META_START>"], ["<SOS>", "<SOS>", "<SOS>", "<SOS>", "<SOS>", "\u00f3n", "<SOS>", "<SOS>", "<SOS>"], ["<META_END>", "<META_END>", "<META_END>", "<META_END>", "<META_END>", "onne", "<META_END>", "<META_END>", "<META_END>"]], "top_logit_ablation_values": [[0, 0, 0, 0, 0, 0.4971, 0, 0, 0], [0, 0, 0, 0, 0, 0.4472, 0, 0, 0], [0, 0, 0, 0, 0, 0.4463, 0, 0, 0], [0, 0, 0, 0, 0, 0.4369, 0, 0, 0], [0, 0, 0, 0, 0, 0.4355, 0, 0, 0]], "bottom_logit_ablation_values": [[0, 0, 0, 0, 0, -0.08366, 0, 0, 0], [0, 0, 0, 0, 0, -0.08351, 0, 0, 0], [0, 0, 0, 0, 0, -0.08143, 0, 0, 0], [0, 0, 0, 0, 0, -0.06948, 0, 0, 0], [0, 0, 0, 0, 0, -0.06419, 0, 0, 0]], "residual_loss_ablation": [-1.019, 2.532, 6.593, 2.603, 3.239, 3.891, -0.6105, 7.652, 0]}}, {"tokens_str_list": [",", "T", "]", "}$,", " and", " a", " $\\", "P", "(\\"], "tokens_acts_list": [0, 0, 0, 0, 0.3467, 0, 0, 0, 0], "train_token_ind": 4, "is_repeated_datapoint": 0, "datapoint_ind": 51357545, "ablations": {"loss_ablation": [0, 0, 0, 0, 0, -0.01433, 0, 0, 0], "top_logit_ablation_tokens_str": [["<META>", "<META>", "<META>", "<META>", "<META>", "leness", "<META>", "<META>", "<META>"], ["<EOT>", "<EOT>", "<EOT>", "<EOT>", "<EOT>", "\"}.", "<EOT>", "<EOT>", "<EOT>"], ["<META_START>", "<META_START>", "<META_START>", "<META_START>", "<META_START>", "gets", "<META_START>", "<META_START>", "<META_START>"], ["<SOS>", "<SOS>", "<SOS>", "<SOS>", "<SOS>", "itatively", "<SOS>", "<SOS>", "<SOS>"], ["<META_END>", "<META_END>", "<META_END>", "<META_END>", "<META_END>", "fficiency", "<META_END>", "<META_END>", "<META_END>"]], "bottom_logit_ablation_tokens_str": [["<META>", "<META>", "<META>", "<META>", "<META>", "ichael", "<META>", "<META>", "<META>"], ["<EOT>", "<EOT>", "<EOT>", "<EOT>", "<EOT>", "eur", "<EOT>", "<EOT>", "<EOT>"], ["<META_START>", "<META_START>", "<META_START>", "<META_START>", "<META_START>", "\u00f3n", "<META_START>", "<META_START>", "<META_START>"], ["<SOS>", "<SOS>", "<SOS>", "<SOS>", "<SOS>", " ORDER", "<SOS>", "<SOS>", "<SOS>"], ["<META_END>", "<META_END>", "<META_END>", "<META_END>", "<META_END>", "temps", "<META_END>", "<META_END>", "<META_END>"]], "top_logit_ablation_values": [[0, 0, 0, 0, 0, 0.5631, 0, 0, 0], [0, 0, 0, 0, 0, 0.5093, 0, 0, 0], [0, 0, 0, 0, 0, 0.5045, 0, 0, 0], [0, 0, 0, 0, 0, 0.4953, 0, 0, 0], [0, 0, 0, 0, 0, 0.4904, 0, 0, 0]], "bottom_logit_ablation_values": [[0, 0, 0, 0, 0, -0.07324, 0, 0, 0], [0, 0, 0, 0, 0, -0.07083, 0, 0, 0], [0, 0, 0, 0, 0, -0.05945, 0, 0, 0], [0, 0, 0, 0, 0, -0.05779, 0, 0, 0], [0, 0, 0, 0, 0, -0.05715, 0, 0, 0]], "residual_loss_ablation": [0.2333, -2.323, 0.9282, 9.192, 0.6489, -0.8449, 2.873, -1.001, 0]}}]}], "statistics": {"density_frac": 3e-08, "global_max_act": 0.5127, "abs_max_neuron_weights": [-0.2046, -0.1915, -0.1766], "abs_max_neuron_inds": [382, 343, 103], "l1_max_neuron_weights": [0.01263, 0.01182, 0.0109]}, "logit_effects": {"negatives": [["icism", -0.3386], ["conscious", -0.3414], ["atically", -0.3473], ["FORE", -0.3475], ["ROW", -0.348], ["fficiency", -0.3573], ["itatively", -0.3618], ["gets", -0.3765], ["\"}.", -0.3767], ["leness", -0.4443]], "positives": [["eur", 0.3381], ["ichael", 0.338], ["\u00f3n", 0.325], ["temps", 0.3195], [" ORDER", 0.3186], ["wich", 0.3113], ["onne", 0.3108], [" cooker", 0.3105], ["ovan", 0.2963], ["quist", 0.2946]]}}