{"index": 1341, "act_buckets": [0, 0, 0, 0, 0, 0, 0, 0, 0, 0, 0, 0, 0, 0, 0, 0, 0, 0, 0, 0, 0, 0, 0, 0, 0, 0, 0, 0, 0, 0, 0, 0, 0, 0, 0, 0, 0, 0, 0, 1], "act_bucket_edges": [0, 0.002846, 0.005693, 0.008539, 0.01139, 0.01423, 0.01708, 0.01992, 0.02277, 0.02562, 0.02846, 0.03131, 0.03416, 0.037, 0.03985, 0.0427, 0.04554, 0.04839, 0.05124, 0.05408, 0.05693, 0.05977, 0.06262, 0.06547, 0.06831, 0.07116, 0.07401, 0.07685, 0.0797, 0.08255, 0.08539, 0.08824, 0.09109, 0.09393, 0.09678, 0.09962, 0.1025, 0.1053, 0.1082, 0.111, 0.1139], "logit_buckets": [1, 1, 1, 2, 8, 6, 10, 11, 19, 42, 51, 82, 124, 180, 323, 473, 692, 1041, 1635, 2291, 3394, 6691, 7053, 7317, 7344, 6579, 5510, 4539, 3546, 2510, 1752, 1088, 588, 330, 185, 80, 20, 10, 5, 2], "logit_bucket_edges": [-0.5819, -0.5578, -0.5338, -0.5097, -0.4856, -0.4616, -0.4375, -0.4134, -0.3894, -0.3653, -0.3412, -0.3171, -0.2931, -0.269, -0.2449, -0.2209, -0.1968, -0.1727, -0.1487, -0.1246, -0.1005, -0.07646, -0.05239, -0.02833, -0.004258, 0.01981, 0.04388, 0.06795, 0.09202, 0.1161, 0.1402, 0.1642, 0.1883, 0.2124, 0.2364, 0.2605, 0.2846, 0.3086, 0.3327, 0.3568, 0.3808], "examples_quantiles": [{"quantile_name": "Top Activations", "quantile_max_act": 0.1139, "examples": [{"tokens_str_list": [" old", " topic", " (", "not", " entirely", " sure", " why", " thats", " a"], "tokens_acts_list": [0, 0, 0, 0, 0.1139, 0, 0, 0, 0], "train_token_ind": 4, "is_repeated_datapoint": 0, "datapoint_ind": 72925984, "ablations": {"loss_ablation": [0, 0, 0, 0, 0, -0.01716, 0, 0, 0], "top_logit_ablation_tokens_str": [["<META>", "<META>", "<META>", "<META>", "<META>", "ly", "<META>", "<META>", "<META>"], ["<EOT>", "<EOT>", "<EOT>", "<EOT>", "<EOT>", "matic", "<EOT>", "<EOT>", "<EOT>"], ["<META_START>", "<META_START>", "<META_START>", "<META_START>", "<META_START>", "ifying", "<META_START>", "<META_START>", "<META_START>"], ["<SOS>", "<SOS>", "<SOS>", "<SOS>", "<SOS>", "ifies", "<SOS>", "<SOS>", "<SOS>"], ["<META_END>", "<META_END>", "<META_END>", "<META_END>", "<META_END>", "imony", "<META_END>", "<META_END>", "<META_END>"]], "bottom_logit_ablation_tokens_str": [["<META>", "<META>", "<META>", "<META>", "<META>", "western", "<META>", "<META>", "<META>"], ["<EOT>", "<EOT>", "<EOT>", "<EOT>", "<EOT>", "unnumbered", "<EOT>", "<EOT>", "<EOT>"], ["<META_START>", "<META_START>", "<META_START>", "<META_START>", "<META_START>", "stry", "<META_START>", "<META_START>", "<META_START>"], ["<SOS>", "<SOS>", "<SOS>", "<SOS>", "<SOS>", " \\xe2\\x99", "<SOS>", "<SOS>", "<SOS>"], ["<META_END>", "<META_END>", "<META_END>", "<META_END>", "<META_END>", " ank", "<META_END>", "<META_END>", "<META_END>"]], "top_logit_ablation_values": [[0, 0, 0, 0, 0, 0.1906, 0, 0, 0], [0, 0, 0, 0, 0, 0.1879, 0, 0, 0], [0, 0, 0, 0, 0, 0.1842, 0, 0, 0], [0, 0, 0, 0, 0, 0.1799, 0, 0, 0], [0, 0, 0, 0, 0, 0.1764, 0, 0, 0]], "bottom_logit_ablation_values": [[0, 0, 0, 0, 0, 0.0151, 0, 0, 0], [0, 0, 0, 0, 0, 0.01811, 0, 0, 0], [0, 0, 0, 0, 0, 0.02205, 0, 0, 0], [0, 0, 0, 0, 0, 0.02339, 0, 0, 0], [0, 0, 0, 0, 0, 0.02487, 0, 0, 0]], "residual_loss_ablation": [1.649, -0.9952, -0.2815, -0.6566, -1.431, 7.321, -0.4655, 0.3301, 0]}}]}], "statistics": {"density_frac": 1e-08, "global_max_act": 0.1139, "abs_max_neuron_weights": [0.1588, 0.1566, 0.1508], "abs_max_neuron_inds": [90, 367, 276], "l1_max_neuron_weights": [0.009421, 0.009292, 0.008948]}, "logit_effects": {"negatives": [["ful", -0.4719], ["leness", -0.4761], ["ially", -0.477], ["ists", -0.477], ["ging", -0.479], ["ged", -0.4957], ["ifies", -0.5022], ["ifying", -0.5188], ["matic", -0.5413], ["ly", -0.5819]], "positives": [["western", 0.3808], [" \\xe2\\x99", 0.3647], [" peppers", 0.352], ["unnumbered", 0.3474], ["stry", 0.341], [" ank", 0.3399], [" roses", 0.3378], [" dressed", 0.3288], ["umberland", 0.3272], [" pepper", 0.3241]]}}