{"index": 1356, "act_buckets": [0, 0, 0, 0, 0, 0, 0, 0, 0, 0, 0, 0, 0, 0, 0, 0, 0, 0, 0, 0, 0, 0, 0, 0, 0, 0, 0, 0, 0, 0, 0, 0, 0, 0, 0, 0, 0, 0, 0, 1], "act_bucket_edges": [0, 0.005031, 0.01006, 0.01509, 0.02012, 0.02515, 0.03019, 0.03522, 0.04025, 0.04528, 0.05031, 0.05534, 0.06037, 0.0654, 0.07043, 0.07546, 0.0805, 0.08553, 0.09056, 0.09559, 0.1006, 0.1057, 0.1107, 0.1157, 0.1207, 0.1258, 0.1308, 0.1358, 0.1409, 0.1459, 0.1509, 0.156, 0.161, 0.166, 0.1711, 0.1761, 0.1811, 0.1861, 0.1912, 0.1962, 0.2012], "logit_buckets": [1, 0, 1, 4, 4, 9, 22, 36, 71, 100, 167, 254, 383, 607, 813, 1213, 1721, 2430, 3421, 6716, 7449, 8521, 8664, 7454, 5598, 3711, 2450, 1525, 934, 541, 302, 188, 108, 61, 27, 15, 8, 4, 2, 1], "logit_bucket_edges": [-0.5022, -0.4792, -0.4563, -0.4333, -0.4103, -0.3874, -0.3644, -0.3414, -0.3184, -0.2955, -0.2725, -0.2495, -0.2265, -0.2036, -0.1806, -0.1576, -0.1347, -0.1117, -0.08871, -0.06574, -0.04277, -0.0198, 0.003177, 0.02615, 0.04912, 0.07209, 0.09507, 0.118, 0.141, 0.164, 0.187, 0.2099, 0.2329, 0.2559, 0.2788, 0.3018, 0.3248, 0.3478, 0.3707, 0.3937, 0.4167], "examples_quantiles": [{"quantile_name": "Top Activations", "quantile_max_act": 0.2012, "examples": [{"tokens_str_list": ["\n                                             ", " 6", "\n\f", "<EOT>", "Abbrev", "iations", "\n", "=============", "\n"], "tokens_acts_list": [0, 0, 0, 0, 0.2012, 0, 0, 0, 0], "train_token_ind": 4, "is_repeated_datapoint": 0, "datapoint_ind": 17505211, "ablations": {"loss_ablation": [0, 0, 0, 0, 0, 0.0006018, 0, 0, 0], "top_logit_ablation_tokens_str": [["<META>", "<META>", "<META>", "<META>", "<META>", "==========", "<META>", "<META>", "<META>"], ["<EOT>", "<EOT>", "<EOT>", "<EOT>", "<EOT>", "'s", "<EOT>", "<EOT>", "<EOT>"], ["<META_START>", "<META_START>", "<META_START>", "<META_START>", "<META_START>", " of", "<META_START>", "<META_START>", "<META_START>"], ["<SOS>", "<SOS>", "<SOS>", "<SOS>", "<SOS>", " doesn", "<SOS>", "<SOS>", "<SOS>"], ["<META_END>", "<META_END>", "<META_END>", "<META_END>", "<META_END>", " against", "<META_END>", "<META_END>", "<META_END>"]], "bottom_logit_ablation_tokens_str": [["<META>", "<META>", "<META>", "<META>", "<META>", "iversary", "<META>", "<META>", "<META>"], ["<EOT>", "<EOT>", "<EOT>", "<EOT>", "<EOT>", "apolis", "<EOT>", "<EOT>", "<EOT>"], ["<META_START>", "<META_START>", "<META_START>", "<META_START>", "<META_START>", "ighed", "<META_START>", "<META_START>", "<META_START>"], ["<SOS>", "<SOS>", "<SOS>", "<SOS>", "<SOS>", "aci\u00f3n", "<SOS>", "<SOS>", "<SOS>"], ["<META_END>", "<META_END>", "<META_END>", "<META_END>", "<META_END>", "box", "<META_END>", "<META_END>", "<META_END>"]], "top_logit_ablation_values": [[0, 0, 0, 0, 0, 0.1243, 0, 0, 0], [0, 0, 0, 0, 0, 0.1158, 0, 0, 0], [0, 0, 0, 0, 0, 0.1037, 0, 0, 0], [0, 0, 0, 0, 0, 0.09848, 0, 0, 0], [0, 0, 0, 0, 0, 0.09822, 0, 0, 0]], "bottom_logit_ablation_values": [[0, 0, 0, 0, 0, -0.06153, 0, 0, 0], [0, 0, 0, 0, 0, -0.06135, 0, 0, 0], [0, 0, 0, 0, 0, -0.05944, 0, 0, 0], [0, 0, 0, 0, 0, -0.05772, 0, 0, 0], [0, 0, 0, 0, 0, -0.05731, 0, 0, 0]], "residual_loss_ablation": [0.7787, 2.314, 4.341, 1.989, 0.06188, 1.843, -1.845, 4.214, 0]}}]}], "statistics": {"density_frac": 1e-08, "global_max_act": 0.2012, "abs_max_neuron_weights": [-0.1561, 0.1383, -0.1302], "abs_max_neuron_inds": [203, 322, 372], "l1_max_neuron_weights": [0.008999, 0.007974, 0.007505]}, "logit_effects": {"negatives": [[" should", -0.3883], [" has", -0.3954], [" is", -0.4054], [" itself", -0.4063], [" doesn", -0.4191], [" to", -0.4207], [" of", -0.4234], [" does", -0.4251], ["==========", -0.4383], ["'s", -0.5022]], "positives": [["i\u00f3n", 0.4167], ["harmonic", 0.3814], ["ighed", 0.3744], ["iversary", 0.3687], ["stadt", 0.3638], ["cci\u00f3n", 0.3615], ["ational", 0.3517], ["isl", 0.345], ["erical", 0.3446], ["aci\u00f3n", 0.3446]]}}