{"index": 1395, "act_buckets": [0, 0, 0, 0, 0, 0, 0, 0, 0, 0, 0, 0, 0, 0, 1, 0, 0, 0, 0, 0, 0, 0, 0, 0, 0, 0, 0, 0, 0, 0, 0, 0, 0, 0, 0, 0, 0, 0, 0, 1], "act_bucket_edges": [0, 0.03039, 0.06077, 0.09116, 0.1215, 0.1519, 0.1823, 0.2127, 0.2431, 0.2735, 0.3039, 0.3343, 0.3646, 0.395, 0.4254, 0.4558, 0.4862, 0.5166, 0.547, 0.5774, 0.6077, 0.6381, 0.6685, 0.6989, 0.7293, 0.7597, 0.7901, 0.8205, 0.8508, 0.8812, 0.9116, 0.942, 0.9724, 1.003, 1.033, 1.064, 1.094, 1.124, 1.155, 1.185, 1.215], "logit_buckets": [1, 1, 1, 1, 3, 6, 12, 15, 27, 43, 67, 142, 223, 340, 575, 970, 1523, 2374, 3406, 4627, 5563, 6452, 6874, 6824, 7713, 6584, 3373, 2607, 1859, 1272, 885, 512, 297, 177, 93, 48, 33, 9, 1, 3], "logit_bucket_edges": [-0.4744, -0.4537, -0.433, -0.4123, -0.3916, -0.3709, -0.3502, -0.3296, -0.3089, -0.2882, -0.2675, -0.2468, -0.2261, -0.2054, -0.1847, -0.164, -0.1434, -0.1227, -0.102, -0.08129, -0.0606, -0.03992, -0.01923, 0.001462, 0.02215, 0.04284, 0.06353, 0.08422, 0.1049, 0.1256, 0.1463, 0.167, 0.1877, 0.2083, 0.229, 0.2497, 0.2704, 0.2911, 0.3118, 0.3325, 0.3532], "examples_quantiles": [{"quantile_name": "Top Activations", "quantile_max_act": 1.215, "examples": [{"tokens_str_list": [" (-", "8", ")/(-", "12", ")*(-", "145", "66", ")/((-", "7"], "tokens_acts_list": [0, 0, 0, 0, 1.215, 0, 0, 0, 0], "train_token_ind": 4, "is_repeated_datapoint": 0, "datapoint_ind": 5547788, "ablations": {"loss_ablation": [0, 0, 0, 0, 0, 0.2725, 0, 0, 0], "top_logit_ablation_tokens_str": [["<META>", "<META>", "<META>", "<META>", "<META>", "=\"", "<META>", "<META>", "<META>"], ["<EOT>", "<EOT>", "<EOT>", "<EOT>", "<EOT>", " {", "<EOT>", "<EOT>", "<EOT>"], ["<META_START>", "<META_START>", "<META_START>", "<META_START>", "<META_START>", " tomography", "<META_START>", "<META_START>", "<META_START>"], ["<SOS>", "<SOS>", "<SOS>", "<SOS>", "<SOS>", " &&", "<SOS>", "<SOS>", "<SOS>"], ["<META_END>", "<META_END>", "<META_END>", "<META_END>", "<META_END>", "ically", "<META_END>", "<META_END>", "<META_END>"]], "bottom_logit_ablation_tokens_str": [["<META>", "<META>", "<META>", "<META>", "<META>", "?\"", "<META>", "<META>", "<META>"], ["<EOT>", "<EOT>", "<EOT>", "<EOT>", "<EOT>", "atra", "<EOT>", "<EOT>", "<EOT>"], ["<META_START>", "<META_START>", "<META_START>", "<META_START>", "<META_START>", "halb", "<META_START>", "<META_START>", "<META_START>"], ["<SOS>", "<SOS>", "<SOS>", "<SOS>", "<SOS>", "abouts", "<SOS>", "<SOS>", "<SOS>"], ["<META_END>", "<META_END>", "<META_END>", "<META_END>", "<META_END>", "?\u201d", "<META_END>", "<META_END>", "<META_END>"]], "top_logit_ablation_values": [[0, 0, 0, 0, 0, 0.2218, 0, 0, 0], [0, 0, 0, 0, 0, 0.2179, 0, 0, 0], [0, 0, 0, 0, 0, 0.1252, 0, 0, 0], [0, 0, 0, 0, 0, 0.1213, 0, 0, 0], [0, 0, 0, 0, 0, 0.1148, 0, 0, 0]], "bottom_logit_ablation_values": [[0, 0, 0, 0, 0, -1.074, 0, 0, 0], [0, 0, 0, 0, 0, -1.063, 0, 0, 0], [0, 0, 0, 0, 0, -1.06, 0, 0, 0], [0, 0, 0, 0, 0, -1.018, 0, 0, 0], [0, 0, 0, 0, 0, -1.015, 0, 0, 0]], "residual_loss_ablation": [4.172, -0.1182, 3.626, -0.09521, 0.08316, -0.2478, 2.347, -1.624, 0]}}, {"tokens_str_list": [" old", " topic", " (", "not", " entirely", " sure", " why", " thats", " a"], "tokens_acts_list": [0, 0, 0, 0, 0.4342, 0, 0, 0, 0], "train_token_ind": 4, "is_repeated_datapoint": 0, "datapoint_ind": 72925984, "ablations": {"loss_ablation": [0, 0, 0, 0, 0, 0.003367, 0, 0, 0], "top_logit_ablation_tokens_str": [["<META>", "<META>", "<META>", "<META>", "<META>", " {", "<META>", "<META>", "<META>"], ["<EOT>", "<EOT>", "<EOT>", "<EOT>", "<EOT>", "=\"", "<EOT>", "<EOT>", "<EOT>"], ["<META_START>", "<META_START>", "<META_START>", "<META_START>", "<META_START>", " tomography", "<META_START>", "<META_START>", "<META_START>"], ["<SOS>", "<SOS>", "<SOS>", "<SOS>", "<SOS>", "0", "<SOS>", "<SOS>", "<SOS>"], ["<META_END>", "<META_END>", "<META_END>", "<META_END>", "<META_END>", " &&", "<META_END>", "<META_END>", "<META_END>"]], "bottom_logit_ablation_tokens_str": [["<META>", "<META>", "<META>", "<META>", "<META>", "?\"", "<META>", "<META>", "<META>"], ["<EOT>", "<EOT>", "<EOT>", "<EOT>", "<EOT>", "atra", "<EOT>", "<EOT>", "<EOT>"], ["<META_START>", "<META_START>", "<META_START>", "<META_START>", "<META_START>", "abouts", "<META_START>", "<META_START>", "<META_START>"], ["<SOS>", "<SOS>", "<SOS>", "<SOS>", "<SOS>", "halb", "<SOS>", "<SOS>", "<SOS>"], ["<META_END>", "<META_END>", "<META_END>", "<META_END>", "<META_END>", "?\u201d", "<META_END>", "<META_END>", "<META_END>"]], "top_logit_ablation_values": [[0, 0, 0, 0, 0, 0.07835, 0, 0, 0], [0, 0, 0, 0, 0, 0.05973, 0, 0, 0], [0, 0, 0, 0, 0, 0.05632, 0, 0, 0], [0, 0, 0, 0, 0, 0.03116, 0, 0, 0], [0, 0, 0, 0, 0, 0.02435, 0, 0, 0]], "bottom_logit_ablation_values": [[0, 0, 0, 0, 0, -0.5643, 0, 0, 0], [0, 0, 0, 0, 0, -0.5407, 0, 0, 0], [0, 0, 0, 0, 0, -0.5294, 0, 0, 0], [0, 0, 0, 0, 0, -0.5231, 0, 0, 0], [0, 0, 0, 0, 0, -0.5228, 0, 0, 0]], "residual_loss_ablation": [1.649, -0.9952, -0.2815, -0.6566, -1.431, 7.321, -0.4655, 0.3301, 0]}}]}], "statistics": {"density_frac": 2e-08, "global_max_act": 1.215, "abs_max_neuron_weights": [0.2594, 0.2549, 0.2017], "abs_max_neuron_inds": [286, 223, 378], "l1_max_neuron_weights": [0.01728, 0.01698, 0.01344]}, "logit_effects": {"negatives": [[" 0", -0.3627], ["ices", -0.3631], ["1", -0.37], ["ically", -0.3732], ["lying", -0.3818], ["0", -0.3877], [" &&", -0.4098], [" tomography", -0.4261], ["=\"", -0.4473], [" {", -0.4744]], "positives": [["?\"", 0.3532], ["atra", 0.3406], ["abouts", 0.3359], ["halb", 0.3202], ["?\u201d", 0.3074], [" honor", 0.3045], ["nie", 0.3038], ["bourne", 0.2966], ["deen", 0.2954], ["shoe", 0.2935]]}}