{"index": 1421, "act_buckets": [0, 0, 0, 0, 0, 0, 0, 0, 0, 0, 0, 0, 0, 0, 0, 0, 0, 0, 0, 1, 0, 0, 0, 0, 0, 0, 0, 0, 0, 0, 1, 0, 0, 0, 0, 0, 0, 0, 0, 1], "act_bucket_edges": [0, 0.01639, 0.03277, 0.04916, 0.06554, 0.08193, 0.09832, 0.1147, 0.1311, 0.1475, 0.1639, 0.1802, 0.1966, 0.213, 0.2294, 0.2458, 0.2622, 0.2786, 0.2949, 0.3113, 0.3277, 0.3441, 0.3605, 0.3769, 0.3933, 0.4096, 0.426, 0.4424, 0.4588, 0.4752, 0.4916, 0.508, 0.5244, 0.5407, 0.5571, 0.5735, 0.5899, 0.6063, 0.6227, 0.6391, 0.6554], "logit_buckets": [1, 3, 10, 12, 28, 49, 83, 145, 272, 409, 702, 1063, 1585, 2343, 3196, 4120, 5103, 5984, 6457, 6249, 6518, 8794, 3975, 2801, 1969, 1324, 901, 563, 394, 232, 123, 53, 40, 13, 10, 3, 2, 1, 2, 4], "logit_bucket_edges": [-0.3351, -0.3176, -0.3002, -0.2827, -0.2652, -0.2478, -0.2303, -0.2129, -0.1954, -0.1779, -0.1605, -0.143, -0.1255, -0.1081, -0.09061, -0.07314, -0.05568, -0.03821, -0.02075, -0.003287, 0.01418, 0.03164, 0.0491, 0.06657, 0.08403, 0.1015, 0.119, 0.1364, 0.1539, 0.1714, 0.1888, 0.2063, 0.2237, 0.2412, 0.2587, 0.2761, 0.2936, 0.3111, 0.3285, 0.346, 0.3635], "examples_quantiles": [{"quantile_name": "Top Activations", "quantile_max_act": 0.6554, "examples": [{"tokens_str_list": [" old", " topic", " (", "not", " entirely", " sure", " why", " thats", " a"], "tokens_acts_list": [0, 0, 0, 0, 0.6554, 0, 0, 0, 0], "train_token_ind": 4, "is_repeated_datapoint": 0, "datapoint_ind": 72925984, "ablations": {"loss_ablation": [0, 0, 0, 0, 0, -0.1312, 0, 0, 0], "top_logit_ablation_tokens_str": [["<META>", "<META>", "<META>", "<META>", "<META>", "=\"", "<META>", "<META>", "<META>"], ["<EOT>", "<EOT>", "<EOT>", "<EOT>", "<EOT>", " course", "<EOT>", "<EOT>", "<EOT>"], ["<META_START>", "<META_START>", "<META_START>", "<META_START>", "<META_START>", " =", "<META_START>", "<META_START>", "<META_START>"], ["<SOS>", "<SOS>", "<SOS>", "<SOS>", "<SOS>", "ically", "<SOS>", "<SOS>", "<SOS>"], ["<META_END>", "<META_END>", "<META_END>", "<META_END>", "<META_END>", " mechanism", "<META_END>", "<META_END>", "<META_END>"]], "bottom_logit_ablation_tokens_str": [["<META>", "<META>", "<META>", "<META>", "<META>", "abeth", "<META>", "<META>", "<META>"], ["<EOT>", "<EOT>", "<EOT>", "<EOT>", "<EOT>", "idents", "<EOT>", "<EOT>", "<EOT>"], ["<META_START>", "<META_START>", "<META_START>", "<META_START>", "<META_START>", "borough", "<META_START>", "<META_START>", "<META_START>"], ["<SOS>", "<SOS>", "<SOS>", "<SOS>", "<SOS>", "burg", "<SOS>", "<SOS>", "<SOS>"], ["<META_END>", "<META_END>", "<META_END>", "<META_END>", "<META_END>", "chool", "<META_END>", "<META_END>", "<META_END>"]], "top_logit_ablation_values": [[0, 0, 0, 0, 0, 0.134, 0, 0, 0], [0, 0, 0, 0, 0, 0.1045, 0, 0, 0], [0, 0, 0, 0, 0, 0.09815, 0, 0, 0], [0, 0, 0, 0, 0, 0.09722, 0, 0, 0], [0, 0, 0, 0, 0, 0.0949, 0, 0, 0]], "bottom_logit_ablation_values": [[0, 0, 0, 0, 0, -0.6958, 0, 0, 0], [0, 0, 0, 0, 0, -0.692, 0, 0, 0], [0, 0, 0, 0, 0, -0.6823, 0, 0, 0], [0, 0, 0, 0, 0, -0.6789, 0, 0, 0], [0, 0, 0, 0, 0, -0.6658, 0, 0, 0]], "residual_loss_ablation": [1.649, -0.9952, -0.2815, -0.6566, -1.431, 7.321, -0.4655, 0.3301, 0]}}, {"tokens_str_list": ["\\", "bigg", "(\\", "frac", " {\\", "vart", "he", "ta", "_{"], "tokens_acts_list": [0, 0, 0, 0, 0.5065, 0, 0, 0, 0], "train_token_ind": 4, "is_repeated_datapoint": 0, "datapoint_ind": 1954732, "ablations": {"loss_ablation": [0, 0, 0, 0, 0, 0.0574, 0, 0, 0], "top_logit_ablation_tokens_str": [["<META>", "<META>", "<META>", "<META>", "<META>", "=\"", "<META>", "<META>", "<META>"], ["<EOT>", "<EOT>", "<EOT>", "<EOT>", "<EOT>", " =", "<EOT>", "<EOT>", "<EOT>"], ["<META_START>", "<META_START>", "<META_START>", "<META_START>", "<META_START>", "ically", "<META_START>", "<META_START>", "<META_START>"], ["<SOS>", "<SOS>", "<SOS>", "<SOS>", "<SOS>", " method", "<SOS>", "<SOS>", "<SOS>"], ["<META_END>", "<META_END>", "<META_END>", "<META_END>", "<META_END>", " results", "<META_END>", "<META_END>", "<META_END>"]], "bottom_logit_ablation_tokens_str": [["<META>", "<META>", "<META>", "<META>", "<META>", "idents", "<META>", "<META>", "<META>"], ["<EOT>", "<EOT>", "<EOT>", "<EOT>", "<EOT>", "abeth", "<EOT>", "<EOT>", "<EOT>"], ["<META_START>", "<META_START>", "<META_START>", "<META_START>", "<META_START>", "borough", "<META_START>", "<META_START>", "<META_START>"], ["<SOS>", "<SOS>", "<SOS>", "<SOS>", "<SOS>", "burg", "<SOS>", "<SOS>", "<SOS>"], ["<META_END>", "<META_END>", "<META_END>", "<META_END>", "<META_END>", "brook", "<META_END>", "<META_END>", "<META_END>"]], "top_logit_ablation_values": [[0, 0, 0, 0, 0, 0.1062, 0, 0, 0], [0, 0, 0, 0, 0, 0.08041, 0, 0, 0], [0, 0, 0, 0, 0, 0.07922, 0, 0, 0], [0, 0, 0, 0, 0, 0.07723, 0, 0, 0], [0, 0, 0, 0, 0, 0.07705, 0, 0, 0]], "bottom_logit_ablation_values": [[0, 0, 0, 0, 0, -0.5286, 0, 0, 0], [0, 0, 0, 0, 0, -0.522, 0, 0, 0], [0, 0, 0, 0, 0, -0.5173, 0, 0, 0], [0, 0, 0, 0, 0, -0.5058, 0, 0, 0], [0, 0, 0, 0, 0, -0.4975, 0, 0, 0]], "residual_loss_ablation": [-0.8725, 4.317, 1.238, 1.696, 0.1535, 2.122, 5.199, 7.429, 0]}}, {"tokens_str_list": [" but", " you", " are", " misunder", "-", "\n", "standing", " the", " primary"], "tokens_acts_list": [0, 0, 0, 0, 0.3121, 0, 0, 0, 0], "train_token_ind": 4, "is_repeated_datapoint": 0, "datapoint_ind": 27711759, "ablations": {"loss_ablation": [0, 0, 0, 0, 0, 0.009003, 0, 0, 0], "top_logit_ablation_tokens_str": [["<META>", "<META>", "<META>", "<META>", "<META>", "=\"", "<META>", "<META>", "<META>"], ["<EOT>", "<EOT>", "<EOT>", "<EOT>", "<EOT>", "ically", "<EOT>", "<EOT>", "<EOT>"], ["<META_START>", "<META_START>", "<META_START>", "<META_START>", "<META_START>", "ested", "<META_START>", "<META_START>", "<META_START>"], ["<SOS>", "<SOS>", "<SOS>", "<SOS>", "<SOS>", " course", "<SOS>", "<SOS>", "<SOS>"], ["<META_END>", "<META_END>", "<META_END>", "<META_END>", "<META_END>", "ual", "<META_END>", "<META_END>", "<META_END>"]], "bottom_logit_ablation_tokens_str": [["<META>", "<META>", "<META>", "<META>", "<META>", "idents", "<META>", "<META>", "<META>"], ["<EOT>", "<EOT>", "<EOT>", "<EOT>", "<EOT>", "abeth", "<EOT>", "<EOT>", "<EOT>"], ["<META_START>", "<META_START>", "<META_START>", "<META_START>", "<META_START>", "borough", "<META_START>", "<META_START>", "<META_START>"], ["<SOS>", "<SOS>", "<SOS>", "<SOS>", "<SOS>", "burg", "<SOS>", "<SOS>", "<SOS>"], ["<META_END>", "<META_END>", "<META_END>", "<META_END>", "<META_END>", "brook", "<META_END>", "<META_END>", "<META_END>"]], "top_logit_ablation_values": [[0, 0, 0, 0, 0, 0.07586, 0, 0, 0], [0, 0, 0, 0, 0, 0.06254, 0, 0, 0], [0, 0, 0, 0, 0, 0.06194, 0, 0, 0], [0, 0, 0, 0, 0, 0.06103, 0, 0, 0], [0, 0, 0, 0, 0, 0.05791, 0, 0, 0]], "bottom_logit_ablation_values": [[0, 0, 0, 0, 0, -0.2452, 0, 0, 0], [0, 0, 0, 0, 0, -0.2451, 0, 0, 0], [0, 0, 0, 0, 0, -0.241, 0, 0, 0], [0, 0, 0, 0, 0, -0.239, 0, 0, 0], [0, 0, 0, 0, 0, -0.2299, 0, 0, 0]], "residual_loss_ablation": [-1.238, 0.7598, -0.004812, 1.552, -8.423, 5.035, 3.548, -0.4336, 0]}}]}], "statistics": {"density_frac": 3e-08, "global_max_act": 0.6554, "abs_max_neuron_weights": [0.2337, 0.19, 0.1851], "abs_max_neuron_inds": [443, 90, 286], "l1_max_neuron_weights": [0.01411, 0.01147, 0.01117]}, "logit_effects": {"negatives": [[" reasons", -0.2933], ["ual", -0.2947], [" results", -0.2962], [" method", -0.2965], [" mechanism", -0.2976], ["ested", -0.2989], [" =", -0.3036], ["ically", -0.3041], [" course", -0.3091], ["=\"", -0.3351]], "positives": [["abeth", 0.3635], ["idents", 0.3568], ["borough", 0.3556], ["burg", 0.3508], ["chool", 0.3315], ["brook", 0.3297], ["cott", 0.3116], ["boro", 0.303], ["folk", 0.2939], ["],\"", 0.2894]]}}