{"index": 1494, "act_buckets": [0, 0, 0, 0, 1, 1, 1, 0, 0, 1, 0, 0, 0, 0, 0, 0, 0, 0, 0, 0, 1, 0, 0, 0, 0, 0, 0, 0, 0, 0, 0, 0, 0, 0, 0, 0, 0, 0, 0, 1], "act_bucket_edges": [0, 0.01425, 0.0285, 0.04275, 0.057, 0.07125, 0.08551, 0.09976, 0.114, 0.1283, 0.1425, 0.1568, 0.171, 0.1853, 0.1995, 0.2138, 0.228, 0.2423, 0.2565, 0.2708, 0.285, 0.2993, 0.3135, 0.3278, 0.342, 0.3563, 0.3705, 0.3848, 0.399, 0.4133, 0.4275, 0.4418, 0.456, 0.4703, 0.4845, 0.4988, 0.513, 0.5273, 0.5415, 0.5558, 0.57], "logit_buckets": [2, 1, 2, 7, 8, 18, 34, 73, 127, 245, 519, 872, 1495, 2418, 3697, 6286, 9288, 6762, 6862, 6426, 5438, 4273, 3383, 2368, 1730, 1147, 748, 461, 327, 194, 134, 74, 44, 29, 12, 12, 10, 5, 2, 3], "logit_bucket_edges": [-0.373, -0.3524, -0.3319, -0.3113, -0.2907, -0.2702, -0.2496, -0.229, -0.2084, -0.1879, -0.1673, -0.1467, -0.1262, -0.1056, -0.08503, -0.06446, -0.0439, -0.02333, -0.002757, 0.01781, 0.03838, 0.05895, 0.07952, 0.1001, 0.1207, 0.1412, 0.1618, 0.1824, 0.2029, 0.2235, 0.2441, 0.2646, 0.2852, 0.3058, 0.3263, 0.3469, 0.3675, 0.3881, 0.4086, 0.4292, 0.4498], "examples_quantiles": [{"quantile_name": "Top Activations", "quantile_max_act": 0.57, "examples": [{"tokens_str_list": [" old", " topic", " (", "not", " entirely", " sure", " why", " thats", " a"], "tokens_acts_list": [0, 0, 0, 0, 0.57, 0, 0, 0, 0], "train_token_ind": 4, "is_repeated_datapoint": 0, "datapoint_ind": 72925984, "ablations": {"loss_ablation": [0, 0, 0, 0, 0, 0.1651, 0, 0, 0], "top_logit_ablation_tokens_str": [["<META>", "<META>", "<META>", "<META>", "<META>", "unnumbered", "<META>", "<META>", "<META>"], ["<EOT>", "<EOT>", "<EOT>", "<EOT>", "<EOT>", "imethyl", "<EOT>", "<EOT>", "<EOT>"], ["<META_START>", "<META_START>", "<META_START>", "<META_START>", "<META_START>", " Sox", "<META_START>", "<META_START>", "<META_START>"], ["<SOS>", "<SOS>", "<SOS>", "<SOS>", "<SOS>", " Filed", "<SOS>", "<SOS>", "<SOS>"], ["<META_END>", "<META_END>", "<META_END>", "<META_END>", "<META_END>", " goodbye", "<META_END>", "<META_END>", "<META_END>"]], "bottom_logit_ablation_tokens_str": [["<META>", "<META>", "<META>", "<META>", "<META>", "s", "<META>", "<META>", "<META>"], ["<EOT>", "<EOT>", "<EOT>", "<EOT>", "<EOT>", "ets", "<EOT>", "<EOT>", "<EOT>"], ["<META_START>", "<META_START>", "<META_START>", "<META_START>", "<META_START>", "el", "<META_START>", "<META_START>", "<META_START>"], ["<SOS>", "<SOS>", "<SOS>", "<SOS>", "<SOS>", "this", "<SOS>", "<SOS>", "<SOS>"], ["<META_END>", "<META_END>", "<META_END>", "<META_END>", "<META_END>", "omp", "<META_END>", "<META_END>", "<META_END>"]], "top_logit_ablation_values": [[0, 0, 0, 0, 0, 0.1532, 0, 0, 0], [0, 0, 0, 0, 0, 0.1243, 0, 0, 0], [0, 0, 0, 0, 0, 0.09308, 0, 0, 0], [0, 0, 0, 0, 0, 0.0892, 0, 0, 0], [0, 0, 0, 0, 0, 0.08456, 0, 0, 0]], "bottom_logit_ablation_values": [[0, 0, 0, 0, 0, -0.6717, 0, 0, 0], [0, 0, 0, 0, 0, -0.6523, 0, 0, 0], [0, 0, 0, 0, 0, -0.6427, 0, 0, 0], [0, 0, 0, 0, 0, -0.6386, 0, 0, 0], [0, 0, 0, 0, 0, -0.6302, 0, 0, 0]], "residual_loss_ablation": [1.649, -0.9952, -0.2815, -0.6566, -1.431, 7.321, -0.4655, 0.3301, 0]}}, {"tokens_str_list": ["\\", "bigg", "(\\", "frac", " {\\", "vart", "he", "ta", "_{"], "tokens_acts_list": [0, 0, 0, 0, 0.2921, 0, 0, 0, 0], "train_token_ind": 4, "is_repeated_datapoint": 0, "datapoint_ind": 1954732, "ablations": {"loss_ablation": [0, 0, 0, 0, 0, -0.008639, 0, 0, 0], "top_logit_ablation_tokens_str": [["<META>", "<META>", "<META>", "<META>", "<META>", "unnumbered", "<META>", "<META>", "<META>"], ["<EOT>", "<EOT>", "<EOT>", "<EOT>", "<EOT>", "imethyl", "<EOT>", "<EOT>", "<EOT>"], ["<META_START>", "<META_START>", "<META_START>", "<META_START>", "<META_START>", " Filed", "<META_START>", "<META_START>", "<META_START>"], ["<SOS>", "<SOS>", "<SOS>", "<SOS>", "<SOS>", " Sox", "<SOS>", "<SOS>", "<SOS>"], ["<META_END>", "<META_END>", "<META_END>", "<META_END>", "<META_END>", "stadt", "<META_END>", "<META_END>", "<META_END>"]], "bottom_logit_ablation_tokens_str": [["<META>", "<META>", "<META>", "<META>", "<META>", "ets", "<META>", "<META>", "<META>"], ["<EOT>", "<EOT>", "<EOT>", "<EOT>", "<EOT>", "s", "<EOT>", "<EOT>", "<EOT>"], ["<META_START>", "<META_START>", "<META_START>", "<META_START>", "<META_START>", "el", "<META_START>", "<META_START>", "<META_START>"], ["<SOS>", "<SOS>", "<SOS>", "<SOS>", "<SOS>", "ities", "<SOS>", "<SOS>", "<SOS>"], ["<META_END>", "<META_END>", "<META_END>", "<META_END>", "<META_END>", "omp", "<META_END>", "<META_END>", "<META_END>"]], "top_logit_ablation_values": [[0, 0, 0, 0, 0, 0.08594, 0, 0, 0], [0, 0, 0, 0, 0, 0.07403, 0, 0, 0], [0, 0, 0, 0, 0, 0.06995, 0, 0, 0], [0, 0, 0, 0, 0, 0.04983, 0, 0, 0], [0, 0, 0, 0, 0, 0.04485, 0, 0, 0]], "bottom_logit_ablation_values": [[0, 0, 0, 0, 0, -0.3353, 0, 0, 0], [0, 0, 0, 0, 0, -0.3318, 0, 0, 0], [0, 0, 0, 0, 0, -0.3298, 0, 0, 0], [0, 0, 0, 0, 0, -0.3204, 0, 0, 0], [0, 0, 0, 0, 0, -0.3199, 0, 0, 0]], "residual_loss_ablation": [-0.8725, 4.317, 1.238, 1.696, 0.1535, 2.122, 5.199, 7.429, 0]}}, {"tokens_str_list": [",", "T", "]", "}$,", " and", " a", " $\\", "P", "(\\"], "tokens_acts_list": [0, 0, 0, 0, 0.1366, 0, 0, 0, 0], "train_token_ind": 4, "is_repeated_datapoint": 0, "datapoint_ind": 51357545, "ablations": {"loss_ablation": [0, 0, 0, 0, 0, 0.02915, 0, 0, 0], "top_logit_ablation_tokens_str": [["<META>", "<META>", "<META>", "<META>", "<META>", "imethyl", "<META>", "<META>", "<META>"], ["<EOT>", "<EOT>", "<EOT>", "<EOT>", "<EOT>", ".),", "<EOT>", "<EOT>", "<EOT>"], ["<META_START>", "<META_START>", "<META_START>", "<META_START>", "<META_START>", " Filed", "<META_START>", "<META_START>", "<META_START>"], ["<SOS>", "<SOS>", "<SOS>", "<SOS>", "<SOS>", " Sox", "<SOS>", "<SOS>", "<SOS>"], ["<META_END>", "<META_END>", "<META_END>", "<META_END>", "<META_END>", " bitch", "<META_END>", "<META_END>", "<META_END>"]], "bottom_logit_ablation_tokens_str": [["<META>", "<META>", "<META>", "<META>", "<META>", "ments", "<META>", "<META>", "<META>"], ["<EOT>", "<EOT>", "<EOT>", "<EOT>", "<EOT>", "eres", "<EOT>", "<EOT>", "<EOT>"], ["<META_START>", "<META_START>", "<META_START>", "<META_START>", "<META_START>", "tically", "<META_START>", "<META_START>", "<META_START>"], ["<SOS>", "<SOS>", "<SOS>", "<SOS>", "<SOS>", "ems", "<SOS>", "<SOS>", "<SOS>"], ["<META_END>", "<META_END>", "<META_END>", "<META_END>", "<META_END>", "fic", "<META_END>", "<META_END>", "<META_END>"]], "top_logit_ablation_values": [[0, 0, 0, 0, 0, 0.08304, 0, 0, 0], [0, 0, 0, 0, 0, 0.07508, 0, 0, 0], [0, 0, 0, 0, 0, 0.07391, 0, 0, 0], [0, 0, 0, 0, 0, 0.07136, 0, 0, 0], [0, 0, 0, 0, 0, 0.07074, 0, 0, 0]], "bottom_logit_ablation_values": [[0, 0, 0, 0, 0, -0.1649, 0, 0, 0], [0, 0, 0, 0, 0, -0.1529, 0, 0, 0], [0, 0, 0, 0, 0, -0.1513, 0, 0, 0], [0, 0, 0, 0, 0, -0.1503, 0, 0, 0], [0, 0, 0, 0, 0, -0.1495, 0, 0, 0]], "residual_loss_ablation": [0.2333, -2.323, 0.9282, 9.192, 0.6489, -0.8449, 2.873, -1.001, 0]}}, {"tokens_str_list": [".", "\n", "\n", "In", " the", " conditions", " of", " Definition", " 2"], "tokens_acts_list": [0, 0, 0, 0, 0.09053, 0, 0, 0, 0], "train_token_ind": 4, "is_repeated_datapoint": 0, "datapoint_ind": 26340538, "ablations": {"loss_ablation": [0, 0, 0, 0, 0, 0.03409, 0, 0, 0], "top_logit_ablation_tokens_str": [["<META>", "<META>", "<META>", "<META>", "<META>", "imethyl", "<META>", "<META>", "<META>"], ["<EOT>", "<EOT>", "<EOT>", "<EOT>", "<EOT>", "unnumbered", "<EOT>", "<EOT>", "<EOT>"], ["<META_START>", "<META_START>", "<META_START>", "<META_START>", "<META_START>", " goodbye", "<META_START>", "<META_START>", "<META_START>"], ["<SOS>", "<SOS>", "<SOS>", "<SOS>", "<SOS>", " Filed", "<SOS>", "<SOS>", "<SOS>"], ["<META_END>", "<META_END>", "<META_END>", "<META_END>", "<META_END>", "sworth", "<META_END>", "<META_END>", "<META_END>"]],