{"index": 1516, "act_buckets": [0, 0, 0, 0, 0, 1, 0, 0, 0, 0, 0, 0, 0, 0, 0, 0, 0, 0, 0, 0, 0, 0, 0, 0, 2, 0, 0, 0, 0, 0, 0, 0, 0, 0, 0, 0, 0, 1, 0, 1], "act_bucket_edges": [0, 0.007351, 0.0147, 0.02205, 0.0294, 0.03675, 0.04411, 0.05146, 0.05881, 0.06616, 0.07351, 0.08086, 0.08821, 0.09556, 0.1029, 0.1103, 0.1176, 0.125, 0.1323, 0.1397, 0.147, 0.1544, 0.1617, 0.1691, 0.1764, 0.1838, 0.1911, 0.1985, 0.2058, 0.2132, 0.2205, 0.2279, 0.2352, 0.2426, 0.2499, 0.2573, 0.2646, 0.272, 0.2793, 0.2867, 0.294], "logit_buckets": [3, 7, 9, 15, 16, 34, 72, 93, 145, 244, 370, 2781, 1701, 2129, 2635, 3383, 4390, 5386, 6789, 7570, 6903, 5582, 4417, 3497, 2618, 1813, 1152, 711, 435, 280, 158, 88, 39, 34, 23, 7, 2, 1, 2, 2], "logit_bucket_edges": [-0.4868, -0.4616, -0.4365, -0.4113, -0.3861, -0.361, -0.3358, -0.3107, -0.2855, -0.2603, -0.2352, -0.21, -0.1848, -0.1597, -0.1345, -0.1093, -0.08418, -0.05901, -0.03385, -0.008687, 0.01648, 0.04164, 0.0668, 0.09197, 0.1171, 0.1423, 0.1675, 0.1926, 0.2178, 0.243, 0.2681, 0.2933, 0.3184, 0.3436, 0.3688, 0.3939, 0.4191, 0.4443, 0.4694, 0.4946, 0.5198], "examples_quantiles": [{"quantile_name": "Top Activations", "quantile_max_act": 0.294, "examples": [{"tokens_str_list": [".", "\n", "\n", "In", " the", " conditions", " of", " Definition", " 2"], "tokens_acts_list": [0, 0, 0, 0, 0.294, 0, 0, 0, 0], "train_token_ind": 4, "is_repeated_datapoint": 0, "datapoint_ind": 26340538, "ablations": {"loss_ablation": [0, 0, 0, 0, 0, -0.04915, 0, 0, 0], "top_logit_ablation_tokens_str": [["<META>", "<META>", "<META>", "<META>", "<META>", "ifies", "<META>", "<META>", "<META>"], ["<EOT>", "<EOT>", "<EOT>", "<EOT>", "<EOT>", "omic", "<EOT>", "<EOT>", "<EOT>"], ["<META_START>", "<META_START>", "<META_START>", "<META_START>", "<META_START>", "mite", "<META_START>", "<META_START>", "<META_START>"], ["<SOS>", "<SOS>", "<SOS>", "<SOS>", "<SOS>", "nal", "<SOS>", "<SOS>", "<SOS>"], ["<META_END>", "<META_END>", "<META_END>", "<META_END>", "<META_END>", "ify", "<META_END>", "<META_END>", "<META_END>"]], "bottom_logit_ablation_tokens_str": [["<META>", "<META>", "<META>", "<META>", "<META>", "\\}$.", "<META>", "<META>", "<META>"], ["<EOT>", "<EOT>", "<EOT>", "<EOT>", "<EOT>", "\\}$", "<EOT>", "<EOT>", "<EOT>"], ["<META_START>", "<META_START>", "<META_START>", "<META_START>", "<META_START>", "\\}", "<META_START>", "<META_START>", "<META_START>"], ["<SOS>", "<SOS>", "<SOS>", "<SOS>", "<SOS>", "\\}$,", "<SOS>", "<SOS>", "<SOS>"], ["<META_END>", "<META_END>", "<META_END>", "<META_END>", "<META_END>", "\\}\\", "<META_END>", "<META_END>", "<META_END>"]], "top_logit_ablation_values": [[0, 0, 0, 0, 0, 0.6072, 0, 0, 0], [0, 0, 0, 0, 0, 0.607, 0, 0, 0], [0, 0, 0, 0, 0, 0.5883, 0, 0, 0], [0, 0, 0, 0, 0, 0.585, 0, 0, 0], [0, 0, 0, 0, 0, 0.5768, 0, 0, 0]], "bottom_logit_ablation_values": [[0, 0, 0, 0, 0, -0.05146, 0, 0, 0], [0, 0, 0, 0, 0, -0.04941, 0, 0, 0], [0, 0, 0, 0, 0, -0.03543, 0, 0, 0], [0, 0, 0, 0, 0, -0.02606, 0, 0, 0], [0, 0, 0, 0, 0, -0.01308, 0, 0, 0]], "residual_loss_ablation": [2.005, 0.1299, 0.2012, -0.02559, -0.5824, 1.777, 0.3678, 0.1318, 0]}}, {"tokens_str_list": ["<EOT>", "\\xc5", "\\xbb", "\\xc5", "\\xbb", "\\xc5"], "tokens_acts_list": [0, 0.2743, 0, 0, 0, 0], "train_token_ind": 1, "is_repeated_datapoint": 0, "datapoint_ind": 38021733, "ablations": {"loss_ablation": [0, 0, -0.06408, 0, 0, 0], "top_logit_ablation_tokens_str": [["<META>", "<META>", "omic", "<META>", "<META>", "<META>"], ["<EOT>", "<EOT>", "nal", "<EOT>", "<EOT>", "<EOT>"], ["<META_START>", "<META_START>", "ifies", "<META_START>", "<META_START>", "<META_START>"], ["<SOS>", "<SOS>", "mite", "<SOS>", "<SOS>", "<SOS>"], ["<META_END>", "<META_END>", "bitrary", "<META_END>", "<META_END>", "<META_END>"]], "bottom_logit_ablation_tokens_str": [["<META>", "<META>", "\\}$.", "<META>", "<META>", "<META>"], ["<EOT>", "<EOT>", "\\}$", "<EOT>", "<EOT>", "<EOT>"], ["<META_START>", "<META_START>", "\\}", "<META_START>", "<META_START>", "<META_START>"], ["<SOS>", "<SOS>", "\\}$,", "<SOS>", "<SOS>", "<SOS>"], ["<META_END>", "<META_END>", "\\}\\", "<META_END>", "<META_END>", "<META_END>"]], "top_logit_ablation_values": [[0, 0, 0.3094, 0, 0, 0], [0, 0, 0.307, 0, 0, 0], [0, 0, 0.301, 0, 0, 0], [0, 0, 0.2986, 0, 0, 0], [0, 0, 0.2974, 0, 0, 0]], "bottom_logit_ablation_values": [[0, 0, -0.006737, 0, 0, 0], [0, 0, -0.003866, 0, 0, 0], [0, 0, 0.0002418, 0, 0, 0], [0, 0, 0.005909, 0, 0, 0], [0, 0, 0.01144, 0, 0, 0]], "residual_loss_ablation": [0, -0.1105, 2.742, 5.864, 4.339, 0]}}, {"tokens_str_list": ["\u884c", "\u3059\u308b", "\\xe9\\x81", "\\x8b", "\\xe8\\xbb", "\\xa2", "\\xe5\\xb8", "\\xad", "\u306a"], "tokens_acts_list": [0, 0, 0, 0, 0.1808, 0, 0, 0, 0], "train_token_ind": 4, "is_repeated_datapoint": 0, "datapoint_ind": 18281307, "ablations": {"loss_ablation": [0, 0, 0, 0, 0, 0.004976, 0, 0, 0], "top_logit_ablation_tokens_str": [["<META>", "<META>", "<META>", "<META>", "<META>", "ifies", "<META>", "<META>", "<META>"], ["<EOT>", "<EOT>", "<EOT>", "<EOT>", "<EOT>", "omic", "<EOT>", "<EOT>", "<EOT>"], ["<META_START>", "<META_START>", "<META_START>", "<META_START>", "<META_START>", "ics", "<META_START>", "<META_START>", "<META_START>"], ["<SOS>", "<SOS>", "<SOS>", "<SOS>", "<SOS>", "ify", "<SOS>", "<SOS>", "<SOS>"], ["<META_END>", "<META_END>", "<META_END>", "<META_END>", "<META_END>", "ers", "<META_END>", "<META_END>", "<META_END>"]], "bottom_logit_ablation_tokens_str": [["<META>", "<META>", "<META>", "<META>", "<META>", "\\}$.", "<META>", "<META>", "<META>"], ["<EOT>", "<EOT>", "<EOT>", "<EOT>", "<EOT>", "\\}$", "<EOT>", "<EOT>", "<EOT>"], ["<META_START>", "<META_START>", "<META_START>", "<META_START>", "<META_START>", "\\}", "<META_START>", "<META_START>", "<META_START>"], ["<SOS>", "<SOS>", "<SOS>", "<SOS>", "<SOS>", "\\}$,", "<SOS>", "<SOS>", "<SOS>"], ["<META_END>", "<META_END>", "<META_END>", "<META_END>", "<META_END>", "\\}\\", "<META_END>", "<META_END>", "<META_END>"]], "top_logit_ablation_values": [[0, 0, 0, 0, 0, 0.2807, 0, 0, 0], [0, 0, 0, 0, 0, 0.2693, 0, 0, 0], [0, 0, 0, 0, 0, 0.2665, 0, 0, 0], [0, 0, 0, 0, 0, 0.264, 0, 0, 0], [0, 0, 0, 0, 0, 0.262, 0, 0, 0]], "bottom_logit_ablation_values": [[0, 0, 0, 0, 0, -0.01818, 0, 0, 0], [0, 0, 0, 0, 0, -0.01402, 0, 0, 0], [0, 0, 0, 0, 0, -0.01257, 0, 0, 0], [0, 0, 0, 0, 0, -0.006107, 0, 0, 0], [0, 0, 0, 0, 0, 0.001038, 0, 0, 0]], "residual_loss_ablation": [1.27, 1.867, 0.6419, 1.351, 2.434, 3.999, 0.07093, 4.312, 0]}}, {"tokens_str_list": ["[\\", "%]", "$\\", "\n", "$\\", "phantom", "{", "1", "}"], "tokens_acts_list": [0, 0, 0, 0, 0.1803, 0, 0, 0, 0], "train_token_ind": 4, "is_repeated_datapoint": 0, "datapoint_ind": 49519702, "ablations": {"loss_ablation": [0, 0, 0, 0, 0, -0.0126, 0, 0, 0], "top_logit_ablation_tokens_str": [["<META>", "<META>", "<META>", "<META>", "<META>", "ifies", "<META>", "<META>", "<META>"], ["<EOT>", "<EOT>", "<EOT>", "<EOT>", "<EOT>", "omic", "<EOT>", "<EOT>", "<EOT>"], ["<META_START>", "<META_START>", "<META_START>", "<META_START>", "<META_START>", "nal", "<META_START>", "<META_START>", "<META_START>"], ["<SOS>", "<SOS>", "<SOS>", "<SOS>", "<SOS>", "mite", "<SOS>", "<SOS>", "<SOS>"], ["<META_END>", "<META_END>", "<META_END>", "<META_END>", "<META_END>", "ics", "<META_END>", "<META_END>", "<META_END>"]], "bottom_logit_ablation_tokens_str": [["<META>", "<META>", "<META>", "<META>", "<META>", "\\}$.", "<META>", "<META>", "<META>"], ["<EOT>", "<EOT>", "<EOT>", "<EOT>", "<EOT>", "\\}$", "<EOT>", "<EOT>", "<EOT>"], ["<META_START>", "<META_START>", "<META_START>", "<META_START>", "<META_START>", "\\}", "<META_START>", "<META_START>", "<META_START>"], ["<SOS>", "<SOS>", "<SOS>", "<SOS>", "<SOS>", "\\}$,", "<SOS>", "<SOS>", "<SOS>"], ["<META_END>", "<META_END>", "<META_END>", "<META_END>", "<META_END>", "\\}\\", "<META_END>", "<META_END>", "<META_END>"]],