{"index": 1528, "act_buckets": [0, 0, 0, 0, 0, 0, 1, 1, 0, 0, 0, 0, 0, 0, 0, 0, 0, 0, 1, 0, 1, 0, 0, 0, 1, 0, 0, 0, 0, 0, 0, 0, 0, 0, 0, 1, 0, 0, 0, 1], "act_bucket_edges": [0, 0.005821, 0.01164, 0.01746, 0.02329, 0.02911, 0.03493, 0.04075, 0.04657, 0.05239, 0.05821, 0.06403, 0.06986, 0.07568, 0.0815, 0.08732, 0.09314, 0.09896, 0.1048, 0.1106, 0.1164, 0.1222, 0.1281, 0.1339, 0.1397, 0.1455, 0.1514, 0.1572, 0.163, 0.1688, 0.1746, 0.1805, 0.1863, 0.1921, 0.1979, 0.2037, 0.2096, 0.2154, 0.2212, 0.227, 0.2329], "logit_buckets": [1, 1, 5, 8, 6, 11, 22, 33, 68, 61, 135, 216, 294, 484, 799, 1123, 1653, 2496, 3455, 4697, 7522, 8604, 8365, 7738, 5938, 4319, 2921, 1766, 1117, 704, 404, 259, 160, 68, 32, 27, 12, 5, 6, 1], "logit_bucket_edges": [-0.5302, -0.5063, -0.4823, -0.4584, -0.4344, -0.4104, -0.3865, -0.3625, -0.3385, -0.3146, -0.2906, -0.2666, -0.2427, -0.2187, -0.1948, -0.1708, -0.1468, -0.1229, -0.0989, -0.07494, -0.05098, -0.02701, -0.003049, 0.02091, 0.04488, 0.06884, 0.09281, 0.1168, 0.1407, 0.1647, 0.1887, 0.2126, 0.2366, 0.2606, 0.2845, 0.3085, 0.3324, 0.3564, 0.3804, 0.4043, 0.4283], "examples_quantiles": [{"quantile_name": "Top Activations", "quantile_max_act": 0.2329, "examples": [{"tokens_str_list": [",", " in", " particular", " the", " anomal", "ously", " large", " binding", " energy"], "tokens_acts_list": [0, 0, 0, 0, 0.2329, 0, 0, 0, 0], "train_token_ind": 4, "is_repeated_datapoint": 0, "datapoint_ind": 31091414, "ablations": {"loss_ablation": [0, 0, 0, 0, 0, 0.003577, 0, 0, 0], "top_logit_ablation_tokens_str": [["<META>", "<META>", "<META>", "<META>", "<META>", "ive", "<META>", "<META>", "<META>"], ["<EOT>", "<EOT>", "<EOT>", "<EOT>", "<EOT>", " of", "<EOT>", "<EOT>", "<EOT>"], ["<META_START>", "<META_START>", "<META_START>", "<META_START>", "<META_START>", "ives", "<META_START>", "<META_START>", "<META_START>"], ["<SOS>", "<SOS>", "<SOS>", "<SOS>", "<SOS>", "'s", "<SOS>", "<SOS>", "<SOS>"], ["<META_END>", "<META_END>", "<META_END>", "<META_END>", "<META_END>", "ments", "<META_END>", "<META_END>", "<META_END>"]], "bottom_logit_ablation_tokens_str": [["<META>", "<META>", "<META>", "<META>", "<META>", " Crimea", "<META>", "<META>", "<META>"], ["<EOT>", "<EOT>", "<EOT>", "<EOT>", "<EOT>", "berry", "<EOT>", "<EOT>", "<EOT>"], ["<META_START>", "<META_START>", "<META_START>", "<META_START>", "<META_START>", "cm", "<META_START>", "<META_START>", "<META_START>"], ["<SOS>", "<SOS>", "<SOS>", "<SOS>", "<SOS>", "cast", "<SOS>", "<SOS>", "<SOS>"], ["<META_END>", "<META_END>", "<META_END>", "<META_END>", "<META_END>", "interest", "<META_END>", "<META_END>", "<META_END>"]], "top_logit_ablation_values": [[0, 0, 0, 0, 0, 0.268, 0, 0, 0], [0, 0, 0, 0, 0, 0.2514, 0, 0, 0], [0, 0, 0, 0, 0, 0.2504, 0, 0, 0], [0, 0, 0, 0, 0, 0.2486, 0, 0, 0], [0, 0, 0, 0, 0, 0.2481, 0, 0, 0]], "bottom_logit_ablation_values": [[0, 0, 0, 0, 0, -0.1234, 0, 0, 0], [0, 0, 0, 0, 0, -0.1126, 0, 0, 0], [0, 0, 0, 0, 0, -0.1105, 0, 0, 0], [0, 0, 0, 0, 0, -0.1052, 0, 0, 0], [0, 0, 0, 0, 0, -0.1039, 0, 0, 0]], "residual_loss_ablation": [-0.3909, 0.4265, 0.7322, 1.678, -0.06786, 4.983, 1.945, 0.7814, 0]}}, {"tokens_str_list": [" to", " anti", "-", "neut", "roph", "il", " cytoplas", "mic", " antibody"], "tokens_acts_list": [0, 0, 0, 0, 0.2046, 0, 0, 0, 0], "train_token_ind": 4, "is_repeated_datapoint": 0, "datapoint_ind": 73401006, "ablations": {"loss_ablation": [0, 0, 0, 0, 0, -0.005418, 0, 0, 0], "top_logit_ablation_tokens_str": [["<META>", "<META>", "<META>", "<META>", "<META>", "ive", "<META>", "<META>", "<META>"], ["<EOT>", "<EOT>", "<EOT>", "<EOT>", "<EOT>", " of", "<EOT>", "<EOT>", "<EOT>"], ["<META_START>", "<META_START>", "<META_START>", "<META_START>", "<META_START>", "ments", "<META_START>", "<META_START>", "<META_START>"], ["<SOS>", "<SOS>", "<SOS>", "<SOS>", "<SOS>", "'s", "<SOS>", "<SOS>", "<SOS>"], ["<META_END>", "<META_END>", "<META_END>", "<META_END>", "<META_END>", "ment", "<META_END>", "<META_END>", "<META_END>"]], "bottom_logit_ablation_tokens_str": [["<META>", "<META>", "<META>", "<META>", "<META>", " Crimea", "<META>", "<META>", "<META>"], ["<EOT>", "<EOT>", "<EOT>", "<EOT>", "<EOT>", "pple", "<EOT>", "<EOT>", "<EOT>"], ["<META_START>", "<META_START>", "<META_START>", "<META_START>", "<META_START>", "berry", "<META_START>", "<META_START>", "<META_START>"], ["<SOS>", "<SOS>", "<SOS>", "<SOS>", "<SOS>", "cm", "<SOS>", "<SOS>", "<SOS>"], ["<META_END>", "<META_END>", "<META_END>", "<META_END>", "<META_END>", "pcbi", "<META_END>", "<META_END>", "<META_END>"]], "top_logit_ablation_values": [[0, 0, 0, 0, 0, 0.2557, 0, 0, 0], [0, 0, 0, 0, 0, 0.2462, 0, 0, 0], [0, 0, 0, 0, 0, 0.2398, 0, 0, 0], [0, 0, 0, 0, 0, 0.2391, 0, 0, 0], [0, 0, 0, 0, 0, 0.239, 0, 0, 0]], "bottom_logit_ablation_values": [[0, 0, 0, 0, 0, -0.1309, 0, 0, 0], [0, 0, 0, 0, 0, -0.1114, 0, 0, 0], [0, 0, 0, 0, 0, -0.1111, 0, 0, 0], [0, 0, 0, 0, 0, -0.1111, 0, 0, 0], [0, 0, 0, 0, 0, -0.1108, 0, 0, 0]], "residual_loss_ablation": [-0.1104, 2.754, -0.1269, 0.976, 0.9819, -0.1366, 5.869, 1.93, 0]}}, {"tokens_str_list": ["\u03bc", "L", " (", "neut", "roph", "il", " 96", "%,", " lymph"], "tokens_acts_list": [0, 0, 0, 0, 0.1414, 0, 0, 0, 0], "train_token_ind": 4, "is_repeated_datapoint": 0, "datapoint_ind": 35564458, "ablations": {"loss_ablation": [0, 0, 0, 0, 0, -0.004783, 0, 0, 0], "top_logit_ablation_tokens_str": [["<META>", "<META>", "<META>", "<META>", "<META>", "ive", "<META>", "<META>", "<META>"], ["<EOT>", "<EOT>", "<EOT>", "<EOT>", "<EOT>", " of", "<EOT>", "<EOT>", "<EOT>"], ["<META_START>", "<META_START>", "<META_START>", "<META_START>", "<META_START>", "ives", "<META_START>", "<META_START>", "<META_START>"], ["<SOS>", "<SOS>", "<SOS>", "<SOS>", "<SOS>", "'s", "<SOS>", "<SOS>", "<SOS>"], ["<META_END>", "<META_END>", "<META_END>", "<META_END>", "<META_END>", "atic", "<META_END>", "<META_END>", "<META_END>"]], "bottom_logit_ablation_tokens_str": [["<META>", "<META>", "<META>", "<META>", "<META>", " Crimea", "<META>", "<META>", "<META>"], ["<EOT>", "<EOT>", "<EOT>", "<EOT>", "<EOT>", "pcbi", "<EOT>", "<EOT>", "<EOT>"], ["<META_START>", "<META_START>", "<META_START>", "<META_START>", "<META_START>", "berry", "<META_START>", "<META_START>", "<META_START>"], ["<SOS>", "<SOS>", "<SOS>", "<SOS>", "<SOS>", "pple", "<SOS>", "<SOS>", "<SOS>"], ["<META_END>", "<META_END>", "<META_END>", "<META_END>", "<META_END>", "cm", "<META_END>", "<META_END>", "<META_END>"]], "top_logit_ablation_values": [[0, 0, 0, 0, 0, 0.2015, 0, 0, 0], [0, 0, 0, 0, 0, 0.1917, 0, 0, 0], [0, 0, 0, 0, 0, 0.1882, 0, 0, 0], [0, 0, 0, 0, 0, 0.1876, 0, 0, 0], [0, 0, 0, 0, 0, 0.1868, 0, 0, 0]], "bottom_logit_ablation_values": [[0, 0, 0, 0, 0, -0.08573, 0, 0, 0], [0, 0, 0, 0, 0, -0.07343, 0, 0, 0], [0, 0, 0, 0, 0, -0.07309, 0, 0, 0], [0, 0, 0, 0, 0, -0.07278, 0, 0, 0], [0, 0, 0, 0, 0, -0.06928, 0, 0, 0]], "residual_loss_ablation": [0.6584, 2.671, 1.149, 0.9731, 3.057, -0.2376, -0.299, 2.619, 0]}}, {"tokens_str_list": ["s", "415", "98", "-", "017", "-", "18", "608", "-"], "tokens_acts_list": [0, 0, 0, 0, 0.1187, 0, 0, 0, 0], "train_token_ind": 4, "is_repeated_datapoint": 0, "datapoint_ind": 74774501, "ablations": {"loss_ablation": [0, 0, 0, 0, 0, -0.0002076, 0, 0, 0], "top_logit_ablation_tokens_str": [["<META>", "<META>", "<META>", "<META>", "<META>", "ive", "<META>", "<META>", "<META>"], ["<EOT>", "<EOT>", "<EOT>", "<EOT>", "<EOT>", " of", "<EOT>", "<EOT>", "<EOT>"], ["<META_START>", "<META_START>", "<META_START>", "<META_START>", "<META_START>", "ives", "<META_START>", "<META_START>", "<META_START>"], ["<SOS>", "<SOS>", "<SOS>", "<SOS>", "<SOS>", "ment", "<SOS>", "<SOS>", "<SOS>"], ["<META_END>", "<META_END>", "<META_END>", "<META_END>", "<META_END>", "ments", "<META_END>", "<META_END>", "<META_END>"]],