{"index": 1574, "act_buckets": [0, 0, 0, 0, 0, 0, 0, 0, 0, 0, 0, 0, 0, 0, 0, 0, 0, 0, 0, 0, 0, 0, 0, 0, 0, 0, 0, 0, 0, 0, 0, 0, 0, 0, 0, 0, 0, 0, 0, 1], "act_bucket_edges": [0, 0.008883, 0.01777, 0.02665, 0.03553, 0.04441, 0.0533, 0.06218, 0.07106, 0.07995, 0.08883, 0.09771, 0.1066, 0.1155, 0.1244, 0.1332, 0.1421, 0.151, 0.1599, 0.1688, 0.1777, 0.1865, 0.1954, 0.2043, 0.2132, 0.2221, 0.231, 0.2398, 0.2487, 0.2576, 0.2665, 0.2754, 0.2842, 0.2931, 0.302, 0.3109, 0.3198, 0.3287, 0.3375, 0.3464, 0.3553], "logit_buckets": [1, 0, 3, 1, 3, 3, 19, 24, 44, 68, 112, 186, 232, 2206, 1248, 1447, 1795, 2349, 2894, 4062, 5207, 5876, 6457, 6600, 6294, 5345, 4157, 2972, 2051, 1401, 996, 591, 358, 234, 157, 78, 38, 17, 8, 2], "logit_bucket_edges": [-0.5303, -0.507, -0.4837, -0.4605, -0.4372, -0.4139, -0.3906, -0.3673, -0.3441, -0.3208, -0.2975, -0.2742, -0.2509, -0.2276, -0.2044, -0.1811, -0.1578, -0.1345, -0.1112, -0.08796, -0.06468, -0.0414, -0.01812, 0.005164, 0.02845, 0.05173, 0.07501, 0.09829, 0.1216, 0.1449, 0.1681, 0.1914, 0.2147, 0.238, 0.2613, 0.2845, 0.3078, 0.3311, 0.3544, 0.3777, 0.4009], "examples_quantiles": [{"quantile_name": "Top Activations", "quantile_max_act": 0.3553, "examples": [{"tokens_str_list": [" how", " to", " program", "matically", " and", " automatically", " import", " and", " keep"], "tokens_acts_list": [0, 0, 0, 0, 0.3553, 0, 0, 0, 0], "train_token_ind": 4, "is_repeated_datapoint": 0, "datapoint_ind": 96025454, "ablations": {"loss_ablation": [0, 0, 0, 0, 0, 0.1003, 0, 0, 0], "top_logit_ablation_tokens_str": [["<META>", "<META>", "<META>", "<META>", "<META>", "aline", "<META>", "<META>", "<META>"], ["<EOT>", "<EOT>", "<EOT>", "<EOT>", "<EOT>", "oned", "<EOT>", "<EOT>", "<EOT>"], ["<META_START>", "<META_START>", "<META_START>", "<META_START>", "<META_START>", " DAMAGES", "<META_START>", "<META_START>", "<META_START>"], ["<SOS>", "<SOS>", "<SOS>", "<SOS>", "<SOS>", "istically", "<SOS>", "<SOS>", "<SOS>"], ["<META_END>", "<META_END>", "<META_END>", "<META_END>", "<META_END>", " cref", "<META_END>", "<META_END>", "<META_END>"]], "bottom_logit_ablation_tokens_str": [["<META>", "<META>", "<META>", "<META>", "<META>", "pone", "<META>", "<META>", "<META>"], ["<EOT>", "<EOT>", "<EOT>", "<EOT>", "<EOT>", " Wales", "<EOT>", "<EOT>", "<EOT>"], ["<META_START>", "<META_START>", "<META_START>", "<META_START>", "<META_START>", "TING", "<META_START>", "<META_START>", "<META_START>"], ["<SOS>", "<SOS>", "<SOS>", "<SOS>", "<SOS>", "flies", "<SOS>", "<SOS>", "<SOS>"], ["<META_END>", "<META_END>", "<META_END>", "<META_END>", "<META_END>", "ERIC", "<META_END>", "<META_END>", "<META_END>"]], "top_logit_ablation_values": [[0, 0, 0, 0, 0, 0.4749, 0, 0, 0], [0, 0, 0, 0, 0, 0.4343, 0, 0, 0], [0, 0, 0, 0, 0, 0.4341, 0, 0, 0], [0, 0, 0, 0, 0, 0.4248, 0, 0, 0], [0, 0, 0, 0, 0, 0.4114, 0, 0, 0]], "bottom_logit_ablation_values": [[0, 0, 0, 0, 0, -0.2297, 0, 0, 0], [0, 0, 0, 0, 0, -0.2076, 0, 0, 0], [0, 0, 0, 0, 0, -0.2008, 0, 0, 0], [0, 0, 0, 0, 0, -0.1959, 0, 0, 0], [0, 0, 0, 0, 0, -0.1956, 0, 0, 0]], "residual_loss_ablation": [4.796, 1.332, 2.185, 9.151, -1.486, -0.3993, -0.3291, 0.8387, 0]}}]}], "statistics": {"density_frac": 1e-08, "global_max_act": 0.3553, "abs_max_neuron_weights": [-0.1194, 0.1166, -0.115], "abs_max_neuron_inds": [142, 141, 76], "l1_max_neuron_weights": [0.006429, 0.006282, 0.006195]}, "logit_effects": {"negatives": [["ful", -0.3943], ["istem", -0.4121], ["ments", -0.4177], ["vik", -0.4262], ["rex", -0.4355], [" cref", -0.4415], ["istically", -0.4614], [" DAMAGES", -0.464], ["oned", -0.4742], ["aline", -0.5303]], "positives": [["pone", 0.4009], [" Wales", 0.3796], ["flies", 0.3733], ["TING", 0.3704], ["ERIC", 0.3695], ["_**", 0.3669], ["stones", 0.3583], ["isecond", 0.3582], ["\\x92", 0.358], ["htags", 0.357]]}}