{"index": 1590, "act_buckets": [0, 1, 1, 0, 0, 0, 0, 1, 0, 0, 0, 0, 0, 0, 0, 1, 1, 0, 0, 0, 0, 0, 0, 0, 0, 0, 1, 0, 0, 0, 0, 0, 0, 0, 0, 0, 0, 1, 0, 1], "act_bucket_edges": [0, 0.005302, 0.0106, 0.01591, 0.02121, 0.02651, 0.03181, 0.03711, 0.04242, 0.04772, 0.05302, 0.05832, 0.06363, 0.06893, 0.07423, 0.07953, 0.08483, 0.09014, 0.09544, 0.1007, 0.106, 0.1113, 0.1166, 0.1219, 0.1273, 0.1326, 0.1379, 0.1432, 0.1485, 0.1538, 0.1591, 0.1644, 0.1697, 0.175, 0.1803, 0.1856, 0.1909, 0.1962, 0.2015, 0.2068, 0.2121], "logit_buckets": [2, 3, 5, 16, 17, 33, 47, 65, 120, 177, 224, 364, 508, 773, 1173, 3447, 3792, 4552, 5735, 6882, 7393, 7508, 6719, 5511, 3690, 2646, 1634, 1003, 642, 358, 232, 122, 65, 30, 29, 11, 7, 0, 0, 1], "logit_bucket_edges": [-0.5422, -0.5159, -0.4897, -0.4635, -0.4372, -0.411, -0.3848, -0.3585, -0.3323, -0.3061, -0.2798, -0.2536, -0.2273, -0.2011, -0.1749, -0.1486, -0.1224, -0.09616, -0.06992, -0.04368, -0.01745, 0.008791, 0.03503, 0.06127, 0.0875, 0.1137, 0.14, 0.1662, 0.1924, 0.2187, 0.2449, 0.2712, 0.2974, 0.3236, 0.3499, 0.3761, 0.4023, 0.4286, 0.4548, 0.4811, 0.5073], "examples_quantiles": [{"quantile_name": "Top Activations", "quantile_max_act": 0.2121, "examples": [{"tokens_str_list": ["85", "156", "167", "01", "]^", "\n", "\n", "Add", "ition"], "tokens_acts_list": [0, 0, 0, 0, 0.2121, 0, 0, 0, 0], "train_token_ind": 4, "is_repeated_datapoint": 0, "datapoint_ind": 69596874, "ablations": {"loss_ablation": [0, 0, 0, 0, 0, 0.1277, 0, 0, 0], "top_logit_ablation_tokens_str": [["<META>", "<META>", "<META>", "<META>", "<META>", "ories", "<META>", "<META>", "<META>"], ["<EOT>", "<EOT>", "<EOT>", "<EOT>", "<EOT>", "rels", "<EOT>", "<EOT>", "<EOT>"], ["<META_START>", "<META_START>", "<META_START>", "<META_START>", "<META_START>", "ped", "<META_START>", "<META_START>", "<META_START>"], ["<SOS>", "<SOS>", "<SOS>", "<SOS>", "<SOS>", "rung", "<SOS>", "<SOS>", "<SOS>"], ["<META_END>", "<META_END>", "<META_END>", "<META_END>", "<META_END>", "icism", "<META_END>", "<META_END>", "<META_END>"]], "bottom_logit_ablation_tokens_str": [["<META>", "<META>", "<META>", "<META>", "<META>", " LICENSE", "<META>", "<META>", "<META>"], ["<EOT>", "<EOT>", "<EOT>", "<EOT>", "<EOT>", "endants", "<EOT>", "<EOT>", "<EOT>"], ["<META_START>", "<META_START>", "<META_START>", "<META_START>", "<META_START>", "\t", "<META_START>", "<META_START>", "<META_START>"], ["<SOS>", "<SOS>", "<SOS>", "<SOS>", "<SOS>", "\n      ", "<SOS>", "<SOS>", "<SOS>"], ["<META_END>", "<META_END>", "<META_END>", "<META_END>", "<META_END>", "erative", "<META_END>", "<META_END>", "<META_END>"]], "top_logit_ablation_values": [[0, 0, 0, 0, 0, 0.3046, 0, 0, 0], [0, 0, 0, 0, 0, 0.2939, 0, 0, 0], [0, 0, 0, 0, 0, 0.2817, 0, 0, 0], [0, 0, 0, 0, 0, 0.2808, 0, 0, 0], [0, 0, 0, 0, 0, 0.2766, 0, 0, 0]], "bottom_logit_ablation_values": [[0, 0, 0, 0, 0, -0.17, 0, 0, 0], [0, 0, 0, 0, 0, -0.1376, 0, 0, 0], [0, 0, 0, 0, 0, -0.1286, 0, 0, 0], [0, 0, 0, 0, 0, -0.1265, 0, 0, 0], [0, 0, 0, 0, 0, -0.126, 0, 0, 0]], "residual_loss_ablation": [0.218, -0.06385, 0.6049, 0.03528, 6.34, 0.687, -0.03075, 0.04768, 0]}}, {"tokens_str_list": [" damage", " (", "MD", ").", "**", " (", "A", ")", " The"], "tokens_acts_list": [0, 0, 0, 0, 0.1995, 0, 0, 0, 0], "train_token_ind": 4, "is_repeated_datapoint": 0, "datapoint_ind": 42413622, "ablations": {"loss_ablation": [0, 0, 0, 0, 0, -0.09085, 0, 0, 0], "top_logit_ablation_tokens_str": [["<META>", "<META>", "<META>", "<META>", "<META>", "ories", "<META>", "<META>", "<META>"], ["<EOT>", "<EOT>", "<EOT>", "<EOT>", "<EOT>", "rels", "<EOT>", "<EOT>", "<EOT>"], ["<META_START>", "<META_START>", "<META_START>", "<META_START>", "<META_START>", "ped", "<META_START>", "<META_START>", "<META_START>"], ["<SOS>", "<SOS>", "<SOS>", "<SOS>", "<SOS>", "rung", "<SOS>", "<SOS>", "<SOS>"], ["<META_END>", "<META_END>", "<META_END>", "<META_END>", "<META_END>", "icism", "<META_END>", "<META_END>", "<META_END>"]], "bottom_logit_ablation_tokens_str": [["<META>", "<META>", "<META>", "<META>", "<META>", " LICENSE", "<META>", "<META>", "<META>"], ["<EOT>", "<EOT>", "<EOT>", "<EOT>", "<EOT>", "endants", "<EOT>", "<EOT>", "<EOT>"], ["<META_START>", "<META_START>", "<META_START>", "<META_START>", "<META_START>", "IED", "<META_START>", "<META_START>", "<META_START>"], ["<SOS>", "<SOS>", "<SOS>", "<SOS>", "<SOS>", "\t", "<SOS>", "<SOS>", "<SOS>"], ["<META_END>", "<META_END>", "<META_END>", "<META_END>", "<META_END>", "<!--", "<META_END>", "<META_END>", "<META_END>"]], "top_logit_ablation_values": [[0, 0, 0, 0, 0, 0.2789, 0, 0, 0], [0, 0, 0, 0, 0, 0.2706, 0, 0, 0], [0, 0, 0, 0, 0, 0.263, 0, 0, 0], [0, 0, 0, 0, 0, 0.2609, 0, 0, 0], [0, 0, 0, 0, 0, 0.2583, 0, 0, 0]], "bottom_logit_ablation_values": [[0, 0, 0, 0, 0, -0.1597, 0, 0, 0], [0, 0, 0, 0, 0, -0.1238, 0, 0, 0], [0, 0, 0, 0, 0, -0.1201, 0, 0, 0], [0, 0, 0, 0, 0, -0.1191, 0, 0, 0], [0, 0, 0, 0, 0, -0.1162, 0, 0, 0]], "residual_loss_ablation": [2.703, -1.247, 0.4048, -0.9549, 1.596, -2.211, -1.247, 0.7785, 0]}}, {"tokens_str_list": [" honour", "?", "\n", "\n", "CAPT", ".", " If", " what", "?"], "tokens_acts_list": [0, 0, 0, 0, 0.138, 0, 0, 0, 0], "train_token_ind": 4, "is_repeated_datapoint": 0, "datapoint_ind": 30684117, "ablations": {"loss_ablation": [0, 0, 0, 0, 0, -0.06518, 0, 0, 0], "top_logit_ablation_tokens_str": [["<META>", "<META>", "<META>", "<META>", "<META>", "ories", "<META>", "<META>", "<META>"], ["<EOT>", "<EOT>", "<EOT>", "<EOT>", "<EOT>", "rels", "<EOT>", "<EOT>", "<EOT>"], ["<META_START>", "<META_START>", "<META_START>", "<META_START>", "<META_START>", "ped", "<META_START>", "<META_START>", "<META_START>"], ["<SOS>", "<SOS>", "<SOS>", "<SOS>", "<SOS>", "icism", "<SOS>", "<SOS>", "<SOS>"], ["<META_END>", "<META_END>", "<META_END>", "<META_END>", "<META_END>", "rung", "<META_END>", "<META_END>", "<META_END>"]], "bottom_logit_ablation_tokens_str": [["<META>", "<META>", "<META>", "<META>", "<META>", " LICENSE", "<META>", "<META>", "<META>"], ["<EOT>", "<EOT>", "<EOT>", "<EOT>", "<EOT>", "endants", "<EOT>", "<EOT>", "<EOT>"], ["<META_START>", "<META_START>", "<META_START>", "<META_START>", "<META_START>", "unidade", "<META_START>", "<META_START>", "<META_START>"], ["<SOS>", "<SOS>", "<SOS>", "<SOS>", "<SOS>", "\t", "<SOS>", "<SOS>", "<SOS>"], ["<META_END>", "<META_END>", "<META_END>", "<META_END>", "<META_END>", "atives", "<META_END>", "<META_END>", "<META_END>"]], "top_logit_ablation_values": [[0, 0, 0, 0, 0, 0.1758, 0, 0, 0], [0, 0, 0, 0, 0, 0.1636, 0, 0, 0], [0, 0, 0, 0, 0, 0.1588, 0, 0, 0], [0, 0, 0, 0, 0, 0.1585, 0, 0, 0], [0, 0, 0, 0, 0, 0.1579, 0, 0, 0]], "bottom_logit_ablation_values": [[0, 0, 0, 0, 0, -0.07646, 0, 0, 0], [0, 0, 0, 0, 0, -0.06254, 0, 0, 0], [0, 0, 0, 0, 0, -0.06087, 0, 0, 0], [0, 0, 0, 0, 0, -0.06015, 0, 0, 0], [0, 0, 0, 0, 0, -0.05884, 0, 0, 0]], "residual_loss_ablation": [1.335, 0.4243, -0.9581, -0.08542, 0.2662, 4.135, 0.8568, -0.1926, 0]}}, {"tokens_str_list": [" on", " the", " same", " console", ".", "\n", "\n", "Pixel", "J"], "tokens_acts_list": [0, 0, 0, 0, 0.08842, 0, 0, 0, 0], "train_token_ind": 4, "is_repeated_datapoint": 0, "datapoint_ind": 78711059, "ablations": {"loss_ablation": [0, 0, 0, 0, 0, 0.03088, 0, 0, 0], "top_logit_ablation_tokens_str": [["<META>", "<META>", "<META>", "<META>", "<META>", "ories", "<META>", "<META>", "<META>"], ["<EOT>", "<EOT>", "<EOT>", "<EOT>", "<EOT>", "rels", "<EOT>", "<EOT>", "<EOT>"], ["<META_START>", "<META_START>", "<META_START>", "<META_START>", "<META_START>", "rung", "<META_START>", "<META_START>", "<META_START>"], ["<SOS>", "<SOS>", "<SOS>", "<SOS>", "<SOS>", "ped", "<SOS>", "<SOS>", "<SOS>"], ["<META_END>", "<META_END>", "<META_END>", "<META_END>", "<META_END>", "rica", "<META_END>", "<META_END>", "<META_END>"]],