{"index": 1617, "act_buckets": [0, 0, 0, 0, 0, 0, 0, 0, 0, 0, 0, 0, 0, 0, 0, 0, 0, 0, 0, 0, 0, 0, 0, 0, 0, 0, 0, 0, 0, 0, 0, 0, 0, 0, 0, 0, 0, 0, 0, 1], "act_bucket_edges": [0, 0.003902, 0.007803, 0.01171, 0.01561, 0.01951, 0.02341, 0.02731, 0.03121, 0.03512, 0.03902, 0.04292, 0.04682, 0.05072, 0.05462, 0.05853, 0.06243, 0.06633, 0.07023, 0.07413, 0.07803, 0.08194, 0.08584, 0.08974, 0.09364, 0.09754, 0.1014, 0.1053, 0.1092, 0.1131, 0.1171, 0.121, 0.1249, 0.1288, 0.1327, 0.1366, 0.1405, 0.1444, 0.1483, 0.1522, 0.1561], "logit_buckets": [1, 1, 4, 4, 5, 13, 19, 21, 37, 60, 88, 115, 196, 254, 392, 565, 740, 1063, 1614, 4808, 4652, 6314, 7935, 9436, 8680, 6871, 4880, 3063, 1769, 1001, 506, 240, 97, 36, 35, 13, 4, 1, 2, 1], "logit_bucket_edges": [-0.7535, -0.7214, -0.6892, -0.657, -0.6248, -0.5926, -0.5605, -0.5283, -0.4961, -0.4639, -0.4317, -0.3996, -0.3674, -0.3352, -0.303, -0.2708, -0.2387, -0.2065, -0.1743, -0.1421, -0.1099, -0.07776, -0.04558, -0.0134, 0.01877, 0.05095, 0.08313, 0.1153, 0.1475, 0.1797, 0.2119, 0.244, 0.2762, 0.3084, 0.3406, 0.3727, 0.4049, 0.4371, 0.4693, 0.5015, 0.5336], "examples_quantiles": [{"quantile_name": "Top Activations", "quantile_max_act": 0.1561, "examples": [{"tokens_str_list": ["\n", "point", "2", " (", " in", " quad", " 1", " on", " the"], "tokens_acts_list": [0, 0, 0, 0, 0.1561, 0, 0, 0, 0], "train_token_ind": 4, "is_repeated_datapoint": 0, "datapoint_ind": 67146897, "ablations": {"loss_ablation": [0, 0, 0, 0, 0, 0.06103, 0, 0, 0], "top_logit_ablation_tokens_str": [["<META>", "<META>", "<META>", "<META>", "<META>", " is", "<META>", "<META>", "<META>"], ["<EOT>", "<EOT>", "<EOT>", "<EOT>", "<EOT>", "ically", "<EOT>", "<EOT>", "<EOT>"], ["<META_START>", "<META_START>", "<META_START>", "<META_START>", "<META_START>", " of", "<META_START>", "<META_START>", "<META_START>"], ["<SOS>", "<SOS>", "<SOS>", "<SOS>", "<SOS>", " in", "<SOS>", "<SOS>", "<SOS>"], ["<META_END>", "<META_END>", "<META_END>", "<META_END>", "<META_END>", " with", "<META_END>", "<META_END>", "<META_END>"]], "bottom_logit_ablation_tokens_str": [["<META>", "<META>", "<META>", "<META>", "<META>", "ortic", "<META>", "<META>", "<META>"], ["<EOT>", "<EOT>", "<EOT>", "<EOT>", "<EOT>", "SHIP", "<EOT>", "<EOT>", "<EOT>"], ["<META_START>", "<META_START>", "<META_START>", "<META_START>", "<META_START>", "spir", "<META_START>", "<META_START>", "<META_START>"], ["<SOS>", "<SOS>", "<SOS>", "<SOS>", "<SOS>", "berry", "<SOS>", "<SOS>", "<SOS>"], ["<META_END>", "<META_END>", "<META_END>", "<META_END>", "<META_END>", "orta", "<META_END>", "<META_END>", "<META_END>"]], "top_logit_ablation_values": [[0, 0, 0, 0, 0, 0.2829, 0, 0, 0], [0, 0, 0, 0, 0, 0.27, 0, 0, 0], [0, 0, 0, 0, 0, 0.2531, 0, 0, 0], [0, 0, 0, 0, 0, 0.2463, 0, 0, 0], [0, 0, 0, 0, 0, 0.2455, 0, 0, 0]], "bottom_logit_ablation_values": [[0, 0, 0, 0, 0, -0.1227, 0, 0, 0], [0, 0, 0, 0, 0, -0.1032, 0, 0, 0], [0, 0, 0, 0, 0, -0.101, 0, 0, 0], [0, 0, 0, 0, 0, -0.09852, 0, 0, 0], [0, 0, 0, 0, 0, -0.09332, 0, 0, 0]], "residual_loss_ablation": [-0.5957, 3.135, 0.6027, 1.152, 2.516, 1.228, 1.559, -0.05333, 0]}}]}], "statistics": {"density_frac": 1e-08, "global_max_act": 0.1561, "abs_max_neuron_weights": [0.2269, 0.1803, 0.1342], "abs_max_neuron_inds": [192, 348, 112], "l1_max_neuron_weights": [0.01229, 0.009765, 0.00727]}, "logit_effects": {"negatives": [[" in", -0.6343], [" on", -0.6381], [" who", -0.644], [" from", -0.6475], [" with", -0.6575], ["ically", -0.6625], [" where", -0.6674], [" itself", -0.668], [" which", -0.6916], [" is", -0.7535]], "positives": [["ortic", 0.5336], ["SHIP", 0.4795], ["abeth", 0.47], ["berry", 0.451], ["orta", 0.4357], ["spir", 0.4265], ["borough", 0.4088], ["compan", 0.4056], ["eros", 0.4043], ["mo", 0.397]]}}