{"index": 1646, "act_buckets": [0, 0, 0, 0, 0, 0, 0, 1, 0, 0, 0, 0, 0, 0, 0, 0, 0, 0, 0, 0, 0, 0, 0, 0, 0, 0, 0, 0, 0, 0, 0, 0, 0, 0, 0, 0, 0, 0, 0, 1], "act_bucket_edges": [0, 0.003441, 0.006883, 0.01032, 0.01377, 0.01721, 0.02065, 0.02409, 0.02753, 0.03097, 0.03441, 0.03785, 0.0413, 0.04474, 0.04818, 0.05162, 0.05506, 0.0585, 0.06194, 0.06539, 0.06883, 0.07227, 0.07571, 0.07915, 0.08259, 0.08603, 0.08947, 0.09292, 0.09636, 0.0998, 0.1032, 0.1067, 0.1101, 0.1136, 0.117, 0.1204, 0.1239, 0.1273, 0.1308, 0.1342, 0.1377], "logit_buckets": [1, 0, 0, 0, 1, 2, 7, 16, 23, 57, 91, 154, 2354, 1248, 1506, 1990, 2752, 3775, 4924, 5911, 6697, 6707, 6362, 5636, 4631, 3817, 2679, 1795, 1019, 624, 342, 188, 109, 52, 30, 19, 7, 4, 2, 4], "logit_bucket_edges": [-0.5337, -0.5086, -0.4834, -0.4582, -0.433, -0.4078, -0.3826, -0.3575, -0.3323, -0.3071, -0.2819, -0.2567, -0.2315, -0.2064, -0.1812, -0.156, -0.1308, -0.1056, -0.08045, -0.05526, -0.03008, -0.004898, 0.02029, 0.04547, 0.07065, 0.09583, 0.121, 0.1462, 0.1714, 0.1966, 0.2218, 0.2469, 0.2721, 0.2973, 0.3225, 0.3477, 0.3729, 0.398, 0.4232, 0.4484, 0.4736], "examples_quantiles": [{"quantile_name": "Top Activations", "quantile_max_act": 0.1377, "examples": [{"tokens_str_list": ["utions", "g", "arden", " haben", " eigenen", " Ang", "ab", "en", " z"], "tokens_acts_list": [0, 0, 0, 0, 0.1377, 0, 0, 0, 0], "train_token_ind": 4, "is_repeated_datapoint": 0, "datapoint_ind": 52488572, "ablations": {"loss_ablation": [0, 0, 0, 0, 0, 0.02456, 0, 0, 0], "top_logit_ablation_tokens_str": [["<META>", "<META>", "<META>", "<META>", "<META>", "documentclass", "<META>", "<META>", "<META>"], ["<EOT>", "<EOT>", "<EOT>", "<EOT>", "<EOT>", "ifies", "<EOT>", "<EOT>", "<EOT>"], ["<META_START>", "<META_START>", "<META_START>", "<META_START>", "<META_START>", "Collect", "<META_START>", "<META_START>", "<META_START>"], ["<SOS>", "<SOS>", "<SOS>", "<SOS>", "<SOS>", "esses", "<SOS>", "<SOS>", "<SOS>"], ["<META_END>", "<META_END>", "<META_END>", "<META_END>", "<META_END>", "Express", "<META_END>", "<META_END>", "<META_END>"]], "bottom_logit_ablation_tokens_str": [["<META>", "<META>", "<META>", "<META>", "<META>", "cle", "<META>", "<META>", "<META>"], ["<EOT>", "<EOT>", "<EOT>", "<EOT>", "<EOT>", "\\xbe", "<EOT>", "<EOT>", "<EOT>"], ["<META_START>", "<META_START>", "<META_START>", "<META_START>", "<META_START>", "osph", "<META_START>", "<META_START>", "<META_START>"], ["<SOS>", "<SOS>", "<SOS>", "<SOS>", "<SOS>", ".),", "<SOS>", "<SOS>", "<SOS>"], ["<META_END>", "<META_END>", "<META_END>", "<META_END>", "<META_END>", "\\xb7", "<META_END>", "<META_END>", "<META_END>"]], "top_logit_ablation_values": [[0, 0, 0, 0, 0, 0.125, 0, 0, 0], [0, 0, 0, 0, 0, 0.1018, 0, 0, 0], [0, 0, 0, 0, 0, 0.09941, 0, 0, 0], [0, 0, 0, 0, 0, 0.09901, 0, 0, 0], [0, 0, 0, 0, 0, 0.09856, 0, 0, 0]], "bottom_logit_ablation_values": [[0, 0, 0, 0, 0, -0.06703, 0, 0, 0], [0, 0, 0, 0, 0, -0.0659, 0, 0, 0], [0, 0, 0, 0, 0, -0.063, 0, 0, 0], [0, 0, 0, 0, 0, -0.06075, 0, 0, 0], [0, 0, 0, 0, 0, -0.05887, 0, 0, 0]], "residual_loss_ablation": [4.045, 0.1821, 2.518, -2.041, -2.137, 3.395, 0.5335, -1.203, 0]}}, {"tokens_str_list": [",", " leaving", " the", " two", " elder", " ones", " with", " the", " overse"], "tokens_acts_list": [0, 0, 0, 0, 0.02652, 0, 0, 0, 0], "train_token_ind": 4, "is_repeated_datapoint": 0, "datapoint_ind": 54444800, "ablations": {"loss_ablation": [0, 0, 0, 0, 0, -0.009157, 0, 0, 0], "top_logit_ablation_tokens_str": [["<META>", "<META>", "<META>", "<META>", "<META>", "documentclass", "<META>", "<META>", "<META>"], ["<EOT>", "<EOT>", "<EOT>", "<EOT>", "<EOT>", " Pradesh", "<EOT>", "<EOT>", "<EOT>"], ["<META_START>", "<META_START>", "<META_START>", "<META_START>", "<META_START>", "uded", "<META_START>", "<META_START>", "<META_START>"], ["<SOS>", "<SOS>", "<SOS>", "<SOS>", "<SOS>", "isted", "<SOS>", "<SOS>", "<SOS>"], ["<META_END>", "<META_END>", "<META_END>", "<META_END>", "<META_END>", "esses", "<META_END>", "<META_END>", "<META_END>"]], "bottom_logit_ablation_tokens_str": [["<META>", "<META>", "<META>", "<META>", "<META>", ")", "<META>", "<META>", "<META>"], ["<EOT>", "<EOT>", "<EOT>", "<EOT>", "<EOT>", ").", "<EOT>", "<EOT>", "<EOT>"], ["<META_START>", "<META_START>", "<META_START>", "<META_START>", "<META_START>", "rop", "<META_START>", "<META_START>", "<META_START>"], ["<SOS>", "<SOS>", "<SOS>", "<SOS>", "<SOS>", "pt", "<SOS>", "<SOS>", "<SOS>"], ["<META_END>", "<META_END>", "<META_END>", "<META_END>", "<META_END>", "),", "<META_END>", "<META_END>", "<META_END>"]], "top_logit_ablation_values": [[0, 0, 0, 0, 0, 0.03278, 0, 0, 0], [0, 0, 0, 0, 0, 0.03131, 0, 0, 0], [0, 0, 0, 0, 0, 0.03095, 0, 0, 0], [0, 0, 0, 0, 0, 0.03058, 0, 0, 0], [0, 0, 0, 0, 0, 0.03043, 0, 0, 0]], "bottom_logit_ablation_values": [[0, 0, 0, 0, 0, -0.02112, 0, 0, 0], [0, 0, 0, 0, 0, -0.01498, 0, 0, 0], [0, 0, 0, 0, 0, -0.01459, 0, 0, 0], [0, 0, 0, 0, 0, -0.01454, 0, 0, 0], [0, 0, 0, 0, 0, -0.01453, 0, 0, 0]], "residual_loss_ablation": [-0.3117, 0.4909, -0.1629, -0.6642, 0.1813, 5.674, -1.16, -0.338, 0]}}]}], "statistics": {"density_frac": 2e-08, "global_max_act": 0.1377, "abs_max_neuron_weights": [-0.1245, 0.1206, 0.1167], "abs_max_neuron_inds": [299, 183, 286], "l1_max_neuron_weights": [0.006826, 0.006612, 0.006396]}, "logit_effects": {"negatives": [["posed", -0.3589], ["Cola", -0.36], ["untarily", -0.3608], ["Collect", -0.3625], ["ifies", -0.3755], ["isted", -0.3777], ["Express", -0.3911], [" Methods", -0.4011], [" Pradesh", -0.4079], ["documentclass", -0.5337]], "positives": [["cle", 0.4736], ["\\xbe", 0.4598], ["osph", 0.4506], [".),", 0.4502], [")", 0.4443], ["\\xb7", 0.4371], ["roc", 0.4093], ["rica", 0.4091], ["rop", 0.3999], ["olin", 0.3998]]}}