{"index": 168, "act_buckets": [0, 0, 0, 0, 0, 0, 1, 0, 0, 0, 0, 0, 0, 0, 0, 0, 0, 0, 0, 0, 0, 0, 0, 0, 0, 0, 0, 0, 0, 0, 0, 0, 0, 0, 0, 0, 0, 0, 0, 1], "act_bucket_edges": [0, 0.004489, 0.008977, 0.01347, 0.01795, 0.02244, 0.02693, 0.03142, 0.03591, 0.0404, 0.04489, 0.04937, 0.05386, 0.05835, 0.06284, 0.06733, 0.07182, 0.07631, 0.08079, 0.08528, 0.08977, 0.09426, 0.09875, 0.1032, 0.1077, 0.1122, 0.1167, 0.1212, 0.1257, 0.1302, 0.1347, 0.1391, 0.1436, 0.1481, 0.1526, 0.1571, 0.1616, 0.1661, 0.1706, 0.1751, 0.1795], "logit_buckets": [1, 0, 1, 1, 0, 3, 9, 21, 40, 73, 132, 200, 324, 525, 959, 1670, 2645, 3996, 5464, 7113, 11590, 9166, 6868, 4876, 3362, 2343, 1610, 1012, 644, 387, 224, 136, 76, 34, 13, 6, 6, 6, 1, 1], "logit_bucket_edges": [-0.5794, -0.5516, -0.5237, -0.4959, -0.468, -0.4402, -0.4123, -0.3845, -0.3567, -0.3288, -0.301, -0.2731, -0.2453, -0.2175, -0.1896, -0.1618, -0.1339, -0.1061, -0.07825, -0.05041, -0.02257, 0.005274, 0.03312, 0.06096, 0.0888, 0.1166, 0.1445, 0.1723, 0.2002, 0.228, 0.2558, 0.2837, 0.3115, 0.3394, 0.3672, 0.3951, 0.4229, 0.4507, 0.4786, 0.5064, 0.5343], "examples_quantiles": [{"quantile_name": "Top Activations", "quantile_max_act": 0.1795, "examples": [{"tokens_str_list": ["ISS", "IP", "PI", "--", "CAPT", "URE", " OF", " ONE", "\n"], "tokens_acts_list": [0, 0, 0, 0, 0.1795, 0, 0, 0, 0], "train_token_ind": 4, "is_repeated_datapoint": 0, "datapoint_ind": 96494549, "ablations": {"loss_ablation": [0, 0, 0, 0, 0, 0.005386, 0, 0, 0], "top_logit_ablation_tokens_str": [["<META>", "<META>", "<META>", "<META>", "<META>", "isms", "<META>", "<META>", "<META>"], ["<EOT>", "<EOT>", "<EOT>", "<EOT>", "<EOT>", "ism", "<EOT>", "<EOT>", "<EOT>"], ["<META_START>", "<META_START>", "<META_START>", "<META_START>", "<META_START>", "arily", "<META_START>", "<META_START>", "<META_START>"], ["<SOS>", "<SOS>", "<SOS>", "<SOS>", "<SOS>", "izes", "<SOS>", "<SOS>", "<SOS>"], ["<META_END>", "<META_END>", "<META_END>", "<META_END>", "<META_END>", "istic", "<META_END>", "<META_END>", "<META_END>"]], "bottom_logit_ablation_tokens_str": [["<META>", "<META>", "<META>", "<META>", "<META>", "ci\u00f3n", "<META>", "<META>", "<META>"], ["<EOT>", "<EOT>", "<EOT>", "<EOT>", "<EOT>", "overnment", "<EOT>", "<EOT>", "<EOT>"], ["<META_START>", "<META_START>", "<META_START>", "<META_START>", "<META_START>", "ighed", "<META_START>", "<META_START>", "<META_START>"], ["<SOS>", "<SOS>", "<SOS>", "<SOS>", "<SOS>", "ured", "<SOS>", "<SOS>", "<SOS>"], ["<META_END>", "<META_END>", "<META_END>", "<META_END>", "<META_END>", "unct", "<META_END>", "<META_END>", "<META_END>"]], "top_logit_ablation_values": [[0, 0, 0, 0, 0, 0.1245, 0, 0, 0], [0, 0, 0, 0, 0, 0.1007, 0, 0, 0], [0, 0, 0, 0, 0, 0.09075, 0, 0, 0], [0, 0, 0, 0, 0, 0.0796, 0, 0, 0], [0, 0, 0, 0, 0, 0.0767, 0, 0, 0]], "bottom_logit_ablation_values": [[0, 0, 0, 0, 0, -0.2056, 0, 0, 0], [0, 0, 0, 0, 0, -0.1946, 0, 0, 0], [0, 0, 0, 0, 0, -0.1925, 0, 0, 0], [0, 0, 0, 0, 0, -0.1919, 0, 0, 0], [0, 0, 0, 0, 0, -0.1897, 0, 0, 0]], "residual_loss_ablation": [2.458, 5.197, 6.249, 1.659, -0.754, -0.2113, 1.392, -1.368, 0]}}, {"tokens_str_list": [" honour", "?", "\n", "\n", "CAPT", ".", " If", " what", "?"], "tokens_acts_list": [0, 0, 0, 0, 0.02812, 0, 0, 0, 0], "train_token_ind": 4, "is_repeated_datapoint": 0, "datapoint_ind": 30684117, "ablations": {"loss_ablation": [0, 0, 0, 0, 0, -0.007611, 0, 0, 0], "top_logit_ablation_tokens_str": [["<META>", "<META>", "<META>", "<META>", "<META>", "isms", "<META>", "<META>", "<META>"], ["<EOT>", "<EOT>", "<EOT>", "<EOT>", "<EOT>", "ism", "<EOT>", "<EOT>", "<EOT>"], ["<META_START>", "<META_START>", "<META_START>", "<META_START>", "<META_START>", " in", "<META_START>", "<META_START>", "<META_START>"], ["<SOS>", "<SOS>", "<SOS>", "<SOS>", "<SOS>", " is", "<SOS>", "<SOS>", "<SOS>"], ["<META_END>", "<META_END>", "<META_END>", "<META_END>", "<META_END>", " as", "<META_END>", "<META_END>", "<META_END>"]], "bottom_logit_ablation_tokens_str": [["<META>", "<META>", "<META>", "<META>", "<META>", "ci\u00f3n", "<META>", "<META>", "<META>"], ["<EOT>", "<EOT>", "<EOT>", "<EOT>", "<EOT>", "overnment", "<EOT>", "<EOT>", "<EOT>"], ["<META_START>", "<META_START>", "<META_START>", "<META_START>", "<META_START>", "unct", "<META_START>", "<META_START>", "<META_START>"], ["<SOS>", "<SOS>", "<SOS>", "<SOS>", "<SOS>", " WARRANTIES", "<SOS>", "<SOS>", "<SOS>"], ["<META_END>", "<META_END>", "<META_END>", "<META_END>", "<META_END>", "ured", "<META_END>", "<META_END>", "<META_END>"]], "top_logit_ablation_values": [[0, 0, 0, 0, 0, 0.0179, 0, 0, 0], [0, 0, 0, 0, 0, 0.0172, 0, 0, 0], [0, 0, 0, 0, 0, 0.01468, 0, 0, 0], [0, 0, 0, 0, 0, 0.01332, 0, 0, 0], [0, 0, 0, 0, 0, 0.01185, 0, 0, 0]], "bottom_logit_ablation_values": [[0, 0, 0, 0, 0, -0.03707, 0, 0, 0], [0, 0, 0, 0, 0, -0.03704, 0, 0, 0], [0, 0, 0, 0, 0, -0.03556, 0, 0, 0], [0, 0, 0, 0, 0, -0.03506, 0, 0, 0], [0, 0, 0, 0, 0, -0.03493, 0, 0, 0]], "residual_loss_ablation": [1.335, 0.4243, -0.9581, -0.08542, 0.2662, 4.135, 0.8568, -0.1926, 0]}}]}], "statistics": {"density_frac": 2e-08, "global_max_act": 0.1795, "abs_max_neuron_weights": [-0.1697, -0.1465, -0.1356], "abs_max_neuron_inds": [356, 103, 64], "l1_max_neuron_weights": [0.009396, 0.008114, 0.007509]}, "logit_effects": {"negatives": [[" could", -0.3916], ["atable", -0.4025], ["(-", -0.4036], ["ingly", -0.4065], ["iratory", -0.4148], ["istic", -0.4153], ["izes", -0.4362], ["arily", -0.4734], ["ism", -0.5], ["isms", -0.5794]], "positives": [["ci\u00f3n", 0.5343], ["overnment", 0.4855], ["ighed", 0.4767], ["ured", 0.4715], ["hum", 0.4692], ["unct", 0.4691], ["osit", 0.4602], ["CKET", 0.4583], ["ENCE", 0.4458], ["cience", 0.4447]]}}