{"index": 1684, "act_buckets": [0, 0, 0, 0, 0, 2, 0, 0, 0, 0, 0, 0, 0, 0, 0, 0, 0, 0, 0, 0, 0, 0, 0, 0, 0, 0, 0, 0, 0, 0, 0, 0, 0, 0, 0, 0, 0, 0, 0, 1], "act_bucket_edges": [0, 0.01243, 0.02485, 0.03728, 0.0497, 0.06213, 0.07455, 0.08698, 0.0994, 0.1118, 0.1243, 0.1367, 0.1491, 0.1615, 0.174, 0.1864, 0.1988, 0.2112, 0.2237, 0.2361, 0.2485, 0.2609, 0.2734, 0.2858, 0.2982, 0.3106, 0.3231, 0.3355, 0.3479, 0.3603, 0.3728, 0.3852, 0.3976, 0.41, 0.4225, 0.4349, 0.4473, 0.4597, 0.4722, 0.4846, 0.497], "logit_buckets": [1, 2, 0, 1, 5, 8, 13, 15, 46, 48, 59, 124, 182, 292, 411, 648, 918, 1487, 2181, 3066, 4132, 5495, 9599, 9271, 7802, 6089, 4611, 3319, 2090, 1423, 904, 526, 338, 195, 124, 53, 27, 19, 7, 5], "logit_bucket_edges": [-0.5441, -0.5209, -0.4977, -0.4744, -0.4512, -0.428, -0.4047, -0.3815, -0.3583, -0.335, -0.3118, -0.2886, -0.2653, -0.2421, -0.2189, -0.1956, -0.1724, -0.1492, -0.1259, -0.1027, -0.07946, -0.05623, -0.033, -0.009764, 0.01347, 0.0367, 0.05993, 0.08317, 0.1064, 0.1296, 0.1529, 0.1761, 0.1993, 0.2226, 0.2458, 0.269, 0.2923, 0.3155, 0.3387, 0.362, 0.3852], "examples_quantiles": [{"quantile_name": "Top Activations", "quantile_max_act": 0.497, "examples": [{"tokens_str_list": [" (-", "8", ")/(-", "12", ")*(-", "145", "66", ")/((-", "7"], "tokens_acts_list": [0, 0, 0, 0, 0.497, 0, 0, 0, 0], "train_token_ind": 4, "is_repeated_datapoint": 0, "datapoint_ind": 5547788, "ablations": {"loss_ablation": [0, 0, 0, 0, 0, 0.05681, 0, 0, 0], "top_logit_ablation_tokens_str": [["<META>", "<META>", "<META>", "<META>", "<META>", " is", "<META>", "<META>", "<META>"], ["<EOT>", "<EOT>", "<EOT>", "<EOT>", "<EOT>", " was", "<EOT>", "<EOT>", "<EOT>"], ["<META_START>", "<META_START>", "<META_START>", "<META_START>", "<META_START>", " has", "<META_START>", "<META_START>", "<META_START>"], ["<SOS>", "<SOS>", "<SOS>", "<SOS>", "<SOS>", " exists", "<SOS>", "<SOS>", "<SOS>"], ["<META_END>", "<META_END>", "<META_END>", "<META_END>", "<META_END>", " should", "<META_END>", "<META_END>", "<META_END>"]], "bottom_logit_ablation_tokens_str": [["<META>", "<META>", "<META>", "<META>", "<META>", "osterone", "<META>", "<META>", "<META>"], ["<EOT>", "<EOT>", "<EOT>", "<EOT>", "<EOT>", "\r", "<EOT>", "<EOT>", "<EOT>"], ["<META_START>", "<META_START>", "<META_START>", "<META_START>", "<META_START>", " -*-", "<META_START>", "<META_START>", "<META_START>"], ["<SOS>", "<SOS>", "<SOS>", "<SOS>", "<SOS>", "itations", "<SOS>", "<SOS>", "<SOS>"], ["<META_END>", "<META_END>", "<META_END>", "<META_END>", "<META_END>", " vocals", "<META_END>", "<META_END>", "<META_END>"]], "top_logit_ablation_values": [[0, 0, 0, 0, 0, 0.2437, 0, 0, 0], [0, 0, 0, 0, 0, 0.2275, 0, 0, 0], [0, 0, 0, 0, 0, 0.2188, 0, 0, 0], [0, 0, 0, 0, 0, 0.2131, 0, 0, 0], [0, 0, 0, 0, 0, 0.1944, 0, 0, 0]], "bottom_logit_ablation_values": [[0, 0, 0, 0, 0, -0.3115, 0, 0, 0], [0, 0, 0, 0, 0, -0.2999, 0, 0, 0], [0, 0, 0, 0, 0, -0.2956, 0, 0, 0], [0, 0, 0, 0, 0, -0.2935, 0, 0, 0], [0, 0, 0, 0, 0, -0.2903, 0, 0, 0]], "residual_loss_ablation": [4.172, -0.1182, 3.626, -0.09521, 0.08316, -0.2478, 2.347, -1.624, 0]}}, {"tokens_str_list": [" mit", "z", "ured", "en", ".\u00ab", "\n", "\n", "\u00bb", "All"], "tokens_acts_list": [0, 0, 0, 0, 0.07232, 0, 0, 0, 0], "train_token_ind": 4, "is_repeated_datapoint": 0, "datapoint_ind": 76851631, "ablations": {"loss_ablation": [0, 0, 0, 0, 0, 0.003698, 0, 0, 0], "top_logit_ablation_tokens_str": [["<META>", "<META>", "<META>", "<META>", "<META>", " is", "<META>", "<META>", "<META>"], ["<EOT>", "<EOT>", "<EOT>", "<EOT>", "<EOT>", " was", "<EOT>", "<EOT>", "<EOT>"], ["<META_START>", "<META_START>", "<META_START>", "<META_START>", "<META_START>", " has", "<META_START>", "<META_START>", "<META_START>"], ["<SOS>", "<SOS>", "<SOS>", "<SOS>", "<SOS>", " exists", "<SOS>", "<SOS>", "<SOS>"], ["<META_END>", "<META_END>", "<META_END>", "<META_END>", "<META_END>", " should", "<META_END>", "<META_END>", "<META_END>"]], "bottom_logit_ablation_tokens_str": [["<META>", "<META>", "<META>", "<META>", "<META>", "\r", "<META>", "<META>", "<META>"], ["<EOT>", "<EOT>", "<EOT>", "<EOT>", "<EOT>", "amsbsy", "<EOT>", "<EOT>", "<EOT>"], ["<META_START>", "<META_START>", "<META_START>", "<META_START>", "<META_START>", "osterone", "<META_START>", "<META_START>", "<META_START>"], ["<SOS>", "<SOS>", "<SOS>", "<SOS>", "<SOS>", "agens", "<SOS>", "<SOS>", "<SOS>"], ["<META_END>", "<META_END>", "<META_END>", "<META_END>", "<META_END>", "\u00e7\u00f5es", "<META_END>", "<META_END>", "<META_END>"]], "top_logit_ablation_values": [[0, 0, 0, 0, 0, 0.04293, 0, 0, 0], [0, 0, 0, 0, 0, 0.04102, 0, 0, 0], [0, 0, 0, 0, 0, 0.03925, 0, 0, 0], [0, 0, 0, 0, 0, 0.032, 0, 0, 0], [0, 0, 0, 0, 0, 0.03177, 0, 0, 0]], "bottom_logit_ablation_values": [[0, 0, 0, 0, 0, -0.04816, 0, 0, 0], [0, 0, 0, 0, 0, -0.04725, 0, 0, 0], [0, 0, 0, 0, 0, -0.04709, 0, 0, 0], [0, 0, 0, 0, 0, -0.0469, 0, 0, 0], [0, 0, 0, 0, 0, -0.04644, 0, 0, 0]], "residual_loss_ablation": [-1.391, 0.6779, 1.498, 2.721, -0.6154, 3.15, 0.161, 5.499, 0]}}, {"tokens_str_list": [" W", "IMP", " candidate", " [@", "SUS", "Y", "DM", "96", ";"], "tokens_acts_list": [0, 0, 0, 0, 0.06867, 0, 0, 0, 0], "train_token_ind": 4, "is_repeated_datapoint": 0, "datapoint_ind": 21789522, "ablations": {"loss_ablation": [0, 0, 0, 0, 0, -0.006415, 0, 0, 0], "top_logit_ablation_tokens_str": [["<META>", "<META>", "<META>", "<META>", "<META>", " is", "<META>", "<META>", "<META>"], ["<EOT>", "<EOT>", "<EOT>", "<EOT>", "<EOT>", " was", "<EOT>", "<EOT>", "<EOT>"], ["<META_START>", "<META_START>", "<META_START>", "<META_START>", "<META_START>", " has", "<META_START>", "<META_START>", "<META_START>"], ["<SOS>", "<SOS>", "<SOS>", "<SOS>", "<SOS>", "ization", "<SOS>", "<SOS>", "<SOS>"], ["<META_END>", "<META_END>", "<META_END>", "<META_END>", "<META_END>", " exists", "<META_END>", "<META_END>", "<META_END>"]], "bottom_logit_ablation_tokens_str": [["<META>", "<META>", "<META>", "<META>", "<META>", "osterone", "<META>", "<META>", "<META>"], ["<EOT>", "<EOT>", "<EOT>", "<EOT>", "<EOT>", "\r", "<EOT>", "<EOT>", "<EOT>"], ["<META_START>", "<META_START>", "<META_START>", "<META_START>", "<META_START>", " vocals", "<META_START>", "<META_START>", "<META_START>"], ["<SOS>", "<SOS>", "<SOS>", "<SOS>", "<SOS>", "amsbsy", "<SOS>", "<SOS>", "<SOS>"], ["<META_END>", "<META_END>", "<META_END>", "<META_END>", "<META_END>", " -*-", "<META_END>", "<META_END>", "<META_END>"]], "top_logit_ablation_values": [[0, 0, 0, 0, 0, 0.03819, 0, 0, 0], [0, 0, 0, 0, 0, 0.0381, 0, 0, 0], [0, 0, 0, 0, 0, 0.03573, 0, 0, 0], [0, 0, 0, 0, 0, 0.03096, 0, 0, 0], [0, 0, 0, 0, 0, 0.03009, 0, 0, 0]], "bottom_logit_ablation_values": [[0, 0, 0, 0, 0, -0.05175, 0, 0, 0], [0, 0, 0, 0, 0, -0.05137, 0, 0, 0], [0, 0, 0, 0, 0, -0.05076, 0, 0, 0], [0, 0, 0, 0, 0, -0.05006, 0, 0, 0], [0, 0, 0, 0, 0, -0.05005, 0, 0, 0]], "residual_loss_ablation": [0.8134, 5.898, 1.826, 1.974, 0.411, 2.42, 1.521, -1.362, 0]}}]}], "statistics": {"density_frac": 3e-08, "global_max_act": 0.497, "abs_max_neuron_weights": [-0.1496, -0.1299, 0.1297], "abs_max_neuron_inds": [388, 240, 274], "l1_max_neuron_weights": [0.008277, 0.007188, 0.00718]}, "logit_effects": {"negatives": [[">", -0.4242], [" does", -0.4341], [" must", -0.4351], [" belongs", -0.437], [" should", -0.4463], ["ization", -0.4479], [" exists", -0.4634], [" has", -0.5139], [" was", -0.5209], [" is", -0.5441]], "positives": [["\r", 0.3852], ["osterone", 0.38], ["amsbsy", 0.3771], [" vocals", 0.3731], [" -*-", 0.3647], ["\r\n\r", 0.3593], ["itations", 0.3541], [" trademarks", 0.3478], ["radas", 0.3445], ["iley", 0.3423]]}}