{"index": 1702, "act_buckets": [0, 0, 0, 1, 0, 1, 0, 0, 0, 0, 0, 0, 0, 0, 0, 0, 0, 0, 0, 0, 0, 0, 0, 0, 0, 0, 0, 0, 0, 0, 0, 0, 0, 0, 0, 0, 0, 0, 0, 1], "act_bucket_edges": [0, 0.01623, 0.03245, 0.04868, 0.0649, 0.08113, 0.09735, 0.1136, 0.1298, 0.146, 0.1623, 0.1785, 0.1947, 0.2109, 0.2272, 0.2434, 0.2596, 0.2758, 0.2921, 0.3083, 0.3245, 0.3407, 0.357, 0.3732, 0.3894, 0.4056, 0.4219, 0.4381, 0.4543, 0.4705, 0.4868, 0.503, 0.5192, 0.5354, 0.5517, 0.5679, 0.5841, 0.6003, 0.6166, 0.6328, 0.649], "logit_buckets": [2, 4, 2, 5, 10, 9, 26, 31, 50, 84, 140, 188, 320, 462, 717, 1005, 1445, 2057, 2957, 4017, 4781, 5824, 6700, 10470, 7539, 5734, 4157, 2869, 1729, 961, 552, 323, 188, 78, 42, 25, 15, 8, 4, 5], "logit_bucket_edges": [-0.4878, -0.4668, -0.4458, -0.4248, -0.4038, -0.3828, -0.3618, -0.3408, -0.3198, -0.2987, -0.2777, -0.2567, -0.2357, -0.2147, -0.1937, -0.1727, -0.1517, -0.1307, -0.1097, -0.08868, -0.06768, -0.04667, -0.02566, -0.004655, 0.01635, 0.03736, 0.05837, 0.07937, 0.1004, 0.1214, 0.1424, 0.1634, 0.1844, 0.2054, 0.2264, 0.2474, 0.2684, 0.2894, 0.3104, 0.3315, 0.3525], "examples_quantiles": [{"quantile_name": "Top Activations", "quantile_max_act": 0.649, "examples": [{"tokens_str_list": [" old", " topic", " (", "not", " entirely", " sure", " why", " thats", " a"], "tokens_acts_list": [0, 0, 0, 0, 0.649, 0, 0, 0, 0], "train_token_ind": 4, "is_repeated_datapoint": 0, "datapoint_ind": 72925984, "ablations": {"loss_ablation": [0, 0, 0, 0, 0, 0.1312, 0, 0, 0], "top_logit_ablation_tokens_str": [["<META>", "<META>", "<META>", "<META>", "<META>", "ous", "<META>", "<META>", "<META>"], ["<EOT>", "<EOT>", "<EOT>", "<EOT>", "<EOT>", "ically", "<EOT>", "<EOT>", "<EOT>"], ["<META_START>", "<META_START>", "<META_START>", "<META_START>", "<META_START>", " is", "<META_START>", "<META_START>", "<META_START>"], ["<SOS>", "<SOS>", "<SOS>", "<SOS>", "<SOS>", "ists", "<SOS>", "<SOS>", "<SOS>"], ["<META_END>", "<META_END>", "<META_END>", "<META_END>", "<META_END>", "rile", "<META_END>", "<META_END>", "<META_END>"]], "bottom_logit_ablation_tokens_str": [["<META>", "<META>", "<META>", "<META>", "<META>", "sive", "<META>", "<META>", "<META>"], ["<EOT>", "<EOT>", "<EOT>", "<EOT>", "<EOT>", ",\u2019", "<EOT>", "<EOT>", "<EOT>"], ["<META_START>", "<META_START>", "<META_START>", "<META_START>", "<META_START>", "pins", "<META_START>", "<META_START>", "<META_START>"], ["<SOS>", "<SOS>", "<SOS>", "<SOS>", "<SOS>", "wrap", "<SOS>", "<SOS>", "<SOS>"], ["<META_END>", "<META_END>", "<META_END>", "<META_END>", "<META_END>", "?\u2019", "<META_END>", "<META_END>", "<META_END>"]], "top_logit_ablation_values": [[0, 0, 0, 0, 0, 0.9337, 0, 0, 0], [0, 0, 0, 0, 0, 0.9271, 0, 0, 0], [0, 0, 0, 0, 0, 0.9121, 0, 0, 0], [0, 0, 0, 0, 0, 0.9092, 0, 0, 0], [0, 0, 0, 0, 0, 0.8956, 0, 0, 0]], "bottom_logit_ablation_values": [[0, 0, 0, 0, 0, -0.05425, 0, 0, 0], [0, 0, 0, 0, 0, -0.05278, 0, 0, 0], [0, 0, 0, 0, 0, -0.03113, 0, 0, 0], [0, 0, 0, 0, 0, -0.03028, 0, 0, 0], [0, 0, 0, 0, 0, -0.02735, 0, 0, 0]], "residual_loss_ablation": [1.649, -0.9952, -0.2815, -0.6566, -1.431, 7.321, -0.4655, 0.3301, 0]}}, {"tokens_str_list": ["'t", " happen", " (", "bas", "ically", ":", " have", " Google", " Home"], "tokens_acts_list": [0, 0, 0, 0, 0.08584, 0, 0, 0, 0], "train_token_ind": 4, "is_repeated_datapoint": 0, "datapoint_ind": 48945458, "ablations": {"loss_ablation": [0, 0, 0, 0, 0, -0.007523, 0, 0, 0], "top_logit_ablation_tokens_str": [["<META>", "<META>", "<META>", "<META>", "<META>", " is", "<META>", "<META>", "<META>"], ["<EOT>", "<EOT>", "<EOT>", "<EOT>", "<EOT>", "ically", "<EOT>", "<EOT>", "<EOT>"], ["<META_START>", "<META_START>", "<META_START>", "<META_START>", "<META_START>", "ists", "<META_START>", "<META_START>", "<META_START>"], ["<SOS>", "<SOS>", "<SOS>", "<SOS>", "<SOS>", "ostic", "<SOS>", "<SOS>", "<SOS>"], ["<META_END>", "<META_END>", "<META_END>", "<META_END>", "<META_END>", "ous", "<META_END>", "<META_END>", "<META_END>"]], "bottom_logit_ablation_tokens_str": [["<META>", "<META>", "<META>", "<META>", "<META>", "sive", "<META>", "<META>", "<META>"], ["<EOT>", "<EOT>", "<EOT>", "<EOT>", "<EOT>", "pins", "<EOT>", "<EOT>", "<EOT>"], ["<META_START>", "<META_START>", "<META_START>", "<META_START>", "<META_START>", ",\u2019", "<META_START>", "<META_START>", "<META_START>"], ["<SOS>", "<SOS>", "<SOS>", "<SOS>", "<SOS>", "wrap", "<SOS>", "<SOS>", "<SOS>"], ["<META_END>", "<META_END>", "<META_END>", "<META_END>", "<META_END>", "board", "<META_END>", "<META_END>", "<META_END>"]], "top_logit_ablation_values": [[0, 0, 0, 0, 0, 0.1112, 0, 0, 0], [0, 0, 0, 0, 0, 0.1102, 0, 0, 0], [0, 0, 0, 0, 0, 0.108, 0, 0, 0], [0, 0, 0, 0, 0, 0.1078, 0, 0, 0], [0, 0, 0, 0, 0, 0.107, 0, 0, 0]], "bottom_logit_ablation_values": [[0, 0, 0, 0, 0, -0.008989, 0, 0, 0], [0, 0, 0, 0, 0, -0.004122, 0, 0, 0], [0, 0, 0, 0, 0, -0.00232, 0, 0, 0], [0, 0, 0, 0, 0, -0.001189, 0, 0, 0], [0, 0, 0, 0, 0, -0.0002449, 0, 0, 0]], "residual_loss_ablation": [-0.01057, 3.387, 1.489, 0.1509, 9.419, 0.1511, 0.1453, 2.102, 0]}}, {"tokens_str_list": [" to", " imagine", " that", " s", "Os", " saw", " the", " game", " and"], "tokens_acts_list": [0, 0, 0, 0, 0.05881, 0, 0, 0, 0], "train_token_ind": 4, "is_repeated_datapoint": 0, "datapoint_ind": 71398568, "ablations": {"loss_ablation": [0, 0, 0, 0, 0, 0.002322, 0, 0, 0], "top_logit_ablation_tokens_str": [["<META>", "<META>", "<META>", "<META>", "<META>", " is", "<META>", "<META>", "<META>"], ["<EOT>", "<EOT>", "<EOT>", "<EOT>", "<EOT>", "ous", "<EOT>", "<EOT>", "<EOT>"], ["<META_START>", "<META_START>", "<META_START>", "<META_START>", "<META_START>", "ists", "<META_START>", "<META_START>", "<META_START>"], ["<SOS>", "<SOS>", "<SOS>", "<SOS>", "<SOS>", "ically", "<SOS>", "<SOS>", "<SOS>"], ["<META_END>", "<META_END>", "<META_END>", "<META_END>", "<META_END>", "ured", "<META_END>", "<META_END>", "<META_END>"]], "bottom_logit_ablation_tokens_str": [["<META>", "<META>", "<META>", "<META>", "<META>", ",\u2019", "<META>", "<META>", "<META>"], ["<EOT>", "<EOT>", "<EOT>", "<EOT>", "<EOT>", "?\u2019", "<EOT>", "<EOT>", "<EOT>"], ["<META_START>", "<META_START>", "<META_START>", "<META_START>", "<META_START>", "sive", "<META_START>", "<META_START>", "<META_START>"], ["<SOS>", "<SOS>", "<SOS>", "<SOS>", "<SOS>", "backer", "<SOS>", "<SOS>", "<SOS>"], ["<META_END>", "<META_END>", "<META_END>", "<META_END>", "<META_END>", "ftime", "<META_END>", "<META_END>", "<META_END>"]], "top_logit_ablation_values": [[0, 0, 0, 0, 0, 0.08567, 0, 0, 0], [0, 0, 0, 0, 0, 0.08389, 0, 0, 0], [0, 0, 0, 0, 0, 0.08151, 0, 0, 0], [0, 0, 0, 0, 0, 0.08088, 0, 0, 0], [0, 0, 0, 0, 0, 0.08001, 0, 0, 0]], "bottom_logit_ablation_values": [[0, 0, 0, 0, 0, -0.01297, 0, 0, 0], [0, 0, 0, 0, 0, -0.01239, 0, 0, 0], [0, 0, 0, 0, 0, -0.01094, 0, 0, 0], [0, 0, 0, 0, 0, -0.01092, 0, 0, 0], [0, 0, 0, 0, 0, -0.01027, 0, 0, 0]], "residual_loss_ablation": [1.05, -0.3001, -0.5562, 0.7529, 0.1456, 1.386, -0.5016, 1.785, 0]}}]}], "statistics": {"density_frac": 3e-08, "global_max_act": 0.649, "abs_max_neuron_weights": [0.1591, 0.1581, 0.1343], "abs_max_neuron_inds": [74, 319, 376], "l1_max_neuron_weights": [0.008827, 0.008771, 0.00745]}, "logit_effects": {"negatives": [["arians", -0.422], ["ally", -0.4228], ["ology", -0.4363], ["ured", -0.439], ["ostic", -0.4466], ["rile", -0.4477], [" is", -0.4618], ["ists", -0.4664], ["ically", -0.4689], ["ous", -0.4878]], "positives": [[",\u2019", 0.3525], ["sive", 0.3504], ["?\u2019", 0.3345], ["wrap", 0.3342], ["board", 0.3323], ["pins", 0.3304], [".\u2019", 0.3215], ["ftime", 0.3161], [" fiduc", 0.3128], ["backer", 0.3047]]}}