{"index": 1711, "act_buckets": [0, 0, 0, 0, 1, 0, 0, 0, 0, 0, 0, 1, 0, 1, 0, 0, 0, 0, 0, 0, 0, 0, 0, 0, 0, 0, 0, 0, 0, 0, 0, 0, 0, 0, 0, 0, 0, 0, 0, 1], "act_bucket_edges": [0, 0.008473, 0.01695, 0.02542, 0.03389, 0.04237, 0.05084, 0.05931, 0.06779, 0.07626, 0.08473, 0.09321, 0.1017, 0.1102, 0.1186, 0.1271, 0.1356, 0.144, 0.1525, 0.161, 0.1695, 0.1779, 0.1864, 0.1949, 0.2034, 0.2118, 0.2203, 0.2288, 0.2373, 0.2457, 0.2542, 0.2627, 0.2711, 0.2796, 0.2881, 0.2966, 0.305, 0.3135, 0.322, 0.3305, 0.3389], "logit_buckets": [1, 0, 2, 9, 21, 40, 70, 121, 211, 340, 588, 1054, 1894, 3058, 4672, 6176, 7378, 7565, 7371, 6357, 5307, 4152, 3092, 2443, 2205, 575, 336, 185, 132, 70, 45, 22, 20, 8, 9, 2, 1, 0, 1, 3], "logit_bucket_edges": [-0.4053, -0.3827, -0.3601, -0.3375, -0.3149, -0.2923, -0.2697, -0.2472, -0.2246, -0.202, -0.1794, -0.1568, -0.1342, -0.1116, -0.08904, -0.06645, -0.04386, -0.02128, 0.001312, 0.0239, 0.04649, 0.06908, 0.09166, 0.1143, 0.1368, 0.1594, 0.182, 0.2046, 0.2272, 0.2498, 0.2724, 0.295, 0.3175, 0.3401, 0.3627, 0.3853, 0.4079, 0.4305, 0.4531, 0.4757, 0.4982], "examples_quantiles": [{"quantile_name": "Top Activations", "quantile_max_act": 0.3389, "examples": [{"tokens_str_list": ["<EOT>", " a", " Half", " B", "reed", " st", "umbling"], "tokens_acts_list": [0, 0, 0.3389, 0, 0, 0, 0], "train_token_ind": 2, "is_repeated_datapoint": 0, "datapoint_ind": 64603943, "ablations": {"loss_ablation": [0, 0, 0, 0.04973, 0, 0, 0], "top_logit_ablation_tokens_str": [["<META>", "<META>", "<META>", "tent", "<META>", "<META>", "<META>"], ["<EOT>", "<EOT>", "<EOT>", "bend", "<EOT>", "<EOT>", "<EOT>"], ["<META_START>", "<META_START>", "<META_START>", "cen", "<META_START>", "<META_START>", "<META_START>"], ["<SOS>", "<SOS>", "<SOS>", "shops", "<SOS>", "<SOS>", "<SOS>"], ["<META_END>", "<META_END>", "<META_END>", "ders", "<META_END>", "<META_END>", "<META_END>"]], "bottom_logit_ablation_tokens_str": [["<META>", "<META>", "<META>", " with", "<META>", "<META>", "<META>"], ["<EOT>", "<EOT>", "<EOT>", " between", "<EOT>", "<EOT>", "<EOT>"], ["<META_START>", "<META_START>", "<META_START>", " who", "<META_START>", "<META_START>", "<META_START>"], ["<SOS>", "<SOS>", "<SOS>", " from", "<SOS>", "<SOS>", "<SOS>"], ["<META_END>", "<META_END>", "<META_END>", " of", "<META_END>", "<META_END>", "<META_END>"]], "top_logit_ablation_values": [[0, 0, 0, 0.3098, 0, 0, 0], [0, 0, 0, 0.2753, 0, 0, 0], [0, 0, 0, 0.2751, 0, 0, 0], [0, 0, 0, 0.2698, 0, 0, 0], [0, 0, 0, 0.2684, 0, 0, 0]], "bottom_logit_ablation_values": [[0, 0, 0, -0.1804, 0, 0, 0], [0, 0, 0, -0.1755, 0, 0, 0], [0, 0, 0, -0.1686, 0, 0, 0], [0, 0, 0, -0.159, 0, 0, 0], [0, 0, 0, -0.1384, 0, 0, 0]], "residual_loss_ablation": [0, -0.2142, -0.7258, 1.924, 0.3016, 1.067, 0]}}, {"tokens_str_list": ["ve", "al", " What", " It", "'s", " Like", " to", " Have", " Access"], "tokens_acts_list": [0, 0, 0, 0, 0.1115, 0, 0, 0, 0], "train_token_ind": 4, "is_repeated_datapoint": 0, "datapoint_ind": 53363436, "ablations": {"loss_ablation": [0, 0, 0, 0, 0, -0.03186, 0, 0, 0], "top_logit_ablation_tokens_str": [["<META>", "<META>", "<META>", "<META>", "<META>", "tent", "<META>", "<META>", "<META>"], ["<EOT>", "<EOT>", "<EOT>", "<EOT>", "<EOT>", "bend", "<EOT>", "<EOT>", "<EOT>"], ["<META_START>", "<META_START>", "<META_START>", "<META_START>", "<META_START>", "ders", "<META_START>", "<META_START>", "<META_START>"], ["<SOS>", "<SOS>", "<SOS>", "<SOS>", "<SOS>", "cen", "<SOS>", "<SOS>", "<SOS>"], ["<META_END>", "<META_END>", "<META_END>", "<META_END>", "<META_END>", "shops", "<META_END>", "<META_END>", "<META_END>"]], "bottom_logit_ablation_tokens_str": [["<META>", "<META>", "<META>", "<META>", "<META>", " with", "<META>", "<META>", "<META>"], ["<EOT>", "<EOT>", "<EOT>", "<EOT>", "<EOT>", " between", "<EOT>", "<EOT>", "<EOT>"], ["<META_START>", "<META_START>", "<META_START>", "<META_START>", "<META_START>", " who", "<META_START>", "<META_START>", "<META_START>"], ["<SOS>", "<SOS>", "<SOS>", "<SOS>", "<SOS>", " from", "<SOS>", "<SOS>", "<SOS>"], ["<META_END>", "<META_END>", "<META_END>", "<META_END>", "<META_END>", " of", "<META_END>", "<META_END>", "<META_END>"]], "top_logit_ablation_values": [[0, 0, 0, 0, 0, 0.08651, 0, 0, 0], [0, 0, 0, 0, 0, 0.07633, 0, 0, 0], [0, 0, 0, 0, 0, 0.07619, 0, 0, 0], [0, 0, 0, 0, 0, 0.07608, 0, 0, 0], [0, 0, 0, 0, 0, 0.07489, 0, 0, 0]], "bottom_logit_ablation_values": [[0, 0, 0, 0, 0, -0.05111, 0, 0, 0], [0, 0, 0, 0, 0, -0.04857, 0, 0, 0], [0, 0, 0, 0, 0, -0.04686, 0, 0, 0], [0, 0, 0, 0, 0, -0.04641, 0, 0, 0], [0, 0, 0, 0, 0, -0.04203, 0, 0, 0]], "residual_loss_ablation": [-0.523, 2.832, 0.6468, 5.418, -1.429, 4.426, -1.977, 6.89, 0]}}, {"tokens_str_list": [" a", " residence", " in", " a", " Four", " Season", "s", ",", " is"], "tokens_acts_list": [0, 0, 0, 0, 0.09781, 0, 0, 0, 0], "train_token_ind": 4, "is_repeated_datapoint": 0, "datapoint_ind": 44215283, "ablations": {"loss_ablation": [0, 0, 0, 0, 0, 0.01053, 0, 0, 0], "top_logit_ablation_tokens_str": [["<META>", "<META>", "<META>", "<META>", "<META>", "tent", "<META>", "<META>", "<META>"], ["<EOT>", "<EOT>", "<EOT>", "<EOT>", "<EOT>", "ders", "<EOT>", "<EOT>", "<EOT>"], ["<META_START>", "<META_START>", "<META_START>", "<META_START>", "<META_START>", "bend", "<META_START>", "<META_START>", "<META_START>"], ["<SOS>", "<SOS>", "<SOS>", "<SOS>", "<SOS>", "pone", "<SOS>", "<SOS>", "<SOS>"], ["<META_END>", "<META_END>", "<META_END>", "<META_END>", "<META_END>", "cen", "<META_END>", "<META_END>", "<META_END>"]], "bottom_logit_ablation_tokens_str": [["<META>", "<META>", "<META>", "<META>", "<META>", " with", "<META>", "<META>", "<META>"], ["<EOT>", "<EOT>", "<EOT>", "<EOT>", "<EOT>", " between", "<EOT>", "<EOT>", "<EOT>"], ["<META_START>", "<META_START>", "<META_START>", "<META_START>", "<META_START>", " who", "<META_START>", "<META_START>", "<META_START>"], ["<SOS>", "<SOS>", "<SOS>", "<SOS>", "<SOS>", " from", "<SOS>", "<SOS>", "<SOS>"], ["<META_END>", "<META_END>", "<META_END>", "<META_END>", "<META_END>", " of", "<META_END>", "<META_END>", "<META_END>"]], "top_logit_ablation_values": [[0, 0, 0, 0, 0, 0.08587, 0, 0, 0], [0, 0, 0, 0, 0, 0.07574, 0, 0, 0], [0, 0, 0, 0, 0, 0.07494, 0, 0, 0], [0, 0, 0, 0, 0, 0.07491, 0, 0, 0], [0, 0, 0, 0, 0, 0.07471, 0, 0, 0]], "bottom_logit_ablation_values": [[0, 0, 0, 0, 0, -0.05124, 0, 0, 0], [0, 0, 0, 0, 0, -0.04942, 0, 0, 0], [0, 0, 0, 0, 0, -0.04899, 0, 0, 0], [0, 0, 0, 0, 0, -0.04481, 0, 0, 0], [0, 0, 0, 0, 0, -0.04289, 0, 0, 0]], "residual_loss_ablation": [-1.498, 0.3715, 0.07172, -1.235, 0.2414, 5.249, 4.637, 0.02978, 0]}}, {"tokens_str_list": [" Cart", "on", " and", " Other", " Half", " on", " his", " brew", "ing"], "tokens_acts_list": [0, 0, 0, 0, 0.04048, 0, 0, 0, 0], "train_token_ind": 4, "is_repeated_datapoint": 0, "datapoint_ind": 34294174, "ablations": {"loss_ablation": [0, 0, 0, 0, 0, 0.02052, 0, 0, 0], "top_logit_ablation_tokens_str": [["<META>", "<META>", "<META>", "<META>", "<META>", "tent", "<META>", "<META>", "<META>"], ["<EOT>", "<EOT>", "<EOT>", "<EOT>", "<EOT>", "yards", "<EOT>", "<EOT>", "<EOT>"], ["<META_START>", "<META_START>", "<META_START>", "<META_START>", "<META_START>", "manship", "<META_START>", "<META_START>", "<META_START>"], ["<SOS>", "<SOS>", "<SOS>", "<SOS>", "<SOS>", "shops", "<SOS>", "<SOS>", "<SOS>"], ["<META_END>", "<META_END>", "<META_END>", "<META_END>", "<META_END>", "tered", "<META_END>", "<META_END>", "<META_END>"]], "bottom_logit_ablation_tokens_str": [["<META>", "<META>", "<META>", "<META>", "<META>", " with", "<META>", "<META>", "<META>"], ["<EOT>", "<EOT>", "<EOT>", "<EOT>", "<EOT>", " between", "<EOT>", "<EOT>", "<EOT>"], ["<META_START>", "<META_START>", "<META_START>", "<META_START>", "<META_START>", " of", "<META_START>", "<META_START>", "<META_START>"], ["<SOS>", "<SOS>", "<SOS>", "<SOS>", "<SOS>", " and", "<SOS>", "<SOS>", "<SOS>"], ["<META_END>", "<META_END>", "<META_END>", "<META_END>", "<META_END>", " from", "<META_END>", "<META_END>", "<META_END>"]],