{"index": 1715, "act_buckets": [0, 2, 0, 1, 1, 0, 1, 1, 0, 0, 0, 1, 0, 0, 0, 0, 0, 0, 1, 0, 0, 0, 0, 0, 0, 0, 0, 0, 0, 0, 0, 0, 0, 0, 0, 0, 0, 0, 0, 1], "act_bucket_edges": [0, 0.04034, 0.08068, 0.121, 0.1614, 0.2017, 0.242, 0.2824, 0.3227, 0.363, 0.4034, 0.4437, 0.4841, 0.5244, 0.5647, 0.6051, 0.6454, 0.6857, 0.7261, 0.7664, 0.8068, 0.8471, 0.8874, 0.9278, 0.9681, 1.008, 1.049, 1.089, 1.129, 1.17, 1.21, 1.25, 1.291, 1.331, 1.371, 1.412, 1.452, 1.493, 1.533, 1.573, 1.614], "logit_buckets": [6, 1, 4, 3, 6, 21, 27, 58, 81, 158, 286, 508, 812, 1402, 2345, 5795, 6270, 6962, 7609, 7647, 7072, 6091, 4471, 3045, 1973, 1256, 663, 426, 244, 124, 75, 52, 20, 13, 4, 4, 0, 1, 0, 1], "logit_bucket_edges": [-0.4311, -0.4085, -0.3859, -0.3632, -0.3406, -0.318, -0.2954, -0.2727, -0.2501, -0.2275, -0.2048, -0.1822, -0.1596, -0.137, -0.1143, -0.09172, -0.0691, -0.04647, -0.02385, -0.001221, 0.0214, 0.04403, 0.06666, 0.08928, 0.1119, 0.1345, 0.1572, 0.1798, 0.2024, 0.225, 0.2477, 0.2703, 0.2929, 0.3155, 0.3382, 0.3608, 0.3834, 0.406, 0.4287, 0.4513, 0.4739], "examples_quantiles": [{"quantile_name": "Top Activations", "quantile_max_act": 1.614, "examples": [{"tokens_str_list": ["\n", ",", " **", "**,", " ().", "\n", "\n", ",", " **"], "tokens_acts_list": [0, 0, 0, 0, 1.614, 0, 0, 0, 0], "train_token_ind": 4, "is_repeated_datapoint": 0, "datapoint_ind": 53779, "ablations": {"loss_ablation": [0, 0, 0, 0, 0, -0.08603, 0, 0, 0], "top_logit_ablation_tokens_str": [["<META>", "<META>", "<META>", "<META>", "<META>", "ists", "<META>", "<META>", "<META>"], ["<EOT>", "<EOT>", "<EOT>", "<EOT>", "<EOT>", "FORE", "<EOT>", "<EOT>", "<EOT>"], ["<META_START>", "<META_START>", "<META_START>", "<META_START>", "<META_START>", "icians", "<META_START>", "<META_START>", "<META_START>"], ["<SOS>", "<SOS>", "<SOS>", "<SOS>", "<SOS>", "ism", "<SOS>", "<SOS>", "<SOS>"], ["<META_END>", "<META_END>", "<META_END>", "<META_END>", "<META_END>", "ircraft", "<META_END>", "<META_END>", "<META_END>"]], "bottom_logit_ablation_tokens_str": [["<META>", "<META>", "<META>", "<META>", "<META>", "coat", "<META>", "<META>", "<META>"], ["<EOT>", "<EOT>", "<EOT>", "<EOT>", "<EOT>", "cuts", "<EOT>", "<EOT>", "<EOT>"], ["<META_START>", "<META_START>", "<META_START>", "<META_START>", "<META_START>", "idge", "<META_START>", "<META_START>", "<META_START>"], ["<SOS>", "<SOS>", "<SOS>", "<SOS>", "<SOS>", "ernate", "<SOS>", "<SOS>", "<SOS>"], ["<META_END>", "<META_END>", "<META_END>", "<META_END>", "<META_END>", "gunta", "<META_END>", "<META_END>", "<META_END>"]], "top_logit_ablation_values": [[0, 0, 0, 0, 0, 1.354, 0, 0, 0], [0, 0, 0, 0, 0, 1.326, 0, 0, 0], [0, 0, 0, 0, 0, 1.314, 0, 0, 0], [0, 0, 0, 0, 0, 1.311, 0, 0, 0], [0, 0, 0, 0, 0, 1.308, 0, 0, 0]], "bottom_logit_ablation_values": [[0, 0, 0, 0, 0, -0.892, 0, 0, 0], [0, 0, 0, 0, 0, -0.7621, 0, 0, 0], [0, 0, 0, 0, 0, -0.6582, 0, 0, 0], [0, 0, 0, 0, 0, -0.6434, 0, 0, 0], [0, 0, 0, 0, 0, -0.6279, 0, 0, 0]], "residual_loss_ablation": [-1.019, 2.532, 6.593, 2.603, 3.239, 3.891, -0.6105, 7.652, 0]}}, {"tokens_str_list": [".", "\n", "\n", "In", " the", " conditions", " of", " Definition", " 2"], "tokens_acts_list": [0, 0, 0, 0, 0.7462, 0, 0, 0, 0], "train_token_ind": 4, "is_repeated_datapoint": 0, "datapoint_ind": 26340538, "ablations": {"loss_ablation": [0, 0, 0, 0, 0, 0.1343, 0, 0, 0], "top_logit_ablation_tokens_str": [["<META>", "<META>", "<META>", "<META>", "<META>", "ists", "<META>", "<META>", "<META>"], ["<EOT>", "<EOT>", "<EOT>", "<EOT>", "<EOT>", "ism", "<EOT>", "<EOT>", "<EOT>"], ["<META_START>", "<META_START>", "<META_START>", "<META_START>", "<META_START>", "FORE", "<META_START>", "<META_START>", "<META_START>"], ["<SOS>", "<SOS>", "<SOS>", "<SOS>", "<SOS>", "ircraft", "<SOS>", "<SOS>", "<SOS>"], ["<META_END>", "<META_END>", "<META_END>", "<META_END>", "<META_END>", "\"}.", "<META_END>", "<META_END>", "<META_END>"]], "bottom_logit_ablation_tokens_str": [["<META>", "<META>", "<META>", "<META>", "<META>", "coat", "<META>", "<META>", "<META>"], ["<EOT>", "<EOT>", "<EOT>", "<EOT>", "<EOT>", "cuts", "<EOT>", "<EOT>", "<EOT>"], ["<META_START>", "<META_START>", "<META_START>", "<META_START>", "<META_START>", "coming", "<META_START>", "<META_START>", "<META_START>"], ["<SOS>", "<SOS>", "<SOS>", "<SOS>", "<SOS>", "gunta", "<SOS>", "<SOS>", "<SOS>"], ["<META_END>", "<META_END>", "<META_END>", "<META_END>", "<META_END>", "ernate", "<META_END>", "<META_END>", "<META_END>"]], "top_logit_ablation_values": [[0, 0, 0, 0, 0, 0.96, 0, 0, 0], [0, 0, 0, 0, 0, 0.9181, 0, 0, 0], [0, 0, 0, 0, 0, 0.9174, 0, 0, 0], [0, 0, 0, 0, 0, 0.9105, 0, 0, 0], [0, 0, 0, 0, 0, 0.9078, 0, 0, 0]], "bottom_logit_ablation_values": [[0, 0, 0, 0, 0, -0.5462, 0, 0, 0], [0, 0, 0, 0, 0, -0.4625, 0, 0, 0], [0, 0, 0, 0, 0, -0.3762, 0, 0, 0], [0, 0, 0, 0, 0, -0.3694, 0, 0, 0], [0, 0, 0, 0, 0, -0.3672, 0, 0, 0]], "residual_loss_ablation": [2.005, 0.1299, 0.2012, -0.02559, -0.5824, 1.777, 0.3678, 0.1318, 0]}}, {"tokens_str_list": [" ca", "ixa", " a", " tr\u00eas", " quar", "te", "ir", "\u00f5es", "."], "tokens_acts_list": [0, 0, 0, 0, 0.4749, 0, 0, 0, 0], "train_token_ind": 4, "is_repeated_datapoint": 0, "datapoint_ind": 64397551, "ablations": {"loss_ablation": [0, 0, 0, 0, 0, 0.07822, 0, 0, 0], "top_logit_ablation_tokens_str": [["<META>", "<META>", "<META>", "<META>", "<META>", "ists", "<META>", "<META>", "<META>"], ["<EOT>", "<EOT>", "<EOT>", "<EOT>", "<EOT>", "ism", "<EOT>", "<EOT>", "<EOT>"], ["<META_START>", "<META_START>", "<META_START>", "<META_START>", "<META_START>", "icians", "<META_START>", "<META_START>", "<META_START>"], ["<SOS>", "<SOS>", "<SOS>", "<SOS>", "<SOS>", "\"}.", "<SOS>", "<SOS>", "<SOS>"], ["<META_END>", "<META_END>", "<META_END>", "<META_END>", "<META_END>", "ircraft", "<META_END>", "<META_END>", "<META_END>"]], "bottom_logit_ablation_tokens_str": [["<META>", "<META>", "<META>", "<META>", "<META>", "coat", "<META>", "<META>", "<META>"], ["<EOT>", "<EOT>", "<EOT>", "<EOT>", "<EOT>", "cuts", "<EOT>", "<EOT>", "<EOT>"], ["<META_START>", "<META_START>", "<META_START>", "<META_START>", "<META_START>", "coming", "<META_START>", "<META_START>", "<META_START>"], ["<SOS>", "<SOS>", "<SOS>", "<SOS>", "<SOS>", "ernate", "<SOS>", "<SOS>", "<SOS>"], ["<META_END>", "<META_END>", "<META_END>", "<META_END>", "<META_END>", "gunta", "<META_END>", "<META_END>", "<META_END>"]], "top_logit_ablation_values": [[0, 0, 0, 0, 0, 0.3687, 0, 0, 0], [0, 0, 0, 0, 0, 0.3649, 0, 0, 0], [0, 0, 0, 0, 0, 0.3609, 0, 0, 0], [0, 0, 0, 0, 0, 0.36, 0, 0, 0], [0, 0, 0, 0, 0, 0.3498, 0, 0, 0]], "bottom_logit_ablation_values": [[0, 0, 0, 0, 0, -0.2119, 0, 0, 0], [0, 0, 0, 0, 0, -0.1847, 0, 0, 0], [0, 0, 0, 0, 0, -0.1551, 0, 0, 0], [0, 0, 0, 0, 0, -0.1543, 0, 0, 0], [0, 0, 0, 0, 0, -0.1507, 0, 0, 0]], "residual_loss_ablation": [0.06952, 1.195, 0.1621, -0.1871, -0.2431, 2.031, -0.2678, 5.17, 0]}}, {"tokens_str_list": [")$", " are", " self", "-", "recip", "rocal", " quad", "rat", "ics"], "tokens_acts_list": [0, 0, 0, 0, 0.3051, 0, 0, 0, 0], "train_token_ind": 4, "is_repeated_datapoint": 0, "datapoint_ind": 8091205, "ablations": {"loss_ablation": [0, 0, 0, 0, 0, 0.0138, 0, 0, 0], "top_logit_ablation_tokens_str": [["<META>", "<META>", "<META>", "<META>", "<META>", "oting", "<META>", "<META>", "<META>"], ["<EOT>", "<EOT>", "<EOT>", "<EOT>", "<EOT>", "ists", "<EOT>", "<EOT>", "<EOT>"], ["<META_START>", "<META_START>", "<META_START>", "<META_START>", "<META_START>", "ism", "<META_START>", "<META_START>", "<META_START>"], ["<SOS>", "<SOS>", "<SOS>", "<SOS>", "<SOS>", "itary", "<SOS>", "<SOS>", "<SOS>"], ["<META_END>", "<META_END>", "<META_END>", "<META_END>", "<META_END>", "quired", "<META_END>", "<META_END>", "<META_END>"]],