{"index": 1734, "act_buckets": [0, 0, 1, 0, 0, 0, 0, 0, 0, 0, 0, 0, 0, 0, 0, 0, 0, 0, 0, 0, 0, 0, 0, 0, 0, 0, 0, 0, 0, 0, 0, 0, 0, 0, 0, 0, 0, 0, 0, 1], "act_bucket_edges": [0, 0.0249, 0.04981, 0.07471, 0.09962, 0.1245, 0.1494, 0.1743, 0.1992, 0.2241, 0.249, 0.2739, 0.2989, 0.3238, 0.3487, 0.3736, 0.3985, 0.4234, 0.4483, 0.4732, 0.4981, 0.523, 0.5479, 0.5728, 0.5977, 0.6226, 0.6475, 0.6724, 0.6973, 0.7222, 0.7471, 0.772, 0.7969, 0.8218, 0.8467, 0.8716, 0.8966, 0.9215, 0.9464, 0.9713, 0.9962], "logit_buckets": [2, 2, 8, 4, 8, 15, 24, 57, 62, 118, 194, 270, 464, 663, 1077, 1512, 4417, 4122, 4856, 5710, 6067, 5884, 5542, 5074, 4411, 3873, 3262, 2536, 2018, 1387, 882, 469, 242, 145, 80, 38, 17, 12, 8, 4], "logit_bucket_edges": [-0.4554, -0.4343, -0.4131, -0.392, -0.3708, -0.3496, -0.3285, -0.3073, -0.2862, -0.265, -0.2439, -0.2227, -0.2015, -0.1804, -0.1592, -0.1381, -0.1169, -0.09574, -0.07458, -0.05342, -0.03226, -0.0111, 0.01006, 0.03122, 0.05238, 0.07354, 0.0947, 0.1159, 0.137, 0.1582, 0.1793, 0.2005, 0.2216, 0.2428, 0.264, 0.2851, 0.3063, 0.3274, 0.3486, 0.3698, 0.3909], "examples_quantiles": [{"quantile_name": "Top Activations", "quantile_max_act": 0.9962, "examples": [{"tokens_str_list": ["\n                                             ", " 6", "\n\f", "<EOT>", "Abbrev", "iations", "\n", "=============", "\n"], "tokens_acts_list": [0, 0, 0, 0, 0.9962, 0, 0, 0, 0], "train_token_ind": 4, "is_repeated_datapoint": 0, "datapoint_ind": 17505211, "ablations": {"loss_ablation": [0, 0, 0, 0, 0, -0.02086, 0, 0, 0], "top_logit_ablation_tokens_str": [["<META>", "<META>", "<META>", "<META>", "<META>", "quate", "<META>", "<META>", "<META>"], ["<EOT>", "<EOT>", "<EOT>", "<EOT>", "<EOT>", "plicant", "<EOT>", "<EOT>", "<EOT>"], ["<META_START>", "<META_START>", "<META_START>", "<META_START>", "<META_START>", "stairs", "<META_START>", "<META_START>", "<META_START>"], ["<SOS>", "<SOS>", "<SOS>", "<SOS>", "<SOS>", " ago", "<SOS>", "<SOS>", "<SOS>"], ["<META_END>", "<META_END>", "<META_END>", "<META_END>", "<META_END>", "door", "<META_END>", "<META_END>", "<META_END>"]], "bottom_logit_ablation_tokens_str": [["<META>", "<META>", "<META>", "<META>", "<META>", " most", "<META>", "<META>", "<META>"], ["<EOT>", "<EOT>", "<EOT>", "<EOT>", "<EOT>", " \"", "<EOT>", "<EOT>", "<EOT>"], ["<META_START>", "<META_START>", "<META_START>", "<META_START>", "<META_START>", " victims", "<META_START>", "<META_START>", "<META_START>"], ["<SOS>", "<SOS>", "<SOS>", "<SOS>", "<SOS>", " directors", "<SOS>", "<SOS>", "<SOS>"], ["<META_END>", "<META_END>", "<META_END>", "<META_END>", "<META_END>", " players", "<META_END>", "<META_END>", "<META_END>"]], "top_logit_ablation_values": [[0, 0, 0, 0, 0, 0.6441, 0, 0, 0], [0, 0, 0, 0, 0, 0.5679, 0, 0, 0], [0, 0, 0, 0, 0, 0.5561, 0, 0, 0], [0, 0, 0, 0, 0, 0.5424, 0, 0, 0], [0, 0, 0, 0, 0, 0.5074, 0, 0, 0]], "bottom_logit_ablation_values": [[0, 0, 0, 0, 0, -0.423, 0, 0, 0], [0, 0, 0, 0, 0, -0.4227, 0, 0, 0], [0, 0, 0, 0, 0, -0.4118, 0, 0, 0], [0, 0, 0, 0, 0, -0.385, 0, 0, 0], [0, 0, 0, 0, 0, -0.3729, 0, 0, 0]], "residual_loss_ablation": [0.7787, 2.314, 4.341, 1.989, 0.06188, 1.843, -1.845, 4.214, 0]}}, {"tokens_str_list": [" (-", "8", ")/(-", "12", ")*(-", "145", "66", ")/((-", "7"], "tokens_acts_list": [0, 0, 0, 0, 0.05517, 0, 0, 0, 0], "train_token_ind": 4, "is_repeated_datapoint": 0, "datapoint_ind": 5547788, "ablations": {"loss_ablation": [0, 0, 0, 0, 0, 0.006855, 0, 0, 0], "top_logit_ablation_tokens_str": [["<META>", "<META>", "<META>", "<META>", "<META>", ">", "<META>", "<META>", "<META>"], ["<EOT>", "<EOT>", "<EOT>", "<EOT>", "<EOT>", ">.", "<EOT>", "<EOT>", "<EOT>"], ["<META_START>", "<META_START>", "<META_START>", "<META_START>", "<META_START>", "plicant", "<META_START>", "<META_START>", "<META_START>"], ["<SOS>", "<SOS>", "<SOS>", "<SOS>", "<SOS>", "quate", "<SOS>", "<SOS>", "<SOS>"], ["<META_END>", "<META_END>", "<META_END>", "<META_END>", "<META_END>", "ments", "<META_END>", "<META_END>", "<META_END>"]], "bottom_logit_ablation_tokens_str": [["<META>", "<META>", "<META>", "<META>", "<META>", "ometers", "<META>", "<META>", "<META>"], ["<EOT>", "<EOT>", "<EOT>", "<EOT>", "<EOT>", " slaves", "<EOT>", "<EOT>", "<EOT>"], ["<META_START>", "<META_START>", "<META_START>", "<META_START>", "<META_START>", ".\").", "<META_START>", "<META_START>", "<META_START>"], ["<SOS>", "<SOS>", "<SOS>", "<SOS>", "<SOS>", "ums", "<SOS>", "<SOS>", "<SOS>"], ["<META_END>", "<META_END>", "<META_END>", "<META_END>", "<META_END>", "ometry", "<META_END>", "<META_END>", "<META_END>"]], "top_logit_ablation_values": [[0, 0, 0, 0, 0, 0.03261, 0, 0, 0], [0, 0, 0, 0, 0, 0.02912, 0, 0, 0], [0, 0, 0, 0, 0, 0.02873, 0, 0, 0], [0, 0, 0, 0, 0, 0.02743, 0, 0, 0], [0, 0, 0, 0, 0, 0.02605, 0, 0, 0]], "bottom_logit_ablation_values": [[0, 0, 0, 0, 0, -0.0242, 0, 0, 0], [0, 0, 0, 0, 0, -0.02396, 0, 0, 0], [0, 0, 0, 0, 0, -0.023, 0, 0, 0], [0, 0, 0, 0, 0, -0.02295, 0, 0, 0], [0, 0, 0, 0, 0, -0.0229, 0, 0, 0]], "residual_loss_ablation": [4.172, -0.1182, 3.626, -0.09521, 0.08316, -0.2478, 2.347, -1.624, 0]}}]}], "statistics": {"density_frac": 2e-08, "global_max_act": 0.9962, "abs_max_neuron_weights": [0.2102, 0.1851, 0.1585], "abs_max_neuron_inds": [378, 30, 283], "l1_max_neuron_weights": [0.0122, 0.01074, 0.009201]}, "logit_effects": {"negatives": [["ments", -0.4004], ["uated", -0.4008], ["claimed", -0.4045], ["portunity", -0.4057], [">.", -0.4101], [" ago", -0.411], ["stairs", -0.4153], [">", -0.4249], ["quate", -0.4501], ["plicant", -0.4554]], "positives": [[" \"", 0.3909], [" slaves", 0.381], ["ums", 0.3756], [" victims", 0.3721], [" \"(", 0.369], [" films", 0.3639], [" most", 0.3611], ["ometry", 0.3591], [".\").", 0.359], [" \u0627\u0644", 0.3523]]}}