{"index": 1792, "act_buckets": [0, 0, 0, 0, 0, 0, 0, 0, 0, 0, 0, 0, 0, 0, 0, 0, 0, 0, 0, 0, 0, 0, 0, 0, 0, 0, 0, 0, 0, 0, 0, 0, 0, 0, 0, 0, 0, 0, 0, 1], "act_bucket_edges": [0, 0.005624, 0.01125, 0.01687, 0.02249, 0.02812, 0.03374, 0.03937, 0.04499, 0.05061, 0.05624, 0.06186, 0.06748, 0.07311, 0.07873, 0.08435, 0.08998, 0.0956, 0.1012, 0.1068, 0.1125, 0.1181, 0.1237, 0.1293, 0.135, 0.1406, 0.1462, 0.1518, 0.1575, 0.1631, 0.1687, 0.1743, 0.18, 0.1856, 0.1912, 0.1968, 0.2025, 0.2081, 0.2137, 0.2193, 0.2249], "logit_buckets": [1, 0, 3, 5, 7, 8, 14, 23, 21, 38, 44, 104, 146, 222, 338, 562, 2832, 2059, 2601, 3369, 4758, 6504, 7848, 8261, 7343, 5809, 4569, 3054, 2064, 1335, 759, 406, 215, 116, 56, 18, 10, 10, 2, 2], "logit_bucket_edges": [-0.6294, -0.6022, -0.575, -0.5479, -0.5207, -0.4935, -0.4663, -0.4391, -0.4119, -0.3847, -0.3575, -0.3303, -0.3031, -0.2759, -0.2488, -0.2216, -0.1944, -0.1672, -0.14, -0.1128, -0.08561, -0.05842, -0.03123, -0.004039, 0.02315, 0.05034, 0.07753, 0.1047, 0.1319, 0.1591, 0.1863, 0.2135, 0.2407, 0.2679, 0.2951, 0.3222, 0.3494, 0.3766, 0.4038, 0.431, 0.4582], "examples_quantiles": [{"quantile_name": "Top Activations", "quantile_max_act": 0.2249, "examples": [{"tokens_str_list": [" mit", "z", "ured", "en", ".\u00ab", "\n", "\n", "\u00bb", "All"], "tokens_acts_list": [0, 0, 0, 0, 0.2249, 0, 0, 0, 0], "train_token_ind": 4, "is_repeated_datapoint": 0, "datapoint_ind": 76851631, "ablations": {"loss_ablation": [0, 0, 0, 0, 0, -0.0007647, 0, 0, 0], "top_logit_ablation_tokens_str": [["<META>", "<META>", "<META>", "<META>", "<META>", " with", "<META>", "<META>", "<META>"], ["<EOT>", "<EOT>", "<EOT>", "<EOT>", "<EOT>", " between", "<EOT>", "<EOT>", "<EOT>"], ["<META_START>", "<META_START>", "<META_START>", "<META_START>", "<META_START>", " which", "<META_START>", "<META_START>", "<META_START>"], ["<SOS>", "<SOS>", "<SOS>", "<SOS>", "<SOS>", " about", "<SOS>", "<SOS>", "<SOS>"], ["<META_END>", "<META_END>", "<META_END>", "<META_END>", "<META_END>", " to", "<META_END>", "<META_END>", "<META_END>"]], "bottom_logit_ablation_tokens_str": [["<META>", "<META>", "<META>", "<META>", "<META>", "berries", "<META>", "<META>", "<META>"], ["<EOT>", "<EOT>", "<EOT>", "<EOT>", "<EOT>", "\u00e7as", "<EOT>", "<EOT>", "<EOT>"], ["<META_START>", "<META_START>", "<META_START>", "<META_START>", "<META_START>", "paper", "<META_START>", "<META_START>", "<META_START>"], ["<SOS>", "<SOS>", "<SOS>", "<SOS>", "<SOS>", "berry", "<SOS>", "<SOS>", "<SOS>"], ["<META_END>", "<META_END>", "<META_END>", "<META_END>", "<META_END>", "acles", "<META_END>", "<META_END>", "<META_END>"]], "top_logit_ablation_values": [[0, 0, 0, 0, 0, 0.1171, 0, 0, 0], [0, 0, 0, 0, 0, 0.09556, 0, 0, 0], [0, 0, 0, 0, 0, 0.09393, 0, 0, 0], [0, 0, 0, 0, 0, 0.09183, 0, 0, 0], [0, 0, 0, 0, 0, 0.09094, 0, 0, 0]], "bottom_logit_ablation_values": [[0, 0, 0, 0, 0, -0.2264, 0, 0, 0], [0, 0, 0, 0, 0, -0.2197, 0, 0, 0], [0, 0, 0, 0, 0, -0.2131, 0, 0, 0], [0, 0, 0, 0, 0, -0.2116, 0, 0, 0], [0, 0, 0, 0, 0, -0.2116, 0, 0, 0]], "residual_loss_ablation": [-1.391, 0.6779, 1.498, 2.721, -0.6154, 3.15, 0.161, 5.499, 0]}}]}], "statistics": {"density_frac": 1e-08, "global_max_act": 0.2249, "abs_max_neuron_weights": [0.1374, -0.1351, 0.1272], "abs_max_neuron_inds": [264, 142, 109], "l1_max_neuron_weights": [0.007414, 0.007289, 0.006864]}, "logit_effects": {"negatives": [[" in", -0.5134], ["ously", -0.5208], [" that", -0.5269], [" is", -0.5289], [" of", -0.5372], [" to", -0.5391], [" about", -0.5487], [" which", -0.5581], [" between", -0.5677], [" with", -0.6294]], "positives": [["berries", 0.4582], ["\u00e7as", 0.4337], ["berry", 0.4126], ["acles", 0.4109], ["paper", 0.4037], ["unc", 0.3996], ["gue", 0.3937], ["pone", 0.3877], ["etary", 0.3867], ["\u00ea", 0.3805]]}}