{"index": 1817, "act_buckets": [1, 0, 0, 0, 0, 0, 1, 0, 1, 0, 0, 0, 0, 0, 0, 0, 0, 0, 0, 0, 0, 0, 0, 0, 0, 0, 0, 0, 0, 0, 0, 0, 0, 0, 0, 0, 0, 0, 0, 1], "act_bucket_edges": [0, 0.009481, 0.01896, 0.02844, 0.03793, 0.04741, 0.05689, 0.06637, 0.07585, 0.08533, 0.09481, 0.1043, 0.1138, 0.1233, 0.1327, 0.1422, 0.1517, 0.1612, 0.1707, 0.1801, 0.1896, 0.1991, 0.2086, 0.2181, 0.2276, 0.237, 0.2465, 0.256, 0.2655, 0.275, 0.2844, 0.2939, 0.3034, 0.3129, 0.3224, 0.3319, 0.3413, 0.3508, 0.3603, 0.3698, 0.3793], "logit_buckets": [2, 0, 1, 6, 4, 3, 7, 20, 19, 47, 56, 104, 175, 314, 464, 704, 1153, 1613, 2295, 5557, 5262, 6778, 8213, 8564, 7678, 5803, 4096, 2616, 1691, 1055, 565, 345, 152, 82, 41, 30, 14, 4, 2, 1], "logit_bucket_edges": [-0.6156, -0.5888, -0.562, -0.5353, -0.5085, -0.4817, -0.455, -0.4282, -0.4014, -0.3747, -0.3479, -0.3211, -0.2944, -0.2676, -0.2408, -0.2141, -0.1873, -0.1605, -0.1338, -0.107, -0.08022, -0.05345, -0.02669, 8.222e-05, 0.02685, 0.05362, 0.08039, 0.1072, 0.1339, 0.1607, 0.1875, 0.2142, 0.241, 0.2678, 0.2945, 0.3213, 0.3481, 0.3748, 0.4016, 0.4284, 0.4551], "examples_quantiles": [{"quantile_name": "Top Activations", "quantile_max_act": 0.3793, "examples": [{"tokens_str_list": [" longest", " time", " delays", " are", " not", " reproduced", ",", " even", " if"], "tokens_acts_list": [0, 0, 0, 0, 0.3793, 0, 0, 0, 0], "train_token_ind": 4, "is_repeated_datapoint": 0, "datapoint_ind": 63944333, "ablations": {"loss_ablation": [0, 0, 0, 0, 0, 0.1815, 0, 0, 0], "top_logit_ablation_tokens_str": [["<META>", "<META>", "<META>", "<META>", "<META>", "fully", "<META>", "<META>", "<META>"], ["<EOT>", "<EOT>", "<EOT>", "<EOT>", "<EOT>", "ful", "<EOT>", "<EOT>", "<EOT>"], ["<META_START>", "<META_START>", "<META_START>", "<META_START>", "<META_START>", "\u0442\u0430", "<META_START>", "<META_START>", "<META_START>"], ["<SOS>", "<SOS>", "<SOS>", "<SOS>", "<SOS>", "gy", "<SOS>", "<SOS>", "<SOS>"], ["<META_END>", "<META_END>", "<META_END>", "<META_END>", "<META_END>", "ments", "<META_END>", "<META_END>", "<META_END>"]], "bottom_logit_ablation_tokens_str": [["<META>", "<META>", "<META>", "<META>", "<META>", "nih", "<META>", "<META>", "<META>"], ["<EOT>", "<EOT>", "<EOT>", "<EOT>", "<EOT>", " Appeals", "<EOT>", "<EOT>", "<EOT>"], ["<META_START>", "<META_START>", "<META_START>", "<META_START>", "<META_START>", "IED", "<META_START>", "<META_START>", "<META_START>"], ["<SOS>", "<SOS>", "<SOS>", "<SOS>", "<SOS>", "i\u00f3n", "<SOS>", "<SOS>", "<SOS>"], ["<META_END>", "<META_END>", "<META_END>", "<META_END>", "<META_END>", "MOESM", "<META_END>", "<META_END>", "<META_END>"]], "top_logit_ablation_values": [[0, 0, 0, 0, 0, 0.5749, 0, 0, 0], [0, 0, 0, 0, 0, 0.5575, 0, 0, 0], [0, 0, 0, 0, 0, 0.5224, 0, 0, 0], [0, 0, 0, 0, 0, 0.5059, 0, 0, 0], [0, 0, 0, 0, 0, 0.504, 0, 0, 0]], "bottom_logit_ablation_values": [[0, 0, 0, 0, 0, -0.2802, 0, 0, 0], [0, 0, 0, 0, 0, -0.2585, 0, 0, 0], [0, 0, 0, 0, 0, -0.2517, 0, 0, 0], [0, 0, 0, 0, 0, -0.2361, 0, 0, 0], [0, 0, 0, 0, 0, -0.235, 0, 0, 0]], "residual_loss_ablation": [-0.6915, 1.768, 4.676, 1.635, -0.5793, 1.431, 0.6275, 0.5574, 0]}}, {"tokens_str_list": [" an", " storage", " ring", " are", " statistically", " distributed", ",", " following", " ("], "tokens_acts_list": [0, 0, 0, 0, 0.07988, 0, 0, 0, 0], "train_token_ind": 4, "is_repeated_datapoint": 0, "datapoint_ind": 65376711, "ablations": {"loss_ablation": [0, 0, 0, 0, 0, 0.008881, 0, 0, 0], "top_logit_ablation_tokens_str": [["<META>", "<META>", "<META>", "<META>", "<META>", "fully", "<META>", "<META>", "<META>"], ["<EOT>", "<EOT>", "<EOT>", "<EOT>", "<EOT>", "ful", "<EOT>", "<EOT>", "<EOT>"], ["<META_START>", "<META_START>", "<META_START>", "<META_START>", "<META_START>", "\u0442\u0430", "<META_START>", "<META_START>", "<META_START>"], ["<SOS>", "<SOS>", "<SOS>", "<SOS>", "<SOS>", "\u0442\u043e", "<SOS>", "<SOS>", "<SOS>"], ["<META_END>", "<META_END>", "<META_END>", "<META_END>", "<META_END>", "gy", "<META_END>", "<META_END>", "<META_END>"]], "bottom_logit_ablation_tokens_str": [["<META>", "<META>", "<META>", "<META>", "<META>", "nih", "<META>", "<META>", "<META>"], ["<EOT>", "<EOT>", "<EOT>", "<EOT>", "<EOT>", " Appeals", "<EOT>", "<EOT>", "<EOT>"], ["<META_START>", "<META_START>", "<META_START>", "<META_START>", "<META_START>", "IED", "<META_START>", "<META_START>", "<META_START>"], ["<SOS>", "<SOS>", "<SOS>", "<SOS>", "<SOS>", "MOESM", "<SOS>", "<SOS>", "<SOS>"], ["<META_END>", "<META_END>", "<META_END>", "<META_END>", "<META_END>", "i\u00f3n", "<META_END>", "<META_END>", "<META_END>"]], "top_logit_ablation_values": [[0, 0, 0, 0, 0, 0.1107, 0, 0, 0], [0, 0, 0, 0, 0, 0.1075, 0, 0, 0], [0, 0, 0, 0, 0, 0.1022, 0, 0, 0], [0, 0, 0, 0, 0, 0.09822, 0, 0, 0], [0, 0, 0, 0, 0, 0.09697, 0, 0, 0]], "bottom_logit_ablation_values": [[0, 0, 0, 0, 0, -0.04976, 0, 0, 0], [0, 0, 0, 0, 0, -0.04441, 0, 0, 0], [0, 0, 0, 0, 0, -0.04162, 0, 0, 0], [0, 0, 0, 0, 0, -0.04061, 0, 0, 0], [0, 0, 0, 0, 0, -0.04005, 0, 0, 0]], "residual_loss_ablation": [0.2364, 0.3924, -0.2371, 1.437, -0.7285, 0.6138, -0.4014, -0.1616, 0]}}, {"tokens_str_list": [" old", " topic", " (", "not", " entirely", " sure", " why", " thats", " a"], "tokens_acts_list": [0, 0, 0, 0, 0.06354, 0, 0, 0, 0], "train_token_ind": 4, "is_repeated_datapoint": 0, "datapoint_ind": 72925984, "ablations": {"loss_ablation": [0, 0, 0, 0, 0, -0.001819, 0, 0, 0], "top_logit_ablation_tokens_str": [["<META>", "<META>", "<META>", "<META>", "<META>", "fully", "<META>", "<META>", "<META>"], ["<EOT>", "<EOT>", "<EOT>", "<EOT>", "<EOT>", "ful", "<EOT>", "<EOT>", "<EOT>"], ["<META_START>", "<META_START>", "<META_START>", "<META_START>", "<META_START>", "\u0442\u0430", "<META_START>", "<META_START>", "<META_START>"], ["<SOS>", "<SOS>", "<SOS>", "<SOS>", "<SOS>", "ments", "<SOS>", "<SOS>", "<SOS>"], ["<META_END>", "<META_END>", "<META_END>", "<META_END>", "<META_END>", "gy", "<META_END>", "<META_END>", "<META_END>"]], "bottom_logit_ablation_tokens_str": [["<META>", "<META>", "<META>", "<META>", "<META>", "nih", "<META>", "<META>", "<META>"], ["<EOT>", "<EOT>", "<EOT>", "<EOT>", "<EOT>", "MOESM", "<EOT>", "<EOT>", "<EOT>"], ["<META_START>", "<META_START>", "<META_START>", "<META_START>", "<META_START>", " Appeals", "<META_START>", "<META_START>", "<META_START>"], ["<SOS>", "<SOS>", "<SOS>", "<SOS>", "<SOS>", "i\u00f3n", "<SOS>", "<SOS>", "<SOS>"], ["<META_END>", "<META_END>", "<META_END>", "<META_END>", "<META_END>", "IED", "<META_END>", "<META_END>", "<META_END>"]], "top_logit_ablation_values": [[0, 0, 0, 0, 0, 0.06697, 0, 0, 0], [0, 0, 0, 0, 0, 0.06587, 0, 0, 0], [0, 0, 0, 0, 0, 0.06406, 0, 0, 0], [0, 0, 0, 0, 0, 0.0631, 0, 0, 0], [0, 0, 0, 0, 0, 0.06157, 0, 0, 0]], "bottom_logit_ablation_values": [[0, 0, 0, 0, 0, -0.03434, 0, 0, 0], [0, 0, 0, 0, 0, -0.03229, 0, 0, 0], [0, 0, 0, 0, 0, -0.03211, 0, 0, 0], [0, 0, 0, 0, 0, -0.03196, 0, 0, 0], [0, 0, 0, 0, 0, -0.03179, 0, 0, 0]], "residual_loss_ablation": [1.649, -0.9952, -0.2815, -0.6566, -1.431, 7.321, -0.4655, 0.3301, 0]}}, {"tokens_str_list": ["oids", ".\\[[@", "CR", "23", "],", " [@", "CR", "25", "]\\]"], "tokens_acts_list": [0, 0, 0, 0, 0.005531, 0, 0, 0, 0], "train_token_ind": 4, "is_repeated_datapoint": 0, "datapoint_ind": 24540605, "ablations": {"loss_ablation": [0, 0, 0, 0, 0, 0.0004878, 0, 0, 0], "top_logit_ablation_tokens_str": [["<META>", "<META>", "<META>", "<META>", "<META>", " is", "<META>", "<META>", "<META>"], ["<EOT>", "<EOT>", "<EOT>", "<EOT>", "<EOT>", "\n", "<EOT>", "<EOT>", "<EOT>"], ["<META_START>", "<META_START>", "<META_START>", "<META_START>", "<META_START>", " and", "<META_START>", "<META_START>", "<META_START>"], ["<SOS>", "<SOS>", "<SOS>", "<SOS>", "<SOS>", ".", "<SOS>", "<SOS>", "<SOS>"], ["<META_END>", "<META_END>", "<META_END>", "<META_END>", "<META_END>", " in", "<META_END>", "<META_END>", "<META_END>"]],