{"index": 1818, "act_buckets": [0, 1, 1, 0, 1, 0, 1, 0, 0, 1, 0, 0, 0, 0, 0, 0, 0, 0, 0, 0, 1, 0, 1, 0, 0, 0, 0, 0, 0, 0, 0, 0, 0, 0, 0, 0, 0, 0, 0, 1], "act_bucket_edges": [0, 0.04559, 0.09118, 0.1368, 0.1824, 0.2279, 0.2735, 0.3191, 0.3647, 0.4103, 0.4559, 0.5015, 0.5471, 0.5926, 0.6382, 0.6838, 0.7294, 0.775, 0.8206, 0.8662, 0.9118, 0.9573, 1.003, 1.049, 1.094, 1.14, 1.185, 1.231, 1.276, 1.322, 1.368, 1.413, 1.459, 1.504, 1.55, 1.596, 1.641, 1.687, 1.732, 1.778, 1.824], "logit_buckets": [2, 1, 4, 11, 12, 24, 48, 84, 142, 242, 421, 668, 1082, 1765, 2843, 4564, 9478, 8074, 6889, 5973, 5238, 4405, 3630, 3011, 2333, 1674, 1148, 741, 454, 229, 143, 94, 56, 30, 13, 4, 1, 2, 2, 1], "logit_bucket_edges": [-0.4534, -0.4288, -0.4043, -0.3797, -0.3552, -0.3306, -0.306, -0.2815, -0.2569, -0.2324, -0.2078, -0.1833, -0.1587, -0.1342, -0.1096, -0.08506, -0.0605, -0.03595, -0.01139, 0.01316, 0.03772, 0.06227, 0.08683, 0.1114, 0.1359, 0.1605, 0.185, 0.2096, 0.2342, 0.2587, 0.2833, 0.3078, 0.3324, 0.3569, 0.3815, 0.406, 0.4306, 0.4551, 0.4797, 0.5043, 0.5288], "examples_quantiles": [{"quantile_name": "Top Activations", "quantile_max_act": 1.824, "examples": [{"tokens_str_list": [" it", " take", " for", " a", " bount", "y", " to", " be", " auto"], "tokens_acts_list": [0, 0, 0, 0, 1.824, 0, 0, 0, 0], "train_token_ind": 4, "is_repeated_datapoint": 0, "datapoint_ind": 82550481, "ablations": {"loss_ablation": [0, 0, 0, 0, 0, 0.0353, 0, 0, 0], "top_logit_ablation_tokens_str": [["<META>", "<META>", "<META>", "<META>", "<META>", "){#", "<META>", "<META>", "<META>"], ["<EOT>", "<EOT>", "<EOT>", "<EOT>", "<EOT>", "plier", "<EOT>", "<EOT>", "<EOT>"], ["<META_START>", "<META_START>", "<META_START>", "<META_START>", "<META_START>", "onent", "<META_START>", "<META_START>", "<META_START>"], ["<SOS>", "<SOS>", "<SOS>", "<SOS>", "<SOS>", "RATION", "<SOS>", "<SOS>", "<SOS>"], ["<META_END>", "<META_END>", "<META_END>", "<META_END>", "<META_END>", "LECTION", "<META_END>", "<META_END>", "<META_END>"]], "bottom_logit_ablation_tokens_str": [["<META>", "<META>", "<META>", "<META>", "<META>", " sure", "<META>", "<META>", "<META>"], ["<EOT>", "<EOT>", "<EOT>", "<EOT>", "<EOT>", "uck", "<EOT>", "<EOT>", "<EOT>"], ["<META_START>", "<META_START>", "<META_START>", "<META_START>", "<META_START>", "issed", "<META_START>", "<META_START>", "<META_START>"], ["<SOS>", "<SOS>", "<SOS>", "<SOS>", "<SOS>", "'t", "<SOS>", "<SOS>", "<SOS>"], ["<META_END>", "<META_END>", "<META_END>", "<META_END>", "<META_END>", "ning", "<META_END>", "<META_END>", "<META_END>"]], "top_logit_ablation_values": [[0, 0, 0, 0, 0, -0.2124, 0, 0, 0], [0, 0, 0, 0, 0, -0.2856, 0, 0, 0], [0, 0, 0, 0, 0, -0.3713, 0, 0, 0], [0, 0, 0, 0, 0, -0.3916, 0, 0, 0], [0, 0, 0, 0, 0, -0.3941, 0, 0, 0]], "bottom_logit_ablation_values": [[0, 0, 0, 0, 0, -2.606, 0, 0, 0], [0, 0, 0, 0, 0, -2.518, 0, 0, 0], [0, 0, 0, 0, 0, -2.513, 0, 0, 0], [0, 0, 0, 0, 0, -2.51, 0, 0, 0], [0, 0, 0, 0, 0, -2.496, 0, 0, 0]], "residual_loss_ablation": [0.5495, 1.034, -0.03435, 0.2797, -0.4034, 2.756, -1.464, -2.046, 0]}}, {"tokens_str_list": ["ter", " tal", "on", " an", " olive", " branch", " proper", " and", " in"], "tokens_acts_list": [0, 0, 0, 0, 1.023, 0, 0, 0, 0], "train_token_ind": 4, "is_repeated_datapoint": 0, "datapoint_ind": 77551446, "ablations": {"loss_ablation": [0, 0, 0, 0, 0, -0.06404, 0, 0, 0], "top_logit_ablation_tokens_str": [["<META>", "<META>", "<META>", "<META>", "<META>", "){#", "<META>", "<META>", "<META>"], ["<EOT>", "<EOT>", "<EOT>", "<EOT>", "<EOT>", "plier", "<EOT>", "<EOT>", "<EOT>"], ["<META_START>", "<META_START>", "<META_START>", "<META_START>", "<META_START>", "onent", "<META_START>", "<META_START>", "<META_START>"], ["<SOS>", "<SOS>", "<SOS>", "<SOS>", "<SOS>", "hedron", "<SOS>", "<SOS>", "<SOS>"], ["<META_END>", "<META_END>", "<META_END>", "<META_END>", "<META_END>", "ALOG", "<META_END>", "<META_END>", "<META_END>"]], "bottom_logit_ablation_tokens_str": [["<META>", "<META>", "<META>", "<META>", "<META>", " sure", "<META>", "<META>", "<META>"], ["<EOT>", "<EOT>", "<EOT>", "<EOT>", "<EOT>", "'t", "<EOT>", "<EOT>", "<EOT>"], ["<META_START>", "<META_START>", "<META_START>", "<META_START>", "<META_START>", "uck", "<META_START>", "<META_START>", "<META_START>"], ["<SOS>", "<SOS>", "<SOS>", "<SOS>", "<SOS>", "issed", "<SOS>", "<SOS>", "<SOS>"], ["<META_END>", "<META_END>", "<META_END>", "<META_END>", "<META_END>", "\u0435\u043b", "<META_END>", "<META_END>", "<META_END>"]], "top_logit_ablation_values": [[0, 0, 0, 0, 0, -0.1047, 0, 0, 0], [0, 0, 0, 0, 0, -0.1547, 0, 0, 0], [0, 0, 0, 0, 0, -0.1952, 0, 0, 0], [0, 0, 0, 0, 0, -0.2273, 0, 0, 0], [0, 0, 0, 0, 0, -0.233, 0, 0, 0]], "bottom_logit_ablation_values": [[0, 0, 0, 0, 0, -1.738, 0, 0, 0], [0, 0, 0, 0, 0, -1.666, 0, 0, 0], [0, 0, 0, 0, 0, -1.631, 0, 0, 0], [0, 0, 0, 0, 0, -1.607, 0, 0, 0], [0, 0, 0, 0, 0, -1.598, 0, 0, 0]], "residual_loss_ablation": [4.317, 0.9387, 1.126, -0.1165, 1.355, 3.916, 0.7428, -2.225, 0]}}, {"tokens_str_list": ["\n", ",", " **", "**,", " ().", "\n", "\n", ",", " **"], "tokens_acts_list": [0, 0, 0, 0, 0.9332, 0, 0, 0, 0], "train_token_ind": 4, "is_repeated_datapoint": 0, "datapoint_ind": 53779, "ablations": {"loss_ablation": [0, 0, 0, 0, 0, 0.1938, 0, 0, 0], "top_logit_ablation_tokens_str": [["<META>", "<META>", "<META>", "<META>", "<META>", "plier", "<META>", "<META>", "<META>"], ["<EOT>", "<EOT>", "<EOT>", "<EOT>", "<EOT>", "RATION", "<EOT>", "<EOT>", "<EOT>"], ["<META_START>", "<META_START>", "<META_START>", "<META_START>", "<META_START>", "){#", "<META_START>", "<META_START>", "<META_START>"], ["<SOS>", "<SOS>", "<SOS>", "<SOS>", "<SOS>", "LECTION", "<SOS>", "<SOS>", "<SOS>"], ["<META_END>", "<META_END>", "<META_END>", "<META_END>", "<META_END>", "onent", "<META_END>", "<META_END>", "<META_END>"]], "bottom_logit_ablation_tokens_str": [["<META>", "<META>", "<META>", "<META>", "<META>", " sure", "<META>", "<META>", "<META>"], ["<EOT>", "<EOT>", "<EOT>", "<EOT>", "<EOT>", "uck", "<EOT>", "<EOT>", "<EOT>"], ["<META_START>", "<META_START>", "<META_START>", "<META_START>", "<META_START>", "'t", "<META_START>", "<META_START>", "<META_START>"], ["<SOS>", "<SOS>", "<SOS>", "<SOS>", "<SOS>", "issed", "<SOS>", "<SOS>", "<SOS>"], ["<META_END>", "<META_END>", "<META_END>", "<META_END>", "<META_END>", "ning", "<META_END>", "<META_END>", "<META_END>"]], "top_logit_ablation_values": [[0, 0, 0, 0, 0, -0.07226, 0, 0, 0], [0, 0, 0, 0, 0, -0.1083, 0, 0, 0], [0, 0, 0, 0, 0, -0.1158, 0, 0, 0], [0, 0, 0, 0, 0, -0.1248, 0, 0, 0], [0, 0, 0, 0, 0, -0.1326, 0, 0, 0]], "bottom_logit_ablation_values": [[0, 0, 0, 0, 0, -1.384, 0, 0, 0], [0, 0, 0, 0, 0, -1.37, 0, 0, 0], [0, 0, 0, 0, 0, -1.362, 0, 0, 0], [0, 0, 0, 0, 0, -1.332, 0, 0, 0], [0, 0, 0, 0, 0, -1.326, 0, 0, 0]], "residual_loss_ablation": [-1.019, 2.532, 6.593, 2.603, 3.239, 3.891, -0.6105, 7.652, 0]}}, {"tokens_str_list": ["\n                                             ", " 6", "\n\f", "<EOT>", "Abbrev", "iations", "\n", "=============", "\n"], "tokens_acts_list": [0, 0, 0, 0, 0.4263, 0, 0, 0, 0], "train_token_ind": 4, "is_repeated_datapoint": 0, "datapoint_ind": 17505211, "ablations": {"loss_ablation": [0, 0, 0, 0, 0, 0.006352, 0, 0, 0], "top_logit_ablation_tokens_str": [["<META>", "<META>", "<META>", "<META>", "<META>", "){#", "<META>", "<META>", "<META>"], ["<EOT>", "<EOT>", "<EOT>", "<EOT>", "<EOT>", "ITHER", "<EOT>", "<EOT>", "<EOT>"], ["<META_START>", "<META_START>", "<META_START>", "<META_START>", "<META_START>", "plier", "<META_START>", "<META_START>", "<META_START>"], ["<SOS>", "<SOS>", "<SOS>", "<SOS>", "<SOS>", "onent", "<SOS>", "<SOS>", "<SOS>"], ["<META_END>", "<META_END>", "<META_END>", "<META_END>", "<META_END>", "ORY", "<META_END>", "<META_END>", "<META_END>"]],