{"index": 1819, "act_buckets": [0, 0, 0, 0, 0, 0, 0, 0, 0, 0, 0, 1, 0, 0, 0, 0, 0, 0, 0, 0, 0, 0, 0, 0, 0, 0, 0, 0, 0, 0, 0, 0, 0, 0, 0, 0, 0, 0, 0, 1], "act_bucket_edges": [0, 0.005762, 0.01152, 0.01728, 0.02305, 0.02881, 0.03457, 0.04033, 0.04609, 0.05185, 0.05762, 0.06338, 0.06914, 0.0749, 0.08066, 0.08642, 0.09219, 0.09795, 0.1037, 0.1095, 0.1152, 0.121, 0.1268, 0.1325, 0.1383, 0.144, 0.1498, 0.1556, 0.1613, 0.1671, 0.1728, 0.1786, 0.1844, 0.1901, 0.1959, 0.2017, 0.2074, 0.2132, 0.2189, 0.2247, 0.2305], "logit_buckets": [3, 2, 8, 7, 12, 29, 38, 79, 126, 197, 360, 527, 867, 1463, 2386, 3442, 4803, 6122, 7307, 11680, 8215, 6418, 4400, 2927, 1761, 1114, 589, 315, 162, 95, 39, 17, 13, 2, 3, 0, 2, 0, 0, 1], "logit_bucket_edges": [-0.4525, -0.4291, -0.4057, -0.3823, -0.3589, -0.3355, -0.3121, -0.2887, -0.2653, -0.2419, -0.2185, -0.1951, -0.1717, -0.1483, -0.1249, -0.1015, -0.07814, -0.05474, -0.03134, -0.007944, 0.01546, 0.03885, 0.06225, 0.08565, 0.1091, 0.1325, 0.1558, 0.1792, 0.2026, 0.226, 0.2494, 0.2728, 0.2962, 0.3196, 0.343, 0.3664, 0.3898, 0.4132, 0.4366, 0.46, 0.4834], "examples_quantiles": [{"quantile_name": "Top Activations", "quantile_max_act": 0.2305, "examples": [{"tokens_str_list": [".", "\n", "\n", "In", " the", " conditions", " of", " Definition", " 2"], "tokens_acts_list": [0, 0, 0, 0, 0.2305, 0, 0, 0, 0], "train_token_ind": 4, "is_repeated_datapoint": 0, "datapoint_ind": 26340538, "ablations": {"loss_ablation": [0, 0, 0, 0, 0, 0.02355, 0, 0, 0], "top_logit_ablation_tokens_str": [["<META>", "<META>", "<META>", "<META>", "<META>", "ated", "<META>", "<META>", "<META>"], ["<EOT>", "<EOT>", "<EOT>", "<EOT>", "<EOT>", "auts", "<EOT>", "<EOT>", "<EOT>"], ["<META_START>", "<META_START>", "<META_START>", "<META_START>", "<META_START>", "ates", "<META_START>", "<META_START>", "<META_START>"], ["<SOS>", "<SOS>", "<SOS>", "<SOS>", "<SOS>", "ets", "<SOS>", "<SOS>", "<SOS>"], ["<META_END>", "<META_END>", "<META_END>", "<META_END>", "<META_END>", "ally", "<META_END>", "<META_END>", "<META_END>"]], "bottom_logit_ablation_tokens_str": [["<META>", "<META>", "<META>", "<META>", "<META>", "iology", "<META>", "<META>", "<META>"], ["<EOT>", "<EOT>", "<EOT>", "<EOT>", "<EOT>", "iative", "<EOT>", "<EOT>", "<EOT>"], ["<META_START>", "<META_START>", "<META_START>", "<META_START>", "<META_START>", "======", "<META_START>", "<META_START>", "<META_START>"], ["<SOS>", "<SOS>", "<SOS>", "<SOS>", "<SOS>", " %}", "<SOS>", "<SOS>", "<SOS>"], ["<META_END>", "<META_END>", "<META_END>", "<META_END>", "<META_END>", "iological", "<META_END>", "<META_END>", "<META_END>"]], "top_logit_ablation_values": [[0, 0, 0, 0, 0, 0.2836, 0, 0, 0], [0, 0, 0, 0, 0, 0.2822, 0, 0, 0], [0, 0, 0, 0, 0, 0.2662, 0, 0, 0], [0, 0, 0, 0, 0, 0.2649, 0, 0, 0], [0, 0, 0, 0, 0, 0.2589, 0, 0, 0]], "bottom_logit_ablation_values": [[0, 0, 0, 0, 0, -0.2173, 0, 0, 0], [0, 0, 0, 0, 0, -0.1734, 0, 0, 0], [0, 0, 0, 0, 0, -0.1649, 0, 0, 0], [0, 0, 0, 0, 0, -0.1463, 0, 0, 0], [0, 0, 0, 0, 0, -0.1416, 0, 0, 0]], "residual_loss_ablation": [2.005, 0.1299, 0.2012, -0.02559, -0.5824, 1.777, 0.3678, 0.1318, 0]}}, {"tokens_str_list": [" model", ",", " which", " is", " comprised", " of", " separate", " le", "aky"], "tokens_acts_list": [0, 0, 0, 0, 0.06667, 0, 0, 0, 0], "train_token_ind": 4, "is_repeated_datapoint": 0, "datapoint_ind": 49079314, "ablations": {"loss_ablation": [0, 0, 0, 0, 0, -0.004932, 0, 0, 0], "top_logit_ablation_tokens_str": [["<META>", "<META>", "<META>", "<META>", "<META>", "ated", "<META>", "<META>", "<META>"], ["<EOT>", "<EOT>", "<EOT>", "<EOT>", "<EOT>", "auts", "<EOT>", "<EOT>", "<EOT>"], ["<META_START>", "<META_START>", "<META_START>", "<META_START>", "<META_START>", "ates", "<META_START>", "<META_START>", "<META_START>"], ["<SOS>", "<SOS>", "<SOS>", "<SOS>", "<SOS>", "eled", "<SOS>", "<SOS>", "<SOS>"], ["<META_END>", "<META_END>", "<META_END>", "<META_END>", "<META_END>", "ously", "<META_END>", "<META_END>", "<META_END>"]], "bottom_logit_ablation_tokens_str": [["<META>", "<META>", "<META>", "<META>", "<META>", "iology", "<META>", "<META>", "<META>"], ["<EOT>", "<EOT>", "<EOT>", "<EOT>", "<EOT>", "======", "<EOT>", "<EOT>", "<EOT>"], ["<META_START>", "<META_START>", "<META_START>", "<META_START>", "<META_START>", "arthritis", "<META_START>", "<META_START>", "<META_START>"], ["<SOS>", "<SOS>", "<SOS>", "<SOS>", "<SOS>", "iative", "<SOS>", "<SOS>", "<SOS>"], ["<META_END>", "<META_END>", "<META_END>", "<META_END>", "<META_END>", "iological", "<META_END>", "<META_END>", "<META_END>"]], "top_logit_ablation_values": [[0, 0, 0, 0, 0, 0.06526, 0, 0, 0], [0, 0, 0, 0, 0, 0.06509, 0, 0, 0], [0, 0, 0, 0, 0, 0.06171, 0, 0, 0], [0, 0, 0, 0, 0, 0.06129, 0, 0, 0], [0, 0, 0, 0, 0, 0.06088, 0, 0, 0]], "bottom_logit_ablation_values": [[0, 0, 0, 0, 0, -0.06304, 0, 0, 0], [0, 0, 0, 0, 0, -0.04852, 0, 0, 0], [0, 0, 0, 0, 0, -0.04778, 0, 0, 0], [0, 0, 0, 0, 0, -0.04706, 0, 0, 0], [0, 0, 0, 0, 0, -0.04467, 0, 0, 0]], "residual_loss_ablation": [0.2895, -0.7175, -1.437, -0.2311, 1.874, -0.2752, 3.341, 1.155, 0]}}]}], "statistics": {"density_frac": 2e-08, "global_max_act": 0.2305, "abs_max_neuron_weights": [0.1342, -0.1272, 0.1248], "abs_max_neuron_inds": [45, 162, 469], "l1_max_neuron_weights": [0.007748, 0.007346, 0.007207]}, "logit_effects": {"negatives": [["dels", -0.3892], ["ation", -0.3947], ["eled", -0.3979], ["ely", -0.3986], ["'t", -0.4046], ["ally", -0.4118], ["ates", -0.4276], ["ets", -0.4295], ["ated", -0.4518], ["auts", -0.4525]], "positives": [["iology", 0.4834], ["iative", 0.4038], ["======", 0.3957], [" %}", 0.3524], ["tlement", 0.347], ["arthritis", 0.3438], ["iological", 0.341], ["============", 0.3335], ["icals", 0.3194], [" */", 0.3171]]}}