{"index": 182, "act_buckets": [0, 0, 3, 0, 0, 1, 0, 1, 0, 1, 0, 0, 0, 0, 0, 0, 0, 0, 0, 0, 0, 1, 0, 0, 1, 0, 0, 0, 0, 0, 0, 0, 0, 0, 0, 0, 0, 0, 0, 1], "act_bucket_edges": [0, 0.05495, 0.1099, 0.1649, 0.2198, 0.2748, 0.3297, 0.3847, 0.4396, 0.4946, 0.5495, 0.6045, 0.6594, 0.7144, 0.7693, 0.8243, 0.8792, 0.9342, 0.9891, 1.044, 1.099, 1.154, 1.209, 1.264, 1.319, 1.374, 1.429, 1.484, 1.539, 1.594, 1.649, 1.703, 1.758, 1.813, 1.868, 1.923, 1.978, 2.033, 2.088, 2.143, 2.198], "logit_buckets": [2, 7, 6, 17, 20, 32, 56, 105, 183, 249, 424, 726, 1046, 1634, 2282, 3155, 3985, 5016, 5790, 6687, 7039, 6624, 5850, 4665, 4104, 2805, 1139, 670, 475, 278, 174, 110, 86, 51, 22, 6, 6, 4, 3, 3], "logit_bucket_edges": [-0.5111, -0.4858, -0.4605, -0.4352, -0.4098, -0.3845, -0.3592, -0.3339, -0.3086, -0.2833, -0.258, -0.2326, -0.2073, -0.182, -0.1567, -0.1314, -0.1061, -0.08077, -0.05546, -0.03014, -0.00483, 0.02048, 0.0458, 0.07111, 0.09642, 0.1217, 0.147, 0.1724, 0.1977, 0.223, 0.2483, 0.2736, 0.2989, 0.3242, 0.3496, 0.3749, 0.4002, 0.4255, 0.4508, 0.4761, 0.5014], "examples_quantiles": [{"quantile_name": "Top Activations", "quantile_max_act": 2.198, "examples": [{"tokens_str_list": ["Value", "=\"#", "{", "javascript", ":@", "Created", "()}", "\">", "\n           "], "tokens_acts_list": [0, 0, 0, 0, 2.198, 0, 0, 0, 0], "train_token_ind": 4, "is_repeated_datapoint": 0, "datapoint_ind": 89413861, "ablations": {"loss_ablation": [0, 0, 0, 0, 0, 0.7382, 0, 0, 0], "top_logit_ablation_tokens_str": [["<META>", "<META>", "<META>", "<META>", "<META>", "ials", "<META>", "<META>", "<META>"], ["<EOT>", "<EOT>", "<EOT>", "<EOT>", "<EOT>", "pections", "<EOT>", "<EOT>", "<EOT>"], ["<META_START>", "<META_START>", "<META_START>", "<META_START>", "<META_START>", "\r", "<META_START>", "<META_START>", "<META_START>"], ["<SOS>", "<SOS>", "<SOS>", "<SOS>", "<SOS>", "\n\n \n", "<SOS>", "<SOS>", "<SOS>"], ["<META_END>", "<META_END>", "<META_END>", "<META_END>", "<META_END>", "\")[", "<META_END>", "<META_END>", "<META_END>"]], "bottom_logit_ablation_tokens_str": [["<META>", "<META>", "<META>", "<META>", "<META>", "igated", "<META>", "<META>", "<META>"], ["<EOT>", "<EOT>", "<EOT>", "<EOT>", "<EOT>", "+^", "<EOT>", "<EOT>", "<EOT>"], ["<META_START>", "<META_START>", "<META_START>", "<META_START>", "<META_START>", "ogy", "<META_START>", "<META_START>", "<META_START>"], ["<SOS>", "<SOS>", "<SOS>", "<SOS>", "<SOS>", "ough", "<SOS>", "<SOS>", "<SOS>"], ["<META_END>", "<META_END>", "<META_END>", "<META_END>", "<META_END>", "aked", "<META_END>", "<META_END>", "<META_END>"]], "top_logit_ablation_values": [[0, 0, 0, 0, 0, 2.755, 0, 0, 0], [0, 0, 0, 0, 0, 2.467, 0, 0, 0], [0, 0, 0, 0, 0, 2.448, 0, 0, 0], [0, 0, 0, 0, 0, 2.424, 0, 0, 0], [0, 0, 0, 0, 0, 2.381, 0, 0, 0]], "bottom_logit_ablation_values": [[0, 0, 0, 0, 0, -1.873, 0, 0, 0], [0, 0, 0, 0, 0, -1.839, 0, 0, 0], [0, 0, 0, 0, 0, -1.732, 0, 0, 0], [0, 0, 0, 0, 0, -1.624, 0, 0, 0], [0, 0, 0, 0, 0, -1.594, 0, 0, 0]], "residual_loss_ablation": [0.8517, 2.095, 7.384, 1.848, -0.9824, -1.045, -2.036, 4.798, 0]}}, {"tokens_str_list": ["\\x9d", "\\xe1\\x83", "\\x93", " \\xe1\\x83", "\\xac", "\u10d8\\xe1\\x83", "\\x9c", "\u10d0\\xe1\\x83", "\\xa1"], "tokens_acts_list": [0, 0, 0, 0, 1.362, 0, 0, 0, 0], "train_token_ind": 4, "is_repeated_datapoint": 0, "datapoint_ind": 54671983, "ablations": {"loss_ablation": [0, 0, 0, 0, 0, 0.0666, 0, 0, 0], "top_logit_ablation_tokens_str": [["<META>", "<META>", "<META>", "<META>", "<META>", "ials", "<META>", "<META>", "<META>"], ["<EOT>", "<EOT>", "<EOT>", "<EOT>", "<EOT>", "\")[", "<EOT>", "<EOT>", "<EOT>"], ["<META_START>", "<META_START>", "<META_START>", "<META_START>", "<META_START>", "')[", "<META_START>", "<META_START>", "<META_START>"], ["<SOS>", "<SOS>", "<SOS>", "<SOS>", "<SOS>", "pections", "<SOS>", "<SOS>", "<SOS>"], ["<META_END>", "<META_END>", "<META_END>", "<META_END>", "<META_END>", "ci\u00f3n", "<META_END>", "<META_END>", "<META_END>"]], "bottom_logit_ablation_tokens_str": [["<META>", "<META>", "<META>", "<META>", "<META>", "+^", "<META>", "<META>", "<META>"], ["<EOT>", "<EOT>", "<EOT>", "<EOT>", "<EOT>", "igated", "<EOT>", "<EOT>", "<EOT>"], ["<META_START>", "<META_START>", "<META_START>", "<META_START>", "<META_START>", "ogy", "<META_START>", "<META_START>", "<META_START>"], ["<SOS>", "<SOS>", "<SOS>", "<SOS>", "<SOS>", "ough", "<SOS>", "<SOS>", "<SOS>"], ["<META_END>", "<META_END>", "<META_END>", "<META_END>", "<META_END>", "ittle", "<META_END>", "<META_END>", "<META_END>"]], "top_logit_ablation_values": [[0, 0, 0, 0, 0, 1.077, 0, 0, 0], [0, 0, 0, 0, 0, 1.068, 0, 0, 0], [0, 0, 0, 0, 0, 1.009, 0, 0, 0], [0, 0, 0, 0, 0, 1.005, 0, 0, 0], [0, 0, 0, 0, 0, 0.9976, 0, 0, 0]], "bottom_logit_ablation_values": [[0, 0, 0, 0, 0, -0.9725, 0, 0, 0], [0, 0, 0, 0, 0, -0.9687, 0, 0, 0], [0, 0, 0, 0, 0, -0.9603, 0, 0, 0], [0, 0, 0, 0, 0, -0.9099, 0, 0, 0], [0, 0, 0, 0, 0, -0.8856, 0, 0, 0]], "residual_loss_ablation": [1.262, -0.07189, 1.003, -0.7419, 1.176, 0.2246, 0.1431, 0.2026, 0]}}, {"tokens_str_list": [" (-", "8", ")/(-", "12", ")*(-", "145", "66", ")/((-", "7"], "tokens_acts_list": [0, 0, 0, 0, 1.158, 0, 0, 0, 0], "train_token_ind": 4, "is_repeated_datapoint": 0, "datapoint_ind": 5547788, "ablations": {"loss_ablation": [0, 0, 0, 0, 0, 0.00145, 0, 0, 0], "top_logit_ablation_tokens_str": [["<META>", "<META>", "<META>", "<META>", "<META>", "ials", "<META>", "<META>", "<META>"], ["<EOT>", "<EOT>", "<EOT>", "<EOT>", "<EOT>", "\")[", "<EOT>", "<EOT>", "<EOT>"], ["<META_START>", "<META_START>", "<META_START>", "<META_START>", "<META_START>", "\r", "<META_START>", "<META_START>", "<META_START>"], ["<SOS>", "<SOS>", "<SOS>", "<SOS>", "<SOS>", "pections", "<SOS>", "<SOS>", "<SOS>"], ["<META_END>", "<META_END>", "<META_END>", "<META_END>", "<META_END>", "ci\u00f3n", "<META_END>", "<META_END>", "<META_END>"]], "bottom_logit_ablation_tokens_str": [["<META>", "<META>", "<META>", "<META>", "<META>", "igated", "<META>", "<META>", "<META>"], ["<EOT>", "<EOT>", "<EOT>", "<EOT>", "<EOT>", "+^", "<EOT>", "<EOT>", "<EOT>"], ["<META_START>", "<META_START>", "<META_START>", "<META_START>", "<META_START>", "ogy", "<META_START>", "<META_START>", "<META_START>"], ["<SOS>", "<SOS>", "<SOS>", "<SOS>", "<SOS>", "oted", "<SOS>", "<SOS>", "<SOS>"], ["<META_END>", "<META_END>", "<META_END>", "<META_END>", "<META_END>", "ough", "<META_END>", "<META_END>", "<META_END>"]], "top_logit_ablation_values": [[0, 0, 0, 0, 0, 0.8101, 0, 0, 0], [0, 0, 0, 0, 0, 0.7959, 0, 0, 0], [0, 0, 0, 0, 0, 0.7595, 0, 0, 0], [0, 0, 0, 0, 0, 0.7583, 0, 0, 0], [0, 0, 0, 0, 0, 0.754, 0, 0, 0]], "bottom_logit_ablation_values": [[0, 0, 0, 0, 0, -0.6653, 0, 0, 0], [0, 0, 0, 0, 0, -0.652, 0, 0, 0], [0, 0, 0, 0, 0, -0.6511, 0, 0, 0], [0, 0, 0, 0, 0, -0.5991, 0, 0, 0], [0, 0, 0, 0, 0, -0.5987, 0, 0, 0]], "residual_loss_ablation": [4.172, -0.1182, 3.626, -0.09521, 0.08316, -0.2478, 2.347, -1.624, 0]}}, {"tokens_str_list": [" a", " compilation", " of", " \u00e2", "\\xc2", "\\x80", "\\xc2", "\\x9c", "wer"], "tokens_acts_list": [0, 0, 0, 0, 0.5199, 0, 0, 0, 0], "train_token_ind": 4, "is_repeated_datapoint": 0, "datapoint_ind": 30436283, "ablations": {"loss_ablation": [0, 0, 0, 0, 0, 0.005237, 0, 0, 0], "top_logit_ablation_tokens_str": [["<META>", "<META>", "<META>", "<META>", "<META>", "ials", "<META>", "<META>", "<META>"], ["<EOT>", "<EOT>", "<EOT>", "<EOT>", "<EOT>", "\")[", "<EOT>", "<EOT>", "<EOT>"], ["<META_START>", "<META_START>", "<META_START>", "<META_START>", "<META_START>", "')[", "<META_START>", "<META_START>", "<META_START>"], ["<SOS>", "<SOS>", "<SOS>", "<SOS>", "<SOS>", "pections", "<SOS>", "<SOS>", "<SOS>"], ["<META_END>", "<META_END>", "<META_END>", "<META_END>", "<META_END>", "ci\u00f3n", "<META_END>", "<META_END>", "<META_END>"]],