{"index": 1848, "act_buckets": [0, 0, 0, 0, 0, 0, 0, 0, 0, 0, 0, 0, 0, 0, 0, 0, 0, 0, 0, 0, 0, 0, 0, 0, 0, 1, 0, 0, 0, 0, 0, 0, 0, 0, 0, 0, 0, 0, 0, 1], "act_bucket_edges": [0, 0.005915, 0.01183, 0.01775, 0.02366, 0.02958, 0.03549, 0.04141, 0.04732, 0.05324, 0.05915, 0.06507, 0.07099, 0.0769, 0.08282, 0.08873, 0.09465, 0.1006, 0.1065, 0.1124, 0.1183, 0.1242, 0.1301, 0.1361, 0.142, 0.1479, 0.1538, 0.1597, 0.1656, 0.1715, 0.1775, 0.1834, 0.1893, 0.1952, 0.2011, 0.207, 0.213, 0.2189, 0.2248, 0.2307, 0.2366], "logit_buckets": [2, 2, 1, 2, 3, 16, 17, 34, 54, 116, 217, 388, 615, 948, 1670, 2589, 6271, 6519, 7700, 8741, 8468, 7234, 5044, 3305, 2179, 1382, 846, 452, 303, 170, 95, 73, 32, 20, 12, 10, 3, 1, 1, 1], "logit_bucket_edges": [-0.5549, -0.5267, -0.4985, -0.4702, -0.442, -0.4138, -0.3855, -0.3573, -0.329, -0.3008, -0.2726, -0.2443, -0.2161, -0.1879, -0.1596, -0.1314, -0.1032, -0.07494, -0.0467, -0.01847, 0.009767, 0.038, 0.06624, 0.09447, 0.1227, 0.1509, 0.1792, 0.2074, 0.2356, 0.2639, 0.2921, 0.3203, 0.3486, 0.3768, 0.4051, 0.4333, 0.4615, 0.4898, 0.518, 0.5462, 0.5745], "examples_quantiles": [{"quantile_name": "Top Activations", "quantile_max_act": 0.2366, "examples": [{"tokens_str_list": ["\n", ",", " **", "**,", " ().", "\n", "\n", ",", " **"], "tokens_acts_list": [0, 0, 0, 0, 0.2366, 0, 0, 0, 0], "train_token_ind": 4, "is_repeated_datapoint": 0, "datapoint_ind": 53779, "ablations": {"loss_ablation": [0, 0, 0, 0, 0, 0.04588, 0, 0, 0], "top_logit_ablation_tokens_str": [["<META>", "<META>", "<META>", "<META>", "<META>", "osing", "<META>", "<META>", "<META>"], ["<EOT>", "<EOT>", "<EOT>", "<EOT>", "<EOT>", "oses", "<EOT>", "<EOT>", "<EOT>"], ["<META_START>", "<META_START>", "<META_START>", "<META_START>", "<META_START>", "ical", "<META_START>", "<META_START>", "<META_START>"], ["<SOS>", "<SOS>", "<SOS>", "<SOS>", "<SOS>", "venth", "<SOS>", "<SOS>", "<SOS>"], ["<META_END>", "<META_END>", "<META_END>", "<META_END>", "<META_END>", "icing", "<META_END>", "<META_END>", "<META_END>"]], "bottom_logit_ablation_tokens_str": [["<META>", "<META>", "<META>", "<META>", "<META>", "]\"", "<META>", "<META>", "<META>"], ["<EOT>", "<EOT>", "<EOT>", "<EOT>", "<EOT>", "ATOR", "<EOT>", "<EOT>", "<EOT>"], ["<META_START>", "<META_START>", "<META_START>", "<META_START>", "<META_START>", "*]{},", "<META_START>", "<META_START>", "<META_START>"], ["<SOS>", "<SOS>", "<SOS>", "<SOS>", "<SOS>", "\f", "<SOS>", "<SOS>", "<SOS>"], ["<META_END>", "<META_END>", "<META_END>", "<META_END>", "<META_END>", ".*]{}", "<META_END>", "<META_END>", "<META_END>"]], "top_logit_ablation_values": [[0, 0, 0, 0, 0, 0.1175, 0, 0, 0], [0, 0, 0, 0, 0, 0.1113, 0, 0, 0], [0, 0, 0, 0, 0, 0.09793, 0, 0, 0], [0, 0, 0, 0, 0, 0.09785, 0, 0, 0], [0, 0, 0, 0, 0, 0.08634, 0, 0, 0]], "bottom_logit_ablation_values": [[0, 0, 0, 0, 0, -0.2698, 0, 0, 0], [0, 0, 0, 0, 0, -0.247, 0, 0, 0], [0, 0, 0, 0, 0, -0.2451, 0, 0, 0], [0, 0, 0, 0, 0, -0.244, 0, 0, 0], [0, 0, 0, 0, 0, -0.2382, 0, 0, 0]], "residual_loss_ablation": [-1.019, 2.532, 6.593, 2.603, 3.239, 3.891, -0.6105, 7.652, 0]}}, {"tokens_str_list": ["\\x9d", "\\xe1\\x83", "\\x93", " \\xe1\\x83", "\\xac", "\u10d8\\xe1\\x83", "\\x9c", "\u10d0\\xe1\\x83", "\\xa1"], "tokens_acts_list": [0, 0, 0, 0, 0.1523, 0, 0, 0, 0], "train_token_ind": 4, "is_repeated_datapoint": 0, "datapoint_ind": 54671983, "ablations": {"loss_ablation": [0, 0, 0, 0, 0, 0.004589, 0, 0, 0], "top_logit_ablation_tokens_str": [["<META>", "<META>", "<META>", "<META>", "<META>", "osing", "<META>", "<META>", "<META>"], ["<EOT>", "<EOT>", "<EOT>", "<EOT>", "<EOT>", "oses", "<EOT>", "<EOT>", "<EOT>"], ["<META_START>", "<META_START>", "<META_START>", "<META_START>", "<META_START>", "venth", "<META_START>", "<META_START>", "<META_START>"], ["<SOS>", "<SOS>", "<SOS>", "<SOS>", "<SOS>", "ical", "<SOS>", "<SOS>", "<SOS>"], ["<META_END>", "<META_END>", "<META_END>", "<META_END>", "<META_END>", "quate", "<META_END>", "<META_END>", "<META_END>"]], "bottom_logit_ablation_tokens_str": [["<META>", "<META>", "<META>", "<META>", "<META>", "]\"", "<META>", "<META>", "<META>"], ["<EOT>", "<EOT>", "<EOT>", "<EOT>", "<EOT>", "ATOR", "<EOT>", "<EOT>", "<EOT>"], ["<META_START>", "<META_START>", "<META_START>", "<META_START>", "<META_START>", "*]{},", "<META_START>", "<META_START>", "<META_START>"], ["<SOS>", "<SOS>", "<SOS>", "<SOS>", "<SOS>", "\f", "<SOS>", "<SOS>", "<SOS>"], ["<META_END>", "<META_END>", "<META_END>", "<META_END>", "<META_END>", ".*]{}", "<META_END>", "<META_END>", "<META_END>"]], "top_logit_ablation_values": [[0, 0, 0, 0, 0, 0.08441, 0, 0, 0], [0, 0, 0, 0, 0, 0.07888, 0, 0, 0], [0, 0, 0, 0, 0, 0.07257, 0, 0, 0], [0, 0, 0, 0, 0, 0.06988, 0, 0, 0], [0, 0, 0, 0, 0, 0.06672, 0, 0, 0]], "bottom_logit_ablation_values": [[0, 0, 0, 0, 0, -0.1687, 0, 0, 0], [0, 0, 0, 0, 0, -0.1557, 0, 0, 0], [0, 0, 0, 0, 0, -0.1503, 0, 0, 0], [0, 0, 0, 0, 0, -0.1496, 0, 0, 0], [0, 0, 0, 0, 0, -0.1464, 0, 0, 0]], "residual_loss_ablation": [1.262, -0.07189, 1.003, -0.7419, 1.176, 0.2246, 0.1431, 0.2026, 0]}}]}], "statistics": {"density_frac": 2e-08, "global_max_act": 0.2366, "abs_max_neuron_weights": [0.1812, -0.1526, 0.1352], "abs_max_neuron_inds": [175, 129, 160], "l1_max_neuron_weights": [0.01017, 0.008563, 0.007583]}, "logit_effects": {"negatives": [["lected", -0.4146], ["amination", -0.4182], ["ingu", -0.4292], ["icing", -0.4503], ["ices", -0.4636], ["quate", -0.4709], ["ical", -0.4986], ["venth", -0.5008], ["oses", -0.5375], ["osing", -0.5549]], "positives": [["]\"", 0.5745], ["ATOR", 0.5206], ["\f", 0.4989], ["*]{},", 0.4891], [".*]{}", 0.4762], ["){#", 0.4617], ["\r\n\r\n\r\n\r", 0.4594], ["ATED", 0.4535], ["awa", 0.4515], ["nut", 0.4483]]}}