{"index": 186, "act_buckets": [0, 0, 0, 0, 0, 0, 0, 0, 0, 0, 0, 0, 0, 0, 0, 0, 0, 0, 0, 0, 0, 0, 0, 0, 0, 0, 0, 0, 0, 0, 0, 0, 0, 0, 0, 0, 0, 0, 0, 1], "act_bucket_edges": [0, 0.002271, 0.004543, 0.006814, 0.009086, 0.01136, 0.01363, 0.0159, 0.01817, 0.02044, 0.02271, 0.02499, 0.02726, 0.02953, 0.0318, 0.03407, 0.03634, 0.03862, 0.04089, 0.04316, 0.04543, 0.0477, 0.04997, 0.05224, 0.05452, 0.05679, 0.05906, 0.06133, 0.0636, 0.06587, 0.06814, 0.07042, 0.07269, 0.07496, 0.07723, 0.0795, 0.08177, 0.08405, 0.08632, 0.08859, 0.09086], "logit_buckets": [1, 2, 9, 15, 31, 61, 104, 181, 325, 457, 726, 1032, 1522, 1927, 2610, 3341, 4070, 4755, 7141, 8082, 7270, 6156, 4809, 3464, 2478, 1743, 1109, 731, 518, 315, 217, 126, 74, 50, 37, 23, 10, 6, 5, 3], "logit_bucket_edges": [-0.3797, -0.3602, -0.3408, -0.3213, -0.3019, -0.2825, -0.263, -0.2436, -0.2241, -0.2047, -0.1853, -0.1658, -0.1464, -0.1269, -0.1075, -0.08805, -0.06861, -0.04917, -0.02973, -0.01029, 0.009156, 0.0286, 0.04804, 0.06748, 0.08692, 0.1064, 0.1258, 0.1452, 0.1647, 0.1841, 0.2036, 0.223, 0.2424, 0.2619, 0.2813, 0.3008, 0.3202, 0.3397, 0.3591, 0.3785, 0.398], "examples_quantiles": [{"quantile_name": "Top Activations", "quantile_max_act": 0.09086, "examples": [{"tokens_str_list": ["raisebox", "{-", "0", ".", "710", "ex", "}{\\", "(", "r"], "tokens_acts_list": [0, 0, 0, 0, 0.09086, 0, 0, 0, 0], "train_token_ind": 4, "is_repeated_datapoint": 0, "datapoint_ind": 78340746, "ablations": {"loss_ablation": [0, 0, 0, 0, 0, -0.01801, 0, 0, 0], "top_logit_ablation_tokens_str": [["<META>", "<META>", "<META>", "<META>", "<META>", "INATION", "<META>", "<META>", "<META>"], ["<EOT>", "<EOT>", "<EOT>", "<EOT>", "<EOT>", " accounts", "<EOT>", "<EOT>", "<EOT>"], ["<META_START>", "<META_START>", "<META_START>", "<META_START>", "<META_START>", "icians", "<META_START>", "<META_START>", "<META_START>"], ["<SOS>", "<SOS>", "<SOS>", "<SOS>", "<SOS>", "idine", "<SOS>", "<SOS>", "<SOS>"], ["<META_END>", "<META_END>", "<META_END>", "<META_END>", "<META_END>", " email", "<META_END>", "<META_END>", "<META_END>"]], "bottom_logit_ablation_tokens_str": [["<META>", "<META>", "<META>", "<META>", "<META>", "Rect", "<META>", "<META>", "<META>"], ["<EOT>", "<EOT>", "<EOT>", "<EOT>", "<EOT>", "Scale", "<EOT>", "<EOT>", "<EOT>"], ["<META_START>", "<META_START>", "<META_START>", "<META_START>", "<META_START>", "Radius", "<META_START>", "<META_START>", "<META_START>"], ["<SOS>", "<SOS>", "<SOS>", "<SOS>", "<SOS>", "Texture", "<SOS>", "<SOS>", "<SOS>"], ["<META_END>", "<META_END>", "<META_END>", "<META_END>", "<META_END>", "Point", "<META_END>", "<META_END>", "<META_END>"]], "top_logit_ablation_values": [[0, 0, 0, 0, 0, 0.09158, 0, 0, 0], [0, 0, 0, 0, 0, 0.08344, 0, 0, 0], [0, 0, 0, 0, 0, 0.08331, 0, 0, 0], [0, 0, 0, 0, 0, 0.08273, 0, 0, 0], [0, 0, 0, 0, 0, 0.08169, 0, 0, 0]], "bottom_logit_ablation_values": [[0, 0, 0, 0, 0, -0.04271, 0, 0, 0], [0, 0, 0, 0, 0, -0.04098, 0, 0, 0], [0, 0, 0, 0, 0, -0.04076, 0, 0, 0], [0, 0, 0, 0, 0, -0.03968, 0, 0, 0], [0, 0, 0, 0, 0, -0.03718, 0, 0, 0]], "residual_loss_ablation": [2.853, 4.365, 0.2202, -0.3751, 0.02136, 2.81, 3.924, 1.71, 0]}}]}], "statistics": {"density_frac": 1e-08, "global_max_act": 0.09086, "abs_max_neuron_weights": [0.3396, -0.2915, -0.2639], "abs_max_neuron_inds": [408, 21, 103], "l1_max_neuron_weights": [0.0237, 0.02034, 0.01842]}, "logit_effects": {"negatives": [[" email", -0.3264], [" agreement", -0.3271], [" exchanges", -0.3319], [" statement", -0.3337], [" talks", -0.3348], [" activities", -0.3377], [" reports", -0.3403], ["idine", -0.3441], [" accounts", -0.3504], ["INATION", -0.3797]], "positives": [["Rect", 0.398], ["cm", 0.3882], ["Radius", 0.3828], ["Point", 0.376], ["Scale", 0.3754], ["\n    \n   ", 0.3675], ["Color", 0.3628], ["Texture", 0.3612], ["Matrix", 0.3584], ["pixel", 0.3581]]}}