{"index": 1861, "act_buckets": [0, 0, 0, 0, 0, 0, 0, 0, 0, 0, 0, 0, 0, 0, 0, 0, 0, 0, 0, 0, 0, 0, 0, 0, 0, 0, 0, 0, 0, 0, 0, 0, 0, 0, 0, 0, 0, 0, 0, 2], "act_bucket_edges": [0, 0.001978, 0.003956, 0.005934, 0.007912, 0.00989, 0.01187, 0.01385, 0.01582, 0.0178, 0.01978, 0.02176, 0.02374, 0.02571, 0.02769, 0.02967, 0.03165, 0.03363, 0.0356, 0.03758, 0.03956, 0.04154, 0.04352, 0.04549, 0.04747, 0.04945, 0.05143, 0.05341, 0.05538, 0.05736, 0.05934, 0.06132, 0.06329, 0.06527, 0.06725, 0.06923, 0.07121, 0.07318, 0.07516, 0.07714, 0.07912], "logit_buckets": [3, 1, 4, 3, 6, 10, 31, 39, 54, 93, 106, 191, 270, 380, 573, 903, 1360, 2039, 3181, 4261, 5759, 9072, 8531, 8005, 6546, 4945, 3461, 2274, 1534, 815, 535, 252, 154, 62, 48, 21, 9, 1, 3, 1], "logit_bucket_edges": [-0.5775, -0.5518, -0.5262, -0.5005, -0.4749, -0.4492, -0.4236, -0.3979, -0.3723, -0.3466, -0.321, -0.2953, -0.2697, -0.244, -0.2184, -0.1927, -0.1671, -0.1415, -0.1158, -0.09015, -0.06451, -0.03886, -0.01321, 0.01244, 0.03809, 0.06374, 0.08939, 0.115, 0.1407, 0.1663, 0.192, 0.2176, 0.2433, 0.2689, 0.2946, 0.3202, 0.3459, 0.3715, 0.3972, 0.4228, 0.4485], "examples_quantiles": [{"quantile_name": "Top Activations", "quantile_max_act": 0.07912, "examples": [{"tokens_str_list": ["The", " sm", "okes", "how", " may", " be", " WWE", " bound", "."], "tokens_acts_list": [0, 0, 0, 0, 0.07912, 0, 0, 0, 0], "train_token_ind": 4, "is_repeated_datapoint": 0, "datapoint_ind": 37016318, "ablations": {"loss_ablation": [0, 0, 0, 0, 0, -0.01372, 0, 0, 0], "top_logit_ablation_tokens_str": [["<META>", "<META>", "<META>", "<META>", "<META>", " is", "<META>", "<META>", "<META>"], ["<EOT>", "<EOT>", "<EOT>", "<EOT>", "<EOT>", " has", "<EOT>", "<EOT>", "<EOT>"], ["<META_START>", "<META_START>", "<META_START>", "<META_START>", "<META_START>", "'s", "<META_START>", "<META_START>", "<META_START>"], ["<SOS>", "<SOS>", "<SOS>", "<SOS>", "<SOS>", "ists", "<SOS>", "<SOS>", "<SOS>"], ["<META_END>", "<META_END>", "<META_END>", "<META_END>", "<META_END>", " are", "<META_END>", "<META_END>", "<META_END>"]], "bottom_logit_ablation_tokens_str": [["<META>", "<META>", "<META>", "<META>", "<META>", "\u00eancia", "<META>", "<META>", "<META>"], ["<EOT>", "<EOT>", "<EOT>", "<EOT>", "<EOT>", "imeter", "<EOT>", "<EOT>", "<EOT>"], ["<META_START>", "<META_START>", "<META_START>", "<META_START>", "<META_START>", "iptic", "<META_START>", "<META_START>", "<META_START>"], ["<SOS>", "<SOS>", "<SOS>", "<SOS>", "<SOS>", "caster", "<SOS>", "<SOS>", "<SOS>"], ["<META_END>", "<META_END>", "<META_END>", "<META_END>", "<META_END>", "roni", "<META_END>", "<META_END>", "<META_END>"]], "top_logit_ablation_values": [[0, 0, 0, 0, 0, 0.07067, 0, 0, 0], [0, 0, 0, 0, 0, 0.06858, 0, 0, 0], [0, 0, 0, 0, 0, 0.06559, 0, 0, 0], [0, 0, 0, 0, 0, 0.06508, 0, 0, 0], [0, 0, 0, 0, 0, 0.06401, 0, 0, 0]], "bottom_logit_ablation_values": [[0, 0, 0, 0, 0, -0.09117, 0, 0, 0], [0, 0, 0, 0, 0, -0.09087, 0, 0, 0], [0, 0, 0, 0, 0, -0.08489, 0, 0, 0], [0, 0, 0, 0, 0, -0.08489, 0, 0, 0], [0, 0, 0, 0, 0, -0.08446, 0, 0, 0]], "residual_loss_ablation": [1.902, -0.7191, 0.4813, 1.409, -2.453, 0.9026, -0.1342, -1.244, 0]}}, {"tokens_str_list": ["ubuntu", "-", "br", " para", " aj", "uda", " em", " port", "ugu"], "tokens_acts_list": [0, 0, 0, 0, 0.07811, 0, 0, 0, 0], "train_token_ind": 4, "is_repeated_datapoint": 0, "datapoint_ind": 30541230, "ablations": {"loss_ablation": [0, 0, 0, 0, 0, -0.008969, 0, 0, 0], "top_logit_ablation_tokens_str": [["<META>", "<META>", "<META>", "<META>", "<META>", "ists", "<META>", "<META>", "<META>"], ["<EOT>", "<EOT>", "<EOT>", "<EOT>", "<EOT>", "ged", "<EOT>", "<EOT>", "<EOT>"], ["<META_START>", "<META_START>", "<META_START>", "<META_START>", "<META_START>", " has", "<META_START>", "<META_START>", "<META_START>"], ["<SOS>", "<SOS>", "<SOS>", "<SOS>", "<SOS>", "'s", "<SOS>", "<SOS>", "<SOS>"], ["<META_END>", "<META_END>", "<META_END>", "<META_END>", "<META_END>", " is", "<META_END>", "<META_END>", "<META_END>"]], "bottom_logit_ablation_tokens_str": [["<META>", "<META>", "<META>", "<META>", "<META>", "imeter", "<META>", "<META>", "<META>"], ["<EOT>", "<EOT>", "<EOT>", "<EOT>", "<EOT>", "\u00eancia", "<EOT>", "<EOT>", "<EOT>"], ["<META_START>", "<META_START>", "<META_START>", "<META_START>", "<META_START>", "esy", "<META_START>", "<META_START>", "<META_START>"], ["<SOS>", "<SOS>", "<SOS>", "<SOS>", "<SOS>", "\u00e8me", "<SOS>", "<SOS>", "<SOS>"], ["<META_END>", "<META_END>", "<META_END>", "<META_END>", "<META_END>", "xygen", "<META_END>", "<META_END>", "<META_END>"]], "top_logit_ablation_values": [[0, 0, 0, 0, 0, 0.04116, 0, 0, 0], [0, 0, 0, 0, 0, 0.03973, 0, 0, 0], [0, 0, 0, 0, 0, 0.03879, 0, 0, 0], [0, 0, 0, 0, 0, 0.03855, 0, 0, 0], [0, 0, 0, 0, 0, 0.03785, 0, 0, 0]], "bottom_logit_ablation_values": [[0, 0, 0, 0, 0, -0.06141, 0, 0, 0], [0, 0, 0, 0, 0, -0.05773, 0, 0, 0], [0, 0, 0, 0, 0, -0.05651, 0, 0, 0], [0, 0, 0, 0, 0, -0.05524, 0, 0, 0], [0, 0, 0, 0, 0, -0.05493, 0, 0, 0]], "residual_loss_ablation": [1.085, 3.529, 0.2374, 0.5411, 0.5798, 6.843, 1.792, 1.099, 0]}}]}], "statistics": {"density_frac": 2e-08, "global_max_act": 0.07912, "abs_max_neuron_weights": [-0.1535, 0.1399, 0.1398], "abs_max_neuron_inds": [138, 158, 317], "l1_max_neuron_weights": [0.008599, 0.007836, 0.007828]}, "logit_effects": {"negatives": [["ize", -0.4936], ["izes", -0.5001], [" are", -0.501], [" does", -0.5048], [" continues", -0.5055], [" was", -0.5207], ["'s", -0.5475], [" has", -0.5558], [" is", -0.556], ["ists", -0.5775]], "positives": [["imeter", 0.4485], ["\u00eancia", 0.4167], ["caster", 0.4033], ["isecond", 0.4002], ["iptic", 0.3731], ["otonic", 0.3711], [" oven", 0.3644], ["roni", 0.3603], ["esy", 0.3547], ["ennial", 0.3499]]}}