{"index": 1865, "act_buckets": [0, 0, 0, 0, 0, 0, 0, 0, 0, 0, 0, 0, 0, 0, 0, 0, 0, 0, 0, 0, 0, 0, 0, 0, 0, 0, 0, 1, 0, 0, 0, 0, 0, 0, 0, 0, 0, 0, 0, 1], "act_bucket_edges": [0, 0.01573, 0.03145, 0.04718, 0.06291, 0.07863, 0.09436, 0.1101, 0.1258, 0.1415, 0.1573, 0.173, 0.1887, 0.2044, 0.2202, 0.2359, 0.2516, 0.2674, 0.2831, 0.2988, 0.3145, 0.3303, 0.346, 0.3617, 0.3774, 0.3932, 0.4089, 0.4246, 0.4403, 0.4561, 0.4718, 0.4875, 0.5032, 0.519, 0.5347, 0.5504, 0.5662, 0.5819, 0.5976, 0.6133, 0.6291], "logit_buckets": [2, 2, 8, 12, 24, 51, 71, 159, 306, 501, 746, 1181, 1636, 2391, 3093, 4141, 5625, 10680, 8751, 7405, 5818, 4492, 2988, 2053, 1310, 850, 502, 303, 191, 126, 59, 24, 12, 9, 5, 0, 3, 0, 0, 1], "logit_bucket_edges": [-0.4231, -0.3999, -0.3767, -0.3535, -0.3303, -0.3071, -0.2839, -0.2607, -0.2375, -0.2143, -0.191, -0.1678, -0.1446, -0.1214, -0.09821, -0.07501, -0.0518, -0.02859, -0.005382, 0.01783, 0.04103, 0.06424, 0.08745, 0.1107, 0.1339, 0.1571, 0.1803, 0.2035, 0.2267, 0.2499, 0.2731, 0.2963, 0.3195, 0.3427, 0.3659, 0.3892, 0.4124, 0.4356, 0.4588, 0.482, 0.5052], "examples_quantiles": [{"quantile_name": "Top Activations", "quantile_max_act": 0.6291, "examples": [{"tokens_str_list": [" it", " take", " for", " a", " bount", "y", " to", " be", " auto"], "tokens_acts_list": [0, 0, 0, 0, 0.6291, 0, 0, 0, 0], "train_token_ind": 4, "is_repeated_datapoint": 0, "datapoint_ind": 82550481, "ablations": {"loss_ablation": [0, 0, 0, 0, 0, 0.0223, 0, 0, 0], "top_logit_ablation_tokens_str": [["<META>", "<META>", "<META>", "<META>", "<META>", "azeera", "<META>", "<META>", "<META>"], ["<EOT>", "<EOT>", "<EOT>", "<EOT>", "<EOT>", " provide", "<EOT>", "<EOT>", "<EOT>"], ["<META_START>", "<META_START>", "<META_START>", "<META_START>", "<META_START>", " offer", "<META_START>", "<META_START>", "<META_START>"], ["<SOS>", "<SOS>", "<SOS>", "<SOS>", "<SOS>", " display", "<SOS>", "<SOS>", "<SOS>"], ["<META_END>", "<META_END>", "<META_END>", "<META_END>", "<META_END>", " charge", "<META_END>", "<META_END>", "<META_END>"]], "bottom_logit_ablation_tokens_str": [["<META>", "<META>", "<META>", "<META>", "<META>", "tically", "<META>", "<META>", "<META>"], ["<EOT>", "<EOT>", "<EOT>", "<EOT>", "<EOT>", "Rev", "<EOT>", "<EOT>", "<EOT>"], ["<META_START>", "<META_START>", "<META_START>", "<META_START>", "<META_START>", "u", "<META_START>", "<META_START>", "<META_START>"], ["<SOS>", "<SOS>", "<SOS>", "<SOS>", "<SOS>", "mary", "<SOS>", "<SOS>", "<SOS>"], ["<META_END>", "<META_END>", "<META_END>", "<META_END>", "<META_END>", "itone", "<META_END>", "<META_END>", "<META_END>"]], "top_logit_ablation_values": [[0, 0, 0, 0, 0, 0.3486, 0, 0, 0], [0, 0, 0, 0, 0, 0.33, 0, 0, 0], [0, 0, 0, 0, 0, 0.3192, 0, 0, 0], [0, 0, 0, 0, 0, 0.3118, 0, 0, 0], [0, 0, 0, 0, 0, 0.31, 0, 0, 0]], "bottom_logit_ablation_values": [[0, 0, 0, 0, 0, -0.4331, 0, 0, 0], [0, 0, 0, 0, 0, -0.3874, 0, 0, 0], [0, 0, 0, 0, 0, -0.3661, 0, 0, 0], [0, 0, 0, 0, 0, -0.3517, 0, 0, 0], [0, 0, 0, 0, 0, -0.3299, 0, 0, 0]], "residual_loss_ablation": [0.5495, 1.034, -0.03435, 0.2797, -0.4034, 2.756, -1.464, -2.046, 0]}}, {"tokens_str_list": [" old", " topic", " (", "not", " entirely", " sure", " why", " thats", " a"], "tokens_acts_list": [0, 0, 0, 0, 0.4277, 0, 0, 0, 0], "train_token_ind": 4, "is_repeated_datapoint": 0, "datapoint_ind": 72925984, "ablations": {"loss_ablation": [0, 0, 0, 0, 0, -0.06549, 0, 0, 0], "top_logit_ablation_tokens_str": [["<META>", "<META>", "<META>", "<META>", "<META>", "azeera", "<META>", "<META>", "<META>"], ["<EOT>", "<EOT>", "<EOT>", "<EOT>", "<EOT>", " provide", "<EOT>", "<EOT>", "<EOT>"], ["<META_START>", "<META_START>", "<META_START>", "<META_START>", "<META_START>", " offer", "<META_START>", "<META_START>", "<META_START>"], ["<SOS>", "<SOS>", "<SOS>", "<SOS>", "<SOS>", " charge", "<SOS>", "<SOS>", "<SOS>"], ["<META_END>", "<META_END>", "<META_END>", "<META_END>", "<META_END>", " plan", "<META_END>", "<META_END>", "<META_END>"]], "bottom_logit_ablation_tokens_str": [["<META>", "<META>", "<META>", "<META>", "<META>", "tically", "<META>", "<META>", "<META>"], ["<EOT>", "<EOT>", "<EOT>", "<EOT>", "<EOT>", "u", "<EOT>", "<EOT>", "<EOT>"], ["<META_START>", "<META_START>", "<META_START>", "<META_START>", "<META_START>", "Rev", "<META_START>", "<META_START>", "<META_START>"], ["<SOS>", "<SOS>", "<SOS>", "<SOS>", "<SOS>", "mary", "<SOS>", "<SOS>", "<SOS>"], ["<META_END>", "<META_END>", "<META_END>", "<META_END>", "<META_END>", "assed", "<META_END>", "<META_END>", "<META_END>"]], "top_logit_ablation_values": [[0, 0, 0, 0, 0, 0.2975, 0, 0, 0], [0, 0, 0, 0, 0, 0.2823, 0, 0, 0], [0, 0, 0, 0, 0, 0.2682, 0, 0, 0], [0, 0, 0, 0, 0, 0.2621, 0, 0, 0], [0, 0, 0, 0, 0, 0.2587, 0, 0, 0]], "bottom_logit_ablation_values": [[0, 0, 0, 0, 0, -0.3916, 0, 0, 0], [0, 0, 0, 0, 0, -0.3408, 0, 0, 0], [0, 0, 0, 0, 0, -0.338, 0, 0, 0], [0, 0, 0, 0, 0, -0.3235, 0, 0, 0], [0, 0, 0, 0, 0, -0.3053, 0, 0, 0]], "residual_loss_ablation": [1.649, -0.9952, -0.2815, -0.6566, -1.431, 7.321, -0.4655, 0.3301, 0]}}]}], "statistics": {"density_frac": 2e-08, "global_max_act": 0.6291, "abs_max_neuron_weights": [0.1568, 0.154, 0.1528], "abs_max_neuron_inds": [497, 109, 103], "l1_max_neuron_weights": [0.009154, 0.008989, 0.008921]}, "logit_effects": {"negatives": [[" film", -0.3645], [" grant", -0.3675], [" have", -0.3683], [" display", -0.3691], [" permit", -0.3717], [" plan", -0.3737], [" charge", -0.3788], [" offer", -0.3859], [" provide", -0.4063], ["azeera", -0.4231]], "positives": [["tically", 0.5052], ["u", 0.433], ["Rev", 0.43], ["mary", 0.4133], ["assed", 0.3848], ["bib", 0.3779], ["missive", 0.3722], ["dy", 0.3685], ["d", 0.3663], ["n", 0.3656]]}}