{"index": 1873, "act_buckets": [0, 0, 0, 0, 0, 0, 0, 0, 1, 0, 0, 0, 0, 0, 0, 0, 0, 0, 0, 0, 0, 0, 0, 0, 0, 0, 0, 0, 0, 0, 0, 0, 0, 0, 0, 0, 0, 0, 0, 1], "act_bucket_edges": [0, 0.005075, 0.01015, 0.01522, 0.0203, 0.02537, 0.03045, 0.03552, 0.0406, 0.04567, 0.05075, 0.05582, 0.06089, 0.06597, 0.07104, 0.07612, 0.08119, 0.08627, 0.09134, 0.09642, 0.1015, 0.1066, 0.1116, 0.1167, 0.1218, 0.1269, 0.1319, 0.137, 0.1421, 0.1472, 0.1522, 0.1573, 0.1624, 0.1675, 0.1725, 0.1776, 0.1827, 0.1878, 0.1928, 0.1979, 0.203], "logit_buckets": [3, 1, 3, 9, 8, 6, 21, 30, 61, 70, 142, 230, 359, 595, 961, 2633, 3438, 4095, 5364, 6771, 8228, 8305, 7664, 6087, 4201, 2714, 1633, 899, 516, 232, 129, 59, 37, 16, 8, 6, 1, 0, 0, 1], "logit_bucket_edges": [-0.5198, -0.4951, -0.4703, -0.4455, -0.4207, -0.3959, -0.3711, -0.3463, -0.3215, -0.2967, -0.272, -0.2472, -0.2224, -0.1976, -0.1728, -0.148, -0.1232, -0.09844, -0.07365, -0.04886, -0.02407, 0.0007138, 0.0255, 0.05029, 0.07508, 0.09987, 0.1247, 0.1494, 0.1742, 0.199, 0.2238, 0.2486, 0.2734, 0.2982, 0.323, 0.3478, 0.3725, 0.3973, 0.4221, 0.4469, 0.4717], "examples_quantiles": [{"quantile_name": "Top Activations", "quantile_max_act": 0.203, "examples": [{"tokens_str_list": ["\n", ",", " **", "**,", " ().", "\n", "\n", ",", " **"], "tokens_acts_list": [0, 0, 0, 0, 0.203, 0, 0, 0, 0], "train_token_ind": 4, "is_repeated_datapoint": 0, "datapoint_ind": 53779, "ablations": {"loss_ablation": [0, 0, 0, 0, 0, -0.02109, 0, 0, 0], "top_logit_ablation_tokens_str": [["<META>", "<META>", "<META>", "<META>", "<META>", "'s", "<META>", "<META>", "<META>"], ["<EOT>", "<EOT>", "<EOT>", "<EOT>", "<EOT>", "leness", "<EOT>", "<EOT>", "<EOT>"], ["<META_START>", "<META_START>", "<META_START>", "<META_START>", "<META_START>", " to", "<META_START>", "<META_START>", "<META_START>"], ["<SOS>", "<SOS>", "<SOS>", "<SOS>", "<SOS>", "ling", "<SOS>", "<SOS>", "<SOS>"], ["<META_END>", "<META_END>", "<META_END>", "<META_END>", "<META_END>", "lemen", "<META_END>", "<META_END>", "<META_END>"]], "bottom_logit_ablation_tokens_str": [["<META>", "<META>", "<META>", "<META>", "<META>", "cci\u00f3n", "<META>", "<META>", "<META>"], ["<EOT>", "<EOT>", "<EOT>", "<EOT>", "<EOT>", "ptide", "<EOT>", "<EOT>", "<EOT>"], ["<META_START>", "<META_START>", "<META_START>", "<META_START>", "<META_START>", "cciones", "<META_START>", "<META_START>", "<META_START>"], ["<SOS>", "<SOS>", "<SOS>", "<SOS>", "<SOS>", "umber", "<SOS>", "<SOS>", "<SOS>"], ["<META_END>", "<META_END>", "<META_END>", "<META_END>", "<META_END>", "cm", "<META_END>", "<META_END>", "<META_END>"]], "top_logit_ablation_values": [[0, 0, 0, 0, 0, 0.1539, 0, 0, 0], [0, 0, 0, 0, 0, 0.1538, 0, 0, 0], [0, 0, 0, 0, 0, 0.1519, 0, 0, 0], [0, 0, 0, 0, 0, 0.1464, 0, 0, 0], [0, 0, 0, 0, 0, 0.1363, 0, 0, 0]], "bottom_logit_ablation_values": [[0, 0, 0, 0, 0, -0.14, 0, 0, 0], [0, 0, 0, 0, 0, -0.1208, 0, 0, 0], [0, 0, 0, 0, 0, -0.1141, 0, 0, 0], [0, 0, 0, 0, 0, -0.1139, 0, 0, 0], [0, 0, 0, 0, 0, -0.1107, 0, 0, 0]], "residual_loss_ablation": [-1.019, 2.532, 6.593, 2.603, 3.239, 3.891, -0.6105, 7.652, 0]}}, {"tokens_str_list": ["\\x9d", "\\xe1\\x83", "\\x93", " \\xe1\\x83", "\\xac", "\u10d8\\xe1\\x83", "\\x9c", "\u10d0\\xe1\\x83", "\\xa1"], "tokens_acts_list": [0, 0, 0, 0, 0.04415, 0, 0, 0, 0], "train_token_ind": 4, "is_repeated_datapoint": 0, "datapoint_ind": 54671983, "ablations": {"loss_ablation": [0, 0, 0, 0, 0, -0.002767, 0, 0, 0], "top_logit_ablation_tokens_str": [["<META>", "<META>", "<META>", "<META>", "<META>", "leness", "<META>", "<META>", "<META>"], ["<EOT>", "<EOT>", "<EOT>", "<EOT>", "<EOT>", " to", "<EOT>", "<EOT>", "<EOT>"], ["<META_START>", "<META_START>", "<META_START>", "<META_START>", "<META_START>", "'s", "<META_START>", "<META_START>", "<META_START>"], ["<SOS>", "<SOS>", "<SOS>", "<SOS>", "<SOS>", "unate", "<SOS>", "<SOS>", "<SOS>"], ["<META_END>", "<META_END>", "<META_END>", "<META_END>", "<META_END>", "ly", "<META_END>", "<META_END>", "<META_END>"]], "bottom_logit_ablation_tokens_str": [["<META>", "<META>", "<META>", "<META>", "<META>", "cci\u00f3n", "<META>", "<META>", "<META>"], ["<EOT>", "<EOT>", "<EOT>", "<EOT>", "<EOT>", "allest", "<EOT>", "<EOT>", "<EOT>"], ["<META_START>", "<META_START>", "<META_START>", "<META_START>", "<META_START>", "ptide", "<META_START>", "<META_START>", "<META_START>"], ["<SOS>", "<SOS>", "<SOS>", "<SOS>", "<SOS>", "cciones", "<SOS>", "<SOS>", "<SOS>"], ["<META_END>", "<META_END>", "<META_END>", "<META_END>", "<META_END>", "texte", "<META_END>", "<META_END>", "<META_END>"]], "top_logit_ablation_values": [[0, 0, 0, 0, 0, 0.03588, 0, 0, 0], [0, 0, 0, 0, 0, 0.03448, 0, 0, 0], [0, 0, 0, 0, 0, 0.03315, 0, 0, 0], [0, 0, 0, 0, 0, 0.03276, 0, 0, 0], [0, 0, 0, 0, 0, 0.03209, 0, 0, 0]], "bottom_logit_ablation_values": [[0, 0, 0, 0, 0, -0.02228, 0, 0, 0], [0, 0, 0, 0, 0, -0.01846, 0, 0, 0], [0, 0, 0, 0, 0, -0.01798, 0, 0, 0], [0, 0, 0, 0, 0, -0.01779, 0, 0, 0], [0, 0, 0, 0, 0, -0.01681, 0, 0, 0]], "residual_loss_ablation": [1.262, -0.07189, 1.003, -0.7419, 1.176, 0.2246, 0.1431, 0.2026, 0]}}]}], "statistics": {"density_frac": 2e-08, "global_max_act": 0.203, "abs_max_neuron_weights": [0.1169, 0.1114, -0.11], "abs_max_neuron_inds": [180, 397, 372], "l1_max_neuron_weights": [0.006446, 0.006146, 0.006068]}, "logit_effects": {"negatives": [["led", -0.4354], ["ful", -0.4354], ["unate", -0.4371], ["lemen", -0.4507], ["ism", -0.453], [" and", -0.4587], ["ling", -0.4859], ["'s", -0.5095], ["leness", -0.5143], [" to", -0.5198]], "positives": [["cci\u00f3n", 0.4717], ["ptide", 0.3798], ["cciones", 0.3711], ["umber", 0.3596], ["\u043e\u0436", 0.358], [".\u2019", 0.3533], ["texte", 0.3533], ["cm", 0.3508], ["volvimento", 0.3408], ["urre", 0.3385]]}}