{"index": 188, "act_buckets": [0, 2, 0, 1, 0, 0, 2, 0, 0, 0, 0, 0, 0, 0, 1, 0, 0, 1, 0, 0, 0, 0, 0, 0, 0, 0, 0, 0, 0, 0, 0, 0, 1, 0, 0, 0, 0, 0, 0, 1], "act_bucket_edges": [0, 0.02753, 0.05506, 0.0826, 0.1101, 0.1377, 0.1652, 0.1927, 0.2203, 0.2478, 0.2753, 0.3029, 0.3304, 0.3579, 0.3854, 0.413, 0.4405, 0.468, 0.4956, 0.5231, 0.5506, 0.5782, 0.6057, 0.6332, 0.6608, 0.6883, 0.7158, 0.7434, 0.7709, 0.7984, 0.826, 0.8535, 0.881, 0.9086, 0.9361, 0.9636, 0.9912, 1.019, 1.046, 1.074, 1.101], "logit_buckets": [1, 0, 1, 0, 2, 3, 3, 3, 8, 18, 22, 35, 71, 118, 149, 197, 329, 495, 730, 1157, 1696, 2570, 3949, 8274, 8899, 9461, 8434, 6571, 4736, 3064, 1989, 1200, 730, 356, 148, 72, 27, 9, 5, 4], "logit_bucket_edges": [-0.6689, -0.6426, -0.6163, -0.59, -0.5637, -0.5374, -0.5111, -0.4848, -0.4585, -0.4322, -0.4058, -0.3795, -0.3532, -0.3269, -0.3006, -0.2743, -0.248, -0.2217, -0.1954, -0.1691, -0.1428, -0.1165, -0.09014, -0.06384, -0.03753, -0.01122, 0.01509, 0.0414, 0.06771, 0.09402, 0.1203, 0.1466, 0.1729, 0.1993, 0.2256, 0.2519, 0.2782, 0.3045, 0.3308, 0.3571, 0.3834], "examples_quantiles": [{"quantile_name": "Top Activations", "quantile_max_act": 1.101, "examples": [{"tokens_str_list": ["\\x9d", "\\xe1\\x83", "\\x93", " \\xe1\\x83", "\\xac", "\u10d8\\xe1\\x83", "\\x9c", "\u10d0\\xe1\\x83", "\\xa1"], "tokens_acts_list": [0, 0, 0, 0, 1.101, 0, 0, 0, 0], "train_token_ind": 4, "is_repeated_datapoint": 0, "datapoint_ind": 54671983, "ablations": {"loss_ablation": [0, 0, 0, 0, 0, 0.05697, 0, 0, 0], "top_logit_ablation_tokens_str": [["<META>", "<META>", "<META>", "<META>", "<META>", "ically", "<META>", "<META>", "<META>"], ["<EOT>", "<EOT>", "<EOT>", "<EOT>", "<EOT>", "izes", "<EOT>", "<EOT>", "<EOT>"], ["<META_START>", "<META_START>", "<META_START>", "<META_START>", "<META_START>", "ize", "<META_START>", "<META_START>", "<META_START>"], ["<SOS>", "<SOS>", "<SOS>", "<SOS>", "<SOS>", "ive", "<SOS>", "<SOS>", "<SOS>"], ["<META_END>", "<META_END>", "<META_END>", "<META_END>", "<META_END>", "ifies", "<META_END>", "<META_END>", "<META_END>"]], "bottom_logit_ablation_tokens_str": [["<META>", "<META>", "<META>", "<META>", "<META>", "berry", "<META>", "<META>", "<META>"], ["<EOT>", "<EOT>", "<EOT>", "<EOT>", "<EOT>", " eyebrows", "<EOT>", "<EOT>", "<EOT>"], ["<META_START>", "<META_START>", "<META_START>", "<META_START>", "<META_START>", "flower", "<META_START>", "<META_START>", "<META_START>"], ["<SOS>", "<SOS>", "<SOS>", "<SOS>", "<SOS>", " knife", "<SOS>", "<SOS>", "<SOS>"], ["<META_END>", "<META_END>", "<META_END>", "<META_END>", "<META_END>", "berries", "<META_END>", "<META_END>", "<META_END>"]], "top_logit_ablation_values": [[0, 0, 0, 0, 0, 1.327, 0, 0, 0], [0, 0, 0, 0, 0, 1.21, 0, 0, 0], [0, 0, 0, 0, 0, 1.137, 0, 0, 0], [0, 0, 0, 0, 0, 1.119, 0, 0, 0], [0, 0, 0, 0, 0, 1.11, 0, 0, 0]], "bottom_logit_ablation_values": [[0, 0, 0, 0, 0, -0.4156, 0, 0, 0], [0, 0, 0, 0, 0, -0.4091, 0, 0, 0], [0, 0, 0, 0, 0, -0.3985, 0, 0, 0], [0, 0, 0, 0, 0, -0.3942, 0, 0, 0], [0, 0, 0, 0, 0, -0.3633, 0, 0, 0]], "residual_loss_ablation": [1.262, -0.07189, 1.003, -0.7419, 1.176, 0.2246, 0.1431, 0.2026, 0]}}, {"tokens_str_list": ["\n", ",", " **", "**,", " ().", "\n", "\n", ",", " **"], "tokens_acts_list": [0, 0, 0, 0, 0.8916, 0, 0, 0, 0], "train_token_ind": 4, "is_repeated_datapoint": 0, "datapoint_ind": 53779, "ablations": {"loss_ablation": [0, 0, 0, 0, 0, -0.2275, 0, 0, 0], "top_logit_ablation_tokens_str": [["<META>", "<META>", "<META>", "<META>", "<META>", "ically", "<META>", "<META>", "<META>"], ["<EOT>", "<EOT>", "<EOT>", "<EOT>", "<EOT>", "izes", "<EOT>", "<EOT>", "<EOT>"], ["<META_START>", "<META_START>", "<META_START>", "<META_START>", "<META_START>", "ize", "<META_START>", "<META_START>", "<META_START>"], ["<SOS>", "<SOS>", "<SOS>", "<SOS>", "<SOS>", "ive", "<SOS>", "<SOS>", "<SOS>"], ["<META_END>", "<META_END>", "<META_END>", "<META_END>", "<META_END>", "ized", "<META_END>", "<META_END>", "<META_END>"]], "bottom_logit_ablation_tokens_str": [["<META>", "<META>", "<META>", "<META>", "<META>", " eyebrows", "<META>", "<META>", "<META>"], ["<EOT>", "<EOT>", "<EOT>", "<EOT>", "<EOT>", " knife", "<EOT>", "<EOT>", "<EOT>"], ["<META_START>", "<META_START>", "<META_START>", "<META_START>", "<META_START>", "ssa", "<META_START>", "<META_START>", "<META_START>"], ["<SOS>", "<SOS>", "<SOS>", "<SOS>", "<SOS>", "berry", "<SOS>", "<SOS>", "<SOS>"], ["<META_END>", "<META_END>", "<META_END>", "<META_END>", "<META_END>", "flower", "<META_END>", "<META_END>", "<META_END>"]], "top_logit_ablation_values": [[0, 0, 0, 0, 0, 0.9885, 0, 0, 0], [0, 0, 0, 0, 0, 0.9029, 0, 0, 0], [0, 0, 0, 0, 0, 0.8455, 0, 0, 0], [0, 0, 0, 0, 0, 0.8374, 0, 0, 0], [0, 0, 0, 0, 0, 0.7836, 0, 0, 0]], "bottom_logit_ablation_values": [[0, 0, 0, 0, 0, -0.4203, 0, 0, 0], [0, 0, 0, 0, 0, -0.3734, 0, 0, 0], [0, 0, 0, 0, 0, -0.3681, 0, 0, 0], [0, 0, 0, 0, 0, -0.365, 0, 0, 0], [0, 0, 0, 0, 0, -0.3568, 0, 0, 0]], "residual_loss_ablation": [-1.019, 2.532, 6.593, 2.603, 3.239, 3.891, -0.6105, 7.652, 0]}}, {"tokens_str_list": ["\u10d4\\xe1\\x83", "\\x9a", "\u10d8", " \\xe1\\x83", "\\xac", "\\xe1\\x83", "\\x9a", "\u10d8\\xe1\\x83", "\\xa1"], "tokens_acts_list": [0, 0, 0, 0, 0.4923, 0, 0, 0, 0], "train_token_ind": 4, "is_repeated_datapoint": 0, "datapoint_ind": 13424059, "ablations": {"loss_ablation": [0, 0, 0, 0, 0, -0.02502, 0, 0, 0], "top_logit_ablation_tokens_str": [["<META>", "<META>", "<META>", "<META>", "<META>", "ically", "<META>", "<META>", "<META>"], ["<EOT>", "<EOT>", "<EOT>", "<EOT>", "<EOT>", "izes", "<EOT>", "<EOT>", "<EOT>"], ["<META_START>", "<META_START>", "<META_START>", "<META_START>", "<META_START>", "ize", "<META_START>", "<META_START>", "<META_START>"], ["<SOS>", "<SOS>", "<SOS>", "<SOS>", "<SOS>", "ive", "<SOS>", "<SOS>", "<SOS>"], ["<META_END>", "<META_END>", "<META_END>", "<META_END>", "<META_END>", "ifies", "<META_END>", "<META_END>", "<META_END>"]], "bottom_logit_ablation_tokens_str": [["<META>", "<META>", "<META>", "<META>", "<META>", "berry", "<META>", "<META>", "<META>"], ["<EOT>", "<EOT>", "<EOT>", "<EOT>", "<EOT>", " eyebrows", "<EOT>", "<EOT>", "<EOT>"], ["<META_START>", "<META_START>", "<META_START>", "<META_START>", "<META_START>", "flower", "<META_START>", "<META_START>", "<META_START>"], ["<SOS>", "<SOS>", "<SOS>", "<SOS>", "<SOS>", " knife", "<SOS>", "<SOS>", "<SOS>"], ["<META_END>", "<META_END>", "<META_END>", "<META_END>", "<META_END>", "berries", "<META_END>", "<META_END>", "<META_END>"]], "top_logit_ablation_values": [[0, 0, 0, 0, 0, 0.6214, 0, 0, 0], [0, 0, 0, 0, 0, 0.5633, 0, 0, 0], [0, 0, 0, 0, 0, 0.5317, 0, 0, 0], [0, 0, 0, 0, 0, 0.5223, 0, 0, 0], [0, 0, 0, 0, 0, 0.5192, 0, 0, 0]], "bottom_logit_ablation_values": [[0, 0, 0, 0, 0, -0.1924, 0, 0, 0], [0, 0, 0, 0, 0, -0.1887, 0, 0, 0], [0, 0, 0, 0, 0, -0.1804, 0, 0, 0], [0, 0, 0, 0, 0, -0.18, 0, 0, 0], [0, 0, 0, 0, 0, -0.1659, 0, 0, 0]], "residual_loss_ablation": [0.3394, 0.5254, 1.307, 0.8414, 0.362, -0.5448, 0.02142, 0.5632, 0]}}, {"tokens_str_list": ["aligned", "}", "\n", "\\|", " T", "_", "m", " (", "{\\"], "tokens_acts_list": [0, 0, 0, 0, 0.3939, 0, 0, 0, 0], "train_token_ind": 4, "is_repeated_datapoint": 0, "datapoint_ind": 37552267, "ablations": {"loss_ablation": [0, 0, 0, 0, 0, -0.06041, 0, 0, 0], "top_logit_ablation_tokens_str": [["<META>", "<META>", "<META>", "<META>", "<META>", "ically", "<META>", "<META>", "<META>"], ["<EOT>", "<EOT>", "<EOT>", "<EOT>", "<EOT>", "izes", "<EOT>", "<EOT>", "<EOT>"], ["<META_START>", "<META_START>", "<META_START>", "<META_START>", "<META_START>", "ize", "<META_START>", "<META_START>", "<META_START>"], ["<SOS>", "<SOS>", "<SOS>", "<SOS>", "<SOS>", "ifies", "<SOS>", "<SOS>", "<SOS>"], ["<META_END>", "<META_END>", "<META_END>", "<META_END>", "<META_END>", "ive", "<META_END>", "<META_END>", "<META_END>"]],