{"index": 1899, "act_buckets": [0, 0, 0, 0, 0, 0, 0, 0, 0, 0, 0, 0, 0, 0, 0, 0, 0, 0, 0, 0, 0, 0, 0, 0, 0, 0, 0, 0, 0, 0, 0, 0, 0, 0, 0, 0, 0, 0, 0, 1], "act_bucket_edges": [0, 0.001339, 0.002677, 0.004016, 0.005354, 0.006693, 0.008031, 0.00937, 0.01071, 0.01205, 0.01339, 0.01472, 0.01606, 0.0174, 0.01874, 0.02008, 0.02142, 0.02275, 0.02409, 0.02543, 0.02677, 0.02811, 0.02945, 0.03079, 0.03212, 0.03346, 0.0348, 0.03614, 0.03748, 0.03882, 0.04016, 0.04149, 0.04283, 0.04417, 0.04551, 0.04685, 0.04819, 0.04952, 0.05086, 0.0522, 0.05354], "logit_buckets": [3, 4, 2, 13, 13, 23, 29, 48, 72, 132, 179, 339, 512, 791, 1014, 1512, 2138, 2841, 3627, 4538, 5360, 6300, 6724, 6271, 5332, 4104, 3375, 3248, 5070, 921, 461, 263, 113, 73, 41, 27, 9, 5, 3, 6], "logit_bucket_edges": [-0.5117, -0.4889, -0.4661, -0.4434, -0.4206, -0.3979, -0.3751, -0.3524, -0.3296, -0.3069, -0.2841, -0.2613, -0.2386, -0.2158, -0.1931, -0.1703, -0.1476, -0.1248, -0.1021, -0.0793, -0.05654, -0.03379, -0.01103, 0.01172, 0.03448, 0.05723, 0.07999, 0.1027, 0.1255, 0.1483, 0.171, 0.1938, 0.2165, 0.2393, 0.262, 0.2848, 0.3075, 0.3303, 0.3531, 0.3758, 0.3986], "examples_quantiles": [{"quantile_name": "Top Activations", "quantile_max_act": 0.05354, "examples": [{"tokens_str_list": ["C", ").", " In", "versely", ",", " p", "75", "^", "N"], "tokens_acts_list": [0, 0, 0, 0, 0.05354, 0, 0, 0, 0], "train_token_ind": 4, "is_repeated_datapoint": 0, "datapoint_ind": 76173709, "ablations": {"loss_ablation": [0, 0, 0, 0, 0, 0.007213, 0, 0, 0], "top_logit_ablation_tokens_str": [["<META>", "<META>", "<META>", "<META>", "<META>", "ful", "<META>", "<META>", "<META>"], ["<EOT>", "<EOT>", "<EOT>", "<EOT>", "<EOT>", "'s", "<EOT>", "<EOT>", "<EOT>"], ["<META_START>", "<META_START>", "<META_START>", "<META_START>", "<META_START>", " from", "<META_START>", "<META_START>", "<META_START>"], ["<SOS>", "<SOS>", "<SOS>", "<SOS>", "<SOS>", "ness", "<SOS>", "<SOS>", "<SOS>"], ["<META_END>", "<META_END>", "<META_END>", "<META_END>", "<META_END>", " by", "<META_END>", "<META_END>", "<META_END>"]], "bottom_logit_ablation_tokens_str": [["<META>", "<META>", "<META>", "<META>", "<META>", "ipsis", "<META>", "<META>", "<META>"], ["<EOT>", "<EOT>", "<EOT>", "<EOT>", "<EOT>", "URAL", "<EOT>", "<EOT>", "<EOT>"], ["<META_START>", "<META_START>", "<META_START>", "<META_START>", "<META_START>", "itize", "<META_START>", "<META_START>", "<META_START>"], ["<SOS>", "<SOS>", "<SOS>", "<SOS>", "<SOS>", "isecond", "<SOS>", "<SOS>", "<SOS>"], ["<META_END>", "<META_END>", "<META_END>", "<META_END>", "<META_END>", "caster", "<META_END>", "<META_END>", "<META_END>"]], "top_logit_ablation_values": [[0, 0, 0, 0, 0, 0.08333, 0, 0, 0], [0, 0, 0, 0, 0, 0.08237, 0, 0, 0], [0, 0, 0, 0, 0, 0.08128, 0, 0, 0], [0, 0, 0, 0, 0, 0.08084, 0, 0, 0], [0, 0, 0, 0, 0, 0.07896, 0, 0, 0]], "bottom_logit_ablation_values": [[0, 0, 0, 0, 0, -0.02035, 0, 0, 0], [0, 0, 0, 0, 0, -0.02019, 0, 0, 0], [0, 0, 0, 0, 0, -0.0165, 0, 0, 0], [0, 0, 0, 0, 0, -0.0164, 0, 0, 0], [0, 0, 0, 0, 0, -0.01582, 0, 0, 0]], "residual_loss_ablation": [1.182, 2.66, 0.1584, 2.027, 0.06056, 1.944, 0.484, -0.7354, 0]}}]}], "statistics": {"density_frac": 1e-08, "global_max_act": 0.05354, "abs_max_neuron_weights": [-0.1646, 0.1286, 0.1245], "abs_max_neuron_inds": [305, 16, 190], "l1_max_neuron_weights": [0.009284, 0.007257, 0.007022]}, "logit_effects": {"negatives": [[" is", -0.442], [".", -0.4488], ["ly", -0.4572], ["ments", -0.4667], [" by", -0.474], [" and", -0.4802], ["ness", -0.4885], [" from", -0.4908], ["ful", -0.5073], ["'s", -0.5117]], "positives": [["ipsis", 0.3986], ["URAL", 0.3916], ["caster", 0.385], ["itize", 0.3844], ["isecond", 0.3796], ["unnumbered", 0.3794], ["berry", 0.3675], ["cci\u00f3n", 0.3663], ["inth", 0.3536], ["Pad", 0.348]]}}