{"index": 190, "act_buckets": [0, 1, 0, 0, 0, 0, 0, 0, 0, 1, 0, 0, 0, 1, 1, 0, 0, 0, 0, 0, 0, 0, 0, 0, 0, 0, 0, 0, 0, 1, 0, 0, 1, 0, 0, 0, 0, 0, 0, 1], "act_bucket_edges": [0, 0.01917, 0.03834, 0.05751, 0.07668, 0.09585, 0.115, 0.1342, 0.1534, 0.1725, 0.1917, 0.2109, 0.23, 0.2492, 0.2684, 0.2876, 0.3067, 0.3259, 0.3451, 0.3642, 0.3834, 0.4026, 0.4217, 0.4409, 0.4601, 0.4793, 0.4984, 0.5176, 0.5368, 0.5559, 0.5751, 0.5943, 0.6134, 0.6326, 0.6518, 0.671, 0.6901, 0.7093, 0.7285, 0.7476, 0.7668], "logit_buckets": [1, 0, 1, 3, 5, 7, 7, 18, 16, 49, 70, 129, 176, 329, 528, 773, 1280, 1973, 2916, 4162, 9305, 7103, 7459, 7394, 6424, 5042, 3683, 2452, 1760, 1059, 634, 380, 190, 101, 52, 29, 19, 4, 2, 1], "logit_bucket_edges": [-0.5581, -0.5334, -0.5086, -0.4838, -0.459, -0.4343, -0.4095, -0.3847, -0.3599, -0.3352, -0.3104, -0.2856, -0.2609, -0.2361, -0.2113, -0.1865, -0.1618, -0.137, -0.1122, -0.08745, -0.06268, -0.03791, -0.01314, 0.01164, 0.03641, 0.06118, 0.08595, 0.1107, 0.1355, 0.1603, 0.185, 0.2098, 0.2346, 0.2594, 0.2841, 0.3089, 0.3337, 0.3585, 0.3832, 0.408, 0.4328], "examples_quantiles": [{"quantile_name": "Top Activations", "quantile_max_act": 0.7668, "examples": [{"tokens_str_list": [" it", " take", " for", " a", " bount", "y", " to", " be", " auto"], "tokens_acts_list": [0, 0, 0, 0, 0.7668, 0, 0, 0, 0], "train_token_ind": 4, "is_repeated_datapoint": 0, "datapoint_ind": 82550481, "ablations": {"loss_ablation": [0, 0, 0, 0, 0, 0.03143, 0, 0, 0], "top_logit_ablation_tokens_str": [["<META>", "<META>", "<META>", "<META>", "<META>", "lected", "<META>", "<META>", "<META>"], ["<EOT>", "<EOT>", "<EOT>", "<EOT>", "<EOT>", "ically", "<EOT>", "<EOT>", "<EOT>"], ["<META_START>", "<META_START>", "<META_START>", "<META_START>", "<META_START>", "leness", "<META_START>", "<META_START>", "<META_START>"], ["<SOS>", "<SOS>", "<SOS>", "<SOS>", "<SOS>", " why", "<SOS>", "<SOS>", "<SOS>"], ["<META_END>", "<META_END>", "<META_END>", "<META_END>", "<META_END>", "ially", "<META_END>", "<META_END>", "<META_END>"]], "bottom_logit_ablation_tokens_str": [["<META>", "<META>", "<META>", "<META>", "<META>", "]{}]{}", "<META>", "<META>", "<META>"], ["<EOT>", "<EOT>", "<EOT>", "<EOT>", "<EOT>", "cm", "<EOT>", "<EOT>", "<EOT>"], ["<META_START>", "<META_START>", "<META_START>", "<META_START>", "<META_START>", "pple", "<META_START>", "<META_START>", "<META_START>"], ["<SOS>", "<SOS>", "<SOS>", "<SOS>", "<SOS>", " chairs", "<SOS>", "<SOS>", "<SOS>"], ["<META_END>", "<META_END>", "<META_END>", "<META_END>", "<META_END>", "_{-", "<META_END>", "<META_END>", "<META_END>"]], "top_logit_ablation_values": [[0, 0, 0, 0, 0, 0.7645, 0, 0, 0], [0, 0, 0, 0, 0, 0.6902, 0, 0, 0], [0, 0, 0, 0, 0, 0.6704, 0, 0, 0], [0, 0, 0, 0, 0, 0.6622, 0, 0, 0], [0, 0, 0, 0, 0, 0.6468, 0, 0, 0]], "bottom_logit_ablation_values": [[0, 0, 0, 0, 0, -0.2634, 0, 0, 0], [0, 0, 0, 0, 0, -0.234, 0, 0, 0], [0, 0, 0, 0, 0, -0.2266, 0, 0, 0], [0, 0, 0, 0, 0, -0.2123, 0, 0, 0], [0, 0, 0, 0, 0, -0.2063, 0, 0, 0]], "residual_loss_ablation": [0.5495, 1.034, -0.03435, 0.2797, -0.4034, 2.756, -1.464, -2.046, 0]}}, {"tokens_str_list": [" old", " topic", " (", "not", " entirely", " sure", " why", " thats", " a"], "tokens_acts_list": [0, 0, 0, 0, 0.6306, 0, 0, 0, 0], "train_token_ind": 4, "is_repeated_datapoint": 0, "datapoint_ind": 72925984, "ablations": {"loss_ablation": [0, 0, 0, 0, 0, -0.01705, 0, 0, 0], "top_logit_ablation_tokens_str": [["<META>", "<META>", "<META>", "<META>", "<META>", "lected", "<META>", "<META>", "<META>"], ["<EOT>", "<EOT>", "<EOT>", "<EOT>", "<EOT>", "ically", "<EOT>", "<EOT>", "<EOT>"], ["<META_START>", "<META_START>", "<META_START>", "<META_START>", "<META_START>", "leness", "<META_START>", "<META_START>", "<META_START>"], ["<SOS>", "<SOS>", "<SOS>", "<SOS>", "<SOS>", " why", "<SOS>", "<SOS>", "<SOS>"], ["<META_END>", "<META_END>", "<META_END>", "<META_END>", "<META_END>", "led", "<META_END>", "<META_END>", "<META_END>"]], "bottom_logit_ablation_tokens_str": [["<META>", "<META>", "<META>", "<META>", "<META>", "]{}]{}", "<META>", "<META>", "<META>"], ["<EOT>", "<EOT>", "<EOT>", "<EOT>", "<EOT>", "cm", "<EOT>", "<EOT>", "<EOT>"], ["<META_START>", "<META_START>", "<META_START>", "<META_START>", "<META_START>", "pple", "<META_START>", "<META_START>", "<META_START>"], ["<SOS>", "<SOS>", "<SOS>", "<SOS>", "<SOS>", "shirts", "<SOS>", "<SOS>", "<SOS>"], ["<META_END>", "<META_END>", "<META_END>", "<META_END>", "<META_END>", " chairs", "<META_END>", "<META_END>", "<META_END>"]], "top_logit_ablation_values": [[0, 0, 0, 0, 0, 0.7832, 0, 0, 0], [0, 0, 0, 0, 0, 0.7213, 0, 0, 0], [0, 0, 0, 0, 0, 0.7181, 0, 0, 0], [0, 0, 0, 0, 0, 0.6878, 0, 0, 0], [0, 0, 0, 0, 0, 0.6874, 0, 0, 0]], "bottom_logit_ablation_values": [[0, 0, 0, 0, 0, -0.338, 0, 0, 0], [0, 0, 0, 0, 0, -0.2887, 0, 0, 0], [0, 0, 0, 0, 0, -0.2719, 0, 0, 0], [0, 0, 0, 0, 0, -0.2678, 0, 0, 0], [0, 0, 0, 0, 0, -0.2664, 0, 0, 0]], "residual_loss_ablation": [1.649, -0.9952, -0.2815, -0.6566, -1.431, 7.321, -0.4655, 0.3301, 0]}}, {"tokens_str_list": [" Ca", "P", " in", " comparison", " to", " AA", " (", "20", "%)"], "tokens_acts_list": [0, 0, 0, 0, 0.5742, 0, 0, 0, 0], "train_token_ind": 4, "is_repeated_datapoint": 0, "datapoint_ind": 34994429, "ablations": {"loss_ablation": [0, 0, 0, 0, 0, -0.01729, 0, 0, 0], "top_logit_ablation_tokens_str": [["<META>", "<META>", "<META>", "<META>", "<META>", "lected", "<META>", "<META>", "<META>"], ["<EOT>", "<EOT>", "<EOT>", "<EOT>", "<EOT>", "leness", "<EOT>", "<EOT>", "<EOT>"], ["<META_START>", "<META_START>", "<META_START>", "<META_START>", "<META_START>", "ically", "<META_START>", "<META_START>", "<META_START>"], ["<SOS>", "<SOS>", "<SOS>", "<SOS>", "<SOS>", " why", "<SOS>", "<SOS>", "<SOS>"], ["<META_END>", "<META_END>", "<META_END>", "<META_END>", "<META_END>", "ical", "<META_END>", "<META_END>", "<META_END>"]], "bottom_logit_ablation_tokens_str": [["<META>", "<META>", "<META>", "<META>", "<META>", "]{}]{}", "<META>", "<META>", "<META>"], ["<EOT>", "<EOT>", "<EOT>", "<EOT>", "<EOT>", "pple", "<EOT>", "<EOT>", "<EOT>"], ["<META_START>", "<META_START>", "<META_START>", "<META_START>", "<META_START>", "Pars", "<META_START>", "<META_START>", "<META_START>"], ["<SOS>", "<SOS>", "<SOS>", "<SOS>", "<SOS>", "cm", "<SOS>", "<SOS>", "<SOS>"], ["<META_END>", "<META_END>", "<META_END>", "<META_END>", "<META_END>", "shirts", "<META_END>", "<META_END>", "<META_END>"]], "top_logit_ablation_values": [[0, 0, 0, 0, 0, 1.023, 0, 0, 0], [0, 0, 0, 0, 0, 0.973, 0, 0, 0], [0, 0, 0, 0, 0, 0.968, 0, 0, 0], [0, 0, 0, 0, 0, 0.9263, 0, 0, 0], [0, 0, 0, 0, 0, 0.9152, 0, 0, 0]], "bottom_logit_ablation_values": [[0, 0, 0, 0, 0, -0.1406, 0, 0, 0], [0, 0, 0, 0, 0, -0.1097, 0, 0, 0], [0, 0, 0, 0, 0, -0.1031, 0, 0, 0], [0, 0, 0, 0, 0, -0.1016, 0, 0, 0], [0, 0, 0, 0, 0, -0.09968, 0, 0, 0]], "residual_loss_ablation": [1.333, 0.8681, 0.4576, 0.6499, 1.58, 2.253, 0.04876, -0.3894, 0]}}, {"tokens_str_list": [" showed", " an", " approximately", " 300", "%", " increase", " in", " perfor", "in"], "tokens_acts_list": [0, 0, 0, 0, 0.2687, 0, 0, 0, 0], "train_token_ind": 4, "is_repeated_datapoint": 0, "datapoint_ind": 58063630, "ablations": {"loss_ablation": [0, 0, 0, 0, 0, 0.01656, 0, 0, 0], "top_logit_ablation_tokens_str": [["<META>", "<META>", "<META>", "<META>", "<META>", "lected", "<META>", "<META>", "<META>"], ["<EOT>", "<EOT>", "<EOT>", "<EOT>", "<EOT>", "ically", "<EOT>", "<EOT>", "<EOT>"], ["<META_START>", "<META_START>", "<META_START>", "<META_START>", "<META_START>", "leness", "<META_START>", "<META_START>", "<META_START>"], ["<SOS>", "<SOS>", "<SOS>", "<SOS>", "<SOS>", " why", "<SOS>", "<SOS>", "<SOS>"], ["<META_END>", "<META_END>", "<META_END>", "<META_END>", "<META_END>", "ical", "<META_END>", "<META_END>", "<META_END>"]],