{"index": 1926, "act_buckets": [0, 0, 0, 0, 0, 0, 0, 0, 0, 0, 0, 0, 0, 0, 0, 0, 0, 0, 0, 0, 0, 0, 0, 0, 0, 0, 0, 0, 0, 0, 0, 0, 0, 0, 0, 0, 0, 0, 0, 1], "act_bucket_edges": [0, 0.003802, 0.007604, 0.01141, 0.01521, 0.01901, 0.02281, 0.02661, 0.03042, 0.03422, 0.03802, 0.04182, 0.04562, 0.04943, 0.05323, 0.05703, 0.06083, 0.06464, 0.06844, 0.07224, 0.07604, 0.07984, 0.08365, 0.08745, 0.09125, 0.09505, 0.09885, 0.1027, 0.1065, 0.1103, 0.1141, 0.1179, 0.1217, 0.1255, 0.1293, 0.1331, 0.1369, 0.1407, 0.1445, 0.1483, 0.1521], "logit_buckets": [1, 1, 0, 1, 0, 1, 3, 7, 4, 19, 20, 51, 103, 217, 413, 846, 1808, 3350, 5528, 7932, 9612, 9297, 7572, 5987, 4684, 5534, 1078, 563, 392, 211, 119, 84, 39, 38, 11, 5, 2, 1, 1, 1], "logit_bucket_edges": [-0.6043, -0.5759, -0.5476, -0.5192, -0.4908, -0.4624, -0.4341, -0.4057, -0.3773, -0.349, -0.3206, -0.2922, -0.2638, -0.2355, -0.2071, -0.1787, -0.1503, -0.122, -0.0936, -0.06523, -0.03686, -0.008488, 0.01988, 0.04826, 0.07663, 0.105, 0.1334, 0.1617, 0.1901, 0.2185, 0.2469, 0.2752, 0.3036, 0.332, 0.3603, 0.3887, 0.4171, 0.4455, 0.4738, 0.5022, 0.5306], "examples_quantiles": [{"quantile_name": "Top Activations", "quantile_max_act": 0.1521, "examples": [{"tokens_str_list": ["\n", "At", " A", "mon", "i", " Law", " Off", "ices", ","], "tokens_acts_list": [0, 0, 0, 0, 0.1521, 0, 0, 0, 0], "train_token_ind": 4, "is_repeated_datapoint": 0, "datapoint_ind": 11558056, "ablations": {"loss_ablation": [0, 0, 0, 0, 0, -0.01158, 0, 0, 0], "top_logit_ablation_tokens_str": [["<META>", "<META>", "<META>", "<META>", "<META>", "d", "<META>", "<META>", "<META>"], ["<EOT>", "<EOT>", "<EOT>", "<EOT>", "<EOT>", "e", "<EOT>", "<EOT>", "<EOT>"], ["<META_START>", "<META_START>", "<META_START>", "<META_START>", "<META_START>", "tte", "<META_START>", "<META_START>", "<META_START>"], ["<SOS>", "<SOS>", "<SOS>", "<SOS>", "<SOS>", "s", "<SOS>", "<SOS>", "<SOS>"], ["<META_END>", "<META_END>", "<META_END>", "<META_END>", "<META_END>", "tell", "<META_END>", "<META_END>", "<META_END>"]], "bottom_logit_ablation_tokens_str": [["<META>", "<META>", "<META>", "<META>", "<META>", "ens", "<META>", "<META>", "<META>"], ["<EOT>", "<EOT>", "<EOT>", "<EOT>", "<EOT>", "ents", "<EOT>", "<EOT>", "<EOT>"], ["<META_START>", "<META_START>", "<META_START>", "<META_START>", "<META_START>", "\u00e8res", "<META_START>", "<META_START>", "<META_START>"], ["<SOS>", "<SOS>", "<SOS>", "<SOS>", "<SOS>", "ultural", "<SOS>", "<SOS>", "<SOS>"], ["<META_END>", "<META_END>", "<META_END>", "<META_END>", "<META_END>", "ators", "<META_END>", "<META_END>", "<META_END>"]], "top_logit_ablation_values": [[0, 0, 0, 0, 0, 0.02089, 0, 0, 0], [0, 0, 0, 0, 0, 0.02064, 0, 0, 0], [0, 0, 0, 0, 0, 0.008193, 0, 0, 0], [0, 0, 0, 0, 0, 0.006759, 0, 0, 0], [0, 0, 0, 0, 0, 0.004427, 0, 0, 0]], "bottom_logit_ablation_values": [[0, 0, 0, 0, 0, -0.1857, 0, 0, 0], [0, 0, 0, 0, 0, -0.1851, 0, 0, 0], [0, 0, 0, 0, 0, -0.1838, 0, 0, 0], [0, 0, 0, 0, 0, -0.1824, 0, 0, 0], [0, 0, 0, 0, 0, -0.1823, 0, 0, 0]], "residual_loss_ablation": [-0.1911, -1.09, 1.088, 0.846, 0.2814, 2.505, 0.1072, 10.34, 0]}}]}], "statistics": {"density_frac": 1e-08, "global_max_act": 0.1521, "abs_max_neuron_weights": [0.2584, 0.2215, 0.2031], "abs_max_neuron_inds": [90, 77, 211], "l1_max_neuron_weights": [0.01911, 0.01638, 0.01502]}, "logit_effects": {"negatives": [["c", -0.3957], ["m", -0.3967], ["ll", -0.398], ["dle", -0.4164], ["tell", -0.4304], ["t", -0.432], ["giving", -0.4398], ["e", -0.5005], ["d", -0.5628], ["s", -0.6043]], "positives": [["\u00e8res", 0.5306], ["acs", 0.4746], ["plier", 0.4539], ["ologies", 0.4226], ["ators", 0.418], ["ultural", 0.4154], ["ennes", 0.4111], ["\u00dfen", 0.3995], ["ens", 0.3946], ["endra", 0.3903]]}}