{"index": 1932, "act_buckets": [0, 1, 0, 0, 0, 0, 0, 0, 0, 1, 0, 0, 0, 0, 0, 0, 0, 0, 0, 0, 0, 0, 0, 0, 0, 0, 0, 0, 0, 0, 0, 0, 0, 0, 0, 0, 0, 0, 0, 1], "act_bucket_edges": [0, 0.03749, 0.07498, 0.1125, 0.15, 0.1875, 0.2249, 0.2624, 0.2999, 0.3374, 0.3749, 0.4124, 0.4499, 0.4874, 0.5249, 0.5624, 0.5999, 0.6374, 0.6748, 0.7123, 0.7498, 0.7873, 0.8248, 0.8623, 0.8998, 0.9373, 0.9748, 1.012, 1.05, 1.087, 1.125, 1.162, 1.2, 1.237, 1.275, 1.312, 1.35, 1.387, 1.425, 1.462, 1.5], "logit_buckets": [1, 1, 1, 5, 5, 4, 20, 30, 73, 165, 338, 599, 1153, 1967, 2774, 3942, 4927, 5746, 6463, 6408, 6174, 5669, 5248, 5013, 4431, 1586, 1053, 658, 409, 256, 170, 96, 62, 38, 23, 10, 12, 3, 0, 3], "logit_bucket_edges": [-0.4358, -0.4137, -0.3916, -0.3695, -0.3474, -0.3253, -0.3032, -0.2811, -0.259, -0.2369, -0.2148, -0.1926, -0.1705, -0.1484, -0.1263, -0.1042, -0.08212, -0.06002, -0.03791, -0.01581, 0.006297, 0.0284, 0.05051, 0.07261, 0.09472, 0.1168, 0.1389, 0.161, 0.1831, 0.2052, 0.2273, 0.2495, 0.2716, 0.2937, 0.3158, 0.3379, 0.36, 0.3821, 0.4042, 0.4263, 0.4484], "examples_quantiles": [{"quantile_name": "Top Activations", "quantile_max_act": 1.5, "examples": [{"tokens_str_list": [" old", " topic", " (", "not", " entirely", " sure", " why", " thats", " a"], "tokens_acts_list": [0, 0, 0, 0, 1.5, 0, 0, 0, 0], "train_token_ind": 4, "is_repeated_datapoint": 0, "datapoint_ind": 72925984, "ablations": {"loss_ablation": [0, 0, 0, 0, 0, -0.07213, 0, 0, 0], "top_logit_ablation_tokens_str": [["<META>", "<META>", "<META>", "<META>", "<META>", "lining", "<META>", "<META>", "<META>"], ["<EOT>", "<EOT>", "<EOT>", "<EOT>", "<EOT>", "cler", "<EOT>", "<EOT>", "<EOT>"], ["<META_START>", "<META_START>", "<META_START>", "<META_START>", "<META_START>", " Wiley", "<META_START>", "<META_START>", "<META_START>"], ["<SOS>", "<SOS>", "<SOS>", "<SOS>", "<SOS>", "abouts", "<SOS>", "<SOS>", "<SOS>"], ["<META_END>", "<META_END>", "<META_END>", "<META_END>", "<META_END>", "ended", "<META_END>", "<META_END>", "<META_END>"]], "bottom_logit_ablation_tokens_str": [["<META>", "<META>", "<META>", "<META>", "<META>", "ously", "<META>", "<META>", "<META>"], ["<EOT>", "<EOT>", "<EOT>", "<EOT>", "<EOT>", "yr", "<EOT>", "<EOT>", "<EOT>"], ["<META_START>", "<META_START>", "<META_START>", "<META_START>", "<META_START>", "ently", "<META_START>", "<META_START>", "<META_START>"], ["<SOS>", "<SOS>", "<SOS>", "<SOS>", "<SOS>", "ancy", "<SOS>", "<SOS>", "<SOS>"], ["<META_END>", "<META_END>", "<META_END>", "<META_END>", "<META_END>", "gic", "<META_END>", "<META_END>", "<META_END>"]], "top_logit_ablation_values": [[0, 0, 0, 0, 0, 1.257, 0, 0, 0], [0, 0, 0, 0, 0, 1.174, 0, 0, 0], [0, 0, 0, 0, 0, 1.132, 0, 0, 0], [0, 0, 0, 0, 0, 1.126, 0, 0, 0], [0, 0, 0, 0, 0, 1.079, 0, 0, 0]], "bottom_logit_ablation_values": [[0, 0, 0, 0, 0, -1.026, 0, 0, 0], [0, 0, 0, 0, 0, -0.9891, 0, 0, 0], [0, 0, 0, 0, 0, -0.9729, 0, 0, 0], [0, 0, 0, 0, 0, -0.9631, 0, 0, 0], [0, 0, 0, 0, 0, -0.9393, 0, 0, 0]], "residual_loss_ablation": [1.649, -0.9952, -0.2815, -0.6566, -1.431, 7.321, -0.4655, 0.3301, 0]}}, {"tokens_str_list": ["\n                                             ", " 6", "\n\f", "<EOT>", "Abbrev", "iations", "\n", "=============", "\n"], "tokens_acts_list": [0, 0, 0, 0, 0.3603, 0, 0, 0, 0], "train_token_ind": 4, "is_repeated_datapoint": 0, "datapoint_ind": 17505211, "ablations": {"loss_ablation": [0, 0, 0, 0, 0, 0.003292, 0, 0, 0], "top_logit_ablation_tokens_str": [["<META>", "<META>", "<META>", "<META>", "<META>", "lining", "<META>", "<META>", "<META>"], ["<EOT>", "<EOT>", "<EOT>", "<EOT>", "<EOT>", "cler", "<EOT>", "<EOT>", "<EOT>"], ["<META_START>", "<META_START>", "<META_START>", "<META_START>", "<META_START>", "abouts", "<META_START>", "<META_START>", "<META_START>"], ["<SOS>", "<SOS>", "<SOS>", "<SOS>", "<SOS>", "ended", "<SOS>", "<SOS>", "<SOS>"], ["<META_END>", "<META_END>", "<META_END>", "<META_END>", "<META_END>", " FROM", "<META_END>", "<META_END>", "<META_END>"]], "bottom_logit_ablation_tokens_str": [["<META>", "<META>", "<META>", "<META>", "<META>", "ently", "<META>", "<META>", "<META>"], ["<EOT>", "<EOT>", "<EOT>", "<EOT>", "<EOT>", "yr", "<EOT>", "<EOT>", "<EOT>"], ["<META_START>", "<META_START>", "<META_START>", "<META_START>", "<META_START>", "ously", "<META_START>", "<META_START>", "<META_START>"], ["<SOS>", "<SOS>", "<SOS>", "<SOS>", "<SOS>", "iences", "<SOS>", "<SOS>", "<SOS>"], ["<META_END>", "<META_END>", "<META_END>", "<META_END>", "<META_END>", "ogue", "<META_END>", "<META_END>", "<META_END>"]], "top_logit_ablation_values": [[0, 0, 0, 0, 0, 0.1948, 0, 0, 0], [0, 0, 0, 0, 0, 0.1799, 0, 0, 0], [0, 0, 0, 0, 0, 0.1764, 0, 0, 0], [0, 0, 0, 0, 0, 0.1746, 0, 0, 0], [0, 0, 0, 0, 0, 0.1714, 0, 0, 0]], "bottom_logit_ablation_values": [[0, 0, 0, 0, 0, -0.1647, 0, 0, 0], [0, 0, 0, 0, 0, -0.1559, 0, 0, 0], [0, 0, 0, 0, 0, -0.1439, 0, 0, 0], [0, 0, 0, 0, 0, -0.1359, 0, 0, 0], [0, 0, 0, 0, 0, -0.1347, 0, 0, 0]], "residual_loss_ablation": [0.7787, 2.314, 4.341, 1.989, 0.06188, 1.843, -1.845, 4.214, 0]}}, {"tokens_str_list": [" $", "0", "<", "T", "<", "T", "_", "0", "(\\"], "tokens_acts_list": [0, 0, 0, 0, 0.06462, 0, 0, 0, 0], "train_token_ind": 4, "is_repeated_datapoint": 0, "datapoint_ind": 33218605, "ablations": {"loss_ablation": [0, 0, 0, 0, 0, -0.01056, 0, 0, 0], "top_logit_ablation_tokens_str": [["<META>", "<META>", "<META>", "<META>", "<META>", "lining", "<META>", "<META>", "<META>"], ["<EOT>", "<EOT>", "<EOT>", "<EOT>", "<EOT>", "cler", "<EOT>", "<EOT>", "<EOT>"], ["<META_START>", "<META_START>", "<META_START>", "<META_START>", "<META_START>", " Wiley", "<META_START>", "<META_START>", "<META_START>"], ["<SOS>", "<SOS>", "<SOS>", "<SOS>", "<SOS>", " FROM", "<SOS>", "<SOS>", "<SOS>"], ["<META_END>", "<META_END>", "<META_END>", "<META_END>", "<META_END>", "blr", "<META_END>", "<META_END>", "<META_END>"]], "bottom_logit_ablation_tokens_str": [["<META>", "<META>", "<META>", "<META>", "<META>", "ously", "<META>", "<META>", "<META>"], ["<EOT>", "<EOT>", "<EOT>", "<EOT>", "<EOT>", "ently", "<EOT>", "<EOT>", "<EOT>"], ["<META_START>", "<META_START>", "<META_START>", "<META_START>", "<META_START>", "ogue", "<META_START>", "<META_START>", "<META_START>"], ["<SOS>", "<SOS>", "<SOS>", "<SOS>", "<SOS>", "gic", "<SOS>", "<SOS>", "<SOS>"], ["<META_END>", "<META_END>", "<META_END>", "<META_END>", "<META_END>", "ancy", "<META_END>", "<META_END>", "<META_END>"]], "top_logit_ablation_values": [[0, 0, 0, 0, 0, 0.04545, 0, 0, 0], [0, 0, 0, 0, 0, 0.0437, 0, 0, 0], [0, 0, 0, 0, 0, 0.04145, 0, 0, 0], [0, 0, 0, 0, 0, 0.03993, 0, 0, 0], [0, 0, 0, 0, 0, 0.03866, 0, 0, 0]], "bottom_logit_ablation_values": [[0, 0, 0, 0, 0, -0.0587, 0, 0, 0], [0, 0, 0, 0, 0, -0.0556, 0, 0, 0], [0, 0, 0, 0, 0, -0.05233, 0, 0, 0], [0, 0, 0, 0, 0, -0.05226, 0, 0, 0], [0, 0, 0, 0, 0, -0.05193, 0, 0, 0]], "residual_loss_ablation": [0.07763, -0.04882, 2.525, 0.3764, 1.953, -0.2099, -0.1814, 0.4109, 0]}}]}], "statistics": {"density_frac": 3e-08, "global_max_act": 1.5, "abs_max_neuron_weights": [0.1682, 0.1543, 0.1477], "abs_max_neuron_inds": [408, 276, 275], "l1_max_neuron_weights": [0.009788, 0.008981, 0.008599]}, "logit_effects": {"negatives": [["pended", -0.3393], ["ulating", -0.3472], [" omitted", -0.3505], ["ended", -0.3543], [" FROM", -0.3593], ["blr", -0.3613], ["abouts", -0.3669], [" Wiley", -0.3748], ["cler", -0.3936], ["lining", -0.4358]], "positives": [["ously", 0.4484], ["yr", 0.4336], ["ently", 0.4305], ["cretion", 0.4005], ["ancy", 0.3855], ["iences", 0.3839], ["ous", 0.3761], ["esc", 0.3754], ["pple", 0.373], ["\u2236", 0.3721]]}}