{"index": 1946, "act_buckets": [0, 0, 0, 0, 0, 0, 0, 0, 0, 0, 0, 0, 0, 0, 0, 0, 0, 0, 0, 0, 0, 0, 0, 0, 0, 0, 0, 0, 0, 0, 0, 0, 0, 0, 0, 0, 0, 0, 0, 1], "act_bucket_edges": [0, 0.003311, 0.006623, 0.009934, 0.01325, 0.01656, 0.01987, 0.02318, 0.02649, 0.0298, 0.03311, 0.03643, 0.03974, 0.04305, 0.04636, 0.04967, 0.05298, 0.05629, 0.05961, 0.06292, 0.06623, 0.06954, 0.07285, 0.07616, 0.07947, 0.08279, 0.0861, 0.08941, 0.09272, 0.09603, 0.09934, 0.1027, 0.106, 0.1093, 0.1126, 0.1159, 0.1192, 0.1225, 0.1258, 0.1291, 0.1325], "logit_buckets": [1, 0, 2, 3, 4, 8, 11, 16, 49, 87, 166, 302, 518, 876, 1449, 2466, 3734, 5457, 6870, 7845, 7989, 7246, 6672, 8009, 2685, 1400, 793, 416, 233, 137, 53, 20, 11, 3, 1, 1, 2, 0, 0, 1], "logit_bucket_edges": [-0.5298, -0.5037, -0.4777, -0.4517, -0.4257, -0.3997, -0.3737, -0.3477, -0.3216, -0.2956, -0.2696, -0.2436, -0.2176, -0.1916, -0.1656, -0.1395, -0.1135, -0.08752, -0.06151, -0.03549, -0.009478, 0.01654, 0.04255, 0.06856, 0.09458, 0.1206, 0.1466, 0.1726, 0.1986, 0.2246, 0.2507, 0.2767, 0.3027, 0.3287, 0.3547, 0.3807, 0.4067, 0.4328, 0.4588, 0.4848, 0.5108], "examples_quantiles": [{"quantile_name": "Top Activations", "quantile_max_act": 0.1325, "examples": [{"tokens_str_list": [" night", ".", " (", "Which", " by", " the", " way", " uninstall", "ing"], "tokens_acts_list": [0, 0, 0, 0, 0.1325, 0, 0, 0, 0], "train_token_ind": 4, "is_repeated_datapoint": 0, "datapoint_ind": 13168522, "ablations": {"loss_ablation": [0, 0, 0, 0, 0, 0.01309, 0, 0, 0], "top_logit_ablation_tokens_str": [["<META>", "<META>", "<META>", "<META>", "<META>", "ly", "<META>", "<META>", "<META>"], ["<EOT>", "<EOT>", "<EOT>", "<EOT>", "<EOT>", "ments", "<EOT>", "<EOT>", "<EOT>"], ["<META_START>", "<META_START>", "<META_START>", "<META_START>", "<META_START>", "riter", "<META_START>", "<META_START>", "<META_START>"], ["<SOS>", "<SOS>", "<SOS>", "<SOS>", "<SOS>", " coli", "<SOS>", "<SOS>", "<SOS>"], ["<META_END>", "<META_END>", "<META_END>", "<META_END>", "<META_END>", "\u0442\u043e", "<META_END>", "<META_END>", "<META_END>"]], "bottom_logit_ablation_tokens_str": [["<META>", "<META>", "<META>", "<META>", "<META>", "berry", "<META>", "<META>", "<META>"], ["<EOT>", "<EOT>", "<EOT>", "<EOT>", "<EOT>", "berries", "<EOT>", "<EOT>", "<EOT>"], ["<META_START>", "<META_START>", "<META_START>", "<META_START>", "<META_START>", "cci\u00f3n", "<META_START>", "<META_START>", "<META_START>"], ["<SOS>", "<SOS>", "<SOS>", "<SOS>", "<SOS>", "ality", "<SOS>", "<SOS>", "<SOS>"], ["<META_END>", "<META_END>", "<META_END>", "<META_END>", "<META_END>", "\u00e7\u00e3o", "<META_END>", "<META_END>", "<META_END>"]], "top_logit_ablation_values": [[0, 0, 0, 0, 0, 0.09565, 0, 0, 0], [0, 0, 0, 0, 0, 0.09441, 0, 0, 0], [0, 0, 0, 0, 0, 0.09236, 0, 0, 0], [0, 0, 0, 0, 0, 0.08513, 0, 0, 0], [0, 0, 0, 0, 0, 0.08427, 0, 0, 0]], "bottom_logit_ablation_values": [[0, 0, 0, 0, 0, -0.1505, 0, 0, 0], [0, 0, 0, 0, 0, -0.127, 0, 0, 0], [0, 0, 0, 0, 0, -0.1238, 0, 0, 0], [0, 0, 0, 0, 0, -0.1155, 0, 0, 0], [0, 0, 0, 0, 0, -0.1138, 0, 0, 0]], "residual_loss_ablation": [-0.2555, 1.33, -0.8301, -0.06543, -0.0834, -1.528, -0.1026, 2.155, 0]}}]}], "statistics": {"density_frac": 1e-08, "global_max_act": 0.1325, "abs_max_neuron_weights": [0.1593, 0.1321, 0.132], "abs_max_neuron_inds": [41, 446, 400], "l1_max_neuron_weights": [0.008977, 0.007445, 0.007437]}, "logit_effects": {"negatives": [["=", -0.4001], ["ened", -0.4078], ["'s", -0.4117], ["\u0442\u043e", -0.4164], ["ness", -0.4273], ["ful", -0.4374], ["self", -0.4396], ["riter", -0.4549], ["ments", -0.4678], ["ly", -0.5298]], "positives": [["berry", 0.5108], ["berries", 0.4299], ["cci\u00f3n", 0.4132], ["\u00e7\u00e3o", 0.3932], ["\u00e7\u00f5es", 0.3703], ["buster", 0.3448], ["isecond", 0.3422], ["\u00f5es", 0.336], ["pillar", 0.3253], ["soles", 0.3229]]}}