{"index": 1963, "act_buckets": [0, 1, 0, 0, 0, 0, 0, 0, 0, 0, 0, 0, 0, 0, 0, 0, 0, 0, 0, 0, 0, 0, 0, 0, 0, 0, 0, 0, 0, 0, 0, 0, 0, 0, 0, 0, 0, 0, 0, 1], "act_bucket_edges": [0, 0.002158, 0.004315, 0.006473, 0.00863, 0.01079, 0.01295, 0.0151, 0.01726, 0.01942, 0.02158, 0.02373, 0.02589, 0.02805, 0.03021, 0.03236, 0.03452, 0.03668, 0.03884, 0.04099, 0.04315, 0.04531, 0.04747, 0.04962, 0.05178, 0.05394, 0.0561, 0.05825, 0.06041, 0.06257, 0.06473, 0.06689, 0.06904, 0.0712, 0.07336, 0.07552, 0.07767, 0.07983, 0.08199, 0.08415, 0.0863], "logit_buckets": [1, 1, 0, 3, 4, 13, 19, 39, 63, 134, 273, 391, 679, 1075, 1643, 2312, 3158, 4090, 5020, 7700, 9346, 8044, 6557, 4970, 3565, 2515, 1619, 1002, 588, 316, 200, 107, 36, 26, 12, 8, 6, 0, 0, 1], "logit_bucket_edges": [-0.5106, -0.4858, -0.461, -0.4363, -0.4115, -0.3868, -0.362, -0.3372, -0.3125, -0.2877, -0.263, -0.2382, -0.2134, -0.1887, -0.1639, -0.1392, -0.1144, -0.08965, -0.06489, -0.04013, -0.01537, 0.009392, 0.03415, 0.05891, 0.08367, 0.1084, 0.1332, 0.1579, 0.1827, 0.2075, 0.2322, 0.257, 0.2817, 0.3065, 0.3313, 0.356, 0.3808, 0.4055, 0.4303, 0.4551, 0.4798], "examples_quantiles": [{"quantile_name": "Top Activations", "quantile_max_act": 0.0863, "examples": [{"tokens_str_list": [" time", " those", " actions", " are", " taken", ".", "\n", "\n", "But"], "tokens_acts_list": [0, 0, 0, 0, 0.0863, 0, 0, 0, 0], "train_token_ind": 4, "is_repeated_datapoint": 0, "datapoint_ind": 84465779, "ablations": {"loss_ablation": [0, 0, 0, 0, 0, 0.01173, 0, 0, 0], "top_logit_ablation_tokens_str": [["<META>", "<META>", "<META>", "<META>", "<META>", " reasons", "<META>", "<META>", "<META>"], ["<EOT>", "<EOT>", "<EOT>", "<EOT>", "<EOT>", " sake", "<EOT>", "<EOT>", "<EOT>"], ["<META_START>", "<META_START>", "<META_START>", "<META_START>", "<META_START>", "ments", "<META_START>", "<META_START>", "<META_START>"], ["<SOS>", "<SOS>", "<SOS>", "<SOS>", "<SOS>", " intents", "<SOS>", "<SOS>", "<SOS>"], ["<META_END>", "<META_END>", "<META_END>", "<META_END>", "<META_END>", " was", "<META_END>", "<META_END>", "<META_END>"]], "bottom_logit_ablation_tokens_str": [["<META>", "<META>", "<META>", "<META>", "<META>", "unnumbered", "<META>", "<META>", "<META>"], ["<EOT>", "<EOT>", "<EOT>", "<EOT>", "<EOT>", "iology", "<EOT>", "<EOT>", "<EOT>"], ["<META_START>", "<META_START>", "<META_START>", "<META_START>", "<META_START>", "hape", "<META_START>", "<META_START>", "<META_START>"], ["<SOS>", "<SOS>", "<SOS>", "<SOS>", "<SOS>", "itary", "<SOS>", "<SOS>", "<SOS>"], ["<META_END>", "<META_END>", "<META_END>", "<META_END>", "<META_END>", "stall", "<META_END>", "<META_END>", "<META_END>"]], "top_logit_ablation_values": [[0, 0, 0, 0, 0, 0.05136, 0, 0, 0], [0, 0, 0, 0, 0, 0.04615, 0, 0, 0], [0, 0, 0, 0, 0, 0.03899, 0, 0, 0], [0, 0, 0, 0, 0, 0.03611, 0, 0, 0], [0, 0, 0, 0, 0, 0.03563, 0, 0, 0]], "bottom_logit_ablation_values": [[0, 0, 0, 0, 0, -0.08801, 0, 0, 0], [0, 0, 0, 0, 0, -0.07697, 0, 0, 0], [0, 0, 0, 0, 0, -0.07633, 0, 0, 0], [0, 0, 0, 0, 0, -0.07446, 0, 0, 0], [0, 0, 0, 0, 0, -0.07432, 0, 0, 0]], "residual_loss_ablation": [0.2399, -0.3827, 3.19, 0.6891, 0.1972, 2.736, -0.3874, -0.003849, 0]}}, {"tokens_str_list": [" too", " many", " problematic", " liberties", " taken", "),", " the", " script", " is"], "tokens_acts_list": [0, 0, 0, 0, 0.00308, 0, 0, 0, 0], "train_token_ind": 4, "is_repeated_datapoint": 0, "datapoint_ind": 8757097, "ablations": {"loss_ablation": [0, 0, 0, 0, 0, 0, 0, 0, 0], "top_logit_ablation_tokens_str": [["<META>", "<META>", "<META>", "<META>", "<META>", "<META>", "<META>", "<META>", "<META>"], ["<EOT>", "<EOT>", "<EOT>", "<EOT>", "<EOT>", "<EOT>", "<EOT>", "<EOT>", "<EOT>"], ["<META_START>", "<META_START>", "<META_START>", "<META_START>", "<META_START>", "<META_START>", "<META_START>", "<META_START>", "<META_START>"], ["<SOS>", "<SOS>", "<SOS>", "<SOS>", "<SOS>", "<SOS>", "<SOS>", "<SOS>", "<SOS>"], ["<META_END>", "<META_END>", "<META_END>", "<META_END>", "<META_END>", "<META_END>", "<META_END>", "<META_END>", "<META_END>"]], "bottom_logit_ablation_tokens_str": [["<META>", "<META>", "<META>", "<META>", "<META>", "<META>", "<META>", "<META>", "<META>"], ["<EOT>", "<EOT>", "<EOT>", "<EOT>", "<EOT>", "<EOT>", "<EOT>", "<EOT>", "<EOT>"], ["<META_START>", "<META_START>", "<META_START>", "<META_START>", "<META_START>", "<META_START>", "<META_START>", "<META_START>", "<META_START>"], ["<SOS>", "<SOS>", "<SOS>", "<SOS>", "<SOS>", "<SOS>", "<SOS>", "<SOS>", "<SOS>"], ["<META_END>", "<META_END>", "<META_END>", "<META_END>", "<META_END>", "<META_END>", "<META_END>", "<META_END>", "<META_END>"]], "top_logit_ablation_values": [[0, 0, 0, 0, 0, 0, 0, 0, 0], [0, 0, 0, 0, 0, 0, 0, 0, 0], [0, 0, 0, 0, 0, 0, 0, 0, 0], [0, 0, 0, 0, 0, 0, 0, 0, 0], [0, 0, 0, 0, 0, 0, 0, 0, 0]], "bottom_logit_ablation_values": [[0, 0, 0, 0, 0, 0, 0, 0, 0], [0, 0, 0, 0, 0, 0, 0, 0, 0], [0, 0, 0, 0, 0, 0, 0, 0, 0], [0, 0, 0, 0, 0, 0, 0, 0, 0], [0, 0, 0, 0, 0, 0, 0, 0, 0]], "residual_loss_ablation": [0.2096, 0.6171, 2.386, 1.791, 0.8999, 3.58, -0.729, -0.2389, 0]}}]}], "statistics": {"density_frac": 2e-08, "global_max_act": 0.0863, "abs_max_neuron_weights": [0.1762, 0.1664, 0.1535], "abs_max_neuron_inds": [510, 430, 41], "l1_max_neuron_weights": [0.01005, 0.009488, 0.008756]}, "logit_effects": {"negatives": [[" instructions", -0.3862], [" reason", -0.3894], [" purposes", -0.3923], [" intent", -0.3957], [" intents", -0.4008], [" is", -0.4159], [" was", -0.4288], ["ments", -0.4323], [" sake", -0.4819], [" reasons", -0.5106]], "positives": [["unnumbered", 0.4798], ["itary", 0.4005], ["hape", 0.4004], ["iology", 0.3975], ["erative", 0.3908], ["iem", 0.3892], ["cen", 0.381], ["stall", 0.3777], ["ingly", 0.3713], ["oad", 0.3694]]}}