{"index": 1994, "act_buckets": [0, 0, 0, 0, 0, 0, 0, 0, 0, 0, 0, 0, 0, 0, 0, 0, 0, 0, 0, 0, 0, 0, 0, 0, 0, 0, 0, 0, 0, 0, 0, 0, 0, 0, 0, 0, 0, 0, 0, 1], "act_bucket_edges": [0, 0.009241, 0.01848, 0.02772, 0.03696, 0.04621, 0.05545, 0.06469, 0.07393, 0.08317, 0.09241, 0.1017, 0.1109, 0.1201, 0.1294, 0.1386, 0.1479, 0.1571, 0.1663, 0.1756, 0.1848, 0.1941, 0.2033, 0.2125, 0.2218, 0.231, 0.2403, 0.2495, 0.2588, 0.268, 0.2772, 0.2865, 0.2957, 0.305, 0.3142, 0.3234, 0.3327, 0.3419, 0.3512, 0.3604, 0.3696], "logit_buckets": [2, 0, 1, 5, 2, 7, 13, 27, 40, 65, 106, 206, 334, 2478, 1771, 2323, 3091, 4287, 5775, 7610, 8493, 7947, 6887, 5270, 3493, 2235, 1405, 782, 396, 236, 126, 60, 27, 11, 6, 7, 6, 4, 0, 2], "logit_bucket_edges": [-0.5117, -0.4868, -0.4619, -0.437, -0.4121, -0.3872, -0.3623, -0.3373, -0.3124, -0.2875, -0.2626, -0.2377, -0.2128, -0.1878, -0.1629, -0.138, -0.1131, -0.08817, -0.06325, -0.03834, -0.01342, 0.0115, 0.03641, 0.06133, 0.08625, 0.1112, 0.1361, 0.161, 0.1859, 0.2108, 0.2357, 0.2607, 0.2856, 0.3105, 0.3354, 0.3603, 0.3852, 0.4102, 0.4351, 0.46, 0.4849], "examples_quantiles": [{"quantile_name": "Top Activations", "quantile_max_act": 0.3696, "examples": [{"tokens_str_list": [" mit", "z", "ured", "en", ".\u00ab", "\n", "\n", "\u00bb", "All"], "tokens_acts_list": [0, 0, 0, 0, 0.3696, 0, 0, 0, 0], "train_token_ind": 4, "is_repeated_datapoint": 0, "datapoint_ind": 76851631, "ablations": {"loss_ablation": [0, 0, 0, 0, 0, 0.006593, 0, 0, 0], "top_logit_ablation_tokens_str": [["<META>", "<META>", "<META>", "<META>", "<META>", "ists", "<META>", "<META>", "<META>"], ["<EOT>", "<EOT>", "<EOT>", "<EOT>", "<EOT>", "ful", "<EOT>", "<EOT>", "<EOT>"], ["<META_START>", "<META_START>", "<META_START>", "<META_START>", "<META_START>", "ist", "<META_START>", "<META_START>", "<META_START>"], ["<SOS>", "<SOS>", "<SOS>", "<SOS>", "<SOS>", "inely", "<SOS>", "<SOS>", "<SOS>"], ["<META_END>", "<META_END>", "<META_END>", "<META_END>", "<META_END>", "istic", "<META_END>", "<META_END>", "<META_END>"]], "bottom_logit_ablation_tokens_str": [["<META>", "<META>", "<META>", "<META>", "<META>", "?\u2019", "<META>", "<META>", "<META>"], ["<EOT>", "<EOT>", "<EOT>", "<EOT>", "<EOT>", "?\u201d", "<EOT>", "<EOT>", "<EOT>"], ["<META_START>", "<META_START>", "<META_START>", "<META_START>", "<META_START>", "\u201d)", "<META_START>", "<META_START>", "<META_START>"], ["<SOS>", "<SOS>", "<SOS>", "<SOS>", "<SOS>", "unnumbered", "<SOS>", "<SOS>", "<SOS>"], ["<META_END>", "<META_END>", "<META_END>", "<META_END>", "<META_END>", "romagnetic", "<META_END>", "<META_END>", "<META_END>"]], "top_logit_ablation_values": [[0, 0, 0, 0, 0, 0.2099, 0, 0, 0], [0, 0, 0, 0, 0, 0.2037, 0, 0, 0], [0, 0, 0, 0, 0, 0.1761, 0, 0, 0], [0, 0, 0, 0, 0, 0.1717, 0, 0, 0], [0, 0, 0, 0, 0, 0.1716, 0, 0, 0]], "bottom_logit_ablation_values": [[0, 0, 0, 0, 0, -0.2929, 0, 0, 0], [0, 0, 0, 0, 0, -0.2869, 0, 0, 0], [0, 0, 0, 0, 0, -0.2661, 0, 0, 0], [0, 0, 0, 0, 0, -0.2632, 0, 0, 0], [0, 0, 0, 0, 0, -0.2616, 0, 0, 0]], "residual_loss_ablation": [-1.391, 0.6779, 1.498, 2.721, -0.6154, 3.15, 0.161, 5.499, 0]}}]}], "statistics": {"density_frac": 1e-08, "global_max_act": 0.3696, "abs_max_neuron_weights": [0.1486, 0.1398, 0.1382], "abs_max_neuron_inds": [316, 79, 112], "l1_max_neuron_weights": [0.008218, 0.007728, 0.007642]}, "logit_effects": {"negatives": [["lemen", -0.3915], ["isten", -0.4103], ["=======", -0.4163], ["ened", -0.4231], ["istic", -0.4289], ["inely", -0.4334], ["imony", -0.4356], ["ist", -0.441], ["ful", -0.501], ["ists", -0.5117]], "positives": [["?\u2019", 0.4849], ["?\u201d", 0.4821], ["\u201d)", 0.4279], ["romagnetic", 0.4146], ["romag", 0.413], ["?'", 0.4119], ["unnumbered", 0.4084], ["')\"", 0.4084], [".'\"", 0.4001], ["\u201d).", 0.3955]]}}