{"index": 2041, "act_buckets": [0, 0, 0, 1, 0, 1, 1, 0, 1, 0, 1, 0, 0, 0, 2, 0, 0, 0, 0, 0, 0, 0, 0, 0, 0, 0, 0, 0, 0, 0, 0, 0, 0, 0, 0, 0, 0, 0, 0, 1], "act_bucket_edges": [0, 0.0324, 0.06479, 0.09719, 0.1296, 0.162, 0.1944, 0.2268, 0.2592, 0.2916, 0.324, 0.3564, 0.3887, 0.4211, 0.4535, 0.4859, 0.5183, 0.5507, 0.5831, 0.6155, 0.6479, 0.6803, 0.7127, 0.7451, 0.7775, 0.8099, 0.8423, 0.8747, 0.9071, 0.9395, 0.9719, 1.004, 1.037, 1.069, 1.101, 1.134, 1.166, 1.199, 1.231, 1.263, 1.296], "logit_buckets": [3, 4, 2, 7, 13, 17, 38, 68, 116, 188, 275, 492, 826, 1196, 1754, 2531, 3633, 5067, 6560, 8183, 9897, 9858, 5213, 3683, 2427, 1512, 874, 509, 254, 167, 88, 34, 25, 13, 5, 0, 3, 0, 0, 1], "logit_bucket_edges": [-0.4814, -0.4576, -0.4338, -0.4099, -0.3861, -0.3623, -0.3384, -0.3146, -0.2908, -0.267, -0.2431, -0.2193, -0.1955, -0.1716, -0.1478, -0.124, -0.1002, -0.07633, -0.0525, -0.02868, -0.004848, 0.01898, 0.04281, 0.06664, 0.09046, 0.1143, 0.1381, 0.1619, 0.1858, 0.2096, 0.2334, 0.2573, 0.2811, 0.3049, 0.3287, 0.3526, 0.3764, 0.4002, 0.4241, 0.4479, 0.4717], "examples_quantiles": [{"quantile_name": "Top Activations", "quantile_max_act": 1.296, "examples": [{"tokens_str_list": ["\n                                             ", " 6", "\n\f", "<EOT>", "Abbrev", "iations", "\n", "=============", "\n"], "tokens_acts_list": [0, 0, 0, 0, 1.296, 0, 0, 0, 0], "train_token_ind": 4, "is_repeated_datapoint": 0, "datapoint_ind": 17505211, "ablations": {"loss_ablation": [0, 0, 0, 0, 0, -0.002603, 0, 0, 0], "top_logit_ablation_tokens_str": [["<META>", "<META>", "<META>", "<META>", "<META>", "ousands", "<META>", "<META>", "<META>"], ["<EOT>", "<EOT>", "<EOT>", "<EOT>", "<EOT>", "aining", "<EOT>", "<EOT>", "<EOT>"], ["<META_START>", "<META_START>", "<META_START>", "<META_START>", "<META_START>", "irteen", "<META_START>", "<META_START>", "<META_START>"], ["<SOS>", "<SOS>", "<SOS>", "<SOS>", "<SOS>", "lation", "<SOS>", "<SOS>", "<SOS>"], ["<META_END>", "<META_END>", "<META_END>", "<META_END>", "<META_END>", "irties", "<META_END>", "<META_END>", "<META_END>"]], "bottom_logit_ablation_tokens_str": [["<META>", "<META>", "<META>", "<META>", "<META>", "supplementary", "<META>", "<META>", "<META>"], ["<EOT>", "<EOT>", "<EOT>", "<EOT>", "<EOT>", "ometry", "<EOT>", "<EOT>", "<EOT>"], ["<META_START>", "<META_START>", "<META_START>", "<META_START>", "<META_START>", "baum", "<META_START>", "<META_START>", "<META_START>"], ["<SOS>", "<SOS>", "<SOS>", "<SOS>", "<SOS>", " speaking", "<SOS>", "<SOS>", "<SOS>"], ["<META_END>", "<META_END>", "<META_END>", "<META_END>", "<META_END>", "nets", "<META_END>", "<META_END>", "<META_END>"]], "top_logit_ablation_values": [[0, 0, 0, 0, 0, 0.9077, 0, 0, 0], [0, 0, 0, 0, 0, 0.8367, 0, 0, 0], [0, 0, 0, 0, 0, 0.8336, 0, 0, 0], [0, 0, 0, 0, 0, 0.8174, 0, 0, 0], [0, 0, 0, 0, 0, 0.8152, 0, 0, 0]], "bottom_logit_ablation_values": [[0, 0, 0, 0, 0, -0.5673, 0, 0, 0], [0, 0, 0, 0, 0, -0.5004, 0, 0, 0], [0, 0, 0, 0, 0, -0.4267, 0, 0, 0], [0, 0, 0, 0, 0, -0.4189, 0, 0, 0], [0, 0, 0, 0, 0, -0.4079, 0, 0, 0]], "residual_loss_ablation": [0.7787, 2.314, 4.341, 1.989, 0.06188, 1.843, -1.845, 4.214, 0]}}, {"tokens_str_list": [" lower", " cost", ".", "<EOT>", "Abbrev", "iations", "\n", "=============", "\n"], "tokens_acts_list": [0, 0, 0, 0, 0.4833, 0, 0, 0, 0], "train_token_ind": 4, "is_repeated_datapoint": 0, "datapoint_ind": 82998532, "ablations": {"loss_ablation": [0, 0, 0, 0, 0, -0.004495, 0, 0, 0], "top_logit_ablation_tokens_str": [["<META>", "<META>", "<META>", "<META>", "<META>", "ousands", "<META>", "<META>", "<META>"], ["<EOT>", "<EOT>", "<EOT>", "<EOT>", "<EOT>", "irties", "<EOT>", "<EOT>", "<EOT>"], ["<META_START>", "<META_START>", "<META_START>", "<META_START>", "<META_START>", "aining", "<META_START>", "<META_START>", "<META_START>"], ["<SOS>", "<SOS>", "<SOS>", "<SOS>", "<SOS>", "irteen", "<SOS>", "<SOS>", "<SOS>"], ["<META_END>", "<META_END>", "<META_END>", "<META_END>", "<META_END>", "lation", "<META_END>", "<META_END>", "<META_END>"]], "bottom_logit_ablation_tokens_str": [["<META>", "<META>", "<META>", "<META>", "<META>", "supplementary", "<META>", "<META>", "<META>"], ["<EOT>", "<EOT>", "<EOT>", "<EOT>", "<EOT>", "ometry", "<EOT>", "<EOT>", "<EOT>"], ["<META_START>", "<META_START>", "<META_START>", "<META_START>", "<META_START>", " speaking", "<META_START>", "<META_START>", "<META_START>"], ["<SOS>", "<SOS>", "<SOS>", "<SOS>", "<SOS>", "baum", "<SOS>", "<SOS>", "<SOS>"], ["<META_END>", "<META_END>", "<META_END>", "<META_END>", "<META_END>", "nets", "<META_END>", "<META_END>", "<META_END>"]], "top_logit_ablation_values": [[0, 0, 0, 0, 0, 0.3882, 0, 0, 0], [0, 0, 0, 0, 0, 0.3661, 0, 0, 0], [0, 0, 0, 0, 0, 0.365, 0, 0, 0], [0, 0, 0, 0, 0, 0.3615, 0, 0, 0], [0, 0, 0, 0, 0, 0.3514, 0, 0, 0]], "bottom_logit_ablation_values": [[0, 0, 0, 0, 0, -0.2378, 0, 0, 0], [0, 0, 0, 0, 0, -0.205, 0, 0, 0], [0, 0, 0, 0, 0, -0.1822, 0, 0, 0], [0, 0, 0, 0, 0, -0.1788, 0, 0, 0], [0, 0, 0, 0, 0, -0.174, 0, 0, 0]], "residual_loss_ablation": [5.883, 3.218, -0.346, 0.5796, -0.2728, -0.0514, -0.9989, 5.711, 0]}}, {"tokens_str_list": ["land", "\u2014", "Mont", "g", "omer", "ys", " and", " K", "ao"], "tokens_acts_list": [0, 0, 0, 0, 0.4726, 0, 0, 0, 0], "train_token_ind": 4, "is_repeated_datapoint": 0, "datapoint_ind": 65808572, "ablations": {"loss_ablation": [0, 0, 0, 0, 0, 0.006577, 0, 0, 0], "top_logit_ablation_tokens_str": [["<META>", "<META>", "<META>", "<META>", "<META>", "aining", "<META>", "<META>", "<META>"], ["<EOT>", "<EOT>", "<EOT>", "<EOT>", "<EOT>", "ousands", "<EOT>", "<EOT>", "<EOT>"], ["<META_START>", "<META_START>", "<META_START>", "<META_START>", "<META_START>", "irties", "<META_START>", "<META_START>", "<META_START>"], ["<SOS>", "<SOS>", "<SOS>", "<SOS>", "<SOS>", "ertain", "<SOS>", "<SOS>", "<SOS>"], ["<META_END>", "<META_END>", "<META_END>", "<META_END>", "<META_END>", "iences", "<META_END>", "<META_END>", "<META_END>"]], "bottom_logit_ablation_tokens_str": [["<META>", "<META>", "<META>", "<META>", "<META>", "supplementary", "<META>", "<META>", "<META>"], ["<EOT>", "<EOT>", "<EOT>", "<EOT>", "<EOT>", " speaking", "<EOT>", "<EOT>", "<EOT>"], ["<META_START>", "<META_START>", "<META_START>", "<META_START>", "<META_START>", "ometry", "<META_START>", "<META_START>", "<META_START>"], ["<SOS>", "<SOS>", "<SOS>", "<SOS>", "<SOS>", "baum", "<SOS>", "<SOS>", "<SOS>"], ["<META_END>", "<META_END>", "<META_END>", "<META_END>", "<META_END>", "journals", "<META_END>", "<META_END>", "<META_END>"]], "top_logit_ablation_values": [[0, 0, 0, 0, 0, 0.436, 0, 0, 0], [0, 0, 0, 0, 0, 0.4183, 0, 0, 0], [0, 0, 0, 0, 0, 0.4133, 0, 0, 0], [0, 0, 0, 0, 0, 0.412, 0, 0, 0], [0, 0, 0, 0, 0, 0.4062, 0, 0, 0]], "bottom_logit_ablation_values": [[0, 0, 0, 0, 0, -0.2018, 0, 0, 0], [0, 0, 0, 0, 0, -0.1467, 0, 0, 0], [0, 0, 0, 0, 0, -0.13, 0, 0, 0], [0, 0, 0, 0, 0, -0.1172, 0, 0, 0], [0, 0, 0, 0, 0, -0.1055, 0, 0, 0]], "residual_loss_ablation": [2.047, 0.5864, 0.5401, -0.4965, 0.6602, 1.354, -0.6926, 0.3035, 0]}}, {"tokens_str_list": [" head", ".", " Le", "aving", " Pearl", " as", " alone", " as", " a"], "tokens_acts_list": [0, 0, 0, 0, 0.3332, 0, 0, 0, 0], "train_token_ind": 4, "is_repeated_datapoint": 0, "datapoint_ind": 93878225, "ablations": {"loss_ablation": [0, 0, 0, 0, 0, 0.05292, 0, 0, 0], "top_logit_ablation_tokens_str": [["<META>", "<META>", "<META>", "<META>", "<META>", "ousands", "<META>", "<META>", "<META>"], ["<EOT>", "<EOT>", "<EOT>", "<EOT>", "<EOT>", "lation", "<EOT>", "<EOT>", "<EOT>"], ["<META_START>", "<META_START>", "<META_START>", "<META_START>", "<META_START>", "irties", "<META_START>", "<META_START>", "<META_START>"], ["<SOS>", "<SOS>", "<SOS>", "<SOS>", "<SOS>", "irteen", "<SOS>", "<SOS>", "<SOS>"], ["<META_END>", "<META_END>", "<META_END>", "<META_END>", "<META_END>", "ertain", "<META_END>", "<META_END>", "<META_END>"]],