{"index": 2043, "act_buckets": [0, 0, 1, 0, 0, 0, 0, 0, 0, 0, 0, 0, 0, 0, 0, 1, 0, 1, 0, 0, 0, 0, 0, 0, 0, 0, 0, 1, 0, 0, 0, 0, 1, 0, 1, 0, 0, 0, 0, 1], "act_bucket_edges": [0, 0.02444, 0.04887, 0.07331, 0.09774, 0.1222, 0.1466, 0.171, 0.1955, 0.2199, 0.2444, 0.2688, 0.2932, 0.3177, 0.3421, 0.3665, 0.391, 0.4154, 0.4398, 0.4643, 0.4887, 0.5131, 0.5376, 0.562, 0.5864, 0.6109, 0.6353, 0.6598, 0.6842, 0.7086, 0.7331, 0.7575, 0.7819, 0.8064, 0.8308, 0.8552, 0.8797, 0.9041, 0.9285, 0.953, 0.9774], "logit_buckets": [1, 0, 0, 1, 0, 8, 16, 18, 36, 64, 87, 163, 229, 381, 494, 731, 3257, 2833, 3699, 4791, 5823, 6511, 7005, 7040, 6343, 5233, 3945, 2779, 1756, 1062, 572, 334, 158, 80, 43, 30, 5, 3, 2, 3], "logit_bucket_edges": [-0.555, -0.5304, -0.5057, -0.4811, -0.4564, -0.4318, -0.4071, -0.3825, -0.3578, -0.3332, -0.3085, -0.2839, -0.2592, -0.2346, -0.2099, -0.1853, -0.1606, -0.136, -0.1113, -0.08665, -0.062, -0.03735, -0.0127, 0.01195, 0.03661, 0.06126, 0.08591, 0.1106, 0.1352, 0.1599, 0.1845, 0.2092, 0.2338, 0.2585, 0.2831, 0.3078, 0.3324, 0.3571, 0.3817, 0.4064, 0.431], "examples_quantiles": [{"quantile_name": "Top Activations", "quantile_max_act": 0.9774, "examples": [{"tokens_str_list": [" old", " topic", " (", "not", " entirely", " sure", " why", " thats", " a"], "tokens_acts_list": [0, 0, 0, 0, 0.9774, 0, 0, 0, 0], "train_token_ind": 4, "is_repeated_datapoint": 0, "datapoint_ind": 72925984, "ablations": {"loss_ablation": [0, 0, 0, 0, 0, 0.002395, 0, 0, 0], "top_logit_ablation_tokens_str": [["<META>", "<META>", "<META>", "<META>", "<META>", "ously", "<META>", "<META>", "<META>"], ["<EOT>", "<EOT>", "<EOT>", "<EOT>", "<EOT>", "ately", "<EOT>", "<EOT>", "<EOT>"], ["<META_START>", "<META_START>", "<META_START>", "<META_START>", "<META_START>", "ates", "<META_START>", "<META_START>", "<META_START>"], ["<SOS>", "<SOS>", "<SOS>", "<SOS>", "<SOS>", "ity", "<SOS>", "<SOS>", "<SOS>"], ["<META_END>", "<META_END>", "<META_END>", "<META_END>", "<META_END>", " had", "<META_END>", "<META_END>", "<META_END>"]], "bottom_logit_ablation_tokens_str": [["<META>", "<META>", "<META>", "<META>", "<META>", "LED", "<META>", "<META>", "<META>"], ["<EOT>", "<EOT>", "<EOT>", "<EOT>", "<EOT>", "org", "<EOT>", "<EOT>", "<EOT>"], ["<META_START>", "<META_START>", "<META_START>", "<META_START>", "<META_START>", "iring", "<META_START>", "<META_START>", "<META_START>"], ["<SOS>", "<SOS>", "<SOS>", "<SOS>", "<SOS>", "erical", "<SOS>", "<SOS>", "<SOS>"], ["<META_END>", "<META_END>", "<META_END>", "<META_END>", "<META_END>", "olves", "<META_END>", "<META_END>", "<META_END>"]], "top_logit_ablation_values": [[0, 0, 0, 0, 0, 0.922, 0, 0, 0], [0, 0, 0, 0, 0, 0.7709, 0, 0, 0], [0, 0, 0, 0, 0, 0.7073, 0, 0, 0], [0, 0, 0, 0, 0, 0.6546, 0, 0, 0], [0, 0, 0, 0, 0, 0.6431, 0, 0, 0]], "bottom_logit_ablation_values": [[0, 0, 0, 0, 0, -0.8624, 0, 0, 0], [0, 0, 0, 0, 0, -0.851, 0, 0, 0], [0, 0, 0, 0, 0, -0.8482, 0, 0, 0], [0, 0, 0, 0, 0, -0.8398, 0, 0, 0], [0, 0, 0, 0, 0, -0.7968, 0, 0, 0]], "residual_loss_ablation": [1.649, -0.9952, -0.2815, -0.6566, -1.431, 7.321, -0.4655, 0.3301, 0]}}, {"tokens_str_list": ["\n                                             ", " 6", "\n\f", "<EOT>", "Abbrev", "iations", "\n", "=============", "\n"], "tokens_acts_list": [0, 0, 0, 0, 0.8376, 0, 0, 0, 0], "train_token_ind": 4, "is_repeated_datapoint": 0, "datapoint_ind": 17505211, "ablations": {"loss_ablation": [0, 0, 0, 0, 0, 0.01043, 0, 0, 0], "top_logit_ablation_tokens_str": [["<META>", "<META>", "<META>", "<META>", "<META>", "ously", "<META>", "<META>", "<META>"], ["<EOT>", "<EOT>", "<EOT>", "<EOT>", "<EOT>", "ately", "<EOT>", "<EOT>", "<EOT>"], ["<META_START>", "<META_START>", "<META_START>", "<META_START>", "<META_START>", "ity", "<META_START>", "<META_START>", "<META_START>"], ["<SOS>", "<SOS>", "<SOS>", "<SOS>", "<SOS>", "ely", "<SOS>", "<SOS>", "<SOS>"], ["<META_END>", "<META_END>", "<META_END>", "<META_END>", "<META_END>", "anced", "<META_END>", "<META_END>", "<META_END>"]], "bottom_logit_ablation_tokens_str": [["<META>", "<META>", "<META>", "<META>", "<META>", "LED", "<META>", "<META>", "<META>"], ["<EOT>", "<EOT>", "<EOT>", "<EOT>", "<EOT>", "org", "<EOT>", "<EOT>", "<EOT>"], ["<META_START>", "<META_START>", "<META_START>", "<META_START>", "<META_START>", "erical", "<META_START>", "<META_START>", "<META_START>"], ["<SOS>", "<SOS>", "<SOS>", "<SOS>", "<SOS>", "olves", "<SOS>", "<SOS>", "<SOS>"], ["<META_END>", "<META_END>", "<META_END>", "<META_END>", "<META_END>", "itter", "<META_END>", "<META_END>", "<META_END>"]], "top_logit_ablation_values": [[0, 0, 0, 0, 0, 0.4705, 0, 0, 0], [0, 0, 0, 0, 0, 0.4085, 0, 0, 0], [0, 0, 0, 0, 0, 0.3841, 0, 0, 0], [0, 0, 0, 0, 0, 0.3758, 0, 0, 0], [0, 0, 0, 0, 0, 0.3727, 0, 0, 0]], "bottom_logit_ablation_values": [[0, 0, 0, 0, 0, -0.4129, 0, 0, 0], [0, 0, 0, 0, 0, -0.4105, 0, 0, 0], [0, 0, 0, 0, 0, -0.3748, 0, 0, 0], [0, 0, 0, 0, 0, -0.3692, 0, 0, 0], [0, 0, 0, 0, 0, -0.3684, 0, 0, 0]], "residual_loss_ablation": [0.7787, 2.314, 4.341, 1.989, 0.06188, 1.843, -1.845, 4.214, 0]}}, {"tokens_str_list": [" mit", "z", "ured", "en", ".\u00ab", "\n", "\n", "\u00bb", "All"], "tokens_acts_list": [0, 0, 0, 0, 0.7836, 0, 0, 0, 0], "train_token_ind": 4, "is_repeated_datapoint": 0, "datapoint_ind": 76851631, "ablations": {"loss_ablation": [0, 0, 0, 0, 0, -0.002912, 0, 0, 0], "top_logit_ablation_tokens_str": [["<META>", "<META>", "<META>", "<META>", "<META>", "ously", "<META>", "<META>", "<META>"], ["<EOT>", "<EOT>", "<EOT>", "<EOT>", "<EOT>", "ately", "<EOT>", "<EOT>", "<EOT>"], ["<META_START>", "<META_START>", "<META_START>", "<META_START>", "<META_START>", " while", "<META_START>", "<META_START>", "<META_START>"], ["<SOS>", "<SOS>", "<SOS>", "<SOS>", "<SOS>", " had", "<SOS>", "<SOS>", "<SOS>"], ["<META_END>", "<META_END>", "<META_END>", "<META_END>", "<META_END>", "ates", "<META_END>", "<META_END>", "<META_END>"]], "bottom_logit_ablation_tokens_str": [["<META>", "<META>", "<META>", "<META>", "<META>", "LED", "<META>", "<META>", "<META>"], ["<EOT>", "<EOT>", "<EOT>", "<EOT>", "<EOT>", "org", "<EOT>", "<EOT>", "<EOT>"], ["<META_START>", "<META_START>", "<META_START>", "<META_START>", "<META_START>", "erical", "<META_START>", "<META_START>", "<META_START>"], ["<SOS>", "<SOS>", "<SOS>", "<SOS>", "<SOS>", "iring", "<SOS>", "<SOS>", "<SOS>"], ["<META_END>", "<META_END>", "<META_END>", "<META_END>", "<META_END>", "irical", "<META_END>", "<META_END>", "<META_END>"]], "top_logit_ablation_values": [[0, 0, 0, 0, 0, 0.5293, 0, 0, 0], [0, 0, 0, 0, 0, 0.4191, 0, 0, 0], [0, 0, 0, 0, 0, 0.397, 0, 0, 0], [0, 0, 0, 0, 0, 0.3934, 0, 0, 0], [0, 0, 0, 0, 0, 0.3764, 0, 0, 0]], "bottom_logit_ablation_values": [[0, 0, 0, 0, 0, -0.5382, 0, 0, 0], [0, 0, 0, 0, 0, -0.529, 0, 0, 0], [0, 0, 0, 0, 0, -0.5236, 0, 0, 0], [0, 0, 0, 0, 0, -0.5175, 0, 0, 0], [0, 0, 0, 0, 0, -0.4945, 0, 0, 0]], "residual_loss_ablation": [-1.391, 0.6779, 1.498, 2.721, -0.6154, 3.15, 0.161, 5.499, 0]}}, {"tokens_str_list": [" ca", "ixa", " a", " tr\u00eas", " quar", "te", "ir", "\u00f5es", "."], "tokens_acts_list": [0, 0, 0, 0, 0.6688, 0, 0, 0, 0], "train_token_ind": 4, "is_repeated_datapoint": 0, "datapoint_ind": 64397551, "ablations": {"loss_ablation": [0, 0, 0, 0, 0, 0.07243, 0, 0, 0], "top_logit_ablation_tokens_str": [["<META>", "<META>", "<META>", "<META>", "<META>", "ously", "<META>", "<META>", "<META>"], ["<EOT>", "<EOT>", "<EOT>", "<EOT>", "<EOT>", "ately", "<EOT>", "<EOT>", "<EOT>"], ["<META_START>", "<META_START>", "<META_START>", "<META_START>", "<META_START>", "ates", "<META_START>", "<META_START>", "<META_START>"], ["<SOS>", "<SOS>", "<SOS>", "<SOS>", "<SOS>", " had", "<SOS>", "<SOS>", "<SOS>"], ["<META_END>", "<META_END>", "<META_END>", "<META_END>", "<META_END>", " while", "<META_END>", "<META_END>", "<META_END>"]],