{"index": 209, "act_buckets": [0, 0, 1, 0, 0, 1, 1, 0, 0, 0, 1, 0, 0, 0, 0, 0, 0, 0, 0, 0, 0, 0, 0, 0, 0, 0, 0, 0, 0, 0, 0, 0, 1, 0, 0, 1, 0, 0, 0, 1], "act_bucket_edges": [0, 0.009913, 0.01983, 0.02974, 0.03965, 0.04956, 0.05948, 0.06939, 0.0793, 0.08921, 0.09913, 0.109, 0.119, 0.1289, 0.1388, 0.1487, 0.1586, 0.1685, 0.1784, 0.1883, 0.1983, 0.2082, 0.2181, 0.228, 0.2379, 0.2478, 0.2577, 0.2676, 0.2776, 0.2875, 0.2974, 0.3073, 0.3172, 0.3271, 0.337, 0.3469, 0.3569, 0.3668, 0.3767, 0.3866, 0.3965], "logit_buckets": [1, 0, 0, 2, 2, 5, 7, 11, 14, 29, 39, 67, 96, 152, 215, 283, 474, 674, 968, 1411, 1971, 2827, 4058, 5622, 7001, 8710, 12330, 9336, 4048, 1774, 984, 655, 559, 504, 333, 201, 101, 51, 14, 5], "logit_bucket_edges": [-0.6205, -0.5965, -0.5724, -0.5484, -0.5244, -0.5003, -0.4763, -0.4522, -0.4282, -0.4041, -0.3801, -0.356, -0.332, -0.3079, -0.2839, -0.2598, -0.2358, -0.2117, -0.1877, -0.1636, -0.1396, -0.1156, -0.09151, -0.06746, -0.04342, -0.01937, 0.004678, 0.02873, 0.05277, 0.07682, 0.1009, 0.1249, 0.149, 0.173, 0.1971, 0.2211, 0.2451, 0.2692, 0.2932, 0.3173, 0.3413], "examples_quantiles": [{"quantile_name": "Top Activations", "quantile_max_act": 0.3965, "examples": [{"tokens_str_list": ["define", " Z", "GE", "MM", "_", "DEFAULT", "_", "P", " 112"], "tokens_acts_list": [0, 0, 0, 0, 0.3965, 0, 0.473, 0, 0], "train_token_ind": 4, "is_repeated_datapoint": 0, "datapoint_ind": 16418159, "ablations": {"loss_ablation": [0, 0, 0, 0, 0, 0.001096, 0, 0.09273, 0], "top_logit_ablation_tokens_str": [["<META>", "<META>", "<META>", "<META>", "<META>", " the", "<META>", " the", "<META>"], ["<EOT>", "<EOT>", "<EOT>", "<EOT>", "<EOT>", " it", "<EOT>", ".", "<EOT>"], ["<META_START>", "<META_START>", "<META_START>", "<META_START>", "<META_START>", " a", "<META_START>", " hand", "<META_START>"], ["<SOS>", "<SOS>", "<SOS>", "<SOS>", "<SOS>", ".", "<SOS>", " it", "<SOS>"], ["<META_END>", "<META_END>", "<META_END>", "<META_END>", "<META_END>", " course", "<META_END>", " its", "<META_END>"]], "bottom_logit_ablation_tokens_str": [["<META>", "<META>", "<META>", "<META>", "<META>", "END", "<META>", "END", "<META>"], ["<EOT>", "<EOT>", "<EOT>", "<EOT>", "<EOT>", "sengers", "<EOT>", "BEGIN", "<EOT>"], ["<META_START>", "<META_START>", "<META_START>", "<META_START>", "<META_START>", ");", "<META_START>", "right", "<META_START>"], ["<SOS>", "<SOS>", "<SOS>", "<SOS>", "<SOS>", "door", "<SOS>", "door", "<SOS>"], ["<META_END>", "<META_END>", "<META_END>", "<META_END>", "<META_END>", "SEL", "<META_END>", "s", "<META_END>"]], "top_logit_ablation_values": [[0, 0, 0, 0, 0, 0.2547, 0, 0.1497, 0], [0, 0, 0, 0, 0, 0.2263, 0, 0.1332, 0], [0, 0, 0, 0, 0, 0.2235, 0, 0.1308, 0], [0, 0, 0, 0, 0, 0.2101, 0, 0.1257, 0], [0, 0, 0, 0, 0, 0.2026, 0, 0.1146, 0]], "bottom_logit_ablation_values": [[0, 0, 0, 0, 0, -0.2105, 0, -0.3387, 0], [0, 0, 0, 0, 0, -0.2028, 0, -0.3076, 0], [0, 0, 0, 0, 0, -0.1976, 0, -0.2991, 0], [0, 0, 0, 0, 0, -0.1956, 0, -0.2982, 0], [0, 0, 0, 0, 0, -0.1927, 0, -0.296, 0]], "residual_loss_ablation": [0.03509, 0.4781, 0.9655, 6.289, 2.773, 2.124, 1.451, 1.634, 0]}}, {"tokens_str_list": ["GE", "MM", "_", "DEFAULT", "_", "Q", " 488", "\n", "#"], "tokens_acts_list": [0, 0, 0.2478, 0, 0.3517, 0, 0, 0, 0], "train_token_ind": 4, "is_repeated_datapoint": 0, "datapoint_ind": 55624591, "ablations": {"loss_ablation": [0, 0, 0, -0.002217, 0, 0.03473, 0, 0, 0], "top_logit_ablation_tokens_str": [["<META>", "<META>", "<META>", " the", "<META>", " the", "<META>", "<META>", "<META>"], ["<EOT>", "<EOT>", "<EOT>", " it", "<EOT>", ".", "<EOT>", "<EOT>", "<EOT>"], ["<META_START>", "<META_START>", "<META_START>", " a", "<META_START>", " hand", "<META_START>", "<META_START>", "<META_START>"], ["<SOS>", "<SOS>", "<SOS>", ".", "<SOS>", " it", "<SOS>", "<SOS>", "<SOS>"], ["<META_END>", "<META_END>", "<META_END>", " its", "<META_END>", " its", "<META_END>", "<META_END>", "<META_END>"]], "bottom_logit_ablation_tokens_str": [["<META>", "<META>", "<META>", ");", "<META>", "END", "<META>", "<META>", "<META>"], ["<EOT>", "<EOT>", "<EOT>", "sengers", "<EOT>", "s", "<EOT>", "<EOT>", "<EOT>"], ["<META_START>", "<META_START>", "<META_START>", "END", "<META_START>", "BEGIN", "<META_START>", "<META_START>", "<META_START>"], ["<SOS>", "<SOS>", "<SOS>", "rance", "<SOS>", "DO", "<SOS>", "<SOS>", "<SOS>"], ["<META_END>", "<META_END>", "<META_END>", "patient", "<META_END>", "cell", "<META_END>", "<META_END>", "<META_END>"]], "top_logit_ablation_values": [[0, 0, 0, 0.1143, 0, 0.06337, 0, 0, 0], [0, 0, 0, 0.09737, 0, 0.05982, 0, 0, 0], [0, 0, 0, 0.09596, 0, 0.05307, 0, 0, 0], [0, 0, 0, 0.09317, 0, 0.04695, 0, 0, 0], [0, 0, 0, 0.0867, 0, 0.04519, 0, 0, 0]], "bottom_logit_ablation_values": [[0, 0, 0, -0.1448, 0, -0.2687, 0, 0, 0], [0, 0, 0, -0.142, 0, -0.2524, 0, 0, 0], [0, 0, 0, -0.1369, 0, -0.2517, 0, 0, 0], [0, 0, 0, -0.1348, 0, -0.2409, 0, 0, 0], [0, 0, 0, -0.134, 0, -0.2398, 0, 0, 0]], "residual_loss_ablation": [2.975, 6.34, 2.51, 1.941, 0.8429, 0.5406, -1.077, -1.106, 0]}}, {"tokens_str_list": ["define", " D", "GE", "MM", "_", "DEFAULT", "_", "R", " 8192"], "tokens_acts_list": [0, 0, 0, 0, 0.3267, 0, 0.386, 0, 0], "train_token_ind": 4, "is_repeated_datapoint": 0, "datapoint_ind": 55624598, "ablations": {"loss_ablation": [0, 0, 0, 0, 0, -0.00178, 0, 0.07244, 0], "top_logit_ablation_tokens_str": [["<META>", "<META>", "<META>", "<META>", "<META>", " the", "<META>", " the", "<META>"], ["<EOT>", "<EOT>", "<EOT>", "<EOT>", "<EOT>", " it", "<EOT>", " hand", "<EOT>"], ["<META_START>", "<META_START>", "<META_START>", "<META_START>", "<META_START>", " a", "<META_START>", " import", "<META_START>"], ["<SOS>", "<SOS>", "<SOS>", "<SOS>", "<SOS>", " import", "<SOS>", " it", "<SOS>"], ["<META_END>", "<META_END>", "<META_END>", "<META_END>", "<META_END>", " course", "<META_END>", " them", "<META_END>"]], "bottom_logit_ablation_tokens_str": [["<META>", "<META>", "<META>", "<META>", "<META>", ");", "<META>", "END", "<META>"], ["<EOT>", "<EOT>", "<EOT>", "<EOT>", "<EOT>", "sengers", "<EOT>", "s", "<EOT>"], ["<META_START>", "<META_START>", "<META_START>", "<META_START>", "<META_START>", "END", "<META_START>", "BEGIN", "<META_START>"], ["<SOS>", "<SOS>", "<SOS>", "<SOS>", "<SOS>", "door", "<SOS>", "right", "<SOS>"], ["<META_END>", "<META_END>", "<META_END>", "<META_END>", "<META_END>", "DS", "<META_END>", "DO", "<META_END>"]], "top_logit_ablation_values": [[0, 0, 0, 0, 0, 0.1775, 0, 0.09069, 0], [0, 0, 0, 0, 0, 0.1624, 0, 0.08122, 0], [0, 0, 0, 0, 0, 0.1559, 0, 0.08001, 0], [0, 0, 0, 0, 0, 0.1521, 0, 0.07634, 0], [0, 0, 0, 0, 0, 0.1494, 0, 0.07333, 0]], "bottom_logit_ablation_values": [[0, 0, 0, 0, 0, -0.169, 0, -0.2769, 0], [0, 0, 0, 0, 0, -0.1671, 0, -0.2609, 0], [0, 0, 0, 0, 0, -0.1662, 0, -0.2509, 0], [0, 0, 0, 0, 0, -0.158, 0, -0.2504, 0], [0, 0, 0, 0, 0, -0.1562, 0, -0.2466, 0]], "residual_loss_ablation": [0.03831, 0.1702, 6.953, 6.18, 2.697, 2.17, 0.4836, 1.854, 0]}}, {"tokens_str_list": ["s", "_", "h", " uint", "ptr", ",", " flags", " int", ")"], "tokens_acts_list": [0, 0, 0, 0, 0.1043, 0, 0, 0, 0], "train_token_ind": 4, "is_repeated_datapoint": 0, "datapoint_ind": 9638356, "ablations": {"loss_ablation": [0, 0, 0, 0, 0, -0.06642, 0, 0, 0], "top_logit_ablation_tokens_str": [["<META>", "<META>", "<META>", "<META>", "<META>", " the", "<META>", "<META>", "<META>"], ["<EOT>", "<EOT>", "<EOT>", "<EOT>", "<EOT>", " other", "<EOT>", "<EOT>", "<EOT>"], ["<META_START>", "<META_START>", "<META_START>", "<META_START>", "<META_START>", " time", "<META_START>", "<META_START>", "<META_START>"], ["<SOS>", "<SOS>", "<SOS>", "<SOS>", "<SOS>", " point", "<SOS>", "<SOS>", "<SOS>"], ["<META_END>", "<META_END>", "<META_END>", "<META_END>", "<META_END>", " one", "<META_END>", "<META_END>", "<META_END>"]],