{"index": 2097, "act_buckets": [0, 0, 0, 0, 0, 1, 1, 0, 0, 0, 0, 0, 0, 0, 0, 0, 0, 0, 0, 1, 0, 0, 0, 0, 0, 0, 0, 0, 0, 0, 0, 0, 0, 0, 0, 0, 0, 0, 0, 1], "act_bucket_edges": [0, 0.007507, 0.01501, 0.02252, 0.03003, 0.03753, 0.04504, 0.05255, 0.06005, 0.06756, 0.07507, 0.08257, 0.09008, 0.09759, 0.1051, 0.1126, 0.1201, 0.1276, 0.1351, 0.1426, 0.1501, 0.1576, 0.1651, 0.1727, 0.1802, 0.1877, 0.1952, 0.2027, 0.2102, 0.2177, 0.2252, 0.2327, 0.2402, 0.2477, 0.2552, 0.2627, 0.2702, 0.2777, 0.2853, 0.2928, 0.3003], "logit_buckets": [1, 3, 5, 3, 5, 8, 19, 31, 49, 79, 265, 2155, 1098, 1417, 1900, 2727, 3608, 4838, 6050, 7356, 7677, 7020, 5947, 4501, 3338, 2279, 1430, 819, 469, 224, 122, 43, 29, 14, 3, 1, 1, 0, 1, 1], "logit_bucket_edges": [-0.4778, -0.4541, -0.4304, -0.4067, -0.3829, -0.3592, -0.3355, -0.3117, -0.288, -0.2643, -0.2406, -0.2168, -0.1931, -0.1694, -0.1457, -0.1219, -0.09821, -0.07448, -0.05075, -0.02703, -0.0033, 0.02043, 0.04415, 0.06788, 0.09161, 0.1153, 0.1391, 0.1628, 0.1865, 0.2102, 0.234, 0.2577, 0.2814, 0.3051, 0.3289, 0.3526, 0.3763, 0.4001, 0.4238, 0.4475, 0.4712], "examples_quantiles": [{"quantile_name": "Top Activations", "quantile_max_act": 0.3003, "examples": [{"tokens_str_list": [" R", "BV", "22", "18", "106", "105", "ARD", "ST", "oc"], "tokens_acts_list": [0, 0, 0, 0, 0.3003, 0.2197, 0, 0, 0], "train_token_ind": 4, "is_repeated_datapoint": 0, "datapoint_ind": 48597361, "ablations": {"loss_ablation": [0, 0, 0, 0, 0, 0.1384, 0.09577, 0, 0], "top_logit_ablation_tokens_str": [["<META>", "<META>", "<META>", "<META>", "<META>", "eral", "eral", "<META>", "<META>"], ["<EOT>", "<EOT>", "<EOT>", "<EOT>", "<EOT>", " of", " of", "<EOT>", "<EOT>"], ["<META_START>", "<META_START>", "<META_START>", "<META_START>", "<META_START>", " the", "ization", "<META_START>", "<META_START>"], ["<SOS>", "<SOS>", "<SOS>", "<SOS>", "<SOS>", "ization", "ably", "<SOS>", "<SOS>"], ["<META_END>", "<META_END>", "<META_END>", "<META_END>", "<META_END>", "ably", " the", "<META_END>", "<META_END>"]], "bottom_logit_ablation_tokens_str": [["<META>", "<META>", "<META>", "<META>", "<META>", "?\u201d", "?\u201d", "<META>", "<META>"], ["<EOT>", "<EOT>", "<EOT>", "<EOT>", "<EOT>", "?\u2019", "?\u2019", "<EOT>", "<EOT>"], ["<META_START>", "<META_START>", "<META_START>", "<META_START>", "<META_START>", "?'", "?'", "<META_START>", "<META_START>"], ["<SOS>", "<SOS>", "<SOS>", "<SOS>", "<SOS>", "?!", "?!", "<SOS>", "<SOS>"], ["<META_END>", "<META_END>", "<META_END>", "<META_END>", "<META_END>", "ds", "ds", "<META_END>", "<META_END>"]], "top_logit_ablation_values": [[0, 0, 0, 0, 0, 0.04427, 0.02116, 0, 0], [0, 0, 0, 0, 0, 0.02806, 0.008657, 0, 0], [0, 0, 0, 0, 0, 0.02758, 0.006094, 0, 0], [0, 0, 0, 0, 0, 0.02567, 0.004341, 0, 0], [0, 0, 0, 0, 0, 0.01754, 0.003571, 0, 0]], "bottom_logit_ablation_values": [[0, 0, 0, 0, 0, -0.4172, -0.3282, 0, 0], [0, 0, 0, 0, 0, -0.4052, -0.3192, 0, 0], [0, 0, 0, 0, 0, -0.376, -0.2995, 0, 0], [0, 0, 0, 0, 0, -0.3673, -0.2903, 0, 0], [0, 0, 0, 0, 0, -0.3521, -0.2811, 0, 0]], "residual_loss_ablation": [1.747, 3.858, 0.1008, 0.946, -1.019, -0.7248, 2.455, -0.9025, 0]}}, {"tokens_str_list": ["'$", " by", " $\\", "Delta", "'=", "\n", "\\", "theta", "\\"], "tokens_acts_list": [0, 0, 0, 0, 0.1446, 0, 0, 0, 0], "train_token_ind": 4, "is_repeated_datapoint": 0, "datapoint_ind": 76780852, "ablations": {"loss_ablation": [0, 0, 0, 0, 0, 0.0105, 0, 0, 0], "top_logit_ablation_tokens_str": [["<META>", "<META>", "<META>", "<META>", "<META>", "eral", "<META>", "<META>", "<META>"], ["<EOT>", "<EOT>", "<EOT>", "<EOT>", "<EOT>", "ology", "<EOT>", "<EOT>", "<EOT>"], ["<META_START>", "<META_START>", "<META_START>", "<META_START>", "<META_START>", " of", "<META_START>", "<META_START>", "<META_START>"], ["<SOS>", "<SOS>", "<SOS>", "<SOS>", "<SOS>", " the", "<SOS>", "<SOS>", "<SOS>"], ["<META_END>", "<META_END>", "<META_END>", "<META_END>", "<META_END>", " which", "<META_END>", "<META_END>", "<META_END>"]], "bottom_logit_ablation_tokens_str": [["<META>", "<META>", "<META>", "<META>", "<META>", "?\u201d", "<META>", "<META>", "<META>"], ["<EOT>", "<EOT>", "<EOT>", "<EOT>", "<EOT>", "?\u2019", "<EOT>", "<EOT>", "<EOT>"], ["<META_START>", "<META_START>", "<META_START>", "<META_START>", "<META_START>", "?'", "<META_START>", "<META_START>", "<META_START>"], ["<SOS>", "<SOS>", "<SOS>", "<SOS>", "<SOS>", "?\"", "<SOS>", "<SOS>", "<SOS>"], ["<META_END>", "<META_END>", "<META_END>", "<META_END>", "<META_END>", " bankrupt", "<META_END>", "<META_END>", "<META_END>"]], "top_logit_ablation_values": [[0, 0, 0, 0, 0, -0.01944, 0, 0, 0], [0, 0, 0, 0, 0, -0.02345, 0, 0, 0], [0, 0, 0, 0, 0, -0.02878, 0, 0, 0], [0, 0, 0, 0, 0, -0.02983, 0, 0, 0], [0, 0, 0, 0, 0, -0.03137, 0, 0, 0]], "bottom_logit_ablation_values": [[0, 0, 0, 0, 0, -0.2346, 0, 0, 0], [0, 0, 0, 0, 0, -0.2261, 0, 0, 0], [0, 0, 0, 0, 0, -0.215, 0, 0, 0], [0, 0, 0, 0, 0, -0.2114, 0, 0, 0], [0, 0, 0, 0, 0, -0.2084, 0, 0, 0]], "residual_loss_ablation": [-2.223, 1.057, -0.1049, 0.7722, -2.621, 0.2247, -2.334, 1.626, 0]}}, {"tokens_str_list": [" (-", "8", ")/(-", "12", ")*(-", "145", "66", ")/((-", "7"], "tokens_acts_list": [0, 0, 0, 0, 0.04557, 0, 0, 0, 0], "train_token_ind": 4, "is_repeated_datapoint": 0, "datapoint_ind": 5547788, "ablations": {"loss_ablation": [0, 0, 0, 0, 0, 0.002204, 0, 0, 0], "top_logit_ablation_tokens_str": [["<META>", "<META>", "<META>", "<META>", "<META>", "ology", "<META>", "<META>", "<META>"], ["<EOT>", "<EOT>", "<EOT>", "<EOT>", "<EOT>", "eral", "<EOT>", "<EOT>", "<EOT>"], ["<META_START>", "<META_START>", "<META_START>", "<META_START>", "<META_START>", "\u0442\u0430", "<META_START>", "<META_START>", "<META_START>"], ["<SOS>", "<SOS>", "<SOS>", "<SOS>", "<SOS>", " which", "<SOS>", "<SOS>", "<SOS>"], ["<META_END>", "<META_END>", "<META_END>", "<META_END>", "<META_END>", "\"}.", "<META_END>", "<META_END>", "<META_END>"]], "bottom_logit_ablation_tokens_str": [["<META>", "<META>", "<META>", "<META>", "<META>", "?\u201d", "<META>", "<META>", "<META>"], ["<EOT>", "<EOT>", "<EOT>", "<EOT>", "<EOT>", "?\u2019", "<EOT>", "<EOT>", "<EOT>"], ["<META_START>", "<META_START>", "<META_START>", "<META_START>", "<META_START>", "?!", "<META_START>", "<META_START>", "<META_START>"], ["<SOS>", "<SOS>", "<SOS>", "<SOS>", "<SOS>", "?'", "<SOS>", "<SOS>", "<SOS>"], ["<META_END>", "<META_END>", "<META_END>", "<META_END>", "<META_END>", "ds", "<META_END>", "<META_END>", "<META_END>"]], "top_logit_ablation_values": [[0, 0, 0, 0, 0, -0.000566, 0, 0, 0], [0, 0, 0, 0, 0, -0.00072, 0, 0, 0], [0, 0, 0, 0, 0, -0.001447, 0, 0, 0], [0, 0, 0, 0, 0, -0.001592, 0, 0, 0], [0, 0, 0, 0, 0, -0.00315, 0, 0, 0]], "bottom_logit_ablation_values": [[0, 0, 0, 0, 0, -0.04551, 0, 0, 0], [0, 0, 0, 0, 0, -0.04308, 0, 0, 0], [0, 0, 0, 0, 0, -0.03991, 0, 0, 0], [0, 0, 0, 0, 0, -0.03987, 0, 0, 0], [0, 0, 0, 0, 0, -0.03895, 0, 0, 0]], "residual_loss_ablation": [4.172, -0.1182, 3.626, -0.09521, 0.08316, -0.2478, 2.347, -1.624, 0]}}, {"tokens_str_list": ["mbox", "{\\", "bold", "math", " $", "e", "$}}", "}_", "2"], "tokens_acts_list": [0, 0, 0, 0, 0.03932, 0, 0, 0, 0], "train_token_ind": 4, "is_repeated_datapoint": 0, "datapoint_ind": 62009971, "ablations": {"loss_ablation": [0, 0, 0, 0, 0, 0.005842, 0, 0, 0], "top_logit_ablation_tokens_str": [["<META>", "<META>", "<META>", "<META>", "<META>", " of", "<META>", "<META>", "<META>"], ["<EOT>", "<EOT>", "<EOT>", "<EOT>", "<EOT>", "ization", "<EOT>", "<EOT>", "<EOT>"], ["<META_START>", "<META_START>", "<META_START>", "<META_START>", "<META_START>", "eral", "<META_START>", "<META_START>", "<META_START>"], ["<SOS>", "<SOS>", "<SOS>", "<SOS>", "<SOS>", "ically", "<SOS>", "<SOS>", "<SOS>"], ["<META_END>", "<META_END>", "<META_END>", "<META_END>", "<META_END>", "izes", "<META_END>", "<META_END>", "<META_END>"]],