{"index": 2110, "act_buckets": [0, 0, 0, 0, 0, 0, 0, 0, 0, 0, 0, 0, 0, 0, 1, 0, 0, 0, 0, 1, 0, 0, 0, 1, 0, 0, 0, 0, 0, 0, 0, 0, 0, 0, 0, 0, 0, 1, 0, 1], "act_bucket_edges": [0, 0.008346, 0.01669, 0.02504, 0.03339, 0.04173, 0.05008, 0.05842, 0.06677, 0.07512, 0.08346, 0.09181, 0.1002, 0.1085, 0.1168, 0.1252, 0.1335, 0.1419, 0.1502, 0.1586, 0.1669, 0.1753, 0.1836, 0.192, 0.2003, 0.2087, 0.217, 0.2254, 0.2337, 0.242, 0.2504, 0.2587, 0.2671, 0.2754, 0.2838, 0.2921, 0.3005, 0.3088, 0.3172, 0.3255, 0.3339], "logit_buckets": [1, 3, 3, 4, 10, 14, 22, 42, 54, 96, 164, 221, 391, 529, 746, 1114, 1629, 2308, 3221, 4224, 5279, 6291, 6595, 6604, 5890, 5092, 4396, 4309, 4325, 967, 497, 265, 114, 61, 26, 13, 10, 3, 2, 1], "logit_bucket_edges": [-0.4732, -0.4526, -0.432, -0.4114, -0.3908, -0.3702, -0.3496, -0.329, -0.3084, -0.2878, -0.2672, -0.2466, -0.226, -0.2054, -0.1847, -0.1641, -0.1435, -0.1229, -0.1023, -0.08174, -0.06113, -0.04053, -0.01993, 0.0006752, 0.02128, 0.04188, 0.06248, 0.08309, 0.1037, 0.1243, 0.1449, 0.1655, 0.1861, 0.2067, 0.2273, 0.2479, 0.2685, 0.2891, 0.3097, 0.3303, 0.3509], "examples_quantiles": [{"quantile_name": "Top Activations", "quantile_max_act": 0.3339, "examples": [{"tokens_str_list": [" intelligence", " that", " might", " have", " taken", " a", " lesser", " mentor", " years"], "tokens_acts_list": [0, 0, 0, 0, 0.3339, 0, 0, 0, 0], "train_token_ind": 4, "is_repeated_datapoint": 0, "datapoint_ind": 81709520, "ablations": {"loss_ablation": [0, 0, 0, 0, 0, -0.04225, 0, 0, 0], "top_logit_ablation_tokens_str": [["<META>", "<META>", "<META>", "<META>", "<META>", "ational", "<META>", "<META>", "<META>"], ["<EOT>", "<EOT>", "<EOT>", "<EOT>", "<EOT>", "ting", "<EOT>", "<EOT>", "<EOT>"], ["<META_START>", "<META_START>", "<META_START>", "<META_START>", "<META_START>", "ays", "<META_START>", "<META_START>", "<META_START>"], ["<SOS>", "<SOS>", "<SOS>", "<SOS>", "<SOS>", "asses", "<SOS>", "<SOS>", "<SOS>"], ["<META_END>", "<META_END>", "<META_END>", "<META_END>", "<META_END>", "ging", "<META_END>", "<META_END>", "<META_END>"]], "bottom_logit_ablation_tokens_str": [["<META>", "<META>", "<META>", "<META>", "<META>", " (@", "<META>", "<META>", "<META>"], ["<EOT>", "<EOT>", "<EOT>", "<EOT>", "<EOT>", "isecond", "<EOT>", "<EOT>", "<EOT>"], ["<META_START>", "<META_START>", "<META_START>", "<META_START>", "<META_START>", " MORE", "<META_START>", "<META_START>", "<META_START>"], ["<SOS>", "<SOS>", "<SOS>", "<SOS>", "<SOS>", " pepper", "<SOS>", "<SOS>", "<SOS>"], ["<META_END>", "<META_END>", "<META_END>", "<META_END>", "<META_END>", "]--", "<META_END>", "<META_END>", "<META_END>"]], "top_logit_ablation_values": [[0, 0, 0, 0, 0, 0.4076, 0, 0, 0], [0, 0, 0, 0, 0, 0.4027, 0, 0, 0], [0, 0, 0, 0, 0, 0.4004, 0, 0, 0], [0, 0, 0, 0, 0, 0.3862, 0, 0, 0], [0, 0, 0, 0, 0, 0.383, 0, 0, 0]], "bottom_logit_ablation_values": [[0, 0, 0, 0, 0, -0.0668, 0, 0, 0], [0, 0, 0, 0, 0, -0.03684, 0, 0, 0], [0, 0, 0, 0, 0, -0.03655, 0, 0, 0], [0, 0, 0, 0, 0, -0.02839, 0, 0, 0], [0, 0, 0, 0, 0, -0.02777, 0, 0, 0]], "residual_loss_ablation": [2.489, -0.0006232, 0.5836, 0.142, -0.1674, 2.508, -0.07321, -0.05512, 0]}}, {"tokens_str_list": [" (-", "8", ")/(-", "12", ")*(-", "145", "66", ")/((-", "7"], "tokens_acts_list": [0, 0, 0, 0, 0.3106, 0, 0, 0, 0], "train_token_ind": 4, "is_repeated_datapoint": 0, "datapoint_ind": 5547788, "ablations": {"loss_ablation": [0, 0, 0, 0, 0, 0.04132, 0, 0, 0], "top_logit_ablation_tokens_str": [["<META>", "<META>", "<META>", "<META>", "<META>", "ting", "<META>", "<META>", "<META>"], ["<EOT>", "<EOT>", "<EOT>", "<EOT>", "<EOT>", "ational", "<EOT>", "<EOT>", "<EOT>"], ["<META_START>", "<META_START>", "<META_START>", "<META_START>", "<META_START>", "asses", "<META_START>", "<META_START>", "<META_START>"], ["<SOS>", "<SOS>", "<SOS>", "<SOS>", "<SOS>", "king", "<SOS>", "<SOS>", "<SOS>"], ["<META_END>", "<META_END>", "<META_END>", "<META_END>", "<META_END>", "ays", "<META_END>", "<META_END>", "<META_END>"]], "bottom_logit_ablation_tokens_str": [["<META>", "<META>", "<META>", "<META>", "<META>", " (@", "<META>", "<META>", "<META>"], ["<EOT>", "<EOT>", "<EOT>", "<EOT>", "<EOT>", " MORE", "<EOT>", "<EOT>", "<EOT>"], ["<META_START>", "<META_START>", "<META_START>", "<META_START>", "<META_START>", "?\u2019", "<META_START>", "<META_START>", "<META_START>"], ["<SOS>", "<SOS>", "<SOS>", "<SOS>", "<SOS>", " pepper", "<SOS>", "<SOS>", "<SOS>"], ["<META_END>", "<META_END>", "<META_END>", "<META_END>", "<META_END>", " browned", "<META_END>", "<META_END>", "<META_END>"]], "top_logit_ablation_values": [[0, 0, 0, 0, 0, 0.2943, 0, 0, 0], [0, 0, 0, 0, 0, 0.2802, 0, 0, 0], [0, 0, 0, 0, 0, 0.2784, 0, 0, 0], [0, 0, 0, 0, 0, 0.2784, 0, 0, 0], [0, 0, 0, 0, 0, 0.2782, 0, 0, 0]], "bottom_logit_ablation_values": [[0, 0, 0, 0, 0, -0.01842, 0, 0, 0], [0, 0, 0, 0, 0, -0.009271, 0, 0, 0], [0, 0, 0, 0, 0, -0.001766, 0, 0, 0], [0, 0, 0, 0, 0, -0.001564, 0, 0, 0], [0, 0, 0, 0, 0, -0.0001278, 0, 0, 0]], "residual_loss_ablation": [4.172, -0.1182, 3.626, -0.09521, 0.08316, -0.2478, 2.347, -1.624, 0]}}, {"tokens_str_list": [" the", " life", " they", " imagined", " is", " shattered", ".", " Cele", "ste"], "tokens_acts_list": [0, 0, 0, 0, 0.1974, 0, 0, 0, 0], "train_token_ind": 4, "is_repeated_datapoint": 0, "datapoint_ind": 75437222, "ablations": {"loss_ablation": [0, 0, 0, 0, 0, 0.07859, 0, 0, 0], "top_logit_ablation_tokens_str": [["<META>", "<META>", "<META>", "<META>", "<META>", "ting", "<META>", "<META>", "<META>"], ["<EOT>", "<EOT>", "<EOT>", "<EOT>", "<EOT>", "ational", "<EOT>", "<EOT>", "<EOT>"], ["<META_START>", "<META_START>", "<META_START>", "<META_START>", "<META_START>", "ays", "<META_START>", "<META_START>", "<META_START>"], ["<SOS>", "<SOS>", "<SOS>", "<SOS>", "<SOS>", "king", "<SOS>", "<SOS>", "<SOS>"], ["<META_END>", "<META_END>", "<META_END>", "<META_END>", "<META_END>", "asses", "<META_END>", "<META_END>", "<META_END>"]], "bottom_logit_ablation_tokens_str": [["<META>", "<META>", "<META>", "<META>", "<META>", " (@", "<META>", "<META>", "<META>"], ["<EOT>", "<EOT>", "<EOT>", "<EOT>", "<EOT>", " MORE", "<EOT>", "<EOT>", "<EOT>"], ["<META_START>", "<META_START>", "<META_START>", "<META_START>", "<META_START>", "]--", "<META_START>", "<META_START>", "<META_START>"], ["<SOS>", "<SOS>", "<SOS>", "<SOS>", "<SOS>", " hull", "<SOS>", "<SOS>", "<SOS>"], ["<META_END>", "<META_END>", "<META_END>", "<META_END>", "<META_END>", " browned", "<META_END>", "<META_END>", "<META_END>"]], "top_logit_ablation_values": [[0, 0, 0, 0, 0, 0.2638, 0, 0, 0], [0, 0, 0, 0, 0, 0.2602, 0, 0, 0], [0, 0, 0, 0, 0, 0.2597, 0, 0, 0], [0, 0, 0, 0, 0, 0.2511, 0, 0, 0], [0, 0, 0, 0, 0, 0.251, 0, 0, 0]], "bottom_logit_ablation_values": [[0, 0, 0, 0, 0, -0.01453, 0, 0, 0], [0, 0, 0, 0, 0, 0.006928, 0, 0, 0], [0, 0, 0, 0, 0, 0.007177, 0, 0, 0], [0, 0, 0, 0, 0, 0.007922, 0, 0, 0], [0, 0, 0, 0, 0, 0.008565, 0, 0, 0]], "residual_loss_ablation": [-0.3402, 1.827, 0.3876, 0.7611, 1.775, 0.4804, 0.6635, 1.046, 0]}}, {"tokens_str_list": [" federal", " income", " tax", " as", " contributions", " to", " capital", " within", " the"], "tokens_acts_list": [0, 0, 0, 0, 0.1639, 0, 0, 0, 0], "train_token_ind": 4, "is_repeated_datapoint": 0, "datapoint_ind": 95322708, "ablations": {"loss_ablation": [0, 0, 0, 0, 0, -0.01194, 0, 0, 0], "top_logit_ablation_tokens_str": [["<META>", "<META>", "<META>", "<META>", "<META>", "ting", "<META>", "<META>", "<META>"], ["<EOT>", "<EOT>", "<EOT>", "<EOT>", "<EOT>", "ational", "<EOT>", "<EOT>", "<EOT>"], ["<META_START>", "<META_START>", "<META_START>", "<META_START>", "<META_START>", "to", "<META_START>", "<META_START>", "<META_START>"], ["<SOS>", "<SOS>", "<SOS>", "<SOS>", "<SOS>", "ays", "<SOS>", "<SOS>", "<SOS>"], ["<META_END>", "<META_END>", "<META_END>", "<META_END>", "<META_END>", "teenth", "<META_END>", "<META_END>", "<META_END>"]],