{"index": 2128, "act_buckets": [0, 0, 0, 0, 0, 0, 0, 0, 0, 0, 0, 1, 0, 0, 0, 0, 0, 0, 0, 0, 0, 0, 0, 0, 0, 0, 1, 0, 0, 0, 0, 0, 0, 0, 0, 0, 0, 0, 0, 1], "act_bucket_edges": [0, 0.009424, 0.01885, 0.02827, 0.03769, 0.04712, 0.05654, 0.06597, 0.07539, 0.08481, 0.09424, 0.1037, 0.1131, 0.1225, 0.1319, 0.1414, 0.1508, 0.1602, 0.1696, 0.179, 0.1885, 0.1979, 0.2073, 0.2167, 0.2262, 0.2356, 0.245, 0.2544, 0.2639, 0.2733, 0.2827, 0.2921, 0.3016, 0.311, 0.3204, 0.3298, 0.3393, 0.3487, 0.3581, 0.3675, 0.3769], "logit_buckets": [1, 1, 1, 2, 1, 5, 5, 14, 30, 35, 83, 114, 227, 2475, 1304, 1611, 2248, 3225, 4517, 5825, 6835, 6986, 6566, 5614, 4689, 3672, 2916, 2235, 1622, 1078, 732, 387, 210, 129, 69, 33, 22, 7, 6, 4], "logit_bucket_edges": [-0.4511, -0.4302, -0.4093, -0.3885, -0.3676, -0.3467, -0.3258, -0.3049, -0.284, -0.2632, -0.2423, -0.2214, -0.2005, -0.1796, -0.1587, -0.1378, -0.117, -0.09607, -0.07519, -0.0543, -0.03342, -0.01253, 0.008351, 0.02924, 0.05012, 0.07101, 0.09189, 0.1128, 0.1337, 0.1545, 0.1754, 0.1963, 0.2172, 0.2381, 0.259, 0.2799, 0.3007, 0.3216, 0.3425, 0.3634, 0.3843], "examples_quantiles": [{"quantile_name": "Top Activations", "quantile_max_act": 0.3769, "examples": [{"tokens_str_list": [" old", " topic", " (", "not", " entirely", " sure", " why", " thats", " a"], "tokens_acts_list": [0, 0, 0, 0, 0.3769, 0, 0, 0, 0], "train_token_ind": 4, "is_repeated_datapoint": 0, "datapoint_ind": 72925984, "ablations": {"loss_ablation": [0, 0, 0, 0, 0, 0.03117, 0, 0, 0], "top_logit_ablation_tokens_str": [["<META>", "<META>", "<META>", "<META>", "<META>", "oned", "<META>", "<META>", "<META>"], ["<EOT>", "<EOT>", "<EOT>", "<EOT>", "<EOT>", "ful", "<EOT>", "<EOT>", "<EOT>"], ["<META_START>", "<META_START>", "<META_START>", "<META_START>", "<META_START>", "oning", "<META_START>", "<META_START>", "<META_START>"], ["<SOS>", "<SOS>", "<SOS>", "<SOS>", "<SOS>", "La", "<SOS>", "<SOS>", "<SOS>"], ["<META_END>", "<META_END>", "<META_END>", "<META_END>", "<META_END>", "ed", "<META_END>", "<META_END>", "<META_END>"]], "bottom_logit_ablation_tokens_str": [["<META>", "<META>", "<META>", "<META>", "<META>", "antry", "<META>", "<META>", "<META>"], ["<EOT>", "<EOT>", "<EOT>", "<EOT>", "<EOT>", "\n\n ", "<EOT>", "<EOT>", "<EOT>"], ["<META_START>", "<META_START>", "<META_START>", "<META_START>", "<META_START>", "?\u201d", "<META_START>", "<META_START>", "<META_START>"], ["<SOS>", "<SOS>", "<SOS>", "<SOS>", "<SOS>", "\u201d.", "<SOS>", "<SOS>", "<SOS>"], ["<META_END>", "<META_END>", "<META_END>", "<META_END>", "<META_END>", "\n\f", "<META_END>", "<META_END>", "<META_END>"]], "top_logit_ablation_values": [[0, 0, 0, 0, 0, 0.2203, 0, 0, 0], [0, 0, 0, 0, 0, 0.2001, 0, 0, 0], [0, 0, 0, 0, 0, 0.1716, 0, 0, 0], [0, 0, 0, 0, 0, 0.1709, 0, 0, 0], [0, 0, 0, 0, 0, 0.1701, 0, 0, 0]], "bottom_logit_ablation_values": [[0, 0, 0, 0, 0, -0.3491, 0, 0, 0], [0, 0, 0, 0, 0, -0.3316, 0, 0, 0], [0, 0, 0, 0, 0, -0.3252, 0, 0, 0], [0, 0, 0, 0, 0, -0.3238, 0, 0, 0], [0, 0, 0, 0, 0, -0.3219, 0, 0, 0]], "residual_loss_ablation": [1.649, -0.9952, -0.2815, -0.6566, -1.431, 7.321, -0.4655, 0.3301, 0]}}, {"tokens_str_list": ["option", "Char", " =", " getopt", "(", "arg", "c", ",", " argv"], "tokens_acts_list": [0, 0, 0, 0, 0.2492, 0, 0, 0, 0], "train_token_ind": 4, "is_repeated_datapoint": 0, "datapoint_ind": 13010868, "ablations": {"loss_ablation": [0, 0, 0, 0, 0, 0.008959, 0, 0, 0], "top_logit_ablation_tokens_str": [["<META>", "<META>", "<META>", "<META>", "<META>", "oned", "<META>", "<META>", "<META>"], ["<EOT>", "<EOT>", "<EOT>", "<EOT>", "<EOT>", "ful", "<EOT>", "<EOT>", "<EOT>"], ["<META_START>", "<META_START>", "<META_START>", "<META_START>", "<META_START>", "La", "<META_START>", "<META_START>", "<META_START>"], ["<SOS>", "<SOS>", "<SOS>", "<SOS>", "<SOS>", "ed", "<SOS>", "<SOS>", "<SOS>"], ["<META_END>", "<META_END>", "<META_END>", "<META_END>", "<META_END>", "oning", "<META_END>", "<META_END>", "<META_END>"]], "bottom_logit_ablation_tokens_str": [["<META>", "<META>", "<META>", "<META>", "<META>", "antry", "<META>", "<META>", "<META>"], ["<EOT>", "<EOT>", "<EOT>", "<EOT>", "<EOT>", "\n\n ", "<EOT>", "<EOT>", "<EOT>"], ["<META_START>", "<META_START>", "<META_START>", "<META_START>", "<META_START>", "idental", "<META_START>", "<META_START>", "<META_START>"], ["<SOS>", "<SOS>", "<SOS>", "<SOS>", "<SOS>", "?\u201d", "<SOS>", "<SOS>", "<SOS>"], ["<META_END>", "<META_END>", "<META_END>", "<META_END>", "<META_END>", "\n\f", "<META_END>", "<META_END>", "<META_END>"]], "top_logit_ablation_values": [[0, 0, 0, 0, 0, 0.124, 0, 0, 0], [0, 0, 0, 0, 0, 0.1089, 0, 0, 0], [0, 0, 0, 0, 0, 0.09618, 0, 0, 0], [0, 0, 0, 0, 0, 0.09344, 0, 0, 0], [0, 0, 0, 0, 0, 0.0919, 0, 0, 0]], "bottom_logit_ablation_values": [[0, 0, 0, 0, 0, -0.2548, 0, 0, 0], [0, 0, 0, 0, 0, -0.2438, 0, 0, 0], [0, 0, 0, 0, 0, -0.2402, 0, 0, 0], [0, 0, 0, 0, 0, -0.2401, 0, 0, 0], [0, 0, 0, 0, 0, -0.238, 0, 0, 0]], "residual_loss_ablation": [2.825, 1.53, 1.857, 3.143, 2.196, 5.772, 3.139, 0.2585, 0]}}, {"tokens_str_list": [" tx", "_", "gt", "_", "def", ",", " genesis", "Activation", "Height"], "tokens_acts_list": [0, 0, 0, 0, 0.1078, 0, 0, 0, 0], "train_token_ind": 4, "is_repeated_datapoint": 0, "datapoint_ind": 64431586, "ablations": {"loss_ablation": [0, 0, 0, 0, 0, -0.01065, 0, 0, 0], "top_logit_ablation_tokens_str": [["<META>", "<META>", "<META>", "<META>", "<META>", "oned", "<META>", "<META>", "<META>"], ["<EOT>", "<EOT>", "<EOT>", "<EOT>", "<EOT>", "ful", "<EOT>", "<EOT>", "<EOT>"], ["<META_START>", "<META_START>", "<META_START>", "<META_START>", "<META_START>", "La", "<META_START>", "<META_START>", "<META_START>"], ["<SOS>", "<SOS>", "<SOS>", "<SOS>", "<SOS>", "ed", "<SOS>", "<SOS>", "<SOS>"], ["<META_END>", "<META_END>", "<META_END>", "<META_END>", "<META_END>", "oning", "<META_END>", "<META_END>", "<META_END>"]], "bottom_logit_ablation_tokens_str": [["<META>", "<META>", "<META>", "<META>", "<META>", "antry", "<META>", "<META>", "<META>"], ["<EOT>", "<EOT>", "<EOT>", "<EOT>", "<EOT>", "\n\n ", "<EOT>", "<EOT>", "<EOT>"], ["<META_START>", "<META_START>", "<META_START>", "<META_START>", "<META_START>", "?\u201d", "<META_START>", "<META_START>", "<META_START>"], ["<SOS>", "<SOS>", "<SOS>", "<SOS>", "<SOS>", "\u201d.", "<SOS>", "<SOS>", "<SOS>"], ["<META_END>", "<META_END>", "<META_END>", "<META_END>", "<META_END>", "idental", "<META_END>", "<META_END>", "<META_END>"]], "top_logit_ablation_values": [[0, 0, 0, 0, 0, 0.06916, 0, 0, 0], [0, 0, 0, 0, 0, 0.06201, 0, 0, 0], [0, 0, 0, 0, 0, 0.05467, 0, 0, 0], [0, 0, 0, 0, 0, 0.05439, 0, 0, 0], [0, 0, 0, 0, 0, 0.05256, 0, 0, 0]], "bottom_logit_ablation_values": [[0, 0, 0, 0, 0, -0.1372, 0, 0, 0], [0, 0, 0, 0, 0, -0.134, 0, 0, 0], [0, 0, 0, 0, 0, -0.1335, 0, 0, 0], [0, 0, 0, 0, 0, -0.1334, 0, 0, 0], [0, 0, 0, 0, 0, -0.1306, 0, 0, 0]], "residual_loss_ablation": [5.54, -0.169, 1.115, -1.385, -0.8227, 0.2416, 2.063, 3.319, 0]}}]}], "statistics": {"density_frac": 3e-08, "global_max_act": 0.3769, "abs_max_neuron_weights": [0.1985, 0.1555, 0.148], "abs_max_neuron_inds": [22, 139, 455], "l1_max_neuron_weights": [0.01143, 0.008956, 0.008522]}, "logit_effects": {"negatives": [["quate", -0.3339], ["ization", -0.3359], ["ished", -0.3421], ["ments", -0.3431], ["levard", -0.3556], ["ed", -0.3792], ["oning", -0.3803], ["La", -0.3924], ["ful", -0.4132], ["oned", -0.4511]], "positives": [["antry", 0.3843], ["\n\n ", 0.3726], ["?\u201d", 0.3675], ["\n\f", 0.3644], ["\u201d.", 0.3624], ["idental", 0.3618], ["umberland", 0.3548], [" inbox", 0.351], ["\".'", 0.3474], ["elerate", 0.3435]]}}