{"index": 2138, "act_buckets": [0, 0, 0, 0, 0, 0, 0, 0, 0, 0, 0, 0, 0, 0, 0, 0, 0, 0, 0, 0, 0, 0, 0, 0, 0, 0, 0, 0, 0, 0, 0, 0, 0, 0, 0, 0, 0, 0, 0, 1], "act_bucket_edges": [0, 0.002186, 0.004372, 0.006557, 0.008743, 0.01093, 0.01311, 0.0153, 0.01749, 0.01967, 0.02186, 0.02404, 0.02623, 0.02842, 0.0306, 0.03279, 0.03497, 0.03716, 0.03934, 0.04153, 0.04372, 0.0459, 0.04809, 0.05027, 0.05246, 0.05465, 0.05683, 0.05902, 0.0612, 0.06339, 0.06558, 0.06776, 0.06995, 0.07213, 0.07432, 0.0765, 0.07869, 0.08088, 0.08306, 0.08525, 0.08743], "logit_buckets": [1, 1, 2, 4, 4, 7, 5, 8, 18, 21, 28, 34, 68, 84, 119, 155, 235, 407, 591, 980, 1492, 2227, 4958, 5723, 7228, 8599, 9658, 8404, 6098, 3770, 2264, 1167, 597, 304, 159, 66, 22, 19, 8, 1], "logit_bucket_edges": [-0.8063, -0.7753, -0.7443, -0.7132, -0.6822, -0.6511, -0.6201, -0.589, -0.558, -0.5269, -0.4959, -0.4649, -0.4338, -0.4028, -0.3717, -0.3407, -0.3096, -0.2786, -0.2476, -0.2165, -0.1855, -0.1544, -0.1234, -0.09234, -0.06129, -0.03025, 0.0007945, 0.03184, 0.06288, 0.09393, 0.125, 0.156, 0.1871, 0.2181, 0.2491, 0.2802, 0.3112, 0.3423, 0.3733, 0.4044, 0.4354], "examples_quantiles": [{"quantile_name": "Top Activations", "quantile_max_act": 0.08743, "examples": [{"tokens_str_list": ["_", "exp", "2", "next", "reg", "(", "fs", ",", " &"], "tokens_acts_list": [0, 0, 0, 0, 0.08743, 0, 0, 0, 0], "train_token_ind": 4, "is_repeated_datapoint": 0, "datapoint_ind": 35990649, "ablations": {"loss_ablation": [0, 0, 0, 0, 0, -0.001154, 0, 0, 0], "top_logit_ablation_tokens_str": [["<META>", "<META>", "<META>", "<META>", "<META>", " with", "<META>", "<META>", "<META>"], ["<EOT>", "<EOT>", "<EOT>", "<EOT>", "<EOT>", " the", "<EOT>", "<EOT>", "<EOT>"], ["<META_START>", "<META_START>", "<META_START>", "<META_START>", "<META_START>", " about", "<META_START>", "<META_START>", "<META_START>"], ["<SOS>", "<SOS>", "<SOS>", "<SOS>", "<SOS>", " to", "<SOS>", "<SOS>", "<SOS>"], ["<META_END>", "<META_END>", "<META_END>", "<META_END>", "<META_END>", " is", "<META_END>", "<META_END>", "<META_END>"]], "bottom_logit_ablation_tokens_str": [["<META>", "<META>", "<META>", "<META>", "<META>", " bankrupt", "<META>", "<META>", "<META>"], ["<EOT>", "<EOT>", "<EOT>", "<EOT>", "<EOT>", "\\}$.", "<EOT>", "<EOT>", "<EOT>"], ["<META_START>", "<META_START>", "<META_START>", "<META_START>", "<META_START>", "hest", "<META_START>", "<META_START>", "<META_START>"], ["<SOS>", "<SOS>", "<SOS>", "<SOS>", "<SOS>", "ncia", "<SOS>", "<SOS>", "<SOS>"], ["<META_END>", "<META_END>", "<META_END>", "<META_END>", "<META_END>", " Securities", "<META_END>", "<META_END>", "<META_END>"]], "top_logit_ablation_values": [[0, 0, 0, 0, 0, 0.1272, 0, 0, 0], [0, 0, 0, 0, 0, 0.1221, 0, 0, 0], [0, 0, 0, 0, 0, 0.1206, 0, 0, 0], [0, 0, 0, 0, 0, 0.1178, 0, 0, 0], [0, 0, 0, 0, 0, 0.1141, 0, 0, 0]], "bottom_logit_ablation_values": [[0, 0, 0, 0, 0, -0.03688, 0, 0, 0], [0, 0, 0, 0, 0, -0.0335, 0, 0, 0], [0, 0, 0, 0, 0, -0.03255, 0, 0, 0], [0, 0, 0, 0, 0, -0.0318, 0, 0, 0], [0, 0, 0, 0, 0, -0.03171, 0, 0, 0]], "residual_loss_ablation": [-1.238, -0.1897, 3.413, 3.524, 4.106, 0.4021, 0.9539, 1.317, 0]}}]}], "statistics": {"density_frac": 1e-08, "global_max_act": 0.08743, "abs_max_neuron_weights": [0.2119, -0.2076, 0.1478], "abs_max_neuron_inds": [161, 388, 383], "l1_max_neuron_weights": [0.01178, 0.01154, 0.008216]}, "logit_effects": {"negatives": [[" for", -0.6657], [" of", -0.6737], [" has", -0.6863], [" that", -0.6876], [" which", -0.6929], [" is", -0.705], [" about", -0.7368], [" to", -0.74], [" the", -0.7694], [" with", -0.8063]], "positives": [[" bankrupt", 0.4354], ["\\}$.", 0.3988], ["ncia", 0.3955], ["Kline", 0.3876], ["ptide", 0.3848], ["hest", 0.3844], [" Securities", 0.3812], ["fts", 0.3795], [" lease", 0.3781], ["\\}$,", 0.3732]]}}