{"index": 2151, "act_buckets": [0, 0, 0, 0, 0, 0, 0, 0, 0, 0, 0, 0, 0, 0, 0, 0, 0, 0, 0, 0, 0, 0, 0, 0, 0, 0, 0, 0, 0, 0, 0, 0, 0, 0, 1, 0, 0, 0, 0, 1], "act_bucket_edges": [0, 0.00175, 0.003501, 0.005251, 0.007001, 0.008752, 0.0105, 0.01225, 0.014, 0.01575, 0.0175, 0.01925, 0.021, 0.02275, 0.0245, 0.02625, 0.028, 0.02976, 0.03151, 0.03326, 0.03501, 0.03676, 0.03851, 0.04026, 0.04201, 0.04376, 0.04551, 0.04726, 0.04901, 0.05076, 0.05251, 0.05426, 0.05601, 0.05776, 0.05951, 0.06126, 0.06301, 0.06476, 0.06651, 0.06826, 0.07001], "logit_buckets": [1, 0, 2, 6, 8, 13, 26, 46, 92, 144, 290, 495, 890, 1518, 2450, 3415, 4492, 5374, 6196, 6610, 7099, 9743, 6826, 3700, 1956, 1291, 886, 608, 430, 343, 212, 148, 96, 58, 34, 24, 6, 5, 1, 2], "logit_bucket_edges": [-0.4067, -0.3865, -0.3663, -0.346, -0.3258, -0.3055, -0.2853, -0.2651, -0.2448, -0.2246, -0.2044, -0.1841, -0.1639, -0.1437, -0.1234, -0.1032, -0.08294, -0.0627, -0.04247, -0.02223, -0.001994, 0.01824, 0.03848, 0.05872, 0.07895, 0.09919, 0.1194, 0.1397, 0.1599, 0.1801, 0.2004, 0.2206, 0.2408, 0.2611, 0.2813, 0.3016, 0.3218, 0.342, 0.3623, 0.3825, 0.4027], "examples_quantiles": [{"quantile_name": "Top Activations", "quantile_max_act": 0.07001, "examples": [{"tokens_str_list": [" of", " resulting", " lip", "osomal", " l", "ysis", " was", " measured", " by"], "tokens_acts_list": [0, 0, 0, 0, 0.07001, 0, 0, 0, 0], "train_token_ind": 4, "is_repeated_datapoint": 0, "datapoint_ind": 13795340, "ablations": {"loss_ablation": [0, 0, 0, 0, 0, -0.004619, 0, 0, 0], "top_logit_ablation_tokens_str": [["<META>", "<META>", "<META>", "<META>", "<META>", " about", "<META>", "<META>", "<META>"], ["<EOT>", "<EOT>", "<EOT>", "<EOT>", "<EOT>", " Makeup", "<EOT>", "<EOT>", "<EOT>"], ["<META_START>", "<META_START>", "<META_START>", "<META_START>", "<META_START>", " License", "<META_START>", "<META_START>", "<META_START>"], ["<SOS>", "<SOS>", "<SOS>", "<SOS>", "<SOS>", " Files", "<SOS>", "<SOS>", "<SOS>"], ["<META_END>", "<META_END>", "<META_END>", "<META_END>", "<META_END>", " @", "<META_END>", "<META_END>", "<META_END>"]], "bottom_logit_ablation_tokens_str": [["<META>", "<META>", "<META>", "<META>", "<META>", "ressed", "<META>", "<META>", "<META>"], ["<EOT>", "<EOT>", "<EOT>", "<EOT>", "<EOT>", "lying", "<EOT>", "<EOT>", "<EOT>"], ["<META_START>", "<META_START>", "<META_START>", "<META_START>", "<META_START>", "ensity", "<META_START>", "<META_START>", "<META_START>"], ["<SOS>", "<SOS>", "<SOS>", "<SOS>", "<SOS>", "rogen", "<SOS>", "<SOS>", "<SOS>"], ["<META_END>", "<META_END>", "<META_END>", "<META_END>", "<META_END>", "rels", "<META_END>", "<META_END>", "<META_END>"]], "top_logit_ablation_values": [[0, 0, 0, 0, 0, 0.04577, 0, 0, 0], [0, 0, 0, 0, 0, 0.04229, 0, 0, 0], [0, 0, 0, 0, 0, 0.04128, 0, 0, 0], [0, 0, 0, 0, 0, 0.04067, 0, 0, 0], [0, 0, 0, 0, 0, 0.03964, 0, 0, 0]], "bottom_logit_ablation_values": [[0, 0, 0, 0, 0, -0.0417, 0, 0, 0], [0, 0, 0, 0, 0, -0.04006, 0, 0, 0], [0, 0, 0, 0, 0, -0.03988, 0, 0, 0], [0, 0, 0, 0, 0, -0.03612, 0, 0, 0], [0, 0, 0, 0, 0, -0.03591, 0, 0, 0]], "residual_loss_ablation": [-0.32, -0.2074, 8.705, -3.349, 0.3893, 2.338, 2.637, 1.044, 0]}}, {"tokens_str_list": ["ifications", " than", " in", " detecting", " l", "umps", " or", " other", " findings"], "tokens_acts_list": [0, 0, 0, 0, 0.05981, 0, 0, 0, 0], "train_token_ind": 4, "is_repeated_datapoint": 0, "datapoint_ind": 44217177, "ablations": {"loss_ablation": [0, 0, 0, 0, 0, 0.009517, 0, 0, 0], "top_logit_ablation_tokens_str": [["<META>", "<META>", "<META>", "<META>", "<META>", " about", "<META>", "<META>", "<META>"], ["<EOT>", "<EOT>", "<EOT>", "<EOT>", "<EOT>", " if", "<EOT>", "<EOT>", "<EOT>"], ["<META_START>", "<META_START>", "<META_START>", "<META_START>", "<META_START>", "ous", "<META_START>", "<META_START>", "<META_START>"], ["<SOS>", "<SOS>", "<SOS>", "<SOS>", "<SOS>", " all", "<SOS>", "<SOS>", "<SOS>"], ["<META_END>", "<META_END>", "<META_END>", "<META_END>", "<META_END>", " retrospect", "<META_END>", "<META_END>", "<META_END>"]], "bottom_logit_ablation_tokens_str": [["<META>", "<META>", "<META>", "<META>", "<META>", "astatin", "<META>", "<META>", "<META>"], ["<EOT>", "<EOT>", "<EOT>", "<EOT>", "<EOT>", "rogen", "<EOT>", "<EOT>", "<EOT>"], ["<META_START>", "<META_START>", "<META_START>", "<META_START>", "<META_START>", "AMP", "<META_START>", "<META_START>", "<META_START>"], ["<SOS>", "<SOS>", "<SOS>", "<SOS>", "<SOS>", "rol", "<SOS>", "<SOS>", "<SOS>"], ["<META_END>", "<META_END>", "<META_END>", "<META_END>", "<META_END>", "rea", "<META_END>", "<META_END>", "<META_END>"]], "top_logit_ablation_values": [[0, 0, 0, 0, 0, 0.05204, 0, 0, 0], [0, 0, 0, 0, 0, 0.04033, 0, 0, 0], [0, 0, 0, 0, 0, 0.0393, 0, 0, 0], [0, 0, 0, 0, 0, 0.03886, 0, 0, 0], [0, 0, 0, 0, 0, 0.03857, 0, 0, 0]], "bottom_logit_ablation_values": [[0, 0, 0, 0, 0, -0.04427, 0, 0, 0], [0, 0, 0, 0, 0, -0.04375, 0, 0, 0], [0, 0, 0, 0, 0, -0.03925, 0, 0, 0], [0, 0, 0, 0, 0, -0.03835, 0, 0, 0], [0, 0, 0, 0, 0, -0.03723, 0, 0, 0]], "residual_loss_ablation": [7.61, 2.925, 2.23, 4.209, 0.7589, 2.932, 1.164, -1.607, 0]}}]}], "statistics": {"density_frac": 2e-08, "global_max_act": 0.07001, "abs_max_neuron_weights": [0.1903, 0.1887, 0.1811], "abs_max_neuron_inds": [414, 473, 279], "l1_max_neuron_weights": [0.01343, 0.01332, 0.01278]}, "logit_effects": {"negatives": [["],\"", -0.3231], [" @", -0.3265], ["],", -0.3267], ["<EOT>", -0.3331], ["]\"", -0.3336], ["place", -0.3394], [" \u00a9", -0.3445], ["\t", -0.3543], ["telling", -0.359], [" about", -0.4067]], "positives": [["ucos", 0.4027], ["iliary", 0.3862], ["icro", 0.3803], ["ecal", 0.3574], ["rol", 0.3564], ["achy", 0.3535], ["ascular", 0.3473], ["sorption", 0.344], ["acterial", 0.3295], ["rom", 0.3244]]}}