{"index": 217, "act_buckets": [0, 0, 0, 1, 0, 0, 0, 0, 0, 0, 0, 0, 0, 0, 0, 0, 0, 0, 0, 0, 0, 0, 0, 0, 0, 0, 0, 0, 0, 0, 0, 0, 1, 0, 0, 0, 0, 0, 0, 1], "act_bucket_edges": [0, 0.01337, 0.02674, 0.04011, 0.05349, 0.06686, 0.08023, 0.0936, 0.107, 0.1203, 0.1337, 0.1471, 0.1605, 0.1738, 0.1872, 0.2006, 0.2139, 0.2273, 0.2407, 0.2541, 0.2674, 0.2808, 0.2942, 0.3075, 0.3209, 0.3343, 0.3477, 0.361, 0.3744, 0.3878, 0.4011, 0.4145, 0.4279, 0.4413, 0.4546, 0.468, 0.4814, 0.4948, 0.5081, 0.5215, 0.5349], "logit_buckets": [3, 5, 10, 23, 39, 69, 110, 211, 437, 716, 1354, 2231, 3008, 4065, 5355, 6182, 7103, 10660, 7582, 5497, 3630, 2493, 1757, 1157, 719, 465, 273, 170, 89, 59, 22, 19, 12, 4, 1, 1, 1, 2, 0, 1], "logit_bucket_edges": [-0.3749, -0.3531, -0.3313, -0.3094, -0.2876, -0.2658, -0.244, -0.2222, -0.2003, -0.1785, -0.1567, -0.1349, -0.113, -0.09122, -0.0694, -0.04758, -0.02576, -0.003937, 0.01788, 0.03971, 0.06153, 0.08335, 0.1052, 0.127, 0.1488, 0.1706, 0.1925, 0.2143, 0.2361, 0.2579, 0.2797, 0.3016, 0.3234, 0.3452, 0.367, 0.3889, 0.4107, 0.4325, 0.4543, 0.4761, 0.498], "examples_quantiles": [{"quantile_name": "Top Activations", "quantile_max_act": 0.5349, "examples": [{"tokens_str_list": ["\\x9d", "\\xe1\\x83", "\\x93", " \\xe1\\x83", "\\xac", "\u10d8\\xe1\\x83", "\\x9c", "\u10d0\\xe1\\x83", "\\xa1"], "tokens_acts_list": [0, 0, 0, 0, 0.5349, 0, 0, 0, 0], "train_token_ind": 4, "is_repeated_datapoint": 0, "datapoint_ind": 54671983, "ablations": {"loss_ablation": [0, 0, 0, 0, 0, 0.0153, 0, 0, 0], "top_logit_ablation_tokens_str": [["<META>", "<META>", "<META>", "<META>", "<META>", "AST", "<META>", "<META>", "<META>"], ["<EOT>", "<EOT>", "<EOT>", "<EOT>", "<EOT>", "ostic", "<EOT>", "<EOT>", "<EOT>"], ["<META_START>", "<META_START>", "<META_START>", "<META_START>", "<META_START>", "ISH", "<META_START>", "<META_START>", "<META_START>"], ["<SOS>", "<SOS>", "<SOS>", "<SOS>", "<SOS>", "izations", "<SOS>", "<SOS>", "<SOS>"], ["<META_END>", "<META_END>", "<META_END>", "<META_END>", "<META_END>", " Commons", "<META_END>", "<META_END>", "<META_END>"]], "bottom_logit_ablation_tokens_str": [["<META>", "<META>", "<META>", "<META>", "<META>", "mite", "<META>", "<META>", "<META>"], ["<EOT>", "<EOT>", "<EOT>", "<EOT>", "<EOT>", "iation", "<EOT>", "<EOT>", "<EOT>"], ["<META_START>", "<META_START>", "<META_START>", "<META_START>", "<META_START>", "iated", "<META_START>", "<META_START>", "<META_START>"], ["<SOS>", "<SOS>", "<SOS>", "<SOS>", "<SOS>", "iate", "<SOS>", "<SOS>", "<SOS>"], ["<META_END>", "<META_END>", "<META_END>", "<META_END>", "<META_END>", "iating", "<META_END>", "<META_END>", "<META_END>"]], "top_logit_ablation_values": [[0, 0, 0, 0, 0, -0.0152, 0, 0, 0], [0, 0, 0, 0, 0, -0.01968, 0, 0, 0], [0, 0, 0, 0, 0, -0.02449, 0, 0, 0], [0, 0, 0, 0, 0, -0.02836, 0, 0, 0], [0, 0, 0, 0, 0, -0.04155, 0, 0, 0]], "bottom_logit_ablation_values": [[0, 0, 0, 0, 0, -0.7097, 0, 0, 0], [0, 0, 0, 0, 0, -0.6632, 0, 0, 0], [0, 0, 0, 0, 0, -0.6617, 0, 0, 0], [0, 0, 0, 0, 0, -0.6427, 0, 0, 0], [0, 0, 0, 0, 0, -0.6305, 0, 0, 0]], "residual_loss_ablation": [1.262, -0.07189, 1.003, -0.7419, 1.176, 0.2246, 0.1431, 0.2026, 0]}}, {"tokens_str_list": [" [@", "fast", "jet", "]).", " A", " transverse", " momentum", " selection", " cut"], "tokens_acts_list": [0, 0, 0, 0, 0.4362, 0, 0, 0, 0], "train_token_ind": 4, "is_repeated_datapoint": 0, "datapoint_ind": 93862958, "ablations": {"loss_ablation": [0, 0, 0, 0, 0, 0.1133, 0, 0, 0], "top_logit_ablation_tokens_str": [["<META>", "<META>", "<META>", "<META>", "<META>", "AST", "<META>", "<META>", "<META>"], ["<EOT>", "<EOT>", "<EOT>", "<EOT>", "<EOT>", "ISH", "<EOT>", "<EOT>", "<EOT>"], ["<META_START>", "<META_START>", "<META_START>", "<META_START>", "<META_START>", "izations", "<META_START>", "<META_START>", "<META_START>"], ["<SOS>", "<SOS>", "<SOS>", "<SOS>", "<SOS>", "ostic", "<SOS>", "<SOS>", "<SOS>"], ["<META_END>", "<META_END>", "<META_END>", "<META_END>", "<META_END>", "ernate", "<META_END>", "<META_END>", "<META_END>"]], "bottom_logit_ablation_tokens_str": [["<META>", "<META>", "<META>", "<META>", "<META>", "mite", "<META>", "<META>", "<META>"], ["<EOT>", "<EOT>", "<EOT>", "<EOT>", "<EOT>", "iation", "<EOT>", "<EOT>", "<EOT>"], ["<META_START>", "<META_START>", "<META_START>", "<META_START>", "<META_START>", "iated", "<META_START>", "<META_START>", "<META_START>"], ["<SOS>", "<SOS>", "<SOS>", "<SOS>", "<SOS>", "iate", "<SOS>", "<SOS>", "<SOS>"], ["<META_END>", "<META_END>", "<META_END>", "<META_END>", "<META_END>", "iating", "<META_END>", "<META_END>", "<META_END>"]], "top_logit_ablation_values": [[0, 0, 0, 0, 0, -0.02905, 0, 0, 0], [0, 0, 0, 0, 0, -0.04004, 0, 0, 0], [0, 0, 0, 0, 0, -0.0459, 0, 0, 0], [0, 0, 0, 0, 0, -0.04653, 0, 0, 0], [0, 0, 0, 0, 0, -0.04731, 0, 0, 0]], "bottom_logit_ablation_values": [[0, 0, 0, 0, 0, -0.738, 0, 0, 0], [0, 0, 0, 0, 0, -0.692, 0, 0, 0], [0, 0, 0, 0, 0, -0.6898, 0, 0, 0], [0, 0, 0, 0, 0, -0.6854, 0, 0, 0], [0, 0, 0, 0, 0, -0.6648, 0, 0, 0]], "residual_loss_ablation": [1.198, 0.9824, 1.937, 0.0357, 0.4125, -0.05287, 1.747, 2.413, 0]}}, {"tokens_str_list": ["Value", "=\"#", "{", "javascript", ":@", "Created", "()}", "\">", "\n           "], "tokens_acts_list": [0, 0, 0, 0, 0.04462, 0, 0, 0, 0], "train_token_ind": 4, "is_repeated_datapoint": 0, "datapoint_ind": 89413861, "ablations": {"loss_ablation": [0, 0, 0, 0, 0, -0.005291, 0, 0, 0], "top_logit_ablation_tokens_str": [["<META>", "<META>", "<META>", "<META>", "<META>", "AST", "<META>", "<META>", "<META>"], ["<EOT>", "<EOT>", "<EOT>", "<EOT>", "<EOT>", "ernate", "<EOT>", "<EOT>", "<EOT>"], ["<META_START>", "<META_START>", "<META_START>", "<META_START>", "<META_START>", "ostic", "<META_START>", "<META_START>", "<META_START>"], ["<SOS>", "<SOS>", "<SOS>", "<SOS>", "<SOS>", "izations", "<SOS>", "<SOS>", "<SOS>"], ["<META_END>", "<META_END>", "<META_END>", "<META_END>", "<META_END>", " Commons", "<META_END>", "<META_END>", "<META_END>"]], "bottom_logit_ablation_tokens_str": [["<META>", "<META>", "<META>", "<META>", "<META>", "mite", "<META>", "<META>", "<META>"], ["<EOT>", "<EOT>", "<EOT>", "<EOT>", "<EOT>", "iation", "<EOT>", "<EOT>", "<EOT>"], ["<META_START>", "<META_START>", "<META_START>", "<META_START>", "<META_START>", "iated", "<META_START>", "<META_START>", "<META_START>"], ["<SOS>", "<SOS>", "<SOS>", "<SOS>", "<SOS>", "iate", "<SOS>", "<SOS>", "<SOS>"], ["<META_END>", "<META_END>", "<META_END>", "<META_END>", "<META_END>", "iating", "<META_END>", "<META_END>", "<META_END>"]], "top_logit_ablation_values": [[0, 0, 0, 0, 0, -0.008134, 0, 0, 0], [0, 0, 0, 0, 0, -0.009032, 0, 0, 0], [0, 0, 0, 0, 0, -0.01054, 0, 0, 0], [0, 0, 0, 0, 0, -0.01067, 0, 0, 0], [0, 0, 0, 0, 0, -0.01078, 0, 0, 0]], "bottom_logit_ablation_values": [[0, 0, 0, 0, 0, -0.09717, 0, 0, 0], [0, 0, 0, 0, 0, -0.0924, 0, 0, 0], [0, 0, 0, 0, 0, -0.09137, 0, 0, 0], [0, 0, 0, 0, 0, -0.09062, 0, 0, 0], [0, 0, 0, 0, 0, -0.08888, 0, 0, 0]], "residual_loss_ablation": [0.8517, 2.095, 7.384, 1.848, -0.9824, -1.045, -2.036, 4.798, 0]}}]}], "statistics": {"density_frac": 3e-08, "global_max_act": 0.5349, "abs_max_neuron_weights": [0.1666, 0.1618, 0.1374], "abs_max_neuron_inds": [504, 500, 408], "l1_max_neuron_weights": [0.009776, 0.009492, 0.008063]}, "logit_effects": {"negatives": [[" =", -0.3218], ["ization", -0.3258], ["ments", -0.3399], ["ES", -0.3434], ["ernate", -0.3493], [" Commons", -0.3516], ["izations", -0.3525], ["ostic", -0.3572], ["ISH", -0.3625], ["AST", -0.3749]], "positives": [["mite", 0.498], ["iation", 0.4365], ["iated", 0.435], ["iate", 0.4301], ["iating", 0.4069], ["iations", 0.3759], ["iff", 0.3644], ["isecond", 0.3548], ["backer", 0.3514], ["ro", 0.3499]]}}