{"index": 2193, "act_buckets": [0, 0, 0, 0, 0, 1, 0, 0, 0, 1, 0, 1, 0, 0, 0, 0, 0, 1, 2, 0, 0, 0, 0, 0, 0, 0, 0, 0, 0, 0, 0, 0, 0, 0, 0, 0, 0, 0, 0, 1], "act_bucket_edges": [0, 0.05116, 0.1023, 0.1535, 0.2046, 0.2558, 0.307, 0.3581, 0.4093, 0.4604, 0.5116, 0.5628, 0.6139, 0.6651, 0.7162, 0.7674, 0.8186, 0.8697, 0.9209, 0.972, 1.023, 1.074, 1.126, 1.177, 1.228, 1.279, 1.33, 1.381, 1.432, 1.484, 1.535, 1.586, 1.637, 1.688, 1.739, 1.791, 1.842, 1.893, 1.944, 1.995, 2.046], "logit_buckets": [5, 3, 10, 17, 45, 55, 122, 154, 264, 401, 611, 959, 1345, 2063, 2776, 3594, 4779, 5828, 6461, 6368, 5567, 4846, 4101, 3325, 2877, 2301, 2084, 2100, 1803, 263, 153, 83, 55, 47, 32, 14, 16, 6, 2, 1], "logit_bucket_edges": [-0.3936, -0.3734, -0.3533, -0.3331, -0.3129, -0.2927, -0.2725, -0.2524, -0.2322, -0.212, -0.1918, -0.1717, -0.1515, -0.1313, -0.1111, -0.09096, -0.07079, -0.05061, -0.03044, -0.01026, 0.009915, 0.03009, 0.05027, 0.07044, 0.09062, 0.1108, 0.131, 0.1511, 0.1713, 0.1915, 0.2117, 0.2318, 0.252, 0.2722, 0.2924, 0.3126, 0.3327, 0.3529, 0.3731, 0.3933, 0.4134], "examples_quantiles": [{"quantile_name": "Top Activations", "quantile_max_act": 2.046, "examples": [{"tokens_str_list": ["\n", ",", " **", "**,", " ().", "\n", "\n", ",", " **"], "tokens_acts_list": [0, 0, 0, 0, 2.046, 0, 0, 0, 0], "train_token_ind": 4, "is_repeated_datapoint": 0, "datapoint_ind": 53779, "ablations": {"loss_ablation": [0, 0, 0, 0, 0, -0.2519, 0, 0, 0], "top_logit_ablation_tokens_str": [["<META>", "<META>", "<META>", "<META>", "<META>", " which", "<META>", "<META>", "<META>"], ["<EOT>", "<EOT>", "<EOT>", "<EOT>", "<EOT>", " itself", "<EOT>", "<EOT>", "<EOT>"], ["<META_START>", "<META_START>", "<META_START>", "<META_START>", "<META_START>", " above", "<META_START>", "<META_START>", "<META_START>"], ["<SOS>", "<SOS>", "<SOS>", "<SOS>", "<SOS>", " below", "<SOS>", "<SOS>", "<SOS>"], ["<META_END>", "<META_END>", "<META_END>", "<META_END>", "<META_END>", "scenes", "<META_END>", "<META_END>", "<META_END>"]], "bottom_logit_ablation_tokens_str": [["<META>", "<META>", "<META>", "<META>", "<META>", "ughters", "<META>", "<META>", "<META>"], ["<EOT>", "<EOT>", "<EOT>", "<EOT>", "<EOT>", "++)", "<EOT>", "<EOT>", "<EOT>"], ["<META_START>", "<META_START>", "<META_START>", "<META_START>", "<META_START>", "ality", "<META_START>", "<META_START>", "<META_START>"], ["<SOS>", "<SOS>", "<SOS>", "<SOS>", "<SOS>", "hews", "<SOS>", "<SOS>", "<SOS>"], ["<META_END>", "<META_END>", "<META_END>", "<META_END>", "<META_END>", "oped", "<META_END>", "<META_END>", "<META_END>"]], "top_logit_ablation_values": [[0, 0, 0, 0, 0, 1.681, 0, 0, 0], [0, 0, 0, 0, 0, 1.664, 0, 0, 0], [0, 0, 0, 0, 0, 1.656, 0, 0, 0], [0, 0, 0, 0, 0, 1.648, 0, 0, 0], [0, 0, 0, 0, 0, 1.638, 0, 0, 0]], "bottom_logit_ablation_values": [[0, 0, 0, 0, 0, -0.7972, 0, 0, 0], [0, 0, 0, 0, 0, -0.6792, 0, 0, 0], [0, 0, 0, 0, 0, -0.6683, 0, 0, 0], [0, 0, 0, 0, 0, -0.6639, 0, 0, 0], [0, 0, 0, 0, 0, -0.6491, 0, 0, 0]], "residual_loss_ablation": [-1.019, 2.532, 6.593, 2.603, 3.239, 3.891, -0.6105, 7.652, 0]}}, {"tokens_str_list": [" mit", "z", "ured", "en", ".\u00ab", "\n", "\n", "\u00bb", "All"], "tokens_acts_list": [0, 0, 0, 0, 0.934, 0, 0, 0, 0], "train_token_ind": 4, "is_repeated_datapoint": 0, "datapoint_ind": 76851631, "ablations": {"loss_ablation": [0, 0, 0, 0, 0, -0.04478, 0, 0, 0], "top_logit_ablation_tokens_str": [["<META>", "<META>", "<META>", "<META>", "<META>", "scenes", "<META>", "<META>", "<META>"], ["<EOT>", "<EOT>", "<EOT>", "<EOT>", "<EOT>", " below", "<EOT>", "<EOT>", "<EOT>"], ["<META_START>", "<META_START>", "<META_START>", "<META_START>", "<META_START>", " above", "<META_START>", "<META_START>", "<META_START>"], ["<SOS>", "<SOS>", "<SOS>", "<SOS>", "<SOS>", " which", "<SOS>", "<SOS>", "<SOS>"], ["<META_END>", "<META_END>", "<META_END>", "<META_END>", "<META_END>", " itself", "<META_END>", "<META_END>", "<META_END>"]], "bottom_logit_ablation_tokens_str": [["<META>", "<META>", "<META>", "<META>", "<META>", "ughters", "<META>", "<META>", "<META>"], ["<EOT>", "<EOT>", "<EOT>", "<EOT>", "<EOT>", "arily", "<EOT>", "<EOT>", "<EOT>"], ["<META_START>", "<META_START>", "<META_START>", "<META_START>", "<META_START>", "ality", "<META_START>", "<META_START>", "<META_START>"], ["<SOS>", "<SOS>", "<SOS>", "<SOS>", "<SOS>", "ction", "<SOS>", "<SOS>", "<SOS>"], ["<META_END>", "<META_END>", "<META_END>", "<META_END>", "<META_END>", "hews", "<META_END>", "<META_END>", "<META_END>"]], "top_logit_ablation_values": [[0, 0, 0, 0, 0, 0.6619, 0, 0, 0], [0, 0, 0, 0, 0, 0.6423, 0, 0, 0], [0, 0, 0, 0, 0, 0.6423, 0, 0, 0], [0, 0, 0, 0, 0, 0.6324, 0, 0, 0], [0, 0, 0, 0, 0, 0.6308, 0, 0, 0]], "bottom_logit_ablation_values": [[0, 0, 0, 0, 0, -0.3926, 0, 0, 0], [0, 0, 0, 0, 0, -0.3578, 0, 0, 0], [0, 0, 0, 0, 0, -0.353, 0, 0, 0], [0, 0, 0, 0, 0, -0.3424, 0, 0, 0], [0, 0, 0, 0, 0, -0.3267, 0, 0, 0]], "residual_loss_ablation": [-1.391, 0.6779, 1.498, 2.721, -0.6154, 3.15, 0.161, 5.499, 0]}}, {"tokens_str_list": ["\n                                             ", " 6", "\n\f", "<EOT>", "Abbrev", "iations", "\n", "=============", "\n"], "tokens_acts_list": [0, 0, 0, 0, 0.9216, 0, 0, 0, 0], "train_token_ind": 4, "is_repeated_datapoint": 0, "datapoint_ind": 17505211, "ablations": {"loss_ablation": [0, 0, 0, 0, 0, 0.001291, 0, 0, 0], "top_logit_ablation_tokens_str": [["<META>", "<META>", "<META>", "<META>", "<META>", "scenes", "<META>", "<META>", "<META>"], ["<EOT>", "<EOT>", "<EOT>", "<EOT>", "<EOT>", " itself", "<EOT>", "<EOT>", "<EOT>"], ["<META_START>", "<META_START>", "<META_START>", "<META_START>", "<META_START>", " which", "<META_START>", "<META_START>", "<META_START>"], ["<SOS>", "<SOS>", "<SOS>", "<SOS>", "<SOS>", " below", "<SOS>", "<SOS>", "<SOS>"], ["<META_END>", "<META_END>", "<META_END>", "<META_END>", "<META_END>", " above", "<META_END>", "<META_END>", "<META_END>"]], "bottom_logit_ablation_tokens_str": [["<META>", "<META>", "<META>", "<META>", "<META>", "ughters", "<META>", "<META>", "<META>"], ["<EOT>", "<EOT>", "<EOT>", "<EOT>", "<EOT>", "arily", "<EOT>", "<EOT>", "<EOT>"], ["<META_START>", "<META_START>", "<META_START>", "<META_START>", "<META_START>", "ction", "<META_START>", "<META_START>", "<META_START>"], ["<SOS>", "<SOS>", "<SOS>", "<SOS>", "<SOS>", "ality", "<SOS>", "<SOS>", "<SOS>"], ["<META_END>", "<META_END>", "<META_END>", "<META_END>", "<META_END>", "oped", "<META_END>", "<META_END>", "<META_END>"]], "top_logit_ablation_values": [[0, 0, 0, 0, 0, 0.5434, 0, 0, 0], [0, 0, 0, 0, 0, 0.54, 0, 0, 0], [0, 0, 0, 0, 0, 0.5328, 0, 0, 0], [0, 0, 0, 0, 0, 0.5276, 0, 0, 0], [0, 0, 0, 0, 0, 0.5251, 0, 0, 0]], "bottom_logit_ablation_values": [[0, 0, 0, 0, 0, -0.3069, 0, 0, 0], [0, 0, 0, 0, 0, -0.2704, 0, 0, 0], [0, 0, 0, 0, 0, -0.2666, 0, 0, 0], [0, 0, 0, 0, 0, -0.2587, 0, 0, 0], [0, 0, 0, 0, 0, -0.2581, 0, 0, 0]], "residual_loss_ablation": [0.7787, 2.314, 4.341, 1.989, 0.06188, 1.843, -1.845, 4.214, 0]}}, {"tokens_str_list": ["\\x9d", "\\xe1\\x83", "\\x93", " \\xe1\\x83", "\\xac", "\u10d8\\xe1\\x83", "\\x9c", "\u10d0\\xe1\\x83", "\\xa1"], "tokens_acts_list": [0, 0, 0, 0, 0.8833, 0, 0, 0, 0], "train_token_ind": 4, "is_repeated_datapoint": 0, "datapoint_ind": 54671983, "ablations": {"loss_ablation": [0, 0, 0, 0, 0, -0.03272, 0, 0, 0], "top_logit_ablation_tokens_str": [["<META>", "<META>", "<META>", "<META>", "<META>", " above", "<META>", "<META>", "<META>"], ["<EOT>", "<EOT>", "<EOT>", "<EOT>", "<EOT>", " below", "<EOT>", "<EOT>", "<EOT>"], ["<META_START>", "<META_START>", "<META_START>", "<META_START>", "<META_START>", " between", "<META_START>", "<META_START>", "<META_START>"], ["<SOS>", "<SOS>", "<SOS>", "<SOS>", "<SOS>", " which", "<SOS>", "<SOS>", "<SOS>"], ["<META_END>", "<META_END>", "<META_END>", "<META_END>", "<META_END>", " that", "<META_END>", "<META_END>", "<META_END>"]],