{"index": 2220, "act_buckets": [0, 0, 0, 0, 0, 0, 0, 0, 0, 0, 0, 0, 0, 0, 0, 0, 0, 0, 0, 0, 0, 0, 0, 0, 0, 0, 0, 0, 0, 0, 0, 0, 1, 0, 0, 0, 0, 0, 0, 1], "act_bucket_edges": [0, 0.007131, 0.01426, 0.02139, 0.02852, 0.03565, 0.04278, 0.04991, 0.05704, 0.06418, 0.07131, 0.07844, 0.08557, 0.0927, 0.09983, 0.107, 0.1141, 0.1212, 0.1284, 0.1355, 0.1426, 0.1497, 0.1569, 0.164, 0.1711, 0.1783, 0.1854, 0.1925, 0.1997, 0.2068, 0.2139, 0.221, 0.2282, 0.2353, 0.2424, 0.2496, 0.2567, 0.2638, 0.271, 0.2781, 0.2852], "logit_buckets": [2, 1, 3, 6, 6, 4, 12, 17, 39, 60, 107, 150, 220, 379, 483, 2467, 2252, 2697, 3713, 4911, 6360, 7552, 7854, 6937, 5742, 4456, 3231, 2179, 1523, 953, 499, 360, 175, 97, 50, 20, 8, 6, 3, 2], "logit_bucket_edges": [-0.5067, -0.4839, -0.461, -0.4382, -0.4153, -0.3924, -0.3696, -0.3467, -0.3238, -0.301, -0.2781, -0.2553, -0.2324, -0.2095, -0.1867, -0.1638, -0.1409, -0.1181, -0.09522, -0.07235, -0.04949, -0.02663, -0.003765, 0.0191, 0.04196, 0.06482, 0.08769, 0.1105, 0.1334, 0.1563, 0.1791, 0.202, 0.2249, 0.2477, 0.2706, 0.2935, 0.3163, 0.3392, 0.362, 0.3849, 0.4078], "examples_quantiles": [{"quantile_name": "Top Activations", "quantile_max_act": 0.2852, "examples": [{"tokens_str_list": [" (-", "8", ")/(-", "12", ")*(-", "145", "66", ")/((-", "7"], "tokens_acts_list": [0, 0, 0, 0, 0.2852, 0, 0, 0, 0], "train_token_ind": 4, "is_repeated_datapoint": 0, "datapoint_ind": 5547788, "ablations": {"loss_ablation": [0, 0, 0, 0, 0, 0.006588, 0, 0, 0], "top_logit_ablation_tokens_str": [["<META>", "<META>", "<META>", "<META>", "<META>", "inely", "<META>", "<META>", "<META>"], ["<EOT>", "<EOT>", "<EOT>", "<EOT>", "<EOT>", "oned", "<EOT>", "<EOT>", "<EOT>"], ["<META_START>", "<META_START>", "<META_START>", "<META_START>", "<META_START>", "ists", "<META_START>", "<META_START>", "<META_START>"], ["<SOS>", "<SOS>", "<SOS>", "<SOS>", "<SOS>", "ize", "<SOS>", "<SOS>", "<SOS>"], ["<META_END>", "<META_END>", "<META_END>", "<META_END>", "<META_END>", "quo", "<META_END>", "<META_END>", "<META_END>"]], "bottom_logit_ablation_tokens_str": [["<META>", "<META>", "<META>", "<META>", "<META>", "i\u00f3n", "<META>", "<META>", "<META>"], ["<EOT>", "<EOT>", "<EOT>", "<EOT>", "<EOT>", "\u201d)", "<EOT>", "<EOT>", "<EOT>"], ["<META_START>", "<META_START>", "<META_START>", "<META_START>", "<META_START>", " LICENSE", "<META_START>", "<META_START>", "<META_START>"], ["<SOS>", "<SOS>", "<SOS>", "<SOS>", "<SOS>", " *)", "<SOS>", "<SOS>", "<SOS>"], ["<META_END>", "<META_END>", "<META_END>", "<META_END>", "<META_END>", " commute", "<META_END>", "<META_END>", "<META_END>"]], "top_logit_ablation_values": [[0, 0, 0, 0, 0, 0.2737, 0, 0, 0], [0, 0, 0, 0, 0, 0.2669, 0, 0, 0], [0, 0, 0, 0, 0, 0.2594, 0, 0, 0], [0, 0, 0, 0, 0, 0.2547, 0, 0, 0], [0, 0, 0, 0, 0, 0.2525, 0, 0, 0]], "bottom_logit_ablation_values": [[0, 0, 0, 0, 0, -0.05693, 0, 0, 0], [0, 0, 0, 0, 0, -0.05665, 0, 0, 0], [0, 0, 0, 0, 0, -0.04782, 0, 0, 0], [0, 0, 0, 0, 0, -0.04346, 0, 0, 0], [0, 0, 0, 0, 0, -0.04127, 0, 0, 0]], "residual_loss_ablation": [4.172, -0.1182, 3.626, -0.09521, 0.08316, -0.2478, 2.347, -1.624, 0]}}, {"tokens_str_list": ["\\", "bigg", "(\\", "frac", " {\\", "vart", "he", "ta", "_{"], "tokens_acts_list": [0, 0, 0, 0, 0.2321, 0, 0, 0, 0], "train_token_ind": 4, "is_repeated_datapoint": 0, "datapoint_ind": 1954732, "ablations": {"loss_ablation": [0, 0, 0, 0, 0, 0.03208, 0, 0, 0], "top_logit_ablation_tokens_str": [["<META>", "<META>", "<META>", "<META>", "<META>", "inely", "<META>", "<META>", "<META>"], ["<EOT>", "<EOT>", "<EOT>", "<EOT>", "<EOT>", "ists", "<EOT>", "<EOT>", "<EOT>"], ["<META_START>", "<META_START>", "<META_START>", "<META_START>", "<META_START>", "oned", "<META_START>", "<META_START>", "<META_START>"], ["<SOS>", "<SOS>", "<SOS>", "<SOS>", "<SOS>", "ly", "<SOS>", "<SOS>", "<SOS>"], ["<META_END>", "<META_END>", "<META_END>", "<META_END>", "<META_END>", "led", "<META_END>", "<META_END>", "<META_END>"]], "bottom_logit_ablation_tokens_str": [["<META>", "<META>", "<META>", "<META>", "<META>", "\u201d)", "<META>", "<META>", "<META>"], ["<EOT>", "<EOT>", "<EOT>", "<EOT>", "<EOT>", " *)", "<EOT>", "<EOT>", "<EOT>"], ["<META_START>", "<META_START>", "<META_START>", "<META_START>", "<META_START>", "i\u00f3n", "<META_START>", "<META_START>", "<META_START>"], ["<SOS>", "<SOS>", "<SOS>", "<SOS>", "<SOS>", " cooker", "<SOS>", "<SOS>", "<SOS>"], ["<META_END>", "<META_END>", "<META_END>", "<META_END>", "<META_END>", " Appeal", "<META_END>", "<META_END>", "<META_END>"]], "top_logit_ablation_values": [[0, 0, 0, 0, 0, 0.3007, 0, 0, 0], [0, 0, 0, 0, 0, 0.2918, 0, 0, 0], [0, 0, 0, 0, 0, 0.2828, 0, 0, 0], [0, 0, 0, 0, 0, 0.2805, 0, 0, 0], [0, 0, 0, 0, 0, 0.2779, 0, 0, 0]], "bottom_logit_ablation_values": [[0, 0, 0, 0, 0, -0.05871, 0, 0, 0], [0, 0, 0, 0, 0, -0.05669, 0, 0, 0], [0, 0, 0, 0, 0, -0.05486, 0, 0, 0], [0, 0, 0, 0, 0, -0.04662, 0, 0, 0], [0, 0, 0, 0, 0, -0.04638, 0, 0, 0]], "residual_loss_ablation": [-0.8725, 4.317, 1.238, 1.696, 0.1535, 2.122, 5.199, 7.429, 0]}}]}], "statistics": {"density_frac": 2e-08, "global_max_act": 0.2852, "abs_max_neuron_weights": [0.1728, 0.1499, -0.1472], "abs_max_neuron_inds": [290, 117, 356], "l1_max_neuron_weights": [0.01035, 0.008975, 0.008817]}, "logit_effects": {"negatives": [["ly", -0.4262], ["mbre", -0.4278], ["roup", -0.4314], ["fully", -0.4363], ["quo", -0.4435], ["led", -0.4558], ["ize", -0.4581], ["ists", -0.4743], ["oned", -0.4864], ["inely", -0.5067]], "positives": [["i\u00f3n", 0.4078], ["\u201d)", 0.4029], [" LICENSE", 0.3733], [" *)", 0.3681], [" commute", 0.3633], ["\u201d).", 0.3613], ["?\u2019", 0.3522], ["iction", 0.3476], [" cooker", 0.3468], [" staircase", 0.3454]]}}