{"index": 2257, "act_buckets": [0, 3, 0, 0, 0, 0, 0, 0, 0, 0, 0, 0, 0, 0, 0, 0, 0, 0, 0, 0, 0, 0, 0, 1, 0, 0, 0, 0, 0, 0, 0, 0, 0, 0, 0, 0, 0, 0, 0, 1], "act_bucket_edges": [0, 0.02138, 0.04276, 0.06414, 0.08552, 0.1069, 0.1283, 0.1497, 0.171, 0.1924, 0.2138, 0.2352, 0.2566, 0.278, 0.2993, 0.3207, 0.3421, 0.3635, 0.3849, 0.4062, 0.4276, 0.449, 0.4704, 0.4918, 0.5131, 0.5345, 0.5559, 0.5773, 0.5987, 0.6201, 0.6414, 0.6628, 0.6842, 0.7056, 0.727, 0.7483, 0.7697, 0.7911, 0.8125, 0.8339, 0.8552], "logit_buckets": [2, 3, 1, 2, 6, 4, 18, 17, 25, 46, 71, 127, 204, 400, 615, 950, 1629, 2275, 3241, 4348, 5713, 6834, 7610, 7374, 9808, 6035, 3365, 2016, 1295, 680, 390, 192, 104, 66, 41, 19, 4, 4, 1, 1], "logit_bucket_edges": [-0.7414, -0.7089, -0.6764, -0.6439, -0.6114, -0.5789, -0.5464, -0.5139, -0.4815, -0.449, -0.4165, -0.384, -0.3515, -0.319, -0.2865, -0.254, -0.2215, -0.189, -0.1565, -0.124, -0.09153, -0.05903, -0.02654, 0.005955, 0.03845, 0.07094, 0.1034, 0.1359, 0.1684, 0.2009, 0.2334, 0.2659, 0.2984, 0.3309, 0.3634, 0.3959, 0.4284, 0.4609, 0.4934, 0.5259, 0.5584], "examples_quantiles": [{"quantile_name": "Top Activations", "quantile_max_act": 0.8552, "examples": [{"tokens_str_list": ["Value", "=\"#", "{", "javascript", ":@", "Created", "()}", "\">", "\n           "], "tokens_acts_list": [0, 0, 0, 0, 0.8552, 0, 0, 0, 0], "train_token_ind": 4, "is_repeated_datapoint": 0, "datapoint_ind": 89413861, "ablations": {"loss_ablation": [0, 0, 0, 0, 0, 0.0925, 0, 0, 0], "top_logit_ablation_tokens_str": [["<META>", "<META>", "<META>", "<META>", "<META>", " about", "<META>", "<META>", "<META>"], ["<EOT>", "<EOT>", "<EOT>", "<EOT>", "<EOT>", " that", "<EOT>", "<EOT>", "<EOT>"], ["<META_START>", "<META_START>", "<META_START>", "<META_START>", "<META_START>", " the", "<META_START>", "<META_START>", "<META_START>"], ["<SOS>", "<SOS>", "<SOS>", "<SOS>", "<SOS>", " which", "<SOS>", "<SOS>", "<SOS>"], ["<META_END>", "<META_END>", "<META_END>", "<META_END>", "<META_END>", " to", "<META_END>", "<META_END>", "<META_END>"]], "bottom_logit_ablation_tokens_str": [["<META>", "<META>", "<META>", "<META>", "<META>", "gic", "<META>", "<META>", "<META>"], ["<EOT>", "<EOT>", "<EOT>", "<EOT>", "<EOT>", "aved", "<EOT>", "<EOT>", "<EOT>"], ["<META_START>", "<META_START>", "<META_START>", "<META_START>", "<META_START>", "ibles", "<META_START>", "<META_START>", "<META_START>"], ["<SOS>", "<SOS>", "<SOS>", "<SOS>", "<SOS>", "aving", "<SOS>", "<SOS>", "<SOS>"], ["<META_END>", "<META_END>", "<META_END>", "<META_END>", "<META_END>", "pt", "<META_END>", "<META_END>", "<META_END>"]], "top_logit_ablation_values": [[0, 0, 0, 0, 0, 0.6525, 0, 0, 0], [0, 0, 0, 0, 0, 0.6303, 0, 0, 0], [0, 0, 0, 0, 0, 0.5703, 0, 0, 0], [0, 0, 0, 0, 0, 0.5443, 0, 0, 0], [0, 0, 0, 0, 0, 0.5369, 0, 0, 0]], "bottom_logit_ablation_values": [[0, 0, 0, 0, 0, -1.642, 0, 0, 0], [0, 0, 0, 0, 0, -1.566, 0, 0, 0], [0, 0, 0, 0, 0, -1.527, 0, 0, 0], [0, 0, 0, 0, 0, -1.5, 0, 0, 0], [0, 0, 0, 0, 0, -1.497, 0, 0, 0]], "residual_loss_ablation": [0.8517, 2.095, 7.384, 1.848, -0.9824, -1.045, -2.036, 4.798, 0]}}, {"tokens_str_list": ["copy", "Value", "2", "]", "\">", "\n", "\n", "Y", "uck"], "tokens_acts_list": [0, 0, 0, 0, 0.496, 0, 0, 0, 0], "train_token_ind": 4, "is_repeated_datapoint": 0, "datapoint_ind": 82522619, "ablations": {"loss_ablation": [0, 0, 0, 0, 0, -0.06745, 0, 0, 0], "top_logit_ablation_tokens_str": [["<META>", "<META>", "<META>", "<META>", "<META>", " about", "<META>", "<META>", "<META>"], ["<EOT>", "<EOT>", "<EOT>", "<EOT>", "<EOT>", " that", "<EOT>", "<EOT>", "<EOT>"], ["<META_START>", "<META_START>", "<META_START>", "<META_START>", "<META_START>", " to", "<META_START>", "<META_START>", "<META_START>"], ["<SOS>", "<SOS>", "<SOS>", "<SOS>", "<SOS>", " the", "<SOS>", "<SOS>", "<SOS>"], ["<META_END>", "<META_END>", "<META_END>", "<META_END>", "<META_END>", " which", "<META_END>", "<META_END>", "<META_END>"]], "bottom_logit_ablation_tokens_str": [["<META>", "<META>", "<META>", "<META>", "<META>", "gic", "<META>", "<META>", "<META>"], ["<EOT>", "<EOT>", "<EOT>", "<EOT>", "<EOT>", "aved", "<EOT>", "<EOT>", "<EOT>"], ["<META_START>", "<META_START>", "<META_START>", "<META_START>", "<META_START>", "pt", "<META_START>", "<META_START>", "<META_START>"], ["<SOS>", "<SOS>", "<SOS>", "<SOS>", "<SOS>", "aving", "<SOS>", "<SOS>", "<SOS>"], ["<META_END>", "<META_END>", "<META_END>", "<META_END>", "<META_END>", "ibles", "<META_END>", "<META_END>", "<META_END>"]], "top_logit_ablation_values": [[0, 0, 0, 0, 0, 0.29, 0, 0, 0], [0, 0, 0, 0, 0, 0.2817, 0, 0, 0], [0, 0, 0, 0, 0, 0.2524, 0, 0, 0], [0, 0, 0, 0, 0, 0.2513, 0, 0, 0], [0, 0, 0, 0, 0, 0.2488, 0, 0, 0]], "bottom_logit_ablation_values": [[0, 0, 0, 0, 0, -0.6316, 0, 0, 0], [0, 0, 0, 0, 0, -0.612, 0, 0, 0], [0, 0, 0, 0, 0, -0.5884, 0, 0, 0], [0, 0, 0, 0, 0, -0.5818, 0, 0, 0], [0, 0, 0, 0, 0, -0.5809, 0, 0, 0]], "residual_loss_ablation": [0.599, 1.375, 0.3908, 0.9216, 2.406, -0.5787, 0.5897, 0.3944, 0]}}, {"tokens_str_list": ["Fields", "(", "const", " Field", "Def", " &", "field", ",", "\n                                 "], "tokens_acts_list": [0, 0, 0, 0, 0.02319, 0, 0, 0, 0], "train_token_ind": 4, "is_repeated_datapoint": 0, "datapoint_ind": 34424908, "ablations": {"loss_ablation": [0, 0, 0, 0, 0, -0.002425, 0, 0, 0], "top_logit_ablation_tokens_str": [["<META>", "<META>", "<META>", "<META>", "<META>", " about", "<META>", "<META>", "<META>"], ["<EOT>", "<EOT>", "<EOT>", "<EOT>", "<EOT>", " that", "<EOT>", "<EOT>", "<EOT>"], ["<META_START>", "<META_START>", "<META_START>", "<META_START>", "<META_START>", " this", "<META_START>", "<META_START>", "<META_START>"], ["<SOS>", "<SOS>", "<SOS>", "<SOS>", "<SOS>", "---", "<SOS>", "<SOS>", "<SOS>"], ["<META_END>", "<META_END>", "<META_END>", "<META_END>", "<META_END>", " the", "<META_END>", "<META_END>", "<META_END>"]], "bottom_logit_ablation_tokens_str": [["<META>", "<META>", "<META>", "<META>", "<META>", "gic", "<META>", "<META>", "<META>"], ["<EOT>", "<EOT>", "<EOT>", "<EOT>", "<EOT>", "pt", "<EOT>", "<EOT>", "<EOT>"], ["<META_START>", "<META_START>", "<META_START>", "<META_START>", "<META_START>", "aving", "<META_START>", "<META_START>", "<META_START>"], ["<SOS>", "<SOS>", "<SOS>", "<SOS>", "<SOS>", "uos", "<SOS>", "<SOS>", "<SOS>"], ["<META_END>", "<META_END>", "<META_END>", "<META_END>", "<META_END>", "gate", "<META_END>", "<META_END>", "<META_END>"]], "top_logit_ablation_values": [[0, 0, 0, 0, 0, 0.01907, 0, 0, 0], [0, 0, 0, 0, 0, 0.01684, 0, 0, 0], [0, 0, 0, 0, 0, 0.0158, 0, 0, 0], [0, 0, 0, 0, 0, 0.01523, 0, 0, 0], [0, 0, 0, 0, 0, 0.01503, 0, 0, 0]], "bottom_logit_ablation_values": [[0, 0, 0, 0, 0, -0.03191, 0, 0, 0], [0, 0, 0, 0, 0, -0.03063, 0, 0, 0], [0, 0, 0, 0, 0, -0.03, 0, 0, 0], [0, 0, 0, 0, 0, -0.02981, 0, 0, 0], [0, 0, 0, 0, 0, -0.02846, 0, 0, 0]], "residual_loss_ablation": [0.7506, 0.3143, 1.579, 1.605, 0.422, 2.155, -0.2823, -0.6925, 0]}}, {"tokens_str_list": [" =", " Single", ".", "just", "(\"", "dog", "\")", "\n", "val"], "tokens_acts_list": [0, 0, 0, 0, 0.02314, 0, 0, 0, 0], "train_token_ind": 4, "is_repeated_datapoint": 0, "datapoint_ind": 54629469, "ablations": {"loss_ablation": [0, 0, 0, 0, 0, 0.01535, 0, 0, 0], "top_logit_ablation_tokens_str": [["<META>", "<META>", "<META>", "<META>", "<META>", " about", "<META>", "<META>", "<META>"], ["<EOT>", "<EOT>", "<EOT>", "<EOT>", "<EOT>", " that", "<EOT>", "<EOT>", "<EOT>"], ["<META_START>", "<META_START>", "<META_START>", "<META_START>", "<META_START>", " the", "<META_START>", "<META_START>", "<META_START>"], ["<SOS>", "<SOS>", "<SOS>", "<SOS>", "<SOS>", " which", "<SOS>", "<SOS>", "<SOS>"], ["<META_END>", "<META_END>", "<META_END>", "<META_END>", "<META_END>", " this", "<META_END>", "<META_END>", "<META_END>"]],