{"index": 2305, "act_buckets": [0, 0, 0, 0, 0, 0, 0, 0, 0, 0, 0, 0, 0, 0, 0, 0, 0, 0, 0, 0, 1, 0, 0, 0, 0, 0, 0, 0, 0, 0, 0, 1, 0, 0, 0, 0, 0, 0, 0, 1], "act_bucket_edges": [0, 0.01765, 0.03531, 0.05296, 0.07062, 0.08827, 0.1059, 0.1236, 0.1412, 0.1589, 0.1765, 0.1942, 0.2119, 0.2295, 0.2472, 0.2648, 0.2825, 0.3001, 0.3178, 0.3354, 0.3531, 0.3707, 0.3884, 0.4061, 0.4237, 0.4414, 0.459, 0.4767, 0.4943, 0.512, 0.5296, 0.5473, 0.5649, 0.5826, 0.6003, 0.6179, 0.6356, 0.6532, 0.6709, 0.6885, 0.7062], "logit_buckets": [3, 1, 3, 6, 2, 9, 14, 15, 46, 84, 148, 250, 403, 652, 1134, 1765, 2589, 5755, 6456, 7983, 8679, 8274, 6718, 4870, 3434, 2300, 1466, 926, 585, 360, 243, 140, 90, 52, 43, 25, 3, 6, 3, 1], "logit_bucket_edges": [-0.5063, -0.4818, -0.4573, -0.4328, -0.4082, -0.3837, -0.3592, -0.3346, -0.3101, -0.2856, -0.2611, -0.2365, -0.212, -0.1875, -0.1629, -0.1384, -0.1139, -0.08935, -0.06482, -0.04029, -0.01576, 0.008768, 0.0333, 0.05783, 0.08236, 0.1069, 0.1314, 0.1559, 0.1805, 0.205, 0.2295, 0.2541, 0.2786, 0.3031, 0.3276, 0.3522, 0.3767, 0.4012, 0.4258, 0.4503, 0.4748], "examples_quantiles": [{"quantile_name": "Top Activations", "quantile_max_act": 0.7062, "examples": [{"tokens_str_list": [" old", " topic", " (", "not", " entirely", " sure", " why", " thats", " a"], "tokens_acts_list": [0, 0, 0, 0, 0.7062, 0, 0, 0, 0], "train_token_ind": 4, "is_repeated_datapoint": 0, "datapoint_ind": 72925984, "ablations": {"loss_ablation": [0, 0, 0, 0, 0, 0.02232, 0, 0, 0], "top_logit_ablation_tokens_str": [["<META>", "<META>", "<META>", "<META>", "<META>", "oning", "<META>", "<META>", "<META>"], ["<EOT>", "<EOT>", "<EOT>", "<EOT>", "<EOT>", " the", "<EOT>", "<EOT>", "<EOT>"], ["<META_START>", "<META_START>", "<META_START>", "<META_START>", "<META_START>", "oned", "<META_START>", "<META_START>", "<META_START>"], ["<SOS>", "<SOS>", "<SOS>", "<SOS>", "<SOS>", "activity", "<SOS>", "<SOS>", "<SOS>"], ["<META_END>", "<META_END>", "<META_END>", "<META_END>", "<META_END>", " this", "<META_END>", "<META_END>", "<META_END>"]], "bottom_logit_ablation_tokens_str": [["<META>", "<META>", "<META>", "<META>", "<META>", ")].", "<META>", "<META>", "<META>"], ["<EOT>", "<EOT>", "<EOT>", "<EOT>", "<EOT>", ")](#", "<EOT>", "<EOT>", "<EOT>"], ["<META_START>", "<META_START>", "<META_START>", "<META_START>", "<META_START>", ".\u2019", "<META_START>", "<META_START>", "<META_START>"], ["<SOS>", "<SOS>", "<SOS>", "<SOS>", "<SOS>", "arest", "<SOS>", "<SOS>", "<SOS>"], ["<META_END>", "<META_END>", "<META_END>", "<META_END>", "<META_END>", ")!", "<META_END>", "<META_END>", "<META_END>"]], "top_logit_ablation_values": [[0, 0, 0, 0, 0, 0.4475, 0, 0, 0], [0, 0, 0, 0, 0, 0.435, 0, 0, 0], [0, 0, 0, 0, 0, 0.4298, 0, 0, 0], [0, 0, 0, 0, 0, 0.4114, 0, 0, 0], [0, 0, 0, 0, 0, 0.3684, 0, 0, 0]], "bottom_logit_ablation_values": [[0, 0, 0, 0, 0, -0.8367, 0, 0, 0], [0, 0, 0, 0, 0, -0.7919, 0, 0, 0], [0, 0, 0, 0, 0, -0.7725, 0, 0, 0], [0, 0, 0, 0, 0, -0.7547, 0, 0, 0], [0, 0, 0, 0, 0, -0.7452, 0, 0, 0]], "residual_loss_ablation": [1.649, -0.9952, -0.2815, -0.6566, -1.431, 7.321, -0.4655, 0.3301, 0]}}, {"tokens_str_list": ["\\x9d", "\\xe1\\x83", "\\x93", " \\xe1\\x83", "\\xac", "\u10d8\\xe1\\x83", "\\x9c", "\u10d0\\xe1\\x83", "\\xa1"], "tokens_acts_list": [0, 0, 0, 0, 0.5574, 0, 0, 0, 0], "train_token_ind": 4, "is_repeated_datapoint": 0, "datapoint_ind": 54671983, "ablations": {"loss_ablation": [0, 0, 0, 0, 0, 0.0168, 0, 0, 0], "top_logit_ablation_tokens_str": [["<META>", "<META>", "<META>", "<META>", "<META>", " the", "<META>", "<META>", "<META>"], ["<EOT>", "<EOT>", "<EOT>", "<EOT>", "<EOT>", "oning", "<EOT>", "<EOT>", "<EOT>"], ["<META_START>", "<META_START>", "<META_START>", "<META_START>", "<META_START>", "oned", "<META_START>", "<META_START>", "<META_START>"], ["<SOS>", "<SOS>", "<SOS>", "<SOS>", "<SOS>", "activity", "<SOS>", "<SOS>", "<SOS>"], ["<META_END>", "<META_END>", "<META_END>", "<META_END>", "<META_END>", " this", "<META_END>", "<META_END>", "<META_END>"]], "bottom_logit_ablation_tokens_str": [["<META>", "<META>", "<META>", "<META>", "<META>", ")].", "<META>", "<META>", "<META>"], ["<EOT>", "<EOT>", "<EOT>", "<EOT>", "<EOT>", "arest", "<EOT>", "<EOT>", "<EOT>"], ["<META_START>", "<META_START>", "<META_START>", "<META_START>", "<META_START>", ".\u2019", "<META_START>", "<META_START>", "<META_START>"], ["<SOS>", "<SOS>", "<SOS>", "<SOS>", "<SOS>", ")](#", "<SOS>", "<SOS>", "<SOS>"], ["<META_END>", "<META_END>", "<META_END>", "<META_END>", "<META_END>", "osity", "<META_END>", "<META_END>", "<META_END>"]], "top_logit_ablation_values": [[0, 0, 0, 0, 0, 0.2925, 0, 0, 0], [0, 0, 0, 0, 0, 0.2837, 0, 0, 0], [0, 0, 0, 0, 0, 0.2753, 0, 0, 0], [0, 0, 0, 0, 0, 0.253, 0, 0, 0], [0, 0, 0, 0, 0, 0.2477, 0, 0, 0]], "bottom_logit_ablation_values": [[0, 0, 0, 0, 0, -0.5154, 0, 0, 0], [0, 0, 0, 0, 0, -0.4987, 0, 0, 0], [0, 0, 0, 0, 0, -0.4931, 0, 0, 0], [0, 0, 0, 0, 0, -0.4858, 0, 0, 0], [0, 0, 0, 0, 0, -0.4788, 0, 0, 0]], "residual_loss_ablation": [1.262, -0.07189, 1.003, -0.7419, 1.176, 0.2246, 0.1431, 0.2026, 0]}}, {"tokens_str_list": ["\n                                             ", " 6", "\n\f", "<EOT>", "Abbrev", "iations", "\n", "=============", "\n"], "tokens_acts_list": [0, 0, 0, 0, 0.3629, 0, 0, 0, 0], "train_token_ind": 4, "is_repeated_datapoint": 0, "datapoint_ind": 17505211, "ablations": {"loss_ablation": [0, 0, 0, 0, 0, -0.001279, 0, 0, 0], "top_logit_ablation_tokens_str": [["<META>", "<META>", "<META>", "<META>", "<META>", "oning", "<META>", "<META>", "<META>"], ["<EOT>", "<EOT>", "<EOT>", "<EOT>", "<EOT>", " the", "<EOT>", "<EOT>", "<EOT>"], ["<META_START>", "<META_START>", "<META_START>", "<META_START>", "<META_START>", "oned", "<META_START>", "<META_START>", "<META_START>"], ["<SOS>", "<SOS>", "<SOS>", "<SOS>", "<SOS>", "activity", "<SOS>", "<SOS>", "<SOS>"], ["<META_END>", "<META_END>", "<META_END>", "<META_END>", "<META_END>", " this", "<META_END>", "<META_END>", "<META_END>"]], "bottom_logit_ablation_tokens_str": [["<META>", "<META>", "<META>", "<META>", "<META>", ")].", "<META>", "<META>", "<META>"], ["<EOT>", "<EOT>", "<EOT>", "<EOT>", "<EOT>", "arest", "<EOT>", "<EOT>", "<EOT>"], ["<META_START>", "<META_START>", "<META_START>", "<META_START>", "<META_START>", ".\u2019", "<META_START>", "<META_START>", "<META_START>"], ["<SOS>", "<SOS>", "<SOS>", "<SOS>", "<SOS>", "als", "<SOS>", "<SOS>", "<SOS>"], ["<META_END>", "<META_END>", "<META_END>", "<META_END>", "<META_END>", ")](#", "<META_END>", "<META_END>", "<META_END>"]], "top_logit_ablation_values": [[0, 0, 0, 0, 0, 0.1504, 0, 0, 0], [0, 0, 0, 0, 0, 0.1451, 0, 0, 0], [0, 0, 0, 0, 0, 0.1402, 0, 0, 0], [0, 0, 0, 0, 0, 0.139, 0, 0, 0], [0, 0, 0, 0, 0, 0.1299, 0, 0, 0]], "bottom_logit_ablation_values": [[0, 0, 0, 0, 0, -0.2359, 0, 0, 0], [0, 0, 0, 0, 0, -0.2314, 0, 0, 0], [0, 0, 0, 0, 0, -0.2279, 0, 0, 0], [0, 0, 0, 0, 0, -0.2246, 0, 0, 0], [0, 0, 0, 0, 0, -0.224, 0, 0, 0]], "residual_loss_ablation": [0.7787, 2.314, 4.341, 1.989, 0.06188, 1.843, -1.845, 4.214, 0]}}]}], "statistics": {"density_frac": 3e-08, "global_max_act": 0.7062, "abs_max_neuron_weights": [0.1676, -0.1635, -0.1387], "abs_max_neuron_inds": [191, 388, 463], "l1_max_neuron_weights": [0.009641, 0.009402, 0.007976]}, "logit_effects": {"negatives": [["ameth", -0.4157], [" its", -0.4256], [" why", -0.4324], [" these", -0.438], [" their", -0.4394], [" this", -0.4529], ["activity", -0.462], ["oned", -0.4851], ["oning", -0.4986], [" the", -0.5063]], "positives": [[")].", 0.4748], ["arest", 0.4493], [".\u2019", 0.4399], [")](#", 0.439], ["osity", 0.421], ["als", 0.417], [".*]{}", 0.4094], ["atoire", 0.4031], ["andum", 0.4024], [")!", 0.4015]]}}