{"index": 2307, "act_buckets": [0, 0, 1, 0, 0, 0, 0, 0, 0, 0, 0, 0, 0, 0, 0, 0, 0, 0, 0, 0, 0, 0, 0, 0, 0, 0, 0, 0, 0, 0, 0, 0, 0, 0, 0, 0, 0, 0, 0, 1], "act_bucket_edges": [0, 0.007349, 0.0147, 0.02205, 0.0294, 0.03674, 0.04409, 0.05144, 0.05879, 0.06614, 0.07349, 0.08084, 0.08819, 0.09554, 0.1029, 0.1102, 0.1176, 0.1249, 0.1323, 0.1396, 0.147, 0.1543, 0.1617, 0.169, 0.1764, 0.1837, 0.1911, 0.1984, 0.2058, 0.2131, 0.2205, 0.2278, 0.2352, 0.2425, 0.2499, 0.2572, 0.2646, 0.2719, 0.2793, 0.2866, 0.294], "logit_buckets": [3, 1, 6, 8, 17, 18, 33, 73, 104, 158, 268, 478, 637, 1069, 1781, 2720, 4097, 6039, 8866, 11130, 6613, 5283, 4060, 3154, 2351, 1743, 1305, 931, 717, 472, 408, 283, 235, 175, 115, 86, 60, 26, 9, 6], "logit_bucket_edges": [-0.3689, -0.35, -0.331, -0.3121, -0.2932, -0.2742, -0.2553, -0.2363, -0.2174, -0.1985, -0.1795, -0.1606, -0.1417, -0.1227, -0.1038, -0.08486, -0.06593, -0.04699, -0.02806, -0.009121, 0.009814, 0.02875, 0.04769, 0.06662, 0.08556, 0.1045, 0.1234, 0.1424, 0.1613, 0.1802, 0.1992, 0.2181, 0.237, 0.256, 0.2749, 0.2938, 0.3128, 0.3317, 0.3507, 0.3696, 0.3885], "examples_quantiles": [{"quantile_name": "Top Activations", "quantile_max_act": 0.294, "examples": [{"tokens_str_list": [";", "||", "Perfect", " picked", " ||", " Perfect", " picked", "|", "\n "], "tokens_acts_list": [0, 0, 0, 0, 0.294, 0, 0, 0, 0], "train_token_ind": 4, "is_repeated_datapoint": 0, "datapoint_ind": 82690784, "ablations": {"loss_ablation": [0, 0, 0, 0, 0, -0.04879, 0, 0, 0], "top_logit_ablation_tokens_str": [["<META>", "<META>", "<META>", "<META>", "<META>", "ectomy", "<META>", "<META>", "<META>"], ["<EOT>", "<EOT>", "<EOT>", "<EOT>", "<EOT>", "meter", "<EOT>", "<EOT>", "<EOT>"], ["<META_START>", "<META_START>", "<META_START>", "<META_START>", "<META_START>", "itation", "<META_START>", "<META_START>", "<META_START>"], ["<SOS>", "<SOS>", "<SOS>", "<SOS>", "<SOS>", "ology", "<SOS>", "<SOS>", "<SOS>"], ["<META_END>", "<META_END>", "<META_END>", "<META_END>", "<META_END>", "ILABLE", "<META_END>", "<META_END>", "<META_END>"]], "bottom_logit_ablation_tokens_str": [["<META>", "<META>", "<META>", "<META>", "<META>", " screened", "<META>", "<META>", "<META>"], ["<EOT>", "<EOT>", "<EOT>", "<EOT>", "<EOT>", " excluded", "<EOT>", "<EOT>", "<EOT>"], ["<META_START>", "<META_START>", "<META_START>", "<META_START>", "<META_START>", " collected", "<META_START>", "<META_START>", "<META_START>"], ["<SOS>", "<SOS>", "<SOS>", "<SOS>", "<SOS>", " searched", "<SOS>", "<SOS>", "<SOS>"], ["<META_END>", "<META_END>", "<META_END>", "<META_END>", "<META_END>", " subjected", "<META_END>", "<META_END>", "<META_END>"]], "top_logit_ablation_values": [[0, 0, 0, 0, 0, 0.3088, 0, 0, 0], [0, 0, 0, 0, 0, 0.3075, 0, 0, 0], [0, 0, 0, 0, 0, 0.3017, 0, 0, 0], [0, 0, 0, 0, 0, 0.2985, 0, 0, 0], [0, 0, 0, 0, 0, 0.2981, 0, 0, 0]], "bottom_logit_ablation_values": [[0, 0, 0, 0, 0, -0.2801, 0, 0, 0], [0, 0, 0, 0, 0, -0.2772, 0, 0, 0], [0, 0, 0, 0, 0, -0.2765, 0, 0, 0], [0, 0, 0, 0, 0, -0.2706, 0, 0, 0], [0, 0, 0, 0, 0, -0.2673, 0, 0, 0]], "residual_loss_ablation": [3.055, 0.2148, 0.4557, -1.056, 4.414, 3.828, -0.2706, 4.518, 0]}}, {"tokens_str_list": ["900", " mL", ").", " These", " were", " filled", " with", " fresh", " water"], "tokens_acts_list": [0, 0, 0, 0, 0.01572, 0, 0, 0, 0], "train_token_ind": 4, "is_repeated_datapoint": 0, "datapoint_ind": 90368384, "ablations": {"loss_ablation": [0, 0, 0, 0, 0, -0.0005908, 0, 0, 0], "top_logit_ablation_tokens_str": [["<META>", "<META>", "<META>", "<META>", "<META>", "ility", "<META>", "<META>", "<META>"], ["<EOT>", "<EOT>", "<EOT>", "<EOT>", "<EOT>", "elist", "<EOT>", "<EOT>", "<EOT>"], ["<META_START>", "<META_START>", "<META_START>", "<META_START>", "<META_START>", "term", "<META_START>", "<META_START>", "<META_START>"], ["<SOS>", "<SOS>", "<SOS>", "<SOS>", "<SOS>", " \u00c5", "<SOS>", "<SOS>", "<SOS>"], ["<META_END>", "<META_END>", "<META_END>", "<META_END>", "<META_END>", "\u017a", "<META_END>", "<META_END>", "<META_END>"]], "bottom_logit_ablation_tokens_str": [["<META>", "<META>", "<META>", "<META>", "<META>", "abouts", "<META>", "<META>", "<META>"], ["<EOT>", "<EOT>", "<EOT>", "<EOT>", "<EOT>", "SED", "<EOT>", "<EOT>", "<EOT>"], ["<META_START>", "<META_START>", "<META_START>", "<META_START>", "<META_START>", "phal", "<META_START>", "<META_START>", "<META_START>"], ["<SOS>", "<SOS>", "<SOS>", "<SOS>", "<SOS>", "antly", "<SOS>", "<SOS>", "<SOS>"], ["<META_END>", "<META_END>", "<META_END>", "<META_END>", "<META_END>", " violations", "<META_END>", "<META_END>", "<META_END>"]], "top_logit_ablation_values": [[0, 0, 0, 0, 0, 0.006795, 0, 0, 0], [0, 0, 0, 0, 0, 0.003613, 0, 0, 0], [0, 0, 0, 0, 0, 0.003403, 0, 0, 0], [0, 0, 0, 0, 0, 0.003371, 0, 0, 0], [0, 0, 0, 0, 0, 0.003238, 0, 0, 0]], "bottom_logit_ablation_values": [[0, 0, 0, 0, 0, -0.01529, 0, 0, 0], [0, 0, 0, 0, 0, -0.01519, 0, 0, 0], [0, 0, 0, 0, 0, -0.01495, 0, 0, 0], [0, 0, 0, 0, 0, -0.01464, 0, 0, 0], [0, 0, 0, 0, 0, -0.01441, 0, 0, 0]], "residual_loss_ablation": [0.9058, 3.031, 1.645, -0.8135, 1.181, 1.729, 0.9385, 2.782, 0]}}]}], "statistics": {"density_frac": 2e-08, "global_max_act": 0.294, "abs_max_neuron_weights": [-0.2397, 0.2396, 0.2091], "abs_max_neuron_inds": [483, 503, 60], "l1_max_neuron_weights": [0.01748, 0.01747, 0.01524]}, "logit_effects": {"negatives": [["ILABLE", -0.3123], ["romes", -0.3129], ["ress", -0.3225], ["oid", -0.3284], ["ectomy", -0.3304], ["ility", -0.3304], ["meter", -0.337], ["ization", -0.3565], ["ology", -0.3593], ["itation", -0.3689]], "positives": [[" screened", 0.3885], [" purchased", 0.3829], [" collected", 0.3823], [" transported", 0.3771], [" excluded", 0.3742], [" recruited", 0.3696], [" subjected", 0.3629], [" housed", 0.3624], [" identified", 0.3585], [" placed", 0.3575]]}}