{"index": 2321, "act_buckets": [1, 0, 0, 0, 0, 0, 0, 0, 0, 0, 0, 0, 0, 0, 0, 0, 0, 0, 0, 0, 0, 0, 1, 0, 0, 0, 0, 0, 0, 0, 0, 0, 0, 0, 0, 0, 0, 0, 0, 1], "act_bucket_edges": [0, 0.02068, 0.04136, 0.06203, 0.08271, 0.1034, 0.1241, 0.1447, 0.1654, 0.1861, 0.2068, 0.2275, 0.2481, 0.2688, 0.2895, 0.3102, 0.3309, 0.3515, 0.3722, 0.3929, 0.4136, 0.4342, 0.4549, 0.4756, 0.4963, 0.517, 0.5376, 0.5583, 0.579, 0.5997, 0.6203, 0.641, 0.6617, 0.6824, 0.7031, 0.7237, 0.7444, 0.7651, 0.7858, 0.8065, 0.8271], "logit_buckets": [1, 0, 2, 2, 7, 22, 34, 90, 135, 220, 401, 690, 1268, 1922, 3023, 4608, 6392, 8100, 9466, 9084, 7238, 6792, 2538, 1566, 871, 486, 271, 132, 81, 46, 20, 13, 5, 5, 2, 2, 0, 0, 0, 1], "logit_bucket_edges": [-0.5218, -0.4938, -0.4658, -0.4378, -0.4098, -0.3818, -0.3538, -0.3258, -0.2978, -0.2698, -0.2418, -0.2138, -0.1857, -0.1577, -0.1297, -0.1017, -0.07374, -0.04574, -0.01774, 0.01026, 0.03827, 0.06627, 0.09427, 0.1223, 0.1503, 0.1783, 0.2063, 0.2343, 0.2623, 0.2903, 0.3183, 0.3463, 0.3743, 0.4023, 0.4303, 0.4583, 0.4863, 0.5143, 0.5423, 0.5703, 0.5983], "examples_quantiles": [{"quantile_name": "Top Activations", "quantile_max_act": 0.8271, "examples": [{"tokens_str_list": [" old", " topic", " (", "not", " entirely", " sure", " why", " thats", " a"], "tokens_acts_list": [0, 0, 0, 0, 0.8271, 0, 0, 0, 0], "train_token_ind": 4, "is_repeated_datapoint": 0, "datapoint_ind": 72925984, "ablations": {"loss_ablation": [0, 0, 0, 0, 0, -0.3012, 0, 0, 0], "top_logit_ablation_tokens_str": [["<META>", "<META>", "<META>", "<META>", "<META>", "alog", "<META>", "<META>", "<META>"], ["<EOT>", "<EOT>", "<EOT>", "<EOT>", "<EOT>", " own", "<EOT>", "<EOT>", "<EOT>"], ["<META_START>", "<META_START>", "<META_START>", "<META_START>", "<META_START>", "ziel", "<META_START>", "<META_START>", "<META_START>"], ["<SOS>", "<SOS>", "<SOS>", "<SOS>", "<SOS>", "=====================", "<SOS>", "<SOS>", "<SOS>"], ["<META_END>", "<META_END>", "<META_END>", "<META_END>", "<META_END>", "dell", "<META_END>", "<META_END>", "<META_END>"]], "bottom_logit_ablation_tokens_str": [["<META>", "<META>", "<META>", "<META>", "<META>", "}", "<META>", "<META>", "<META>"], ["<EOT>", "<EOT>", "<EOT>", "<EOT>", "<EOT>", "\"}", "<EOT>", "<EOT>", "<EOT>"], ["<META_START>", "<META_START>", "<META_START>", "<META_START>", "<META_START>", "};", "<META_START>", "<META_START>", "<META_START>"], ["<SOS>", "<SOS>", "<SOS>", "<SOS>", "<SOS>", "},", "<SOS>", "<SOS>", "<SOS>"], ["<META_END>", "<META_END>", "<META_END>", "<META_END>", "<META_END>", "inement", "<META_END>", "<META_END>", "<META_END>"]], "top_logit_ablation_values": [[0, 0, 0, 0, 0, 1.364, 0, 0, 0], [0, 0, 0, 0, 0, 1.228, 0, 0, 0], [0, 0, 0, 0, 0, 1.223, 0, 0, 0], [0, 0, 0, 0, 0, 1.211, 0, 0, 0], [0, 0, 0, 0, 0, 1.182, 0, 0, 0]], "bottom_logit_ablation_values": [[0, 0, 0, 0, 0, -0.3165, 0, 0, 0], [0, 0, 0, 0, 0, -0.1551, 0, 0, 0], [0, 0, 0, 0, 0, -0.1377, 0, 0, 0], [0, 0, 0, 0, 0, -0.1118, 0, 0, 0], [0, 0, 0, 0, 0, -0.08847, 0, 0, 0]], "residual_loss_ablation": [1.649, -0.9952, -0.2815, -0.6566, -1.431, 7.321, -0.4655, 0.3301, 0]}}, {"tokens_str_list": ["\"", " \n       ", " M", "argin", "=\"", "0", ",", "5", ","], "tokens_acts_list": [0, 0, 0, 0, 0.4551, 0, 0, 0, 0], "train_token_ind": 4, "is_repeated_datapoint": 0, "datapoint_ind": 56880944, "ablations": {"loss_ablation": [0, 0, 0, 0, 0, 0.01328, 0, 0, 0], "top_logit_ablation_tokens_str": [["<META>", "<META>", "<META>", "<META>", "<META>", "alog", "<META>", "<META>", "<META>"], ["<EOT>", "<EOT>", "<EOT>", "<EOT>", "<EOT>", " own", "<EOT>", "<EOT>", "<EOT>"], ["<META_START>", "<META_START>", "<META_START>", "<META_START>", "<META_START>", "=====================", "<META_START>", "<META_START>", "<META_START>"], ["<SOS>", "<SOS>", "<SOS>", "<SOS>", "<SOS>", "ziel", "<SOS>", "<SOS>", "<SOS>"], ["<META_END>", "<META_END>", "<META_END>", "<META_END>", "<META_END>", " ago", "<META_END>", "<META_END>", "<META_END>"]], "bottom_logit_ablation_tokens_str": [["<META>", "<META>", "<META>", "<META>", "<META>", "}", "<META>", "<META>", "<META>"], ["<EOT>", "<EOT>", "<EOT>", "<EOT>", "<EOT>", "\"}", "<EOT>", "<EOT>", "<EOT>"], ["<META_START>", "<META_START>", "<META_START>", "<META_START>", "<META_START>", "};", "<META_START>", "<META_START>", "<META_START>"], ["<SOS>", "<SOS>", "<SOS>", "<SOS>", "<SOS>", "},", "<SOS>", "<SOS>", "<SOS>"], ["<META_END>", "<META_END>", "<META_END>", "<META_END>", "<META_END>", "inement", "<META_END>", "<META_END>", "<META_END>"]], "top_logit_ablation_values": [[0, 0, 0, 0, 0, 0.5716, 0, 0, 0], [0, 0, 0, 0, 0, 0.5251, 0, 0, 0], [0, 0, 0, 0, 0, 0.5238, 0, 0, 0], [0, 0, 0, 0, 0, 0.5166, 0, 0, 0], [0, 0, 0, 0, 0, 0.5024, 0, 0, 0]], "bottom_logit_ablation_values": [[0, 0, 0, 0, 0, -0.1223, 0, 0, 0], [0, 0, 0, 0, 0, -0.04805, 0, 0, 0], [0, 0, 0, 0, 0, -0.03798, 0, 0, 0], [0, 0, 0, 0, 0, -0.03126, 0, 0, 0], [0, 0, 0, 0, 0, -0.02176, 0, 0, 0]], "residual_loss_ablation": [0.104, -3.36, -1.074, 1.646, 1.018, 0.808, 6.531, 4.32, 0]}}, {"tokens_str_list": [" thats", " usually", " almost", " always", " the", " cause", " of", " this", " error"], "tokens_acts_list": [0, 0, 0, 0, 0.004378, 0, 0, 0, 0], "train_token_ind": 4, "is_repeated_datapoint": 0, "datapoint_ind": 18616307, "ablations": {"loss_ablation": [0, 0, 0, 0, 0, -0.001412, 0, 0, 0], "top_logit_ablation_tokens_str": [["<META>", "<META>", "<META>", "<META>", "<META>", "alog", "<META>", "<META>", "<META>"], ["<EOT>", "<EOT>", "<EOT>", "<EOT>", "<EOT>", "=====================", "<EOT>", "<EOT>", "<EOT>"], ["<META_START>", "<META_START>", "<META_START>", "<META_START>", "<META_START>", "ULD", "<META_START>", "<META_START>", "<META_START>"], ["<SOS>", "<SOS>", "<SOS>", "<SOS>", "<SOS>", "icated", "<SOS>", "<SOS>", "<SOS>"], ["<META_END>", "<META_END>", "<META_END>", "<META_END>", "<META_END>", "ziel", "<META_END>", "<META_END>", "<META_END>"]], "bottom_logit_ablation_tokens_str": [["<META>", "<META>", "<META>", "<META>", "<META>", "}", "<META>", "<META>", "<META>"], ["<EOT>", "<EOT>", "<EOT>", "<EOT>", "<EOT>", "\"}", "<EOT>", "<EOT>", "<EOT>"], ["<META_START>", "<META_START>", "<META_START>", "<META_START>", "<META_START>", "inement", "<META_START>", "<META_START>", "<META_START>"], ["<SOS>", "<SOS>", "<SOS>", "<SOS>", "<SOS>", "},", "<SOS>", "<SOS>", "<SOS>"], ["<META_END>", "<META_END>", "<META_END>", "<META_END>", "<META_END>", "}>", "<META_END>", "<META_END>", "<META_END>"]], "top_logit_ablation_values": [[0, 0, 0, 0, 0, 0.0278, 0, 0, 0], [0, 0, 0, 0, 0, 0.02757, 0, 0, 0], [0, 0, 0, 0, 0, 0.0265, 0, 0, 0], [0, 0, 0, 0, 0, 0.02638, 0, 0, 0], [0, 0, 0, 0, 0, 0.0263, 0, 0, 0]], "bottom_logit_ablation_values": [[0, 0, 0, 0, 0, -0.006654, 0, 0, 0], [0, 0, 0, 0, 0, -0.001237, 0, 0, 0], [0, 0, 0, 0, 0, -0.001189, 0, 0, 0], [0, 0, 0, 0, 0, -0.000926, 0, 0, 0], [0, 0, 0, 0, 0, -0.0006866, 0, 0, 0]], "residual_loss_ablation": [1.59, 0.1621, -0.439, 0.6889, -0.8001, 1.022, -0.9075, 0.2921, 0]}}]}], "statistics": {"density_frac": 3e-08, "global_max_act": 0.8271, "abs_max_neuron_weights": [0.1571, 0.1403, 0.134], "abs_max_neuron_inds": [74, 487, 496], "l1_max_neuron_weights": [0.00909, 0.00812, 0.007753]}, "logit_effects": {"negatives": [["mite", -0.3881], ["icated", -0.3895], ["folk", -0.3978], ["dell", -0.3995], ["ainties", -0.4074], [" ago", -0.4101], ["ziel", -0.4351], ["=====================", -0.443], [" own", -0.4495], ["alog", -0.5218]], "positives": [["}", 0.5983], ["\"}", 0.4773], ["};", 0.4587], ["},", 0.4493], ["inement", 0.4336], ["}</", 0.4299], ["\u0434\u0430", 0.4249], ["ined", 0.4238], ["}>", 0.4153], ["ceptive", 0.4103]]}}