{"index": 2365, "act_buckets": [0, 0, 0, 0, 0, 0, 0, 0, 0, 0, 0, 0, 0, 0, 0, 0, 0, 0, 0, 0, 0, 0, 0, 0, 1, 0, 0, 0, 0, 1, 0, 0, 0, 0, 0, 0, 0, 0, 0, 1], "act_bucket_edges": [0, 0.009532, 0.01906, 0.0286, 0.03813, 0.04766, 0.05719, 0.06673, 0.07626, 0.08579, 0.09532, 0.1049, 0.1144, 0.1239, 0.1335, 0.143, 0.1525, 0.162, 0.1716, 0.1811, 0.1906, 0.2002, 0.2097, 0.2192, 0.2288, 0.2383, 0.2478, 0.2574, 0.2669, 0.2764, 0.286, 0.2955, 0.305, 0.3146, 0.3241, 0.3336, 0.3432, 0.3527, 0.3622, 0.3718, 0.3813], "logit_buckets": [2, 0, 2, 6, 13, 18, 27, 58, 79, 129, 199, 332, 492, 781, 3293, 2406, 3087, 4061, 5070, 5967, 6751, 7069, 6780, 5710, 4244, 3101, 2096, 1350, 911, 554, 346, 240, 162, 76, 52, 37, 19, 9, 2, 5], "logit_bucket_edges": [-0.501, -0.4771, -0.4533, -0.4294, -0.4056, -0.3817, -0.3578, -0.334, -0.3101, -0.2863, -0.2624, -0.2386, -0.2147, -0.1908, -0.167, -0.1431, -0.1193, -0.09541, -0.07155, -0.04769, -0.02384, 2.265e-05, 0.02388, 0.04774, 0.0716, 0.09545, 0.1193, 0.1432, 0.167, 0.1909, 0.2147, 0.2386, 0.2625, 0.2863, 0.3102, 0.334, 0.3579, 0.3817, 0.4056, 0.4295, 0.4533], "examples_quantiles": [{"quantile_name": "Top Activations", "quantile_max_act": 0.3813, "examples": [{"tokens_str_list": [" old", " topic", " (", "not", " entirely", " sure", " why", " thats", " a"], "tokens_acts_list": [0, 0, 0, 0, 0.3813, 0, 0, 0, 0], "train_token_ind": 4, "is_repeated_datapoint": 0, "datapoint_ind": 72925984, "ablations": {"loss_ablation": [0, 0, 0, 0, 0, -0.04896, 0, 0, 0], "top_logit_ablation_tokens_str": [["<META>", "<META>", "<META>", "<META>", "<META>", " DISCLAIMED", "<META>", "<META>", "<META>"], ["<EOT>", "<EOT>", "<EOT>", "<EOT>", "<EOT>", " about", "<EOT>", "<EOT>", "<EOT>"], ["<META_START>", "<META_START>", "<META_START>", "<META_START>", "<META_START>", "istence", "<META_START>", "<META_START>", "<META_START>"], ["<SOS>", "<SOS>", "<SOS>", "<SOS>", "<SOS>", " regarding", "<SOS>", "<SOS>", "<SOS>"], ["<META_END>", "<META_END>", "<META_END>", "<META_END>", "<META_END>", "izes", "<META_END>", "<META_END>", "<META_END>"]], "bottom_logit_ablation_tokens_str": [["<META>", "<META>", "<META>", "<META>", "<META>", "gic", "<META>", "<META>", "<META>"], ["<EOT>", "<EOT>", "<EOT>", "<EOT>", "<EOT>", "txt", "<EOT>", "<EOT>", "<EOT>"], ["<META_START>", "<META_START>", "<META_START>", "<META_START>", "<META_START>", "hpp", "<META_START>", "<META_START>", "<META_START>"], ["<SOS>", "<SOS>", "<SOS>", "<SOS>", "<SOS>", "quent", "<SOS>", "<SOS>", "<SOS>"], ["<META_END>", "<META_END>", "<META_END>", "<META_END>", "<META_END>", "mpre", "<META_END>", "<META_END>", "<META_END>"]], "top_logit_ablation_values": [[0, 0, 0, 0, 0, 0.3172, 0, 0, 0], [0, 0, 0, 0, 0, 0.2706, 0, 0, 0], [0, 0, 0, 0, 0, 0.2409, 0, 0, 0], [0, 0, 0, 0, 0, 0.2406, 0, 0, 0], [0, 0, 0, 0, 0, 0.2391, 0, 0, 0]], "bottom_logit_ablation_values": [[0, 0, 0, 0, 0, -0.3272, 0, 0, 0], [0, 0, 0, 0, 0, -0.3185, 0, 0, 0], [0, 0, 0, 0, 0, -0.3108, 0, 0, 0], [0, 0, 0, 0, 0, -0.3043, 0, 0, 0], [0, 0, 0, 0, 0, -0.3033, 0, 0, 0]], "residual_loss_ablation": [1.649, -0.9952, -0.2815, -0.6566, -1.431, 7.321, -0.4655, 0.3301, 0]}}, {"tokens_str_list": ["\n                                             ", " 6", "\n\f", "<EOT>", "Abbrev", "iations", "\n", "=============", "\n"], "tokens_acts_list": [0, 0, 0, 0, 0.2766, 0, 0, 0, 0], "train_token_ind": 4, "is_repeated_datapoint": 0, "datapoint_ind": 17505211, "ablations": {"loss_ablation": [0, 0, 0, 0, 0, 0.001713, 0, 0, 0], "top_logit_ablation_tokens_str": [["<META>", "<META>", "<META>", "<META>", "<META>", " DISCLAIMED", "<META>", "<META>", "<META>"], ["<EOT>", "<EOT>", "<EOT>", "<EOT>", "<EOT>", " about", "<EOT>", "<EOT>", "<EOT>"], ["<META_START>", "<META_START>", "<META_START>", "<META_START>", "<META_START>", " regarding", "<META_START>", "<META_START>", "<META_START>"], ["<SOS>", "<SOS>", "<SOS>", "<SOS>", "<SOS>", "istence", "<SOS>", "<SOS>", "<SOS>"], ["<META_END>", "<META_END>", "<META_END>", "<META_END>", "<META_END>", " of", "<META_END>", "<META_END>", "<META_END>"]], "bottom_logit_ablation_tokens_str": [["<META>", "<META>", "<META>", "<META>", "<META>", "hpp", "<META>", "<META>", "<META>"], ["<EOT>", "<EOT>", "<EOT>", "<EOT>", "<EOT>", "lace", "<EOT>", "<EOT>", "<EOT>"], ["<META_START>", "<META_START>", "<META_START>", "<META_START>", "<META_START>", "gic", "<META_START>", "<META_START>", "<META_START>"], ["<SOS>", "<SOS>", "<SOS>", "<SOS>", "<SOS>", "rances", "<SOS>", "<SOS>", "<SOS>"], ["<META_END>", "<META_END>", "<META_END>", "<META_END>", "<META_END>", "quent", "<META_END>", "<META_END>", "<META_END>"]], "top_logit_ablation_values": [[0, 0, 0, 0, 0, 0.1497, 0, 0, 0], [0, 0, 0, 0, 0, 0.1461, 0, 0, 0], [0, 0, 0, 0, 0, 0.1351, 0, 0, 0], [0, 0, 0, 0, 0, 0.1344, 0, 0, 0], [0, 0, 0, 0, 0, 0.1314, 0, 0, 0]], "bottom_logit_ablation_values": [[0, 0, 0, 0, 0, -0.1277, 0, 0, 0], [0, 0, 0, 0, 0, -0.1233, 0, 0, 0], [0, 0, 0, 0, 0, -0.1216, 0, 0, 0], [0, 0, 0, 0, 0, -0.1215, 0, 0, 0], [0, 0, 0, 0, 0, -0.1205, 0, 0, 0]], "residual_loss_ablation": [0.7787, 2.314, 4.341, 1.989, 0.06188, 1.843, -1.845, 4.214, 0]}}, {"tokens_str_list": ["oids", ".\\[[@", "CR", "23", "],", " [@", "CR", "25", "]\\]"], "tokens_acts_list": [0, 0, 0, 0, 0.2337, 0, 0, 0, 0], "train_token_ind": 4, "is_repeated_datapoint": 0, "datapoint_ind": 24540605, "ablations": {"loss_ablation": [0, 0, 0, 0, 0, 0.01541, 0, 0, 0], "top_logit_ablation_tokens_str": [["<META>", "<META>", "<META>", "<META>", "<META>", " about", "<META>", "<META>", "<META>"], ["<EOT>", "<EOT>", "<EOT>", "<EOT>", "<EOT>", " DISCLAIMED", "<EOT>", "<EOT>", "<EOT>"], ["<META_START>", "<META_START>", "<META_START>", "<META_START>", "<META_START>", " of", "<META_START>", "<META_START>", "<META_START>"], ["<SOS>", "<SOS>", "<SOS>", "<SOS>", "<SOS>", " regarding", "<SOS>", "<SOS>", "<SOS>"], ["<META_END>", "<META_END>", "<META_END>", "<META_END>", "<META_END>", " behind", "<META_END>", "<META_END>", "<META_END>"]], "bottom_logit_ablation_tokens_str": [["<META>", "<META>", "<META>", "<META>", "<META>", "quent", "<META>", "<META>", "<META>"], ["<EOT>", "<EOT>", "<EOT>", "<EOT>", "<EOT>", "rances", "<EOT>", "<EOT>", "<EOT>"], ["<META_START>", "<META_START>", "<META_START>", "<META_START>", "<META_START>", "hpp", "<META_START>", "<META_START>", "<META_START>"], ["<SOS>", "<SOS>", "<SOS>", "<SOS>", "<SOS>", "gic", "<SOS>", "<SOS>", "<SOS>"], ["<META_END>", "<META_END>", "<META_END>", "<META_END>", "<META_END>", "lace", "<META_END>", "<META_END>", "<META_END>"]], "top_logit_ablation_values": [[0, 0, 0, 0, 0, 0.2431, 0, 0, 0], [0, 0, 0, 0, 0, 0.2248, 0, 0, 0], [0, 0, 0, 0, 0, 0.2173, 0, 0, 0], [0, 0, 0, 0, 0, 0.2049, 0, 0, 0], [0, 0, 0, 0, 0, 0.2023, 0, 0, 0]], "bottom_logit_ablation_values": [[0, 0, 0, 0, 0, -0.1849, 0, 0, 0], [0, 0, 0, 0, 0, -0.1835, 0, 0, 0], [0, 0, 0, 0, 0, -0.179, 0, 0, 0], [0, 0, 0, 0, 0, -0.1777, 0, 0, 0], [0, 0, 0, 0, 0, -0.173, 0, 0, 0]], "residual_loss_ablation": [4.096, 1.95, -0.3874, -0.3619, -4.063, 0.1594, -0.01477, 0.699, 0]}}]}], "statistics": {"density_frac": 3e-08, "global_max_act": 0.3813, "abs_max_neuron_weights": [-0.1284, 0.1234, 0.1232], "abs_max_neuron_inds": [388, 321, 508], "l1_max_neuron_weights": [0.007066, 0.006795, 0.006783]}, "logit_effects": {"negatives": [[" than", -0.4065], ["istence", -0.41], [" HOLDERS", -0.4142], [" against", -0.4163], [" existed", -0.4197], [" behind", -0.4288], [" regarding", -0.4455], [" of", -0.4478], [" DISCLAIMED", -0.4879], [" about", -0.501]], "positives": [["quent", 0.4533], ["hpp", 0.4481], ["rances", 0.437], ["gic", 0.4338], ["lace", 0.4323], ["txt", 0.4153], ["resc", 0.4124], ["mpre", 0.4031], ["shirt", 0.3994], ["gende", 0.3964]]}}