{"index": 238, "act_buckets": [0, 0, 0, 0, 0, 0, 0, 0, 0, 0, 0, 0, 1, 0, 0, 0, 0, 0, 0, 0, 0, 0, 0, 0, 0, 0, 1, 0, 0, 0, 0, 0, 1, 0, 0, 0, 0, 0, 0, 1], "act_bucket_edges": [0, 0.01028, 0.02056, 0.03084, 0.04112, 0.0514, 0.06168, 0.07196, 0.08224, 0.09252, 0.1028, 0.1131, 0.1234, 0.1336, 0.1439, 0.1542, 0.1645, 0.1748, 0.185, 0.1953, 0.2056, 0.2159, 0.2262, 0.2364, 0.2467, 0.257, 0.2673, 0.2776, 0.2878, 0.2981, 0.3084, 0.3187, 0.329, 0.3392, 0.3495, 0.3598, 0.3701, 0.3804, 0.3906, 0.4009, 0.4112], "logit_buckets": [1, 2, 4, 7, 11, 22, 35, 58, 81, 164, 230, 349, 677, 957, 1478, 2198, 2795, 5410, 5703, 6472, 7024, 7163, 6593, 5677, 4307, 2910, 1917, 1257, 780, 524, 297, 191, 116, 61, 31, 15, 11, 2, 4, 2], "logit_bucket_edges": [-0.4363, -0.4154, -0.3945, -0.3736, -0.3527, -0.3318, -0.3109, -0.29, -0.2691, -0.2482, -0.2273, -0.2064, -0.1855, -0.1646, -0.1437, -0.1228, -0.1019, -0.08098, -0.06008, -0.03918, -0.01828, 0.002614, 0.02351, 0.04441, 0.06531, 0.08621, 0.1071, 0.128, 0.1489, 0.1698, 0.1907, 0.2116, 0.2325, 0.2534, 0.2743, 0.2952, 0.3161, 0.337, 0.3579, 0.3788, 0.3997], "examples_quantiles": [{"quantile_name": "Top Activations", "quantile_max_act": 0.4112, "examples": [{"tokens_str_list": ["\n", "the", " regular", " package", " repos", " as", " well", ".", "\n\n"], "tokens_acts_list": [0, 0, 0, 0, 0.4112, 0, 0, 0, 0], "train_token_ind": 4, "is_repeated_datapoint": 0, "datapoint_ind": 4876114, "ablations": {"loss_ablation": [0, 0, 0, 0, 0, -0.04496, 0, 0, 0], "top_logit_ablation_tokens_str": [["<META>", "<META>", "<META>", "<META>", "<META>", "ists", "<META>", "<META>", "<META>"], ["<EOT>", "<EOT>", "<EOT>", "<EOT>", "<EOT>", "ines", "<EOT>", "<EOT>", "<EOT>"], ["<META_START>", "<META_START>", "<META_START>", "<META_START>", "<META_START>", "wright", "<META_START>", "<META_START>", "<META_START>"], ["<SOS>", "<SOS>", "<SOS>", "<SOS>", "<SOS>", "ist", "<SOS>", "<SOS>", "<SOS>"], ["<META_END>", "<META_END>", "<META_END>", "<META_END>", "<META_END>", "1", "<META_END>", "<META_END>", "<META_END>"]], "bottom_logit_ablation_tokens_str": [["<META>", "<META>", "<META>", "<META>", "<META>", "?\u2019", "<META>", "<META>", "<META>"], ["<EOT>", "<EOT>", "<EOT>", "<EOT>", "<EOT>", "sible", "<EOT>", "<EOT>", "<EOT>"], ["<META_START>", "<META_START>", "<META_START>", "<META_START>", "<META_START>", " marry", "<META_START>", "<META_START>", "<META_START>"], ["<SOS>", "<SOS>", "<SOS>", "<SOS>", "<SOS>", "\u00eancia", "<SOS>", "<SOS>", "<SOS>"], ["<META_END>", "<META_END>", "<META_END>", "<META_END>", "<META_END>", "ogly", "<META_END>", "<META_END>", "<META_END>"]], "top_logit_ablation_values": [[0, 0, 0, 0, 0, 0.2503, 0, 0, 0], [0, 0, 0, 0, 0, 0.2363, 0, 0, 0], [0, 0, 0, 0, 0, 0.2331, 0, 0, 0], [0, 0, 0, 0, 0, 0.224, 0, 0, 0], [0, 0, 0, 0, 0, 0.2181, 0, 0, 0]], "bottom_logit_ablation_values": [[0, 0, 0, 0, 0, -0.2679, 0, 0, 0], [0, 0, 0, 0, 0, -0.2548, 0, 0, 0], [0, 0, 0, 0, 0, -0.2511, 0, 0, 0], [0, 0, 0, 0, 0, -0.2474, 0, 0, 0], [0, 0, 0, 0, 0, -0.2443, 0, 0, 0]], "residual_loss_ablation": [3.905, 0.8264, 1.279, 1.71, 1.319, 2.127, 0.6254, 0.9021, 0]}}, {"tokens_str_list": [" old", " topic", " (", "not", " entirely", " sure", " why", " thats", " a"], "tokens_acts_list": [0, 0, 0, 0, 0.3316, 0, 0, 0, 0], "train_token_ind": 4, "is_repeated_datapoint": 0, "datapoint_ind": 72925984, "ablations": {"loss_ablation": [0, 0, 0, 0, 0, -0.04582, 0, 0, 0], "top_logit_ablation_tokens_str": [["<META>", "<META>", "<META>", "<META>", "<META>", "ists", "<META>", "<META>", "<META>"], ["<EOT>", "<EOT>", "<EOT>", "<EOT>", "<EOT>", "wright", "<EOT>", "<EOT>", "<EOT>"], ["<META_START>", "<META_START>", "<META_START>", "<META_START>", "<META_START>", "ich", "<META_START>", "<META_START>", "<META_START>"], ["<SOS>", "<SOS>", "<SOS>", "<SOS>", "<SOS>", "ist", "<SOS>", "<SOS>", "<SOS>"], ["<META_END>", "<META_END>", "<META_END>", "<META_END>", "<META_END>", "ines", "<META_END>", "<META_END>", "<META_END>"]], "bottom_logit_ablation_tokens_str": [["<META>", "<META>", "<META>", "<META>", "<META>", "\u00eancia", "<META>", "<META>", "<META>"], ["<EOT>", "<EOT>", "<EOT>", "<EOT>", "<EOT>", "?\u2019", "<EOT>", "<EOT>", "<EOT>"], ["<META_START>", "<META_START>", "<META_START>", "<META_START>", "<META_START>", "sible", "<META_START>", "<META_START>", "<META_START>"], ["<SOS>", "<SOS>", "<SOS>", "<SOS>", "<SOS>", " marry", "<SOS>", "<SOS>", "<SOS>"], ["<META_END>", "<META_END>", "<META_END>", "<META_END>", "<META_END>", "roads", "<META_END>", "<META_END>", "<META_END>"]], "top_logit_ablation_values": [[0, 0, 0, 0, 0, 0.2592, 0, 0, 0], [0, 0, 0, 0, 0, 0.2436, 0, 0, 0], [0, 0, 0, 0, 0, 0.2426, 0, 0, 0], [0, 0, 0, 0, 0, 0.2394, 0, 0, 0], [0, 0, 0, 0, 0, 0.2386, 0, 0, 0]], "bottom_logit_ablation_values": [[0, 0, 0, 0, 0, -0.216, 0, 0, 0], [0, 0, 0, 0, 0, -0.2137, 0, 0, 0], [0, 0, 0, 0, 0, -0.2111, 0, 0, 0], [0, 0, 0, 0, 0, -0.2031, 0, 0, 0], [0, 0, 0, 0, 0, -0.1973, 0, 0, 0]], "residual_loss_ablation": [1.649, -0.9952, -0.2815, -0.6566, -1.431, 7.321, -0.4655, 0.3301, 0]}}, {"tokens_str_list": [" also", " authored", " the", " \u201c", "Greater", " View", " Series", ",\u201d", " 20"], "tokens_acts_list": [0, 0, 0, 0, 0.2718, 0, 0, 0, 0], "train_token_ind": 4, "is_repeated_datapoint": 0, "datapoint_ind": 49427812, "ablations": {"loss_ablation": [0, 0, 0, 0, 0, -0.0697, 0, 0, 0], "top_logit_ablation_tokens_str": [["<META>", "<META>", "<META>", "<META>", "<META>", "ists", "<META>", "<META>", "<META>"], ["<EOT>", "<EOT>", "<EOT>", "<EOT>", "<EOT>", "ped", "<EOT>", "<EOT>", "<EOT>"], ["<META_START>", "<META_START>", "<META_START>", "<META_START>", "<META_START>", "wright", "<META_START>", "<META_START>", "<META_START>"], ["<SOS>", "<SOS>", "<SOS>", "<SOS>", "<SOS>", "ines", "<SOS>", "<SOS>", "<SOS>"], ["<META_END>", "<META_END>", "<META_END>", "<META_END>", "<META_END>", "lemen", "<META_END>", "<META_END>", "<META_END>"]], "bottom_logit_ablation_tokens_str": [["<META>", "<META>", "<META>", "<META>", "<META>", "?\u2019", "<META>", "<META>", "<META>"], ["<EOT>", "<EOT>", "<EOT>", "<EOT>", "<EOT>", "sible", "<EOT>", "<EOT>", "<EOT>"], ["<META_START>", "<META_START>", "<META_START>", "<META_START>", "<META_START>", " marry", "<META_START>", "<META_START>", "<META_START>"], ["<SOS>", "<SOS>", "<SOS>", "<SOS>", "<SOS>", "\u00eancia", "<SOS>", "<SOS>", "<SOS>"], ["<META_END>", "<META_END>", "<META_END>", "<META_END>", "<META_END>", "ogly", "<META_END>", "<META_END>", "<META_END>"]], "top_logit_ablation_values": [[0, 0, 0, 0, 0, 0.1807, 0, 0, 0], [0, 0, 0, 0, 0, 0.1728, 0, 0, 0], [0, 0, 0, 0, 0, 0.171, 0, 0, 0], [0, 0, 0, 0, 0, 0.1677, 0, 0, 0], [0, 0, 0, 0, 0, 0.1654, 0, 0, 0]], "bottom_logit_ablation_values": [[0, 0, 0, 0, 0, -0.2027, 0, 0, 0], [0, 0, 0, 0, 0, -0.1979, 0, 0, 0], [0, 0, 0, 0, 0, -0.1963, 0, 0, 0], [0, 0, 0, 0, 0, -0.1953, 0, 0, 0], [0, 0, 0, 0, 0, -0.1869, 0, 0, 0]], "residual_loss_ablation": [1.393, 5.88, -0.6024, 1.025, -0.2184, 3.298, -1.513, -0.009114, 0]}}, {"tokens_str_list": [" thats", " usually", " almost", " always", " the", " cause", " of", " this", " error"], "tokens_acts_list": [0, 0, 0, 0, 0.1326, 0, 0, 0, 0], "train_token_ind": 4, "is_repeated_datapoint": 0, "datapoint_ind": 18616307, "ablations": {"loss_ablation": [0, 0, 0, 0, 0, 0.001016, 0, 0, 0], "top_logit_ablation_tokens_str": [["<META>", "<META>", "<META>", "<META>", "<META>", "ists", "<META>", "<META>", "<META>"], ["<EOT>", "<EOT>", "<EOT>", "<EOT>", "<EOT>", "wright", "<EOT>", "<EOT>", "<EOT>"], ["<META_START>", "<META_START>", "<META_START>", "<META_START>", "<META_START>", "ines", "<META_START>", "<META_START>", "<META_START>"], ["<SOS>", "<SOS>", "<SOS>", "<SOS>", "<SOS>", "ist", "<SOS>", "<SOS>", "<SOS>"], ["<META_END>", "<META_END>", "<META_END>", "<META_END>", "<META_END>", "ich", "<META_END>", "<META_END>", "<META_END>"]],