{"index": 242, "act_buckets": [0, 0, 0, 0, 0, 0, 0, 0, 0, 0, 0, 0, 0, 0, 0, 0, 0, 0, 0, 0, 0, 0, 0, 0, 0, 0, 0, 0, 0, 0, 0, 0, 0, 0, 0, 0, 0, 0, 0, 1], "act_bucket_edges": [0, 0.003248, 0.006495, 0.009743, 0.01299, 0.01624, 0.01949, 0.02273, 0.02598, 0.02923, 0.03248, 0.03572, 0.03897, 0.04222, 0.04547, 0.04871, 0.05196, 0.05521, 0.05846, 0.0617, 0.06495, 0.0682, 0.07145, 0.0747, 0.07794, 0.08119, 0.08444, 0.08769, 0.09093, 0.09418, 0.09743, 0.1007, 0.1039, 0.1072, 0.1104, 0.1137, 0.1169, 0.1202, 0.1234, 0.1267, 0.1299], "logit_buckets": [1, 0, 0, 1, 2, 5, 4, 7, 9, 19, 23, 53, 112, 156, 317, 513, 902, 1474, 2177, 3331, 4854, 6423, 8506, 12280, 8200, 6099, 4070, 2568, 1495, 839, 476, 249, 153, 91, 56, 30, 23, 5, 5, 4], "logit_bucket_edges": [-0.6423, -0.6147, -0.587, -0.5594, -0.5317, -0.5041, -0.4764, -0.4488, -0.4211, -0.3935, -0.3658, -0.3382, -0.3105, -0.2829, -0.2553, -0.2276, -0.2, -0.1723, -0.1447, -0.117, -0.08937, -0.06172, -0.03407, -0.006424, 0.02122, 0.04887, 0.07652, 0.1042, 0.1318, 0.1595, 0.1871, 0.2148, 0.2424, 0.27, 0.2977, 0.3253, 0.353, 0.3806, 0.4083, 0.4359, 0.4636], "examples_quantiles": [{"quantile_name": "Top Activations", "quantile_max_act": 0.1299, "examples": [{"tokens_str_list": ["'t", " happen", " (", "bas", "ically", ":", " have", " Google", " Home"], "tokens_acts_list": [0, 0, 0, 0, 0.1299, 0, 0, 0, 0], "train_token_ind": 4, "is_repeated_datapoint": 0, "datapoint_ind": 48945458, "ablations": {"loss_ablation": [0, 0, 0, 0, 0, 0.009953, 0, 0, 0], "top_logit_ablation_tokens_str": [["<META>", "<META>", "<META>", "<META>", "<META>", "ist", "<META>", "<META>", "<META>"], ["<EOT>", "<EOT>", "<EOT>", "<EOT>", "<EOT>", "ful", "<EOT>", "<EOT>", "<EOT>"], ["<META_START>", "<META_START>", "<META_START>", "<META_START>", "<META_START>", "fully", "<META_START>", "<META_START>", "<META_START>"], ["<SOS>", "<SOS>", "<SOS>", "<SOS>", "<SOS>", "\u03bd", "<SOS>", "<SOS>", "<SOS>"], ["<META_END>", "<META_END>", "<META_END>", "<META_END>", "<META_END>", "ists", "<META_END>", "<META_END>", "<META_END>"]], "bottom_logit_ablation_tokens_str": [["<META>", "<META>", "<META>", "<META>", "<META>", "\n\n       ", "<META>", "<META>", "<META>"], ["<EOT>", "<EOT>", "<EOT>", "<EOT>", "<EOT>", "\r", "<EOT>", "<EOT>", "<EOT>"], ["<META_START>", "<META_START>", "<META_START>", "<META_START>", "<META_START>", ".\u2014", "<META_START>", "<META_START>", "<META_START>"], ["<SOS>", "<SOS>", "<SOS>", "<SOS>", "<SOS>", "boro", "<SOS>", "<SOS>", "<SOS>"], ["<META_END>", "<META_END>", "<META_END>", "<META_END>", "<META_END>", "\n\n   ", "<META_END>", "<META_END>", "<META_END>"]], "top_logit_ablation_values": [[0, 0, 0, 0, 0, 0.1548, 0, 0, 0], [0, 0, 0, 0, 0, 0.137, 0, 0, 0], [0, 0, 0, 0, 0, 0.1344, 0, 0, 0], [0, 0, 0, 0, 0, 0.1324, 0, 0, 0], [0, 0, 0, 0, 0, 0.1294, 0, 0, 0]], "bottom_logit_ablation_values": [[0, 0, 0, 0, 0, -0.08253, 0, 0, 0], [0, 0, 0, 0, 0, -0.07192, 0, 0, 0], [0, 0, 0, 0, 0, -0.0713, 0, 0, 0], [0, 0, 0, 0, 0, -0.07044, 0, 0, 0], [0, 0, 0, 0, 0, -0.06955, 0, 0, 0]], "residual_loss_ablation": [-0.01057, 3.387, 1.489, 0.1509, 9.419, 0.1511, 0.1453, 2.102, 0]}}]}], "statistics": {"density_frac": 1e-08, "global_max_act": 0.1299, "abs_max_neuron_weights": [0.1407, 0.1393, 0.1324], "abs_max_neuron_inds": [369, 276, 79], "l1_max_neuron_weights": [0.007784, 0.007707, 0.007327]}, "logit_effects": {"negatives": [["an", -0.4706], ["hes", -0.482], ["oned", -0.4899], ["o", -0.4929], ["fully", -0.4995], ["izes", -0.5041], ["\u03bd", -0.508], ["ful", -0.5146], ["ists", -0.5404], ["ist", -0.6423]], "positives": [["\n\n       ", 0.4636], ["\n", 0.4509], [".\u2014", 0.4462], ["\r", 0.4362], ["manship", 0.4297], ["boro", 0.4266], ["\n\n\n\n", 0.4205], ["\n\n   ", 0.4187], ["\n\n\t", 0.4177], [",'", 0.4046]]}}