{"index": 2480, "act_buckets": [0, 0, 0, 0, 1, 1, 0, 0, 0, 0, 0, 0, 1, 0, 0, 0, 0, 0, 0, 0, 0, 0, 0, 1, 0, 0, 0, 0, 0, 0, 1, 0, 0, 0, 0, 0, 0, 0, 0, 1], "act_bucket_edges": [0, 0.02048, 0.04096, 0.06144, 0.08192, 0.1024, 0.1229, 0.1434, 0.1638, 0.1843, 0.2048, 0.2253, 0.2458, 0.2663, 0.2867, 0.3072, 0.3277, 0.3482, 0.3687, 0.3891, 0.4096, 0.4301, 0.4506, 0.4711, 0.4915, 0.512, 0.5325, 0.553, 0.5735, 0.5939, 0.6144, 0.6349, 0.6554, 0.6759, 0.6963, 0.7168, 0.7373, 0.7578, 0.7783, 0.7988, 0.8192], "logit_buckets": [3, 0, 2, 2, 3, 10, 15, 23, 32, 53, 75, 118, 154, 228, 336, 473, 1745, 2480, 2181, 2556, 3127, 4192, 5522, 6552, 6943, 6752, 6032, 5170, 4064, 2777, 1705, 1032, 581, 304, 145, 97, 26, 14, 5, 7], "logit_bucket_edges": [-0.591, -0.5668, -0.5426, -0.5184, -0.4942, -0.47, -0.4458, -0.4216, -0.3974, -0.3732, -0.349, -0.3248, -0.3006, -0.2764, -0.2522, -0.228, -0.2038, -0.1796, -0.1554, -0.1312, -0.107, -0.08283, -0.05863, -0.03443, -0.01024, 0.01396, 0.03816, 0.06236, 0.08655, 0.1108, 0.1349, 0.1591, 0.1833, 0.2075, 0.2317, 0.2559, 0.2801, 0.3043, 0.3285, 0.3527, 0.3769], "examples_quantiles": [{"quantile_name": "Top Activations", "quantile_max_act": 0.8192, "examples": [{"tokens_str_list": [" (-", "8", ")/(-", "12", ")*(-", "145", "66", ")/((-", "7"], "tokens_acts_list": [0, 0, 0, 0, 0.8192, 0, 0, 0, 0], "train_token_ind": 4, "is_repeated_datapoint": 0, "datapoint_ind": 5547788, "ablations": {"loss_ablation": [0, 0, 0, 0, 0, 0.02002, 0, 0, 0], "top_logit_ablation_tokens_str": [["<META>", "<META>", "<META>", "<META>", "<META>", "oned", "<META>", "<META>", "<META>"], ["<EOT>", "<EOT>", "<EOT>", "<EOT>", "<EOT>", "izes", "<EOT>", "<EOT>", "<EOT>"], ["<META_START>", "<META_START>", "<META_START>", "<META_START>", "<META_START>", "iously", "<META_START>", "<META_START>", "<META_START>"], ["<SOS>", "<SOS>", "<SOS>", "<SOS>", "<SOS>", "ious", "<SOS>", "<SOS>", "<SOS>"], ["<META_END>", "<META_END>", "<META_END>", "<META_END>", "<META_END>", "ifies", "<META_END>", "<META_END>", "<META_END>"]], "bottom_logit_ablation_tokens_str": [["<META>", "<META>", "<META>", "<META>", "<META>", "ci\u00f3n", "<META>", "<META>", "<META>"], ["<EOT>", "<EOT>", "<EOT>", "<EOT>", "<EOT>", "\u00e7\u00f5es", "<EOT>", "<EOT>", "<EOT>"], ["<META_START>", "<META_START>", "<META_START>", "<META_START>", "<META_START>", "INK", "<META_START>", "<META_START>", "<META_START>"], ["<SOS>", "<SOS>", "<SOS>", "<SOS>", "<SOS>", "\u00e7\u00e3o", "<SOS>", "<SOS>", "<SOS>"], ["<META_END>", "<META_END>", "<META_END>", "<META_END>", "<META_END>", " Voivodeship", "<META_END>", "<META_END>", "<META_END>"]], "top_logit_ablation_values": [[0, 0, 0, 0, 0, 1.055, 0, 0, 0], [0, 0, 0, 0, 0, 1.04, 0, 0, 0], [0, 0, 0, 0, 0, 1.036, 0, 0, 0], [0, 0, 0, 0, 0, 1.027, 0, 0, 0], [0, 0, 0, 0, 0, 1.008, 0, 0, 0]], "bottom_logit_ablation_values": [[0, 0, 0, 0, 0, 0.05864, 0, 0, 0], [0, 0, 0, 0, 0, 0.06213, 0, 0, 0], [0, 0, 0, 0, 0, 0.06756, 0, 0, 0], [0, 0, 0, 0, 0, 0.06924, 0, 0, 0], [0, 0, 0, 0, 0, 0.08447, 0, 0, 0]], "residual_loss_ablation": [4.172, -0.1182, 3.626, -0.09521, 0.08316, -0.2478, 2.347, -1.624, 0]}}, {"tokens_str_list": ["\\x9d", "\\xe1\\x83", "\\x93", " \\xe1\\x83", "\\xac", "\u10d8\\xe1\\x83", "\\x9c", "\u10d0\\xe1\\x83", "\\xa1"], "tokens_acts_list": [0, 0, 0, 0, 0.6325, 0, 0, 0, 0], "train_token_ind": 4, "is_repeated_datapoint": 0, "datapoint_ind": 54671983, "ablations": {"loss_ablation": [0, 0, 0, 0, 0, -0.04341, 0, 0, 0], "top_logit_ablation_tokens_str": [["<META>", "<META>", "<META>", "<META>", "<META>", "oned", "<META>", "<META>", "<META>"], ["<EOT>", "<EOT>", "<EOT>", "<EOT>", "<EOT>", "iously", "<EOT>", "<EOT>", "<EOT>"], ["<META_START>", "<META_START>", "<META_START>", "<META_START>", "<META_START>", "ious", "<META_START>", "<META_START>", "<META_START>"], ["<SOS>", "<SOS>", "<SOS>", "<SOS>", "<SOS>", "izes", "<SOS>", "<SOS>", "<SOS>"], ["<META_END>", "<META_END>", "<META_END>", "<META_END>", "<META_END>", "fully", "<META_END>", "<META_END>", "<META_END>"]], "bottom_logit_ablation_tokens_str": [["<META>", "<META>", "<META>", "<META>", "<META>", "INK", "<META>", "<META>", "<META>"], ["<EOT>", "<EOT>", "<EOT>", "<EOT>", "<EOT>", "ci\u00f3n", "<EOT>", "<EOT>", "<EOT>"], ["<META_START>", "<META_START>", "<META_START>", "<META_START>", "<META_START>", "\u00e7\u00f5es", "<META_START>", "<META_START>", "<META_START>"], ["<SOS>", "<SOS>", "<SOS>", "<SOS>", "<SOS>", "ppat", "<SOS>", "<SOS>", "<SOS>"], ["<META_END>", "<META_END>", "<META_END>", "<META_END>", "<META_END>", "\u00e7\u00e3o", "<META_END>", "<META_END>", "<META_END>"]], "top_logit_ablation_values": [[0, 0, 0, 0, 0, 0.9409, 0, 0, 0], [0, 0, 0, 0, 0, 0.9253, 0, 0, 0], [0, 0, 0, 0, 0, 0.9111, 0, 0, 0], [0, 0, 0, 0, 0, 0.88, 0, 0, 0], [0, 0, 0, 0, 0, 0.8699, 0, 0, 0]], "bottom_logit_ablation_values": [[0, 0, 0, 0, 0, 0.02473, 0, 0, 0], [0, 0, 0, 0, 0, 0.02521, 0, 0, 0], [0, 0, 0, 0, 0, 0.03545, 0, 0, 0], [0, 0, 0, 0, 0, 0.0362, 0, 0, 0], [0, 0, 0, 0, 0, 0.04161, 0, 0, 0]], "residual_loss_ablation": [1.262, -0.07189, 1.003, -0.7419, 1.176, 0.2246, 0.1431, 0.2026, 0]}}, {"tokens_str_list": ["\n                                             ", " 6", "\n\f", "<EOT>", "Abbrev", "iations", "\n", "=============", "\n"], "tokens_acts_list": [0, 0, 0, 0, 0.4909, 0, 0, 0, 0], "train_token_ind": 4, "is_repeated_datapoint": 0, "datapoint_ind": 17505211, "ablations": {"loss_ablation": [0, 0, 0, 0, 0, 0.007103, 0, 0, 0], "top_logit_ablation_tokens_str": [["<META>", "<META>", "<META>", "<META>", "<META>", "iously", "<META>", "<META>", "<META>"], ["<EOT>", "<EOT>", "<EOT>", "<EOT>", "<EOT>", "ious", "<EOT>", "<EOT>", "<EOT>"], ["<META_START>", "<META_START>", "<META_START>", "<META_START>", "<META_START>", "oned", "<META_START>", "<META_START>", "<META_START>"], ["<SOS>", "<SOS>", "<SOS>", "<SOS>", "<SOS>", "izes", "<SOS>", "<SOS>", "<SOS>"], ["<META_END>", "<META_END>", "<META_END>", "<META_END>", "<META_END>", "ises", "<META_END>", "<META_END>", "<META_END>"]], "bottom_logit_ablation_tokens_str": [["<META>", "<META>", "<META>", "<META>", "<META>", " wrong", "<META>", "<META>", "<META>"], ["<EOT>", "<EOT>", "<EOT>", "<EOT>", "<EOT>", " fun", "<EOT>", "<EOT>", "<EOT>"], ["<META_START>", "<META_START>", "<META_START>", "<META_START>", "<META_START>", "INK", "<META_START>", "<META_START>", "<META_START>"], ["<SOS>", "<SOS>", "<SOS>", "<SOS>", "<SOS>", "ci\u00f3n", "<SOS>", "<SOS>", "<SOS>"], ["<META_END>", "<META_END>", "<META_END>", "<META_END>", "<META_END>", " Voivodeship", "<META_END>", "<META_END>", "<META_END>"]], "top_logit_ablation_values": [[0, 0, 0, 0, 0, 0.5904, 0, 0, 0], [0, 0, 0, 0, 0, 0.5896, 0, 0, 0], [0, 0, 0, 0, 0, 0.5803, 0, 0, 0], [0, 0, 0, 0, 0, 0.5577, 0, 0, 0], [0, 0, 0, 0, 0, 0.5487, 0, 0, 0]], "bottom_logit_ablation_values": [[0, 0, 0, 0, 0, 0.04645, 0, 0, 0], [0, 0, 0, 0, 0, 0.04791, 0, 0, 0], [0, 0, 0, 0, 0, 0.04991, 0, 0, 0], [0, 0, 0, 0, 0, 0.05814, 0, 0, 0], [0, 0, 0, 0, 0, 0.0603, 0, 0, 0]], "residual_loss_ablation": [0.7787, 2.314, 4.341, 1.989, 0.06188, 1.843, -1.845, 4.214, 0]}}, {"tokens_str_list": [" showed", " an", " approximately", " 300", "%", " increase", " in", " perfor", "in"], "tokens_acts_list": [0, 0, 0, 0, 0.2654, 0, 0, 0, 0], "train_token_ind": 4, "is_repeated_datapoint": 0, "datapoint_ind": 58063630, "ablations": {"loss_ablation": [0, 0, 0, 0, 0, 0.01061, 0, 0, 0], "top_logit_ablation_tokens_str": [["<META>", "<META>", "<META>", "<META>", "<META>", "ious", "<META>", "<META>", "<META>"], ["<EOT>", "<EOT>", "<EOT>", "<EOT>", "<EOT>", "iously", "<EOT>", "<EOT>", "<EOT>"], ["<META_START>", "<META_START>", "<META_START>", "<META_START>", "<META_START>", "oned", "<META_START>", "<META_START>", "<META_START>"], ["<SOS>", "<SOS>", "<SOS>", "<SOS>", "<SOS>", "izes", "<SOS>", "<SOS>", "<SOS>"], ["<META_END>", "<META_END>", "<META_END>", "<META_END>", "<META_END>", "fully", "<META_END>", "<META_END>", "<META_END>"]],