{"index": 2498, "act_buckets": [0, 0, 0, 0, 0, 0, 0, 0, 0, 1, 0, 0, 0, 0, 0, 0, 0, 0, 0, 0, 0, 0, 0, 0, 0, 0, 0, 0, 0, 0, 0, 0, 0, 0, 0, 0, 0, 0, 0, 1], "act_bucket_edges": [0, 0.004961, 0.009922, 0.01488, 0.01984, 0.0248, 0.02976, 0.03473, 0.03969, 0.04465, 0.04961, 0.05457, 0.05953, 0.06449, 0.06945, 0.07441, 0.07937, 0.08433, 0.08929, 0.09426, 0.09922, 0.1042, 0.1091, 0.1141, 0.1191, 0.124, 0.129, 0.1339, 0.1389, 0.1439, 0.1488, 0.1538, 0.1587, 0.1637, 0.1687, 0.1736, 0.1786, 0.1836, 0.1885, 0.1935, 0.1984], "logit_buckets": [1, 2, 3, 12, 20, 58, 122, 252, 532, 1021, 1725, 2677, 3827, 4897, 6175, 7697, 8367, 7597, 7966, 3907, 2650, 1820, 1303, 856, 553, 430, 288, 206, 142, 130, 92, 76, 50, 43, 20, 13, 5, 0, 0, 1], "logit_bucket_edges": [-0.2357, -0.2214, -0.207, -0.1927, -0.1784, -0.164, -0.1497, -0.1353, -0.121, -0.1067, -0.09232, -0.07798, -0.06364, -0.0493, -0.03496, -0.02062, -0.006276, 0.008064, 0.0224, 0.03674, 0.05109, 0.06543, 0.07977, 0.09411, 0.1084, 0.1228, 0.1371, 0.1515, 0.1658, 0.1801, 0.1945, 0.2088, 0.2232, 0.2375, 0.2518, 0.2662, 0.2805, 0.2949, 0.3092, 0.3235, 0.3379], "examples_quantiles": [{"quantile_name": "Top Activations", "quantile_max_act": 0.1984, "examples": [{"tokens_str_list": ["Harry", " L", ".", " Aber", "c", "rom", "bie", " appeals", " pro"], "tokens_acts_list": [0, 0, 0, 0, 0.1984, 0, 0, 0, 0], "train_token_ind": 4, "is_repeated_datapoint": 0, "datapoint_ind": 63991756, "ablations": {"loss_ablation": [0, 0, 0, 0, 0, 0.01585, 0, 0, 0], "top_logit_ablation_tokens_str": [["<META>", "<META>", "<META>", "<META>", "<META>", " others", "<META>", "<META>", "<META>"], ["<EOT>", "<EOT>", "<EOT>", "<EOT>", "<EOT>", " other", "<EOT>", "<EOT>", "<EOT>"], ["<META_START>", "<META_START>", "<META_START>", "<META_START>", "<META_START>", " respect", "<META_START>", "<META_START>", "<META_START>"], ["<SOS>", "<SOS>", "<SOS>", "<SOS>", "<SOS>", " accompanying", "<SOS>", "<SOS>", "<SOS>"], ["<META_END>", "<META_END>", "<META_END>", "<META_END>", "<META_END>", "rightarrow", "<META_END>", "<META_END>", "<META_END>"]], "bottom_logit_ablation_tokens_str": [["<META>", "<META>", "<META>", "<META>", "<META>", "Cs", "<META>", "<META>", "<META>"], ["<EOT>", "<EOT>", "<EOT>", "<EOT>", "<EOT>", "VM", "<EOT>", "<EOT>", "<EOT>"], ["<META_START>", "<META_START>", "<META_START>", "<META_START>", "<META_START>", "IOS", "<META_START>", "<META_START>", "<META_START>"], ["<SOS>", "<SOS>", "<SOS>", "<SOS>", "<SOS>", "Ps", "<SOS>", "<SOS>", "<SOS>"], ["<META_END>", "<META_END>", "<META_END>", "<META_END>", "<META_END>", "VC", "<META_END>", "<META_END>", "<META_END>"]], "top_logit_ablation_values": [[0, 0, 0, 0, 0, 0.1127, 0, 0, 0], [0, 0, 0, 0, 0, 0.1015, 0, 0, 0], [0, 0, 0, 0, 0, 0.09196, 0, 0, 0], [0, 0, 0, 0, 0, 0.09095, 0, 0, 0], [0, 0, 0, 0, 0, 0.0893, 0, 0, 0]], "bottom_logit_ablation_values": [[0, 0, 0, 0, 0, -0.1756, 0, 0, 0], [0, 0, 0, 0, 0, -0.1526, 0, 0, 0], [0, 0, 0, 0, 0, -0.1517, 0, 0, 0], [0, 0, 0, 0, 0, -0.1502, 0, 0, 0], [0, 0, 0, 0, 0, -0.1491, 0, 0, 0]], "residual_loss_ablation": [0.1823, 0.9425, 0.7112, 0.382, 2.758, 5.907, 8.64, 8.007, 0]}}, {"tokens_str_list": ["87", " (", "Tex", ".", " 2002", ");", " D", "owner", " v"], "tokens_acts_list": [0, 0, 0, 0, 0.04826, 0, 0, 0, 0], "train_token_ind": 4, "is_repeated_datapoint": 0, "datapoint_ind": 47763249, "ablations": {"loss_ablation": [0, 0, 0, 0, 0, -0.008293, 0, 0, 0], "top_logit_ablation_tokens_str": [["<META>", "<META>", "<META>", "<META>", "<META>", " others", "<META>", "<META>", "<META>"], ["<EOT>", "<EOT>", "<EOT>", "<EOT>", "<EOT>", " tender", "<EOT>", "<EOT>", "<EOT>"], ["<META_START>", "<META_START>", "<META_START>", "<META_START>", "<META_START>", "payers", "<META_START>", "<META_START>", "<META_START>"], ["<SOS>", "<SOS>", "<SOS>", "<SOS>", "<SOS>", " respect", "<SOS>", "<SOS>", "<SOS>"], ["<META_END>", "<META_END>", "<META_END>", "<META_END>", "<META_END>", "\\xa7", "<META_END>", "<META_END>", "<META_END>"]], "bottom_logit_ablation_tokens_str": [["<META>", "<META>", "<META>", "<META>", "<META>", "Cs", "<META>", "<META>", "<META>"], ["<EOT>", "<EOT>", "<EOT>", "<EOT>", "<EOT>", "2", "<EOT>", "<EOT>", "<EOT>"], ["<META_START>", "<META_START>", "<META_START>", "<META_START>", "<META_START>", "VM", "<META_START>", "<META_START>", "<META_START>"], ["<SOS>", "<SOS>", "<SOS>", "<SOS>", "<SOS>", "VC", "<SOS>", "<SOS>", "<SOS>"], ["<META_END>", "<META_END>", "<META_END>", "<META_END>", "<META_END>", "3", "<META_END>", "<META_END>", "<META_END>"]], "top_logit_ablation_values": [[0, 0, 0, 0, 0, 0.03294, 0, 0, 0], [0, 0, 0, 0, 0, 0.03197, 0, 0, 0], [0, 0, 0, 0, 0, 0.03102, 0, 0, 0], [0, 0, 0, 0, 0, 0.03026, 0, 0, 0], [0, 0, 0, 0, 0, 0.02986, 0, 0, 0]], "bottom_logit_ablation_values": [[0, 0, 0, 0, 0, -0.02759, 0, 0, 0], [0, 0, 0, 0, 0, -0.02425, 0, 0, 0], [0, 0, 0, 0, 0, -0.02332, 0, 0, 0], [0, 0, 0, 0, 0, -0.02289, 0, 0, 0], [0, 0, 0, 0, 0, -0.02287, 0, 0, 0]], "residual_loss_ablation": [0.1621, 0.5349, 3.652, 1.409, 0.5498, -0.521, 1.84, 1.709, 0]}}]}], "statistics": {"density_frac": 2e-08, "global_max_act": 0.1984, "abs_max_neuron_weights": [0.2301, 0.2236, 0.2151], "abs_max_neuron_inds": [369, 109, 67], "l1_max_neuron_weights": [0.01802, 0.01751, 0.01684]}, "logit_effects": {"negatives": [[" regard", -0.1843], ["abeth", -0.1858], [" overwhelming", -0.1883], [" sea", -0.1917], [" omitted", -0.1939], [" accompanying", -0.1947], [" respect", -0.206], ["rightarrow", -0.2091], [" other", -0.2098], [" others", -0.2357]], "positives": [["Cs", 0.3379], ["Ps", 0.2939], ["VM", 0.2905], ["IOS", 0.2879], ["OL", 0.2855], ["VC", 0.2824], ["SL", 0.2781], ["QL", 0.278], ["ML", 0.2773], ["Ms", 0.2745]]}}