{"index": 2537, "act_buckets": [0, 0, 0, 0, 0, 0, 0, 0, 0, 0, 0, 0, 0, 0, 0, 0, 0, 0, 0, 0, 0, 0, 0, 0, 0, 0, 0, 0, 0, 0, 0, 0, 0, 0, 0, 0, 0, 1, 0, 1], "act_bucket_edges": [0, 0.004678, 0.009356, 0.01403, 0.01871, 0.02339, 0.02807, 0.03274, 0.03742, 0.0421, 0.04678, 0.05146, 0.05613, 0.06081, 0.06549, 0.07017, 0.07484, 0.07952, 0.0842, 0.08888, 0.09356, 0.09823, 0.1029, 0.1076, 0.1123, 0.1169, 0.1216, 0.1263, 0.131, 0.1357, 0.1403, 0.145, 0.1497, 0.1544, 0.159, 0.1637, 0.1684, 0.1731, 0.1778, 0.1824, 0.1871], "logit_buckets": [2, 1, 0, 2, 3, 6, 14, 24, 42, 70, 100, 166, 238, 403, 629, 973, 1637, 2342, 3794, 5302, 6842, 10290, 9345, 7631, 5888, 3841, 2422, 1494, 864, 505, 292, 167, 81, 69, 25, 13, 11, 5, 1, 3], "logit_bucket_edges": [-0.5182, -0.4946, -0.471, -0.4475, -0.4239, -0.4004, -0.3768, -0.3532, -0.3297, -0.3061, -0.2825, -0.259, -0.2354, -0.2118, -0.1883, -0.1647, -0.1411, -0.1176, -0.094, -0.07044, -0.04687, -0.02331, 0.0002566, 0.02382, 0.04739, 0.07095, 0.09452, 0.1181, 0.1416, 0.1652, 0.1888, 0.2123, 0.2359, 0.2595, 0.283, 0.3066, 0.3302, 0.3537, 0.3773, 0.4009, 0.4244], "examples_quantiles": [{"quantile_name": "Top Activations", "quantile_max_act": 0.1871, "examples": [{"tokens_str_list": ["age", " 02", "17", "230", "5", ".^[@", "ref", "36", "]^"], "tokens_acts_list": [0, 0, 0, 0, 0.1871, 0, 0, 0, 0], "train_token_ind": 4, "is_repeated_datapoint": 0, "datapoint_ind": 95466406, "ablations": {"loss_ablation": [0, 0, 0, 0, 0, 0.07788, 0, 0, 0], "top_logit_ablation_tokens_str": [["<META>", "<META>", "<META>", "<META>", "<META>", "oned", "<META>", "<META>", "<META>"], ["<EOT>", "<EOT>", "<EOT>", "<EOT>", "<EOT>", "fully", "<EOT>", "<EOT>", "<EOT>"], ["<META_START>", "<META_START>", "<META_START>", "<META_START>", "<META_START>", "iously", "<META_START>", "<META_START>", "<META_START>"], ["<SOS>", "<SOS>", "<SOS>", "<SOS>", "<SOS>", "atically", "<SOS>", "<SOS>", "<SOS>"], ["<META_END>", "<META_END>", "<META_END>", "<META_END>", "<META_END>", "ately", "<META_END>", "<META_END>", "<META_END>"]], "bottom_logit_ablation_tokens_str": [["<META>", "<META>", "<META>", "<META>", "<META>", "cci\u00f3n", "<META>", "<META>", "<META>"], ["<EOT>", "<EOT>", "<EOT>", "<EOT>", "<EOT>", "\u00eancia", "<EOT>", "<EOT>", "<EOT>"], ["<META_START>", "<META_START>", "<META_START>", "<META_START>", "<META_START>", "iration", "<META_START>", "<META_START>", "<META_START>"], ["<SOS>", "<SOS>", "<SOS>", "<SOS>", "<SOS>", "encias", "<SOS>", "<SOS>", "<SOS>"], ["<META_END>", "<META_END>", "<META_END>", "<META_END>", "<META_END>", "enda", "<META_END>", "<META_END>", "<META_END>"]], "top_logit_ablation_values": [[0, 0, 0, 0, 0, 0.1113, 0, 0, 0], [0, 0, 0, 0, 0, 0.1109, 0, 0, 0], [0, 0, 0, 0, 0, 0.1013, 0, 0, 0], [0, 0, 0, 0, 0, 0.09941, 0, 0, 0], [0, 0, 0, 0, 0, 0.09273, 0, 0, 0]], "bottom_logit_ablation_values": [[0, 0, 0, 0, 0, -0.2246, 0, 0, 0], [0, 0, 0, 0, 0, -0.2207, 0, 0, 0], [0, 0, 0, 0, 0, -0.22, 0, 0, 0], [0, 0, 0, 0, 0, -0.2167, 0, 0, 0], [0, 0, 0, 0, 0, -0.211, 0, 0, 0]], "residual_loss_ablation": [-0.4138, 1.373, 0.2235, 0.7763, 3.931, 5.181, 0.629, 0.1493, 0]}}, {"tokens_str_list": [" mit", "z", "ured", "en", ".\u00ab", "\n", "\n", "\u00bb", "All"], "tokens_acts_list": [0, 0, 0, 0, 0.1769, 0, 0, 0, 0], "train_token_ind": 4, "is_repeated_datapoint": 0, "datapoint_ind": 76851631, "ablations": {"loss_ablation": [0, 0, 0, 0, 0, -0.004469, 0, 0, 0], "top_logit_ablation_tokens_str": [["<META>", "<META>", "<META>", "<META>", "<META>", "oned", "<META>", "<META>", "<META>"], ["<EOT>", "<EOT>", "<EOT>", "<EOT>", "<EOT>", "fully", "<EOT>", "<EOT>", "<EOT>"], ["<META_START>", "<META_START>", "<META_START>", "<META_START>", "<META_START>", "iously", "<META_START>", "<META_START>", "<META_START>"], ["<SOS>", "<SOS>", "<SOS>", "<SOS>", "<SOS>", "ately", "<SOS>", "<SOS>", "<SOS>"], ["<META_END>", "<META_END>", "<META_END>", "<META_END>", "<META_END>", "atically", "<META_END>", "<META_END>", "<META_END>"]], "bottom_logit_ablation_tokens_str": [["<META>", "<META>", "<META>", "<META>", "<META>", "iration", "<META>", "<META>", "<META>"], ["<EOT>", "<EOT>", "<EOT>", "<EOT>", "<EOT>", "\u00eancia", "<EOT>", "<EOT>", "<EOT>"], ["<META_START>", "<META_START>", "<META_START>", "<META_START>", "<META_START>", "cci\u00f3n", "<META_START>", "<META_START>", "<META_START>"], ["<SOS>", "<SOS>", "<SOS>", "<SOS>", "<SOS>", "encias", "<SOS>", "<SOS>", "<SOS>"], ["<META_END>", "<META_END>", "<META_END>", "<META_END>", "<META_END>", "\u00eancias", "<META_END>", "<META_END>", "<META_END>"]], "top_logit_ablation_values": [[0, 0, 0, 0, 0, 0.1079, 0, 0, 0], [0, 0, 0, 0, 0, 0.1058, 0, 0, 0], [0, 0, 0, 0, 0, 0.09596, 0, 0, 0], [0, 0, 0, 0, 0, 0.08862, 0, 0, 0], [0, 0, 0, 0, 0, 0.08797, 0, 0, 0]], "bottom_logit_ablation_values": [[0, 0, 0, 0, 0, -0.1178, 0, 0, 0], [0, 0, 0, 0, 0, -0.1118, 0, 0, 0], [0, 0, 0, 0, 0, -0.1083, 0, 0, 0], [0, 0, 0, 0, 0, -0.1058, 0, 0, 0], [0, 0, 0, 0, 0, -0.1016, 0, 0, 0]], "residual_loss_ablation": [-1.391, 0.6779, 1.498, 2.721, -0.6154, 3.15, 0.161, 5.499, 0]}}]}], "statistics": {"density_frac": 2e-08, "global_max_act": 0.1871, "abs_max_neuron_weights": [0.1763, -0.1628, -0.146], "abs_max_neuron_inds": [317, 86, 356], "l1_max_neuron_weights": [0.01032, 0.009532, 0.00855]}, "logit_effects": {"negatives": [["inely", -0.3886], ["leness", -0.3909], ["oning", -0.4005], ["passed", -0.4041], ["mathrsfs", -0.4173], ["atically", -0.4317], ["ately", -0.4465], ["iously", -0.4763], ["fully", -0.5013], ["oned", -0.5182]], "positives": [["iration", 0.4244], ["cci\u00f3n", 0.4207], ["\u00eancia", 0.4178], ["encias", 0.3875], ["abeth", 0.368], ["berry", 0.3666], ["encial", 0.3664], ["enda", 0.3647], ["\u00eancias", 0.362], ["umberland", 0.3521]]}}