{"index": 2581, "act_buckets": [0, 0, 0, 0, 0, 0, 0, 0, 0, 0, 0, 0, 0, 0, 0, 0, 0, 0, 0, 0, 0, 0, 0, 0, 0, 0, 0, 0, 0, 0, 0, 0, 0, 0, 0, 0, 0, 0, 0, 1], "act_bucket_edges": [0, 0.001063, 0.002126, 0.00319, 0.004253, 0.005316, 0.006379, 0.007443, 0.008506, 0.009569, 0.01063, 0.0117, 0.01276, 0.01382, 0.01489, 0.01595, 0.01701, 0.01807, 0.01914, 0.0202, 0.02126, 0.02233, 0.02339, 0.02445, 0.02552, 0.02658, 0.02764, 0.02871, 0.02977, 0.03083, 0.0319, 0.03296, 0.03402, 0.03509, 0.03615, 0.03721, 0.03828, 0.03934, 0.0404, 0.04147, 0.04253], "logit_buckets": [1, 2, 1, 9, 20, 21, 30, 97, 122, 202, 308, 504, 785, 1204, 1696, 2581, 3684, 5092, 6367, 10820, 8792, 6501, 4784, 3518, 2719, 2115, 1470, 949, 586, 291, 147, 53, 31, 17, 5, 2, 3, 0, 1, 1], "logit_bucket_edges": [-0.5272, -0.5007, -0.4743, -0.4478, -0.4214, -0.3949, -0.3685, -0.3421, -0.3156, -0.2892, -0.2627, -0.2363, -0.2098, -0.1834, -0.1569, -0.1305, -0.1041, -0.07761, -0.05117, -0.02473, 0.001719, 0.02816, 0.05461, 0.08105, 0.1075, 0.1339, 0.1604, 0.1868, 0.2133, 0.2397, 0.2662, 0.2926, 0.319, 0.3455, 0.3719, 0.3984, 0.4248, 0.4513, 0.4777, 0.5042, 0.5306], "examples_quantiles": [{"quantile_name": "Top Activations", "quantile_max_act": 0.04253, "examples": [{"tokens_str_list": ["\n                                             ", " 6", "\n\f", "<EOT>", "Abbrev", "iations", "\n", "=============", "\n"], "tokens_acts_list": [0, 0, 0, 0, 0.04253, 0, 0, 0, 0], "train_token_ind": 4, "is_repeated_datapoint": 0, "datapoint_ind": 17505211, "ablations": {"loss_ablation": [0, 0, 0, 0, 0, 0.0001563, 0, 0, 0], "top_logit_ablation_tokens_str": [["<META>", "<META>", "<META>", "<META>", "<META>", "ption", "<META>", "<META>", "<META>"], ["<EOT>", "<EOT>", "<EOT>", "<EOT>", "<EOT>", "ory", "<EOT>", "<EOT>", "<EOT>"], ["<META_START>", "<META_START>", "<META_START>", "<META_START>", "<META_START>", "ological", "<META_START>", "<META_START>", "<META_START>"], ["<SOS>", "<SOS>", "<SOS>", "<SOS>", "<SOS>", "oser", "<SOS>", "<SOS>", "<SOS>"], ["<META_END>", "<META_END>", "<META_END>", "<META_END>", "<META_END>", "race", "<META_END>", "<META_END>", "<META_END>"]], "bottom_logit_ablation_tokens_str": [["<META>", "<META>", "<META>", "<META>", "<META>", " Procedure", "<META>", "<META>", "<META>"], ["<EOT>", "<EOT>", "<EOT>", "<EOT>", "<EOT>", "\u0441\u0442\u0432", "<EOT>", "<EOT>", "<EOT>"], ["<META_START>", "<META_START>", "<META_START>", "<META_START>", "<META_START>", "\f", "<META_START>", "<META_START>", "<META_START>"], ["<SOS>", "<SOS>", "<SOS>", "<SOS>", "<SOS>", " Luther", "<SOS>", "<SOS>", "<SOS>"], ["<META_END>", "<META_END>", "<META_END>", "<META_END>", "<META_END>", " Buff", "<META_END>", "<META_END>", "<META_END>"]], "top_logit_ablation_values": [[0, 0, 0, 0, 0, 0.04053, 0, 0, 0], [0, 0, 0, 0, 0, 0.03681, 0, 0, 0], [0, 0, 0, 0, 0, 0.03584, 0, 0, 0], [0, 0, 0, 0, 0, 0.03552, 0, 0, 0], [0, 0, 0, 0, 0, 0.03541, 0, 0, 0]], "bottom_logit_ablation_values": [[0, 0, 0, 0, 0, -0.01426, 0, 0, 0], [0, 0, 0, 0, 0, -0.01086, 0, 0, 0], [0, 0, 0, 0, 0, -0.008241, 0, 0, 0], [0, 0, 0, 0, 0, -0.00782, 0, 0, 0], [0, 0, 0, 0, 0, -0.006798, 0, 0, 0]], "residual_loss_ablation": [0.7787, 2.314, 4.341, 1.989, 0.06188, 1.843, -1.845, 4.214, 0]}}]}], "statistics": {"density_frac": 1e-08, "global_max_act": 0.04253, "abs_max_neuron_weights": [0.1296, 0.1181, 0.1178], "abs_max_neuron_inds": [316, 397, 131], "l1_max_neuron_weights": [0.007029, 0.006401, 0.006389]}, "logit_effects": {"negatives": [["pt", -0.4295], ["abolic", -0.4296], ["irectional", -0.4333], ["of", -0.4387], ["heter", -0.4395], ["hetically", -0.4472], ["oser", -0.4543], ["ological", -0.4754], ["ory", -0.4809], ["ption", -0.5272]], "positives": [[" Procedure", 0.5306], ["\u0441\u0442\u0432", 0.4944], [" Materials", 0.4404], ["\f", 0.4341], ["\u0441\u0442", 0.4331], [" Buff", 0.4028], [" Sons", 0.3986], [" Luther", 0.3957], [" Countries", 0.3759], [" Noble", 0.3747]]}}