{"index": 2614, "act_buckets": [0, 0, 0, 0, 0, 0, 0, 0, 0, 0, 0, 0, 0, 0, 0, 0, 0, 0, 0, 0, 0, 0, 0, 0, 0, 0, 0, 0, 0, 0, 0, 0, 0, 1, 0, 0, 0, 0, 0, 2], "act_bucket_edges": [0, 0.00831, 0.01662, 0.02493, 0.03324, 0.04155, 0.04986, 0.05817, 0.06648, 0.07479, 0.0831, 0.09141, 0.09972, 0.108, 0.1163, 0.1246, 0.133, 0.1413, 0.1496, 0.1579, 0.1662, 0.1745, 0.1828, 0.1911, 0.1994, 0.2077, 0.2161, 0.2244, 0.2327, 0.241, 0.2493, 0.2576, 0.2659, 0.2742, 0.2825, 0.2908, 0.2992, 0.3075, 0.3158, 0.3241, 0.3324], "logit_buckets": [5, 6, 28, 73, 203, 494, 1176, 2518, 4839, 7701, 9462, 9349, 9466, 9469, 4347, 2858, 1724, 925, 455, 193, 94, 51, 32, 18, 8, 10, 6, 5, 1, 1, 6, 2, 1, 3, 1, 0, 2, 1, 2, 1], "logit_bucket_edges": [-0.3207, -0.2932, -0.2657, -0.2382, -0.2108, -0.1833, -0.1558, -0.1283, -0.1008, -0.07329, -0.0458, -0.01831, 0.009183, 0.03667, 0.06417, 0.09166, 0.1191, 0.1466, 0.1741, 0.2016, 0.2291, 0.2566, 0.2841, 0.3116, 0.3391, 0.3666, 0.3941, 0.4216, 0.4491, 0.4765, 0.504, 0.5315, 0.559, 0.5865, 0.614, 0.6415, 0.669, 0.6965, 0.724, 0.7515, 0.779], "examples_quantiles": [{"quantile_name": "Top Activations", "quantile_max_act": 0.3324, "examples": [{"tokens_str_list": ["'t", " court", " '", "em", ",", " buy", " '", "em", ".\""], "tokens_acts_list": [0, 0, 0, 0, 0.3324, 0, 0, 0, 0], "train_token_ind": 4, "is_repeated_datapoint": 0, "datapoint_ind": 18510080, "ablations": {"loss_ablation": [0, 0, 0, 0, 0, -0.03569, 0, 0, 0], "top_logit_ablation_tokens_str": [["<META>", "<META>", "<META>", "<META>", "<META>", " Ariz", "<META>", "<META>", "<META>"], ["<EOT>", "<EOT>", "<EOT>", "<EOT>", "<EOT>", " Utah", "<EOT>", "<EOT>", "<EOT>"], ["<META_START>", "<META_START>", "<META_START>", "<META_START>", "<META_START>", " Idaho", "<META_START>", "<META_START>", "<META_START>"], ["<SOS>", "<SOS>", "<SOS>", "<SOS>", "<SOS>", " Defendant", "<SOS>", "<SOS>", "<SOS>"], ["<META_END>", "<META_END>", "<META_END>", "<META_END>", "<META_END>", "kowski", "<META_END>", "<META_END>", "<META_END>"]], "bottom_logit_ablation_tokens_str": [["<META>", "<META>", "<META>", "<META>", "<META>", "'.", "<META>", "<META>", "<META>"], ["<EOT>", "<EOT>", "<EOT>", "<EOT>", "<EOT>", "',", "<EOT>", "<EOT>", "<EOT>"], ["<META_START>", "<META_START>", "<META_START>", "<META_START>", "<META_START>", ",'", "<META_START>", "<META_START>", "<META_START>"], ["<SOS>", "<SOS>", "<SOS>", "<SOS>", "<SOS>", ".'", "<SOS>", "<SOS>", "<SOS>"], ["<META_END>", "<META_END>", "<META_END>", "<META_END>", "<META_END>", "!'", "<META_END>", "<META_END>", "<META_END>"]], "top_logit_ablation_values": [[0, 0, 0, 0, 0, -0.1435, 0, 0, 0], [0, 0, 0, 0, 0, -0.1684, 0, 0, 0], [0, 0, 0, 0, 0, -0.173, 0, 0, 0], [0, 0, 0, 0, 0, -0.1761, 0, 0, 0], [0, 0, 0, 0, 0, -0.1796, 0, 0, 0]], "bottom_logit_ablation_values": [[0, 0, 0, 0, 0, -0.9359, 0, 0, 0], [0, 0, 0, 0, 0, -0.9068, 0, 0, 0], [0, 0, 0, 0, 0, -0.8927, 0, 0, 0], [0, 0, 0, 0, 0, -0.8904, 0, 0, 0], [0, 0, 0, 0, 0, -0.8694, 0, 0, 0]], "residual_loss_ablation": [0.2785, 2.445, 1.513, 1.259, -4.017, 1.294, 4.266, 3.493, 0]}}, {"tokens_str_list": ["If", " I", " Did", " It", ",", " Here", "'s", " How", " It"], "tokens_acts_list": [0, 0, 0, 0, 0.3255, 0, 0, 0, 0], "train_token_ind": 4, "is_repeated_datapoint": 0, "datapoint_ind": 4833887, "ablations": {"loss_ablation": [0, 0, 0, 0, 0, -0.05779, 0, 0, 0], "top_logit_ablation_tokens_str": [["<META>", "<META>", "<META>", "<META>", "<META>", " Ariz", "<META>", "<META>", "<META>"], ["<EOT>", "<EOT>", "<EOT>", "<EOT>", "<EOT>", " Utah", "<EOT>", "<EOT>", "<EOT>"], ["<META_START>", "<META_START>", "<META_START>", "<META_START>", "<META_START>", " APP", "<META_START>", "<META_START>", "<META_START>"], ["<SOS>", "<SOS>", "<SOS>", "<SOS>", "<SOS>", " Idaho", "<SOS>", "<SOS>", "<SOS>"], ["<META_END>", "<META_END>", "<META_END>", "<META_END>", "<META_END>", "Ohio", "<META_END>", "<META_END>", "<META_END>"]], "bottom_logit_ablation_tokens_str": [["<META>", "<META>", "<META>", "<META>", "<META>", "'.", "<META>", "<META>", "<META>"], ["<EOT>", "<EOT>", "<EOT>", "<EOT>", "<EOT>", ".'", "<EOT>", "<EOT>", "<EOT>"], ["<META_START>", "<META_START>", "<META_START>", "<META_START>", "<META_START>", ",'", "<META_START>", "<META_START>", "<META_START>"], ["<SOS>", "<SOS>", "<SOS>", "<SOS>", "<SOS>", "',", "<SOS>", "<SOS>", "<SOS>"], ["<META_END>", "<META_END>", "<META_END>", "<META_END>", "<META_END>", "!'", "<META_END>", "<META_END>", "<META_END>"]], "top_logit_ablation_values": [[0, 0, 0, 0, 0, -0.1829, 0, 0, 0], [0, 0, 0, 0, 0, -0.1969, 0, 0, 0], [0, 0, 0, 0, 0, -0.2065, 0, 0, 0], [0, 0, 0, 0, 0, -0.2168, 0, 0, 0], [0, 0, 0, 0, 0, -0.223, 0, 0, 0]], "bottom_logit_ablation_values": [[0, 0, 0, 0, 0, -0.9412, 0, 0, 0], [0, 0, 0, 0, 0, -0.9139, 0, 0, 0], [0, 0, 0, 0, 0, -0.9025, 0, 0, 0], [0, 0, 0, 0, 0, -0.8937, 0, 0, 0], [0, 0, 0, 0, 0, -0.8822, 0, 0, 0]], "residual_loss_ablation": [0.6741, -1.919, 0.6202, 1.316, -0.9094, 3.691, 1.449, 3.016, 0]}}, {"tokens_str_list": [" get", " away", " with", " this", ",", " such", " things", " will", " spread"], "tokens_acts_list": [0, 0, 0, 0, 0.2795, 0, 0, 0, 0], "train_token_ind": 4, "is_repeated_datapoint": 0, "datapoint_ind": 89725389, "ablations": {"loss_ablation": [0, 0, 0, 0, 0, 0.04615, 0, 0, 0], "top_logit_ablation_tokens_str": [["<META>", "<META>", "<META>", "<META>", "<META>", " Ariz", "<META>", "<META>", "<META>"], ["<EOT>", "<EOT>", "<EOT>", "<EOT>", "<EOT>", "zos", "<EOT>", "<EOT>", "<EOT>"], ["<META_START>", "<META_START>", "<META_START>", "<META_START>", "<META_START>", " Utah", "<META_START>", "<META_START>", "<META_START>"], ["<SOS>", "<SOS>", "<SOS>", "<SOS>", "<SOS>", " Idaho", "<SOS>", "<SOS>", "<SOS>"], ["<META_END>", "<META_END>", "<META_END>", "<META_END>", "<META_END>", " \u0447\u0442\u043e", "<META_END>", "<META_END>", "<META_END>"]], "bottom_logit_ablation_tokens_str": [["<META>", "<META>", "<META>", "<META>", "<META>", "'.", "<META>", "<META>", "<META>"], ["<EOT>", "<EOT>", "<EOT>", "<EOT>", "<EOT>", ".'", "<EOT>", "<EOT>", "<EOT>"], ["<META_START>", "<META_START>", "<META_START>", "<META_START>", "<META_START>", "',", "<META_START>", "<META_START>", "<META_START>"], ["<SOS>", "<SOS>", "<SOS>", "<SOS>", "<SOS>", ",'", "<SOS>", "<SOS>", "<SOS>"], ["<META_END>", "<META_END>", "<META_END>", "<META_END>", "<META_END>", "!'", "<META_END>", "<META_END>", "<META_END>"]], "top_logit_ablation_values": [[0, 0, 0, 0, 0, -0.1424, 0, 0, 0], [0, 0, 0, 0, 0, -0.1515, 0, 0, 0], [0, 0, 0, 0, 0, -0.1534, 0, 0, 0], [0, 0, 0, 0, 0, -0.1555, 0, 0, 0], [0, 0, 0, 0, 0, -0.1693, 0, 0, 0]], "bottom_logit_ablation_values": [[0, 0, 0, 0, 0, -0.8286, 0, 0, 0], [0, 0, 0, 0, 0, -0.7978, 0, 0, 0], [0, 0, 0, 0, 0, -0.7936, 0, 0, 0], [0, 0, 0, 0, 0, -0.7872, 0, 0, 0], [0, 0, 0, 0, 0, -0.7557, 0, 0, 0]], "residual_loss_ablation": [0.7842, 0.1736, 0.6076, 0.4372, 1.731, -0.987, -0.2251, 2.784, 0]}}]}], "statistics": {"density_frac": 3e-08, "global_max_act": 0.3324, "abs_max_neuron_weights": [-0.441, 0.2777, 0.2119], "abs_max_neuron_inds": [254, 214, 21], "l1_max_neuron_weights": [0.03811, 0.024, 0.01831]}, "logit_effects": {"negatives": [["zos", -0.2734], ["alpha", -0.282], [" Utah", -0.2841], ["Entry", -0.2843], ["\n                                                ", -0.2918], [" Ariz", -0.2976], ["cp", -0.3022], [" APP", -0.3073], ["MD", -0.3196], ["Ohio", -0.3207]], "positives": [["'.", 0.779], [",'", 0.747], ["?'", 0.7398], ["!'", 0.7058], [".'", 0.6913], ["',", 0.6875], [".'\"", 0.6304], ["...'", 0.6067], ["'?", 0.6038], ["'.\"", 0.5964]]}}