{"index": 2619, "act_buckets": [0, 0, 0, 0, 0, 0, 1, 0, 0, 0, 0, 0, 2, 0, 0, 0, 0, 0, 0, 0, 0, 0, 0, 0, 0, 0, 0, 0, 0, 0, 0, 0, 0, 0, 0, 0, 0, 0, 0, 1], "act_bucket_edges": [0, 0.01206, 0.02412, 0.03618, 0.04824, 0.06031, 0.07237, 0.08443, 0.09649, 0.1085, 0.1206, 0.1327, 0.1447, 0.1568, 0.1689, 0.1809, 0.193, 0.205, 0.2171, 0.2292, 0.2412, 0.2533, 0.2653, 0.2774, 0.2895, 0.3015, 0.3136, 0.3256, 0.3377, 0.3498, 0.3618, 0.3739, 0.386, 0.398, 0.4101, 0.4221, 0.4342, 0.4463, 0.4583, 0.4704, 0.4824], "logit_buckets": [1, 1, 2, 5, 2, 8, 14, 15, 39, 55, 84, 144, 212, 322, 571, 815, 1229, 1828, 2526, 3542, 6878, 7599, 7668, 7164, 6403, 5192, 3984, 2939, 2180, 1495, 1019, 685, 421, 218, 140, 71, 31, 19, 9, 6], "logit_bucket_edges": [-0.4237, -0.4051, -0.3866, -0.3681, -0.3496, -0.3311, -0.3126, -0.2941, -0.2756, -0.2571, -0.2386, -0.2201, -0.2016, -0.1831, -0.1646, -0.1461, -0.1276, -0.1091, -0.09055, -0.07205, -0.05354, -0.03504, -0.01653, 0.001973, 0.02048, 0.03898, 0.05749, 0.07599, 0.0945, 0.113, 0.1315, 0.15, 0.1685, 0.187, 0.2055, 0.224, 0.2425, 0.261, 0.2796, 0.2981, 0.3166], "examples_quantiles": [{"quantile_name": "Top Activations", "quantile_max_act": 0.4824, "examples": [{"tokens_str_list": [" one", " can", " view", " $(", "h", ",-", "{\\", "text", "tt"], "tokens_acts_list": [0, 0, 0, 0, 0.4824, 0, 0, 0, 0], "train_token_ind": 4, "is_repeated_datapoint": 0, "datapoint_ind": 84021365, "ablations": {"loss_ablation": [0, 0, 0, 0, 0, -0.1365, 0, 0, 0], "top_logit_ablation_tokens_str": [["<META>", "<META>", "<META>", "<META>", "<META>", "=======", "<META>", "<META>", "<META>"], ["<EOT>", "<EOT>", "<EOT>", "<EOT>", "<EOT>", " cref", "<EOT>", "<EOT>", "<EOT>"], ["<META_START>", "<META_START>", "<META_START>", "<META_START>", "<META_START>", "ists", "<META_START>", "<META_START>", "<META_START>"], ["<SOS>", "<SOS>", "<SOS>", "<SOS>", "<SOS>", "iates", "<SOS>", "<SOS>", "<SOS>"], ["<META_END>", "<META_END>", "<META_END>", "<META_END>", "<META_END>", "ged", "<META_END>", "<META_END>", "<META_END>"]], "bottom_logit_ablation_tokens_str": [["<META>", "<META>", "<META>", "<META>", "<META>", "pple", "<META>", "<META>", "<META>"], ["<EOT>", "<EOT>", "<EOT>", "<EOT>", "<EOT>", " microscope", "<EOT>", "<EOT>", "<EOT>"], ["<META_START>", "<META_START>", "<META_START>", "<META_START>", "<META_START>", "aved", "<META_START>", "<META_START>", "<META_START>"], ["<SOS>", "<SOS>", "<SOS>", "<SOS>", "<SOS>", "\u00c5", "<SOS>", "<SOS>", "<SOS>"], ["<META_END>", "<META_END>", "<META_END>", "<META_END>", "<META_END>", " tunnel", "<META_END>", "<META_END>", "<META_END>"]], "top_logit_ablation_values": [[0, 0, 0, 0, 0, 0.6921, 0, 0, 0], [0, 0, 0, 0, 0, 0.6547, 0, 0, 0], [0, 0, 0, 0, 0, 0.6471, 0, 0, 0], [0, 0, 0, 0, 0, 0.6411, 0, 0, 0], [0, 0, 0, 0, 0, 0.6302, 0, 0, 0]], "bottom_logit_ablation_values": [[0, 0, 0, 0, 0, -0.1165, 0, 0, 0], [0, 0, 0, 0, 0, -0.114, 0, 0, 0], [0, 0, 0, 0, 0, -0.1134, 0, 0, 0], [0, 0, 0, 0, 0, -0.113, 0, 0, 0], [0, 0, 0, 0, 0, -0.1109, 0, 0, 0]], "residual_loss_ablation": [-1.514, 2.855, 2.346, 4.381, 0.9914, 4.274, 0.7269, 0.9418, 0]}}, {"tokens_str_list": [" accurate", " solution", " to", " $(", "h", "D", "_", "t", "+"], "tokens_acts_list": [0, 0, 0, 0, 0.1539, 0, 0, 0, 0], "train_token_ind": 4, "is_repeated_datapoint": 0, "datapoint_ind": 21782142, "ablations": {"loss_ablation": [0, 0, 0, 0, 0, 0.01374, 0, 0, 0], "top_logit_ablation_tokens_str": [["<META>", "<META>", "<META>", "<META>", "<META>", "=======", "<META>", "<META>", "<META>"], ["<EOT>", "<EOT>", "<EOT>", "<EOT>", "<EOT>", " cref", "<EOT>", "<EOT>", "<EOT>"], ["<META_START>", "<META_START>", "<META_START>", "<META_START>", "<META_START>", "ists", "<META_START>", "<META_START>", "<META_START>"], ["<SOS>", "<SOS>", "<SOS>", "<SOS>", "<SOS>", "iences", "<SOS>", "<SOS>", "<SOS>"], ["<META_END>", "<META_END>", "<META_END>", "<META_END>", "<META_END>", "quired", "<META_END>", "<META_END>", "<META_END>"]], "bottom_logit_ablation_tokens_str": [["<META>", "<META>", "<META>", "<META>", "<META>", "pple", "<META>", "<META>", "<META>"], ["<EOT>", "<EOT>", "<EOT>", "<EOT>", "<EOT>", " microscope", "<EOT>", "<EOT>", "<EOT>"], ["<META_START>", "<META_START>", "<META_START>", "<META_START>", "<META_START>", " tunnel", "<META_START>", "<META_START>", "<META_START>"], ["<SOS>", "<SOS>", "<SOS>", "<SOS>", "<SOS>", "\n\n\t", "<SOS>", "<SOS>", "<SOS>"], ["<META_END>", "<META_END>", "<META_END>", "<META_END>", "<META_END>", "aved", "<META_END>", "<META_END>", "<META_END>"]], "top_logit_ablation_values": [[0, 0, 0, 0, 0, 0.1872, 0, 0, 0], [0, 0, 0, 0, 0, 0.1763, 0, 0, 0], [0, 0, 0, 0, 0, 0.1736, 0, 0, 0], [0, 0, 0, 0, 0, 0.1663, 0, 0, 0], [0, 0, 0, 0, 0, 0.1662, 0, 0, 0]], "bottom_logit_ablation_values": [[0, 0, 0, 0, 0, -0.03476, 0, 0, 0], [0, 0, 0, 0, 0, -0.03391, 0, 0, 0], [0, 0, 0, 0, 0, -0.03322, 0, 0, 0], [0, 0, 0, 0, 0, -0.03289, 0, 0, 0], [0, 0, 0, 0, 0, -0.032, 0, 0, 0]], "residual_loss_ablation": [1.727, -1.885, 3.322, 0.4457, 0.1853, 3.315, 1.436, 0.2425, 0]}}, {"tokens_str_list": ["text", "{", "in", " $(", "h", "),", "$", "}", " \\\\"], "tokens_acts_list": [0, 0, 0, 0, 0.153, 0, 0, 0, 0], "train_token_ind": 4, "is_repeated_datapoint": 0, "datapoint_ind": 39862832, "ablations": {"loss_ablation": [0, 0, 0, 0, 0, 0.01671, 0, 0, 0], "top_logit_ablation_tokens_str": [["<META>", "<META>", "<META>", "<META>", "<META>", "=======", "<META>", "<META>", "<META>"], ["<EOT>", "<EOT>", "<EOT>", "<EOT>", "<EOT>", "iates", "<EOT>", "<EOT>", "<EOT>"], ["<META_START>", "<META_START>", "<META_START>", "<META_START>", "<META_START>", "ists", "<META_START>", "<META_START>", "<META_START>"], ["<SOS>", "<SOS>", "<SOS>", "<SOS>", "<SOS>", " cref", "<SOS>", "<SOS>", "<SOS>"], ["<META_END>", "<META_END>", "<META_END>", "<META_END>", "<META_END>", "ged", "<META_END>", "<META_END>", "<META_END>"]], "bottom_logit_ablation_tokens_str": [["<META>", "<META>", "<META>", "<META>", "<META>", " microscope", "<META>", "<META>", "<META>"], ["<EOT>", "<EOT>", "<EOT>", "<EOT>", "<EOT>", "aved", "<EOT>", "<EOT>", "<EOT>"], ["<META_START>", "<META_START>", "<META_START>", "<META_START>", "<META_START>", " tunnel", "<META_START>", "<META_START>", "<META_START>"], ["<SOS>", "<SOS>", "<SOS>", "<SOS>", "<SOS>", "pple", "<SOS>", "<SOS>", "<SOS>"], ["<META_END>", "<META_END>", "<META_END>", "<META_END>", "<META_END>", "\u00c5", "<META_END>", "<META_END>", "<META_END>"]], "top_logit_ablation_values": [[0, 0, 0, 0, 0, 0.2354, 0, 0, 0], [0, 0, 0, 0, 0, 0.2237, 0, 0, 0], [0, 0, 0, 0, 0, 0.2232, 0, 0, 0], [0, 0, 0, 0, 0, 0.2229, 0, 0, 0], [0, 0, 0, 0, 0, 0.2172, 0, 0, 0]], "bottom_logit_ablation_values": [[0, 0, 0, 0, 0, -0.04317, 0, 0, 0], [0, 0, 0, 0, 0, -0.04003, 0, 0, 0], [0, 0, 0, 0, 0, -0.03877, 0, 0, 0], [0, 0, 0, 0, 0, -0.03841, 0, 0, 0], [0, 0, 0, 0, 0, -0.03802, 0, 0, 0]], "residual_loss_ablation": [1.228, -0.3815, -1.042, 4.175, -0.2052, -1.887, 1.293, 8.145, 0]}}, {"tokens_str_list": ["\n                                             ", " 6", "\n\f", "<EOT>", "Abbrev", "iations", "\n", "=============", "\n"], "tokens_acts_list": [0, 0, 0, 0, 0.08042, 0, 0, 0, 0], "train_token_ind": 4, "is_repeated_datapoint": 0, "datapoint_ind": 17505211, "ablations": {"loss_ablation": [0, 0, 0, 0, 0, 0.0001111, 0, 0, 0], "top_logit_ablation_tokens_str": [["<META>", "<META>", "<META>", "<META>", "<META>", " cref", "<META>", "<META>", "<META>"], ["<EOT>", "<EOT>", "<EOT>", "<EOT>", "<EOT>", "=======", "<EOT>", "<EOT>", "<EOT>"], ["<META_START>", "<META_START>", "<META_START>", "<META_START>", "<META_START>", "IBILITY", "<META_START>", "<META_START>", "<META_START>"], ["<SOS>", "<SOS>", "<SOS>", "<SOS>", "<SOS>", "quired", "<SOS>", "<SOS>", "<SOS>"], ["<META_END>", "<META_END>", "<META_END>", "<META_END>", "<META_END>", "quisition", "<META_END>", "<META_END>", "<META_END>"]],