{"index": 2643, "act_buckets": [1, 1, 0, 0, 0, 1, 0, 0, 0, 0, 0, 1, 1, 0, 0, 0, 0, 0, 0, 0, 0, 0, 0, 0, 0, 0, 2, 0, 0, 0, 1, 0, 0, 0, 0, 0, 0, 0, 0, 1], "act_bucket_edges": [0, 0.0279, 0.0558, 0.0837, 0.1116, 0.1395, 0.1674, 0.1953, 0.2232, 0.2511, 0.279, 0.3069, 0.3348, 0.3627, 0.3906, 0.4185, 0.4464, 0.4743, 0.5022, 0.5301, 0.558, 0.5859, 0.6138, 0.6417, 0.6696, 0.6975, 0.7254, 0.7533, 0.7812, 0.8091, 0.837, 0.8649, 0.8928, 0.9207, 0.9486, 0.9765, 1.004, 1.032, 1.06, 1.088, 1.116], "logit_buckets": [3, 3, 8, 17, 36, 63, 102, 158, 244, 342, 515, 848, 1141, 4092, 3361, 3950, 4762, 5446, 6098, 6198, 5766, 5242, 4589, 3703, 2832, 2018, 1369, 959, 629, 427, 227, 152, 105, 56, 35, 13, 12, 9, 3, 3], "logit_bucket_edges": [-0.3992, -0.3785, -0.3578, -0.3371, -0.3163, -0.2956, -0.2749, -0.2542, -0.2335, -0.2128, -0.192, -0.1713, -0.1506, -0.1299, -0.1092, -0.08844, -0.06772, -0.047, -0.02629, -0.005567, 0.01515, 0.03587, 0.05659, 0.07731, 0.09803, 0.1187, 0.1395, 0.1602, 0.1809, 0.2016, 0.2223, 0.2431, 0.2638, 0.2845, 0.3052, 0.3259, 0.3467, 0.3674, 0.3881, 0.4088, 0.4295], "examples_quantiles": [{"quantile_name": "Top Activations", "quantile_max_act": 1.116, "examples": [{"tokens_str_list": [" mit", "z", "ured", "en", ".\u00ab", "\n", "\n", "\u00bb", "All"], "tokens_acts_list": [0, 0, 0, 0, 1.116, 0, 0, 0, 0], "train_token_ind": 4, "is_repeated_datapoint": 0, "datapoint_ind": 76851631, "ablations": {"loss_ablation": [0, 0, 0, 0, 0, 0.1175, 0, 0, 0], "top_logit_ablation_tokens_str": [["<META>", "<META>", "<META>", "<META>", "<META>", " who", "<META>", "<META>", "<META>"], ["<EOT>", "<EOT>", "<EOT>", "<EOT>", "<EOT>", "erable", "<EOT>", "<EOT>", "<EOT>"], ["<META_START>", "<META_START>", "<META_START>", "<META_START>", "<META_START>", "ById", "<META_START>", "<META_START>", "<META_START>"], ["<SOS>", "<SOS>", "<SOS>", "<SOS>", "<SOS>", "aged", "<SOS>", "<SOS>", "<SOS>"], ["<META_END>", "<META_END>", "<META_END>", "<META_END>", "<META_END>", " lasting", "<META_END>", "<META_END>", "<META_END>"]], "bottom_logit_ablation_tokens_str": [["<META>", "<META>", "<META>", "<META>", "<META>", "other", "<META>", "<META>", "<META>"], ["<EOT>", "<EOT>", "<EOT>", "<EOT>", "<EOT>", "osph", "<EOT>", "<EOT>", "<EOT>"], ["<META_START>", "<META_START>", "<META_START>", "<META_START>", "<META_START>", "culo", "<META_START>", "<META_START>", "<META_START>"], ["<SOS>", "<SOS>", "<SOS>", "<SOS>", "<SOS>", "bons", "<SOS>", "<SOS>", "<SOS>"], ["<META_END>", "<META_END>", "<META_END>", "<META_END>", "<META_END>", "pins", "<META_END>", "<META_END>", "<META_END>"]], "top_logit_ablation_values": [[0, 0, 0, 0, 0, 1.035, 0, 0, 0], [0, 0, 0, 0, 0, 1.029, 0, 0, 0], [0, 0, 0, 0, 0, 1.026, 0, 0, 0], [0, 0, 0, 0, 0, 0.9941, 0, 0, 0], [0, 0, 0, 0, 0, 0.9891, 0, 0, 0]], "bottom_logit_ablation_values": [[0, 0, 0, 0, 0, -0.2646, 0, 0, 0], [0, 0, 0, 0, 0, -0.2482, 0, 0, 0], [0, 0, 0, 0, 0, -0.2376, 0, 0, 0], [0, 0, 0, 0, 0, -0.2061, 0, 0, 0], [0, 0, 0, 0, 0, -0.2054, 0, 0, 0]], "residual_loss_ablation": [-1.391, 0.6779, 1.498, 2.721, -0.6154, 3.15, 0.161, 5.499, 0]}}, {"tokens_str_list": [" old", " topic", " (", "not", " entirely", " sure", " why", " thats", " a"], "tokens_acts_list": [0, 0, 0, 0, 0.8558, 0, 0, 0, 0], "train_token_ind": 4, "is_repeated_datapoint": 0, "datapoint_ind": 72925984, "ablations": {"loss_ablation": [0, 0, 0, 0, 0, -0.1521, 0, 0, 0], "top_logit_ablation_tokens_str": [["<META>", "<META>", "<META>", "<META>", "<META>", " who", "<META>", "<META>", "<META>"], ["<EOT>", "<EOT>", "<EOT>", "<EOT>", "<EOT>", "erable", "<EOT>", "<EOT>", "<EOT>"], ["<META_START>", "<META_START>", "<META_START>", "<META_START>", "<META_START>", "ById", "<META_START>", "<META_START>", "<META_START>"], ["<SOS>", "<SOS>", "<SOS>", "<SOS>", "<SOS>", "aged", "<SOS>", "<SOS>", "<SOS>"], ["<META_END>", "<META_END>", "<META_END>", "<META_END>", "<META_END>", " lasting", "<META_END>", "<META_END>", "<META_END>"]], "bottom_logit_ablation_tokens_str": [["<META>", "<META>", "<META>", "<META>", "<META>", "other", "<META>", "<META>", "<META>"], ["<EOT>", "<EOT>", "<EOT>", "<EOT>", "<EOT>", "osph", "<EOT>", "<EOT>", "<EOT>"], ["<META_START>", "<META_START>", "<META_START>", "<META_START>", "<META_START>", "culo", "<META_START>", "<META_START>", "<META_START>"], ["<SOS>", "<SOS>", "<SOS>", "<SOS>", "<SOS>", "Spr", "<SOS>", "<SOS>", "<SOS>"], ["<META_END>", "<META_END>", "<META_END>", "<META_END>", "<META_END>", "pins", "<META_END>", "<META_END>", "<META_END>"]], "top_logit_ablation_values": [[0, 0, 0, 0, 0, 1.009, 0, 0, 0], [0, 0, 0, 0, 0, 1.003, 0, 0, 0], [0, 0, 0, 0, 0, 0.9955, 0, 0, 0], [0, 0, 0, 0, 0, 0.969, 0, 0, 0], [0, 0, 0, 0, 0, 0.9556, 0, 0, 0]], "bottom_logit_ablation_values": [[0, 0, 0, 0, 0, -0.2875, 0, 0, 0], [0, 0, 0, 0, 0, -0.2618, 0, 0, 0], [0, 0, 0, 0, 0, -0.2437, 0, 0, 0], [0, 0, 0, 0, 0, -0.2246, 0, 0, 0], [0, 0, 0, 0, 0, -0.2175, 0, 0, 0]], "residual_loss_ablation": [1.649, -0.9952, -0.2815, -0.6566, -1.431, 7.321, -0.4655, 0.3301, 0]}}, {"tokens_str_list": [" area", " under", " the", " spectrum", " peak", " by", " magnetic", " resonance", " spectroscopy"], "tokens_acts_list": [0, 0, 0, 0, 0.7517, 0, 0, 0, 0], "train_token_ind": 4, "is_repeated_datapoint": 0, "datapoint_ind": 84329231, "ablations": {"loss_ablation": [0, 0, 0, 0, 0, -0.3244, 0, 0, 0], "top_logit_ablation_tokens_str": [["<META>", "<META>", "<META>", "<META>", "<META>", "erable", "<META>", "<META>", "<META>"], ["<EOT>", "<EOT>", "<EOT>", "<EOT>", "<EOT>", " who", "<EOT>", "<EOT>", "<EOT>"], ["<META_START>", "<META_START>", "<META_START>", "<META_START>", "<META_START>", "ById", "<META_START>", "<META_START>", "<META_START>"], ["<SOS>", "<SOS>", "<SOS>", "<SOS>", "<SOS>", "aged", "<SOS>", "<SOS>", "<SOS>"], ["<META_END>", "<META_END>", "<META_END>", "<META_END>", "<META_END>", " wondering", "<META_END>", "<META_END>", "<META_END>"]], "bottom_logit_ablation_tokens_str": [["<META>", "<META>", "<META>", "<META>", "<META>", "osph", "<META>", "<META>", "<META>"], ["<EOT>", "<EOT>", "<EOT>", "<EOT>", "<EOT>", "other", "<EOT>", "<EOT>", "<EOT>"], ["<META_START>", "<META_START>", "<META_START>", "<META_START>", "<META_START>", "culo", "<META_START>", "<META_START>", "<META_START>"], ["<SOS>", "<SOS>", "<SOS>", "<SOS>", "<SOS>", "pins", "<SOS>", "<SOS>", "<SOS>"], ["<META_END>", "<META_END>", "<META_END>", "<META_END>", "<META_END>", "bons", "<META_END>", "<META_END>", "<META_END>"]], "top_logit_ablation_values": [[0, 0, 0, 0, 0, 1.083, 0, 0, 0], [0, 0, 0, 0, 0, 1.082, 0, 0, 0], [0, 0, 0, 0, 0, 1.076, 0, 0, 0], [0, 0, 0, 0, 0, 1.04, 0, 0, 0], [0, 0, 0, 0, 0, 1.024, 0, 0, 0]], "bottom_logit_ablation_values": [[0, 0, 0, 0, 0, -0.2015, 0, 0, 0], [0, 0, 0, 0, 0, -0.1973, 0, 0, 0], [0, 0, 0, 0, 0, -0.1775, 0, 0, 0], [0, 0, 0, 0, 0, -0.1491, 0, 0, 0], [0, 0, 0, 0, 0, -0.1447, 0, 0, 0]], "residual_loss_ablation": [0.127, 2.544, -0.8616, 1.6, 0.8953, 0.6448, 1.836, 4.403, 0]}}, {"tokens_str_list": ["\n                                             ", " 6", "\n\f", "<EOT>", "Abbrev", "iations", "\n", "=============", "\n"], "tokens_acts_list": [0, 0, 0, 0, 0.7295, 0, 0, 0, 0], "train_token_ind": 4, "is_repeated_datapoint": 0, "datapoint_ind": 17505211, "ablations": {"loss_ablation": [0, 0, 0, 0, 0, -0.007697, 0, 0, 0], "top_logit_ablation_tokens_str": [["<META>", "<META>", "<META>", "<META>", "<META>", "ById", "<META>", "<META>", "<META>"], ["<EOT>", "<EOT>", "<EOT>", "<EOT>", "<EOT>", "erable", "<EOT>", "<EOT>", "<EOT>"], ["<META_START>", "<META_START>", "<META_START>", "<META_START>", "<META_START>", " who", "<META_START>", "<META_START>", "<META_START>"], ["<SOS>", "<SOS>", "<SOS>", "<SOS>", "<SOS>", "numbered", "<SOS>", "<SOS>", "<SOS>"], ["<META_END>", "<META_END>", "<META_END>", "<META_END>", "<META_END>", "psilon", "<META_END>", "<META_END>", "<META_END>"]],