{"index": 266, "act_buckets": [0, 1, 1, 0, 0, 0, 0, 0, 0, 1, 0, 0, 0, 0, 0, 0, 0, 0, 0, 0, 0, 0, 0, 0, 0, 0, 0, 0, 0, 0, 0, 0, 0, 0, 0, 0, 0, 0, 0, 1], "act_bucket_edges": [0, 0.03809, 0.07618, 0.1143, 0.1524, 0.1904, 0.2285, 0.2666, 0.3047, 0.3428, 0.3809, 0.419, 0.4571, 0.4952, 0.5333, 0.5713, 0.6094, 0.6475, 0.6856, 0.7237, 0.7618, 0.7999, 0.838, 0.8761, 0.9141, 0.9522, 0.9903, 1.028, 1.067, 1.105, 1.143, 1.181, 1.219, 1.257, 1.295, 1.333, 1.371, 1.409, 1.447, 1.485, 1.524], "logit_buckets": [3, 2, 5, 8, 19, 32, 55, 111, 136, 292, 476, 694, 1189, 1955, 2954, 4423, 5684, 6608, 10190, 8333, 6814, 5200, 3592, 2323, 1552, 1085, 718, 398, 271, 158, 115, 64, 29, 14, 14, 13, 2, 1, 1, 2], "logit_bucket_edges": [-0.3664, -0.3469, -0.3274, -0.3079, -0.2883, -0.2688, -0.2493, -0.2298, -0.2103, -0.1908, -0.1713, -0.1518, -0.1323, -0.1128, -0.09328, -0.07377, -0.05426, -0.03476, -0.01525, 0.004258, 0.02376, 0.04327, 0.06278, 0.08229, 0.1018, 0.1213, 0.1408, 0.1603, 0.1798, 0.1993, 0.2188, 0.2383, 0.2578, 0.2774, 0.2969, 0.3164, 0.3359, 0.3554, 0.3749, 0.3944, 0.4139], "examples_quantiles": [{"quantile_name": "Top Activations", "quantile_max_act": 1.524, "examples": [{"tokens_str_list": [" mit", "z", "ured", "en", ".\u00ab", "\n", "\n", "\u00bb", "All"], "tokens_acts_list": [0, 0, 0, 0, 1.524, 0, 0, 0, 0], "train_token_ind": 4, "is_repeated_datapoint": 0, "datapoint_ind": 76851631, "ablations": {"loss_ablation": [0, 0, 0, 0, 0, 0.07331, 0, 0, 0], "top_logit_ablation_tokens_str": [["<META>", "<META>", "<META>", "<META>", "<META>", " to", "<META>", "<META>", "<META>"], ["<EOT>", "<EOT>", "<EOT>", "<EOT>", "<EOT>", "matically", "<EOT>", "<EOT>", "<EOT>"], ["<META_START>", "<META_START>", "<META_START>", "<META_START>", "<META_START>", " version", "<META_START>", "<META_START>", "<META_START>"], ["<SOS>", "<SOS>", "<SOS>", "<SOS>", "<SOS>", " respectively", "<SOS>", "<SOS>", "<SOS>"], ["<META_END>", "<META_END>", "<META_END>", "<META_END>", "<META_END>", " with", "<META_END>", "<META_END>", "<META_END>"]], "bottom_logit_ablation_tokens_str": [["<META>", "<META>", "<META>", "<META>", "<META>", "sso", "<META>", "<META>", "<META>"], ["<EOT>", "<EOT>", "<EOT>", "<EOT>", "<EOT>", "chied", "<EOT>", "<EOT>", "<EOT>"], ["<META_START>", "<META_START>", "<META_START>", "<META_START>", "<META_START>", "illation", "<META_START>", "<META_START>", "<META_START>"], ["<SOS>", "<SOS>", "<SOS>", "<SOS>", "<SOS>", "?\u201d", "<SOS>", "<SOS>", "<SOS>"], ["<META_END>", "<META_END>", "<META_END>", "<META_END>", "<META_END>", "ncia", "<META_END>", "<META_END>", "<META_END>"]], "top_logit_ablation_values": [[0, 0, 0, 0, 0, 0.6163, 0, 0, 0], [0, 0, 0, 0, 0, 0.5934, 0, 0, 0], [0, 0, 0, 0, 0, 0.5777, 0, 0, 0], [0, 0, 0, 0, 0, 0.5597, 0, 0, 0], [0, 0, 0, 0, 0, 0.5444, 0, 0, 0]], "bottom_logit_ablation_values": [[0, 0, 0, 0, 0, -1.072, 0, 0, 0], [0, 0, 0, 0, 0, -1.045, 0, 0, 0], [0, 0, 0, 0, 0, -0.9834, 0, 0, 0], [0, 0, 0, 0, 0, -0.9542, 0, 0, 0], [0, 0, 0, 0, 0, -0.9495, 0, 0, 0]], "residual_loss_ablation": [-1.391, 0.6779, 1.498, 2.721, -0.6154, 3.15, 0.161, 5.499, 0]}}, {"tokens_str_list": ["\n", ",", " **", "**,", " ().", "\n", "\n", ",", " **"], "tokens_acts_list": [0, 0, 0, 0, 0.3726, 0, 0, 0, 0], "train_token_ind": 4, "is_repeated_datapoint": 0, "datapoint_ind": 53779, "ablations": {"loss_ablation": [0, 0, 0, 0, 0, 0.04694, 0, 0, 0], "top_logit_ablation_tokens_str": [["<META>", "<META>", "<META>", "<META>", "<META>", " to", "<META>", "<META>", "<META>"], ["<EOT>", "<EOT>", "<EOT>", "<EOT>", "<EOT>", "matically", "<EOT>", "<EOT>", "<EOT>"], ["<META_START>", "<META_START>", "<META_START>", "<META_START>", "<META_START>", " version", "<META_START>", "<META_START>", "<META_START>"], ["<SOS>", "<SOS>", "<SOS>", "<SOS>", "<SOS>", " with", "<SOS>", "<SOS>", "<SOS>"], ["<META_END>", "<META_END>", "<META_END>", "<META_END>", "<META_END>", " respectively", "<META_END>", "<META_END>", "<META_END>"]], "bottom_logit_ablation_tokens_str": [["<META>", "<META>", "<META>", "<META>", "<META>", "sso", "<META>", "<META>", "<META>"], ["<EOT>", "<EOT>", "<EOT>", "<EOT>", "<EOT>", "chied", "<EOT>", "<EOT>", "<EOT>"], ["<META_START>", "<META_START>", "<META_START>", "<META_START>", "<META_START>", "illation", "<META_START>", "<META_START>", "<META_START>"], ["<SOS>", "<SOS>", "<SOS>", "<SOS>", "<SOS>", "cdots", "<SOS>", "<SOS>", "<SOS>"], ["<META_END>", "<META_END>", "<META_END>", "<META_END>", "<META_END>", "ncia", "<META_END>", "<META_END>", "<META_END>"]], "top_logit_ablation_values": [[0, 0, 0, 0, 0, 0.1353, 0, 0, 0], [0, 0, 0, 0, 0, 0.1285, 0, 0, 0], [0, 0, 0, 0, 0, 0.1274, 0, 0, 0], [0, 0, 0, 0, 0, 0.1151, 0, 0, 0], [0, 0, 0, 0, 0, 0.1143, 0, 0, 0]], "bottom_logit_ablation_values": [[0, 0, 0, 0, 0, -0.2991, 0, 0, 0], [0, 0, 0, 0, 0, -0.2869, 0, 0, 0], [0, 0, 0, 0, 0, -0.2839, 0, 0, 0], [0, 0, 0, 0, 0, -0.2665, 0, 0, 0], [0, 0, 0, 0, 0, -0.2656, 0, 0, 0]], "residual_loss_ablation": [-1.019, 2.532, 6.593, 2.603, 3.239, 3.891, -0.6105, 7.652, 0]}}, {"tokens_str_list": [" conditions", ".", " In", " contrast", ",", " 5", "-", "HT", "~"], "tokens_acts_list": [0, 0, 0, 0, 0.09547, 0, 0, 0, 0], "train_token_ind": 4, "is_repeated_datapoint": 0, "datapoint_ind": 44862297, "ablations": {"loss_ablation": [0, 0, 0, 0, 0, 0.009919, 0, 0, 0], "top_logit_ablation_tokens_str": [["<META>", "<META>", "<META>", "<META>", "<META>", " to", "<META>", "<META>", "<META>"], ["<EOT>", "<EOT>", "<EOT>", "<EOT>", "<EOT>", " version", "<EOT>", "<EOT>", "<EOT>"], ["<META_START>", "<META_START>", "<META_START>", "<META_START>", "<META_START>", " with", "<META_START>", "<META_START>", "<META_START>"], ["<SOS>", "<SOS>", "<SOS>", "<SOS>", "<SOS>", " by", "<SOS>", "<SOS>", "<SOS>"], ["<META_END>", "<META_END>", "<META_END>", "<META_END>", "<META_END>", " respectively", "<META_END>", "<META_END>", "<META_END>"]], "bottom_logit_ablation_tokens_str": [["<META>", "<META>", "<META>", "<META>", "<META>", "sso", "<META>", "<META>", "<META>"], ["<EOT>", "<EOT>", "<EOT>", "<EOT>", "<EOT>", "chied", "<EOT>", "<EOT>", "<EOT>"], ["<META_START>", "<META_START>", "<META_START>", "<META_START>", "<META_START>", "illation", "<META_START>", "<META_START>", "<META_START>"], ["<SOS>", "<SOS>", "<SOS>", "<SOS>", "<SOS>", "ncia", "<SOS>", "<SOS>", "<SOS>"], ["<META_END>", "<META_END>", "<META_END>", "<META_END>", "<META_END>", "cdots", "<META_END>", "<META_END>", "<META_END>"]], "top_logit_ablation_values": [[0, 0, 0, 0, 0, 0.05453, 0, 0, 0], [0, 0, 0, 0, 0, 0.04706, 0, 0, 0], [0, 0, 0, 0, 0, 0.04482, 0, 0, 0], [0, 0, 0, 0, 0, 0.04347, 0, 0, 0], [0, 0, 0, 0, 0, 0.04244, 0, 0, 0]], "bottom_logit_ablation_values": [[0, 0, 0, 0, 0, -0.1108, 0, 0, 0], [0, 0, 0, 0, 0, -0.1089, 0, 0, 0], [0, 0, 0, 0, 0, -0.107, 0, 0, 0], [0, 0, 0, 0, 0, -0.09822, 0, 0, 0], [0, 0, 0, 0, 0, -0.0971, 0, 0, 0]], "residual_loss_ablation": [1.046, 0.2116, -0.3119, 0.5894, -0.1229, 2.026, -0.1312, 6.317, 0]}}, {"tokens_str_list": ["ie", "ving", " Bast", "ards", ").", " This", " is", " their", " best"], "tokens_acts_list": [0, 0, 0, 0, 0.06937, 0, 0, 0, 0], "train_token_ind": 4, "is_repeated_datapoint": 0, "datapoint_ind": 87494699, "ablations": {"loss_ablation": [0, 0, 0, 0, 0, -0.01024, 0, 0, 0], "top_logit_ablation_tokens_str": [["<META>", "<META>", "<META>", "<META>", "<META>", " DISCLAIMED", "<META>", "<META>", "<META>"], ["<EOT>", "<EOT>", "<EOT>", "<EOT>", "<EOT>", " to", "<EOT>", "<EOT>", "<EOT>"], ["<META_START>", "<META_START>", "<META_START>", "<META_START>", "<META_START>", "matically", "<META_START>", "<META_START>", "<META_START>"], ["<SOS>", "<SOS>", "<SOS>", "<SOS>", "<SOS>", " respectively", "<SOS>", "<SOS>", "<SOS>"], ["<META_END>", "<META_END>", "<META_END>", "<META_END>", "<META_END>", "ided", "<META_END>", "<META_END>", "<META_END>"]],