{"index": 2714, "act_buckets": [1, 0, 0, 1, 0, 1, 2, 0, 2, 0, 0, 0, 0, 0, 0, 0, 0, 0, 0, 0, 0, 0, 0, 0, 0, 0, 0, 0, 0, 0, 0, 0, 0, 0, 0, 0, 0, 0, 0, 1], "act_bucket_edges": [0, 0.01322, 0.02644, 0.03966, 0.05288, 0.0661, 0.07933, 0.09255, 0.1058, 0.119, 0.1322, 0.1454, 0.1587, 0.1719, 0.1851, 0.1983, 0.2115, 0.2248, 0.238, 0.2512, 0.2644, 0.2776, 0.2909, 0.3041, 0.3173, 0.3305, 0.3437, 0.357, 0.3702, 0.3834, 0.3966, 0.4098, 0.4231, 0.4363, 0.4495, 0.4627, 0.476, 0.4892, 0.5024, 0.5156, 0.5288], "logit_buckets": [2, 0, 3, 1, 8, 13, 20, 48, 66, 100, 170, 241, 404, 609, 931, 1347, 3308, 4026, 4471, 5653, 6704, 7580, 7547, 6586, 5155, 3772, 2486, 1666, 1095, 683, 427, 215, 93, 47, 34, 9, 10, 3, 2, 1], "logit_bucket_edges": [-0.5042, -0.4809, -0.4575, -0.4342, -0.4109, -0.3875, -0.3642, -0.3408, -0.3175, -0.2942, -0.2708, -0.2475, -0.2241, -0.2008, -0.1775, -0.1541, -0.1308, -0.1075, -0.08412, -0.06078, -0.03744, -0.0141, 0.00924, 0.03258, 0.05592, 0.07926, 0.1026, 0.1259, 0.1493, 0.1726, 0.196, 0.2193, 0.2426, 0.266, 0.2893, 0.3126, 0.336, 0.3593, 0.3827, 0.406, 0.4293], "examples_quantiles": [{"quantile_name": "Top Activations", "quantile_max_act": 0.5288, "examples": [{"tokens_str_list": [" R", "BV", "22", "18", "106", "105", "ARD", "ST", "oc"], "tokens_acts_list": [0, 0, 0, 0, 0.5288, 0.3264, 0, 0, 0], "train_token_ind": 4, "is_repeated_datapoint": 0, "datapoint_ind": 48597361, "ablations": {"loss_ablation": [0, 0, 0, 0, 0, 0.09028, 0.009731, 0, 0], "top_logit_ablation_tokens_str": [["<META>", "<META>", "<META>", "<META>", "<META>", ">", ">", "<META>", "<META>"], ["<EOT>", "<EOT>", "<EOT>", "<EOT>", "<EOT>", "leness", "leness", "<EOT>", "<EOT>"], ["<META_START>", "<META_START>", "<META_START>", "<META_START>", "<META_START>", " can", " can", "<META_START>", "<META_START>"], ["<SOS>", "<SOS>", "<SOS>", "<SOS>", "<SOS>", " must", " must", "<SOS>", "<SOS>"], ["<META_END>", "<META_END>", "<META_END>", "<META_END>", "<META_END>", " least", " least", "<META_END>", "<META_END>"]], "bottom_logit_ablation_tokens_str": [["<META>", "<META>", "<META>", "<META>", "<META>", "cci\u00f3n", "cci\u00f3n", "<META>", "<META>"], ["<EOT>", "<EOT>", "<EOT>", "<EOT>", "<EOT>", "berry", "berry", "<EOT>", "<EOT>"], ["<META_START>", "<META_START>", "<META_START>", "<META_START>", "<META_START>", "stadt", "stadt", "<META_START>", "<META_START>"], ["<SOS>", "<SOS>", "<SOS>", "<SOS>", "<SOS>", "nih", "nih", "<SOS>", "<SOS>"], ["<META_END>", "<META_END>", "<META_END>", "<META_END>", "<META_END>", "berries", "backer", "<META_END>", "<META_END>"]], "top_logit_ablation_values": [[0, 0, 0, 0, 0, 0.4044, 0.2517, 0, 0], [0, 0, 0, 0, 0, 0.3712, 0.2281, 0, 0], [0, 0, 0, 0, 0, 0.3511, 0.2191, 0, 0], [0, 0, 0, 0, 0, 0.346, 0.2157, 0, 0], [0, 0, 0, 0, 0, 0.3459, 0.2136, 0, 0]], "bottom_logit_ablation_values": [[0, 0, 0, 0, 0, -0.397, -0.2519, 0, 0], [0, 0, 0, 0, 0, -0.368, -0.2356, 0, 0], [0, 0, 0, 0, 0, -0.3538, -0.2257, 0, 0], [0, 0, 0, 0, 0, -0.3532, -0.2248, 0, 0], [0, 0, 0, 0, 0, -0.3366, -0.2154, 0, 0]], "residual_loss_ablation": [1.747, 3.858, 0.1008, 0.946, -1.019, -0.7248, 2.455, -0.9025, 0]}}, {"tokens_str_list": ["org", "/", "0000", "-", "0003", "-", "12", "31", "-"], "tokens_acts_list": [0, 0, 0, 0, 0.1167, 0, 0, 0, 0], "train_token_ind": 4, "is_repeated_datapoint": 0, "datapoint_ind": 59966721, "ablations": {"loss_ablation": [0, 0, 0, 0, 0, -0.01361, 0, 0, 0], "top_logit_ablation_tokens_str": [["<META>", "<META>", "<META>", "<META>", "<META>", ">", "<META>", "<META>", "<META>"], ["<EOT>", "<EOT>", "<EOT>", "<EOT>", "<EOT>", "leness", "<EOT>", "<EOT>", "<EOT>"], ["<META_START>", "<META_START>", "<META_START>", "<META_START>", "<META_START>", " least", "<META_START>", "<META_START>", "<META_START>"], ["<SOS>", "<SOS>", "<SOS>", "<SOS>", "<SOS>", " can", "<SOS>", "<SOS>", "<SOS>"], ["<META_END>", "<META_END>", "<META_END>", "<META_END>", "<META_END>", " must", "<META_END>", "<META_END>", "<META_END>"]], "bottom_logit_ablation_tokens_str": [["<META>", "<META>", "<META>", "<META>", "<META>", "cci\u00f3n", "<META>", "<META>", "<META>"], ["<EOT>", "<EOT>", "<EOT>", "<EOT>", "<EOT>", "berry", "<EOT>", "<EOT>", "<EOT>"], ["<META_START>", "<META_START>", "<META_START>", "<META_START>", "<META_START>", "stadt", "<META_START>", "<META_START>", "<META_START>"], ["<SOS>", "<SOS>", "<SOS>", "<SOS>", "<SOS>", "berries", "<SOS>", "<SOS>", "<SOS>"], ["<META_END>", "<META_END>", "<META_END>", "<META_END>", "<META_END>", "shooting", "<META_END>", "<META_END>", "<META_END>"]], "top_logit_ablation_values": [[0, 0, 0, 0, 0, 0.08993, 0, 0, 0], [0, 0, 0, 0, 0, 0.08419, 0, 0, 0], [0, 0, 0, 0, 0, 0.08249, 0, 0, 0], [0, 0, 0, 0, 0, 0.0778, 0, 0, 0], [0, 0, 0, 0, 0, 0.07704, 0, 0, 0]], "bottom_logit_ablation_values": [[0, 0, 0, 0, 0, -0.07509, 0, 0, 0], [0, 0, 0, 0, 0, -0.06702, 0, 0, 0], [0, 0, 0, 0, 0, -0.06351, 0, 0, 0], [0, 0, 0, 0, 0, -0.0619, 0, 0, 0], [0, 0, 0, 0, 0, -0.05947, 0, 0, 0]], "residual_loss_ablation": [1.125, -0.1692, 6.866, 1.897, 1.297, 1.639, -1.25, 0.3073, 0]}}, {"tokens_str_list": [".", "oauth", "2", " import", " service", "_", "account", "\n", "Import"], "tokens_acts_list": [0, 0, 0, 0, 0.11, 0, 0, 0, 0], "train_token_ind": 4, "is_repeated_datapoint": 0, "datapoint_ind": 37442150, "ablations": {"loss_ablation": [0, 0, 0, 0, 0, -0.01152, 0, 0, 0], "top_logit_ablation_tokens_str": [["<META>", "<META>", "<META>", "<META>", "<META>", "leness", "<META>", "<META>", "<META>"], ["<EOT>", "<EOT>", "<EOT>", "<EOT>", "<EOT>", ">", "<EOT>", "<EOT>", "<EOT>"], ["<META_START>", "<META_START>", "<META_START>", "<META_START>", "<META_START>", " least", "<META_START>", "<META_START>", "<META_START>"], ["<SOS>", "<SOS>", "<SOS>", "<SOS>", "<SOS>", " must", "<SOS>", "<SOS>", "<SOS>"], ["<META_END>", "<META_END>", "<META_END>", "<META_END>", "<META_END>", " can", "<META_END>", "<META_END>", "<META_END>"]], "bottom_logit_ablation_tokens_str": [["<META>", "<META>", "<META>", "<META>", "<META>", "cci\u00f3n", "<META>", "<META>", "<META>"], ["<EOT>", "<EOT>", "<EOT>", "<EOT>", "<EOT>", "berry", "<EOT>", "<EOT>", "<EOT>"], ["<META_START>", "<META_START>", "<META_START>", "<META_START>", "<META_START>", "stadt", "<META_START>", "<META_START>", "<META_START>"], ["<SOS>", "<SOS>", "<SOS>", "<SOS>", "<SOS>", "nih", "<SOS>", "<SOS>", "<SOS>"], ["<META_END>", "<META_END>", "<META_END>", "<META_END>", "<META_END>", "berries", "<META_END>", "<META_END>", "<META_END>"]], "top_logit_ablation_values": [[0, 0, 0, 0, 0, 0.1132, 0, 0, 0], [0, 0, 0, 0, 0, 0.1118, 0, 0, 0], [0, 0, 0, 0, 0, 0.1032, 0, 0, 0], [0, 0, 0, 0, 0, 0.09977, 0, 0, 0], [0, 0, 0, 0, 0, 0.09967, 0, 0, 0]], "bottom_logit_ablation_values": [[0, 0, 0, 0, 0, -0.06608, 0, 0, 0], [0, 0, 0, 0, 0, -0.06005, 0, 0, 0], [0, 0, 0, 0, 0, -0.0582, 0, 0, 0], [0, 0, 0, 0, 0, -0.05398, 0, 0, 0], [0, 0, 0, 0, 0, -0.05374, 0, 0, 0]], "residual_loss_ablation": [1.666, 1.061, 4.82, 2.446, 1.128, -0.2748, 1.001, 2.873, 0]}}, {"tokens_str_list": ["-", "4", ",", " \\#", "477", "662", "/", "2013", "-"], "tokens_acts_list": [0, 0, 0, 0, 0.09218, 0, 0, 0, 0], "train_token_ind": 4, "is_repeated_datapoint": 0, "datapoint_ind": 51706866, "ablations": {"loss_ablation": [0, 0, 0, 0, 0, 0.007534, 0, 0, 0], "top_logit_ablation_tokens_str": [["<META>", "<META>", "<META>", "<META>", "<META>", ">", "<META>", "<META>", "<META>"], ["<EOT>", "<EOT>", "<EOT>", "<EOT>", "<EOT>", " can", "<EOT>", "<EOT>", "<EOT>"], ["<META_START>", "<META_START>", "<META_START>", "<META_START>", "<META_START>", " must", "<META_START>", "<META_START>", "<META_START>"], ["<SOS>", "<SOS>", "<SOS>", "<SOS>", "<SOS>", "leness", "<SOS>", "<SOS>", "<SOS>"], ["<META_END>", "<META_END>", "<META_END>", "<META_END>", "<META_END>", " least", "<META_END>", "<META_END>", "<META_END>"]],