{"index": 2733, "act_buckets": [0, 1, 0, 0, 0, 0, 0, 0, 0, 0, 0, 0, 1, 0, 0, 0, 0, 0, 0, 0, 1, 0, 0, 0, 0, 0, 0, 0, 0, 0, 0, 0, 0, 0, 0, 0, 0, 0, 0, 1], "act_bucket_edges": [0, 0.007641, 0.01528, 0.02292, 0.03056, 0.0382, 0.04584, 0.05349, 0.06113, 0.06877, 0.07641, 0.08405, 0.09169, 0.09933, 0.107, 0.1146, 0.1223, 0.1299, 0.1375, 0.1452, 0.1528, 0.1605, 0.1681, 0.1757, 0.1834, 0.191, 0.1987, 0.2063, 0.2139, 0.2216, 0.2292, 0.2369, 0.2445, 0.2521, 0.2598, 0.2674, 0.2751, 0.2827, 0.2904, 0.298, 0.3056], "logit_buckets": [4, 5, 7, 8, 29, 39, 78, 145, 276, 360, 587, 893, 1344, 1757, 2371, 3231, 4110, 7906, 7528, 7361, 6984, 5854, 4667, 3363, 2361, 1607, 971, 712, 403, 256, 143, 77, 44, 33, 10, 5, 4, 1, 1, 1], "logit_bucket_edges": [-0.4073, -0.3862, -0.365, -0.3439, -0.3228, -0.3017, -0.2805, -0.2594, -0.2383, -0.2172, -0.196, -0.1749, -0.1538, -0.1326, -0.1115, -0.0904, -0.06927, -0.04814, -0.02702, -0.00589, 0.01524, 0.03636, 0.05749, 0.07862, 0.09974, 0.1209, 0.142, 0.1631, 0.1842, 0.2054, 0.2265, 0.2476, 0.2688, 0.2899, 0.311, 0.3321, 0.3533, 0.3744, 0.3955, 0.4166, 0.4378], "examples_quantiles": [{"quantile_name": "Top Activations", "quantile_max_act": 0.3056, "examples": [{"tokens_str_list": ["\\", "bigg", "(\\", "frac", " {\\", "vart", "he", "ta", "_{"], "tokens_acts_list": [0, 0, 0, 0, 0.3056, 0, 0, 0, 0], "train_token_ind": 4, "is_repeated_datapoint": 0, "datapoint_ind": 1954732, "ablations": {"loss_ablation": [0, 0, 0, 0, 0, -0.05788, 0, 0, 0], "top_logit_ablation_tokens_str": [["<META>", "<META>", "<META>", "<META>", "<META>", "tically", "<META>", "<META>", "<META>"], ["<EOT>", "<EOT>", "<EOT>", "<EOT>", "<EOT>", "activity", "<EOT>", "<EOT>", "<EOT>"], ["<META_START>", "<META_START>", "<META_START>", "<META_START>", "<META_START>", "crete", "<META_START>", "<META_START>", "<META_START>"], ["<SOS>", "<SOS>", "<SOS>", "<SOS>", "<SOS>", "pheres", "<SOS>", "<SOS>", "<SOS>"], ["<META_END>", "<META_END>", "<META_END>", "<META_END>", "<META_END>", "acts", "<META_END>", "<META_END>", "<META_END>"]], "bottom_logit_ablation_tokens_str": [["<META>", "<META>", "<META>", "<META>", "<META>", " Circuit", "<META>", "<META>", "<META>"], ["<EOT>", "<EOT>", "<EOT>", "<EOT>", "<EOT>", "isecond", "<EOT>", "<EOT>", "<EOT>"], ["<META_START>", "<META_START>", "<META_START>", "<META_START>", "<META_START>", " Tomatoes", "<META_START>", "<META_START>", "<META_START>"], ["<SOS>", "<SOS>", "<SOS>", "<SOS>", "<SOS>", " Filed", "<SOS>", "<SOS>", "<SOS>"], ["<META_END>", "<META_END>", "<META_END>", "<META_END>", "<META_END>", "imeter", "<META_END>", "<META_END>", "<META_END>"]], "top_logit_ablation_values": [[0, 0, 0, 0, 0, 0.1912, 0, 0, 0], [0, 0, 0, 0, 0, 0.1884, 0, 0, 0], [0, 0, 0, 0, 0, 0.1811, 0, 0, 0], [0, 0, 0, 0, 0, 0.1776, 0, 0, 0], [0, 0, 0, 0, 0, 0.1758, 0, 0, 0]], "bottom_logit_ablation_values": [[0, 0, 0, 0, 0, -0.2614, 0, 0, 0], [0, 0, 0, 0, 0, -0.2553, 0, 0, 0], [0, 0, 0, 0, 0, -0.2529, 0, 0, 0], [0, 0, 0, 0, 0, -0.2418, 0, 0, 0], [0, 0, 0, 0, 0, -0.231, 0, 0, 0]], "residual_loss_ablation": [-0.8725, 4.317, 1.238, 1.696, 0.1535, 2.122, 5.199, 7.429, 0]}}, {"tokens_str_list": [" mit", "z", "ured", "en", ".\u00ab", "\n", "\n", "\u00bb", "All"], "tokens_acts_list": [0, 0, 0, 0, 0.1589, 0, 0, 0, 0], "train_token_ind": 4, "is_repeated_datapoint": 0, "datapoint_ind": 76851631, "ablations": {"loss_ablation": [0, 0, 0, 0, 0, 0.002908, 0, 0, 0], "top_logit_ablation_tokens_str": [["<META>", "<META>", "<META>", "<META>", "<META>", "\u00dfer", "<META>", "<META>", "<META>"], ["<EOT>", "<EOT>", "<EOT>", "<EOT>", "<EOT>", "ckets", "<EOT>", "<EOT>", "<EOT>"], ["<META_START>", "<META_START>", "<META_START>", "<META_START>", "<META_START>", "him", "<META_START>", "<META_START>", "<META_START>"], ["<SOS>", "<SOS>", "<SOS>", "<SOS>", "<SOS>", "onom", "<SOS>", "<SOS>", "<SOS>"], ["<META_END>", "<META_END>", "<META_END>", "<META_END>", "<META_END>", "activity", "<META_END>", "<META_END>", "<META_END>"]], "bottom_logit_ablation_tokens_str": [["<META>", "<META>", "<META>", "<META>", "<META>", "isecond", "<META>", "<META>", "<META>"], ["<EOT>", "<EOT>", "<EOT>", "<EOT>", "<EOT>", " Circuit", "<EOT>", "<EOT>", "<EOT>"], ["<META_START>", "<META_START>", "<META_START>", "<META_START>", "<META_START>", "i\u00f3n", "<META_START>", "<META_START>", "<META_START>"], ["<SOS>", "<SOS>", "<SOS>", "<SOS>", "<SOS>", "hire", "<SOS>", "<SOS>", "<SOS>"], ["<META_END>", "<META_END>", "<META_END>", "<META_END>", "<META_END>", "imeter", "<META_END>", "<META_END>", "<META_END>"]], "top_logit_ablation_values": [[0, 0, 0, 0, 0, 0.06188, 0, 0, 0], [0, 0, 0, 0, 0, 0.05533, 0, 0, 0], [0, 0, 0, 0, 0, 0.05134, 0, 0, 0], [0, 0, 0, 0, 0, 0.05032, 0, 0, 0], [0, 0, 0, 0, 0, 0.05023, 0, 0, 0]], "bottom_logit_ablation_values": [[0, 0, 0, 0, 0, -0.119, 0, 0, 0], [0, 0, 0, 0, 0, -0.1162, 0, 0, 0], [0, 0, 0, 0, 0, -0.1136, 0, 0, 0], [0, 0, 0, 0, 0, -0.1131, 0, 0, 0], [0, 0, 0, 0, 0, -0.1079, 0, 0, 0]], "residual_loss_ablation": [-1.391, 0.6779, 1.498, 2.721, -0.6154, 3.15, 0.161, 5.499, 0]}}, {"tokens_str_list": ["Node", " os", "Node", ",", "\n                                    ", " boolean", " install", ")", " {"], "tokens_acts_list": [0, 0, 0, 0, 0.09467, 0, 0, 0, 0], "train_token_ind": 4, "is_repeated_datapoint": 0, "datapoint_ind": 66081359, "ablations": {"loss_ablation": [0, 0, 0, 0, 0, -0.0221, 0, 0, 0], "top_logit_ablation_tokens_str": [["<META>", "<META>", "<META>", "<META>", "<META>", "activity", "<META>", "<META>", "<META>"], ["<EOT>", "<EOT>", "<EOT>", "<EOT>", "<EOT>", "crete", "<EOT>", "<EOT>", "<EOT>"], ["<META_START>", "<META_START>", "<META_START>", "<META_START>", "<META_START>", " way", "<META_START>", "<META_START>", "<META_START>"], ["<SOS>", "<SOS>", "<SOS>", "<SOS>", "<SOS>", "hum", "<SOS>", "<SOS>", "<SOS>"], ["<META_END>", "<META_END>", "<META_END>", "<META_END>", "<META_END>", "tically", "<META_END>", "<META_END>", "<META_END>"]], "bottom_logit_ablation_tokens_str": [["<META>", "<META>", "<META>", "<META>", "<META>", "isecond", "<META>", "<META>", "<META>"], ["<EOT>", "<EOT>", "<EOT>", "<EOT>", "<EOT>", " Circuit", "<EOT>", "<EOT>", "<EOT>"], ["<META_START>", "<META_START>", "<META_START>", "<META_START>", "<META_START>", " Tomatoes", "<META_START>", "<META_START>", "<META_START>"], ["<SOS>", "<SOS>", "<SOS>", "<SOS>", "<SOS>", "imeter", "<SOS>", "<SOS>", "<SOS>"], ["<META_END>", "<META_END>", "<META_END>", "<META_END>", "<META_END>", "hire", "<META_END>", "<META_END>", "<META_END>"]], "top_logit_ablation_values": [[0, 0, 0, 0, 0, 0.0462, 0, 0, 0], [0, 0, 0, 0, 0, 0.0442, 0, 0, 0], [0, 0, 0, 0, 0, 0.04398, 0, 0, 0], [0, 0, 0, 0, 0, 0.0436, 0, 0, 0], [0, 0, 0, 0, 0, 0.0435, 0, 0, 0]], "bottom_logit_ablation_values": [[0, 0, 0, 0, 0, -0.1076, 0, 0, 0], [0, 0, 0, 0, 0, -0.1065, 0, 0, 0], [0, 0, 0, 0, 0, -0.1059, 0, 0, 0], [0, 0, 0, 0, 0, -0.09838, 0, 0, 0], [0, 0, 0, 0, 0, -0.09776, 0, 0, 0]], "residual_loss_ablation": [0.3718, -0.351, 1.135, 1.134, 5.484, 1.544, 1.914, 4.925, 0]}}, {"tokens_str_list": ["ing", " the", " Int", "est", "inal", " Barrier", " via", " L", "ister"], "tokens_acts_list": [0, 0, 0, 0, 0.01274, 0, 0, 0, 0], "train_token_ind": 4, "is_repeated_datapoint": 0, "datapoint_ind": 26306162, "ablations": {"loss_ablation": [0, 0, 0, 0, 0, 0, 0, 0, 0], "top_logit_ablation_tokens_str": [["<META>", "<META>", "<META>", "<META>", "<META>", "<META>", "<META>", "<META>", "<META>"], ["<EOT>", "<EOT>", "<EOT>", "<EOT>", "<EOT>", "<EOT>", "<EOT>", "<EOT>", "<EOT>"], ["<META_START>", "<META_START>", "<META_START>", "<META_START>", "<META_START>", "<META_START>", "<META_START>", "<META_START>", "<META_START>"], ["<SOS>", "<SOS>", "<SOS>", "<SOS>", "<SOS>", "<SOS>", "<SOS>", "<SOS>", "<SOS>"], ["<META_END>", "<META_END>", "<META_END>", "<META_END>", "<META_END>", "<META_END>", "<META_END>", "<META_END>", "<META_END>"]],