{"index": 2749, "act_buckets": [0, 0, 0, 0, 0, 0, 0, 0, 0, 0, 0, 0, 0, 0, 0, 0, 0, 0, 0, 0, 0, 0, 0, 0, 0, 0, 0, 0, 0, 0, 0, 0, 0, 0, 0, 0, 0, 0, 0, 1], "act_bucket_edges": [0, 0.0006338, 0.001268, 0.001902, 0.002535, 0.003169, 0.003803, 0.004437, 0.005071, 0.005705, 0.006338, 0.006972, 0.007606, 0.00824, 0.008874, 0.009508, 0.01014, 0.01078, 0.01141, 0.01204, 0.01268, 0.01331, 0.01394, 0.01458, 0.01521, 0.01585, 0.01648, 0.01711, 0.01775, 0.01838, 0.01902, 0.01965, 0.02028, 0.02092, 0.02155, 0.02218, 0.02282, 0.02345, 0.02409, 0.02472, 0.02535], "logit_buckets": [2, 2, 1, 3, 3, 4, 19, 8, 30, 51, 86, 149, 249, 372, 559, 912, 1395, 4627, 4535, 5669, 7201, 8541, 8090, 6961, 5217, 3840, 2635, 1651, 1131, 690, 398, 218, 129, 58, 39, 29, 14, 7, 6, 5], "logit_bucket_edges": [-0.6311, -0.6022, -0.5732, -0.5443, -0.5153, -0.4864, -0.4575, -0.4285, -0.3996, -0.3706, -0.3417, -0.3127, -0.2838, -0.2549, -0.2259, -0.197, -0.168, -0.1391, -0.1102, -0.08122, -0.05228, -0.02334, 0.005603, 0.03454, 0.06349, 0.09243, 0.1214, 0.1503, 0.1793, 0.2082, 0.2371, 0.2661, 0.295, 0.324, 0.3529, 0.3818, 0.4108, 0.4397, 0.4687, 0.4976, 0.5265], "examples_quantiles": [{"quantile_name": "Top Activations", "quantile_max_act": 0.02535, "examples": [{"tokens_str_list": [":", "\n", "\n", "Find", " and", " copy", " FORM", " tag", "\n"], "tokens_acts_list": [0, 0, 0, 0, 0.02535, 0, 0, 0, 0], "train_token_ind": 4, "is_repeated_datapoint": 0, "datapoint_ind": 46122956, "ablations": {"loss_ablation": [0, 0, 0, 0, 0, 0.002652, 0, 0, 0], "top_logit_ablation_tokens_str": [["<META>", "<META>", "<META>", "<META>", "<META>", "oons", "<META>", "<META>", "<META>"], ["<EOT>", "<EOT>", "<EOT>", "<EOT>", "<EOT>", "oon", "<EOT>", "<EOT>", "<EOT>"], ["<META_START>", "<META_START>", "<META_START>", "<META_START>", "<META_START>", "oken", "<META_START>", "<META_START>", "<META_START>"], ["<SOS>", "<SOS>", "<SOS>", "<SOS>", "<SOS>", "ically", "<SOS>", "<SOS>", "<SOS>"], ["<META_END>", "<META_END>", "<META_END>", "<META_END>", "<META_END>", "ously", "<META_END>", "<META_END>", "<META_END>"]], "bottom_logit_ablation_tokens_str": [["<META>", "<META>", "<META>", "<META>", "<META>", "unnumbered", "<META>", "<META>", "<META>"], ["<EOT>", "<EOT>", "<EOT>", "<EOT>", "<EOT>", "mare", "<EOT>", "<EOT>", "<EOT>"], ["<META_START>", "<META_START>", "<META_START>", "<META_START>", "<META_START>", "?\u201d", "<META_START>", "<META_START>", "<META_START>"], ["<SOS>", "<SOS>", "<SOS>", "<SOS>", "<SOS>", "itate", "<SOS>", "<SOS>", "<SOS>"], ["<META_END>", "<META_END>", "<META_END>", "<META_END>", "<META_END>", ".\u2019", "<META_END>", "<META_END>", "<META_END>"]], "top_logit_ablation_values": [[0, 0, 0, 0, 0, 0.03801, 0, 0, 0], [0, 0, 0, 0, 0, 0.03576, 0, 0, 0], [0, 0, 0, 0, 0, 0.03513, 0, 0, 0], [0, 0, 0, 0, 0, 0.03301, 0, 0, 0], [0, 0, 0, 0, 0, 0.03239, 0, 0, 0]], "bottom_logit_ablation_values": [[0, 0, 0, 0, 0, -0.015, 0, 0, 0], [0, 0, 0, 0, 0, -0.01466, 0, 0, 0], [0, 0, 0, 0, 0, -0.01356, 0, 0, 0], [0, 0, 0, 0, 0, -0.01296, 0, 0, 0], [0, 0, 0, 0, 0, -0.01232, 0, 0, 0]], "residual_loss_ablation": [-0.03445, -0.09008, 0.461, 2.458, -2.101, 2.236, 1.648, 1.309, 0]}}]}], "statistics": {"density_frac": 1e-08, "global_max_act": 0.02535, "abs_max_neuron_weights": [0.2092, 0.1763, -0.1761], "abs_max_neuron_inds": [269, 138, 203], "l1_max_neuron_weights": [0.01229, 0.01035, 0.01034]}, "logit_effects": {"negatives": [["ested", -0.5071], ["fully", -0.5133], ["ogy", -0.5169], ["ists", -0.5203], ["hetically", -0.5297], ["ically", -0.5632], ["ously", -0.5778], ["oon", -0.5976], ["oken", -0.606], ["oons", -0.6311]], "positives": [["\n          ", 0.5265], ["\n      ", 0.5229], ["\n              ", 0.5145], ["\n            ", 0.5137], ["mare", 0.5071], ["?\u201d", 0.4976], ["itate", 0.4943], ["iration", 0.4787], ["\u021b", 0.4771], ["unnumbered", 0.4756]]}}