{"index": 277, "act_buckets": [0, 0, 0, 0, 0, 0, 0, 0, 0, 0, 0, 0, 0, 0, 0, 0, 0, 0, 0, 0, 0, 0, 0, 0, 0, 0, 0, 0, 0, 0, 0, 0, 0, 0, 0, 0, 0, 0, 0, 1], "act_bucket_edges": [0, 0.00295, 0.005899, 0.008849, 0.0118, 0.01475, 0.0177, 0.02065, 0.0236, 0.02655, 0.0295, 0.03245, 0.0354, 0.03835, 0.0413, 0.04425, 0.04719, 0.05014, 0.05309, 0.05604, 0.05899, 0.06194, 0.06489, 0.06784, 0.07079, 0.07374, 0.07669, 0.07964, 0.08259, 0.08554, 0.08849, 0.09144, 0.09439, 0.09734, 0.1003, 0.1032, 0.1062, 0.1091, 0.1121, 0.115, 0.118], "logit_buckets": [1, 0, 2, 6, 6, 7, 14, 18, 38, 41, 80, 160, 196, 305, 457, 656, 1046, 1408, 2230, 2967, 6401, 6060, 6824, 7807, 7657, 6563, 5001, 3571, 2414, 1532, 929, 513, 295, 178, 82, 43, 19, 4, 3, 2], "logit_bucket_edges": [-0.6123, -0.5862, -0.5602, -0.5341, -0.5081, -0.482, -0.456, -0.4299, -0.4039, -0.3779, -0.3518, -0.3258, -0.2997, -0.2737, -0.2476, -0.2216, -0.1955, -0.1695, -0.1435, -0.1174, -0.09137, -0.06533, -0.03928, -0.01324, 0.01281, 0.03885, 0.06489, 0.09094, 0.117, 0.143, 0.1691, 0.1951, 0.2212, 0.2472, 0.2732, 0.2993, 0.3253, 0.3514, 0.3774, 0.4035, 0.4295], "examples_quantiles": [{"quantile_name": "Top Activations", "quantile_max_act": 0.118, "examples": [{"tokens_str_list": ["from", "(", "input", "_,", " subs", "):", "\n   ", " input", "_="], "tokens_acts_list": [0, 0, 0, 0, 0.118, 0, 0, 0, 0], "train_token_ind": 4, "is_repeated_datapoint": 0, "datapoint_ind": 13028980, "ablations": {"loss_ablation": [0, 0, 0, 0, 0, 0.01306, 0, 0, 0], "top_logit_ablation_tokens_str": [["<META>", "<META>", "<META>", "<META>", "<META>", " to", "<META>", "<META>", "<META>"], ["<EOT>", "<EOT>", "<EOT>", "<EOT>", "<EOT>", " and", "<EOT>", "<EOT>", "<EOT>"], ["<META_START>", "<META_START>", "<META_START>", "<META_START>", "<META_START>", " who", "<META_START>", "<META_START>", "<META_START>"], ["<SOS>", "<SOS>", "<SOS>", "<SOS>", "<SOS>", " is", "<SOS>", "<SOS>", "<SOS>"], ["<META_END>", "<META_END>", "<META_END>", "<META_END>", "<META_END>", " of", "<META_END>", "<META_END>", "<META_END>"]], "bottom_logit_ablation_tokens_str": [["<META>", "<META>", "<META>", "<META>", "<META>", "starter", "<META>", "<META>", "<META>"], ["<EOT>", "<EOT>", "<EOT>", "<EOT>", "<EOT>", "ortex", "<EOT>", "<EOT>", "<EOT>"], ["<META_START>", "<META_START>", "<META_START>", "<META_START>", "<META_START>", "amsbsy", "<META_START>", "<META_START>", "<META_START>"], ["<SOS>", "<SOS>", "<SOS>", "<SOS>", "<SOS>", " ubuntu", "<SOS>", "<SOS>", "<SOS>"], ["<META_END>", "<META_END>", "<META_END>", "<META_END>", "<META_END>", "apses", "<META_END>", "<META_END>", "<META_END>"]], "top_logit_ablation_values": [[0, 0, 0, 0, 0, 0.07759, 0, 0, 0], [0, 0, 0, 0, 0, 0.06405, 0, 0, 0], [0, 0, 0, 0, 0, 0.06208, 0, 0, 0], [0, 0, 0, 0, 0, 0.0608, 0, 0, 0], [0, 0, 0, 0, 0, 0.06035, 0, 0, 0]], "bottom_logit_ablation_values": [[0, 0, 0, 0, 0, -0.1068, 0, 0, 0], [0, 0, 0, 0, 0, -0.1064, 0, 0, 0], [0, 0, 0, 0, 0, -0.1042, 0, 0, 0], [0, 0, 0, 0, 0, -0.1, 0, 0, 0], [0, 0, 0, 0, 0, -0.09973, 0, 0, 0]], "residual_loss_ablation": [-1.378, 0.5203, 2.029, 6.404, -0.9696, 1.255, 4.022, 3.823, 0]}}]}], "statistics": {"density_frac": 1e-08, "global_max_act": 0.118, "abs_max_neuron_weights": [0.2267, 0.1958, -0.1624], "abs_max_neuron_inds": [109, 317, 428], "l1_max_neuron_weights": [0.01321, 0.01141, 0.009462]}, "logit_effects": {"negatives": [[" will", -0.5015], [" from", -0.5113], [" must", -0.5162], [" can", -0.5246], [" of", -0.5248], [" who", -0.532], [" has", -0.5337], [" and", -0.5372], [" is", -0.5455], [" to", -0.6123]], "positives": [["starter", 0.4295], ["ortex", 0.4288], ["SQL", 0.3953], [" ubuntu", 0.3911], ["RNA", 0.3909], ["amsbsy", 0.371], ["apses", 0.3704], [" distro", 0.3655], ["amsfonts", 0.3533], ["pt", 0.3498]]}}