{"index": 2771, "act_buckets": [0, 0, 0, 0, 0, 0, 0, 0, 0, 0, 0, 0, 0, 0, 0, 0, 0, 0, 0, 0, 0, 0, 0, 0, 0, 0, 0, 0, 0, 0, 0, 0, 0, 0, 0, 0, 0, 0, 0, 1], "act_bucket_edges": [0, 0.0225, 0.045, 0.0675, 0.08999, 0.1125, 0.135, 0.1575, 0.18, 0.2025, 0.225, 0.2475, 0.27, 0.2925, 0.315, 0.3375, 0.36, 0.3825, 0.405, 0.4275, 0.45, 0.4725, 0.495, 0.5175, 0.54, 0.5625, 0.585, 0.6075, 0.63, 0.6525, 0.675, 0.6975, 0.72, 0.7425, 0.7649, 0.7874, 0.8099, 0.8324, 0.8549, 0.8774, 0.8999], "logit_buckets": [1, 0, 1, 2, 1, 2, 8, 12, 20, 36, 62, 133, 190, 350, 606, 972, 1445, 2421, 3742, 5167, 6616, 10620, 10260, 7809, 5694, 3740, 2413, 1425, 873, 457, 207, 122, 63, 27, 16, 14, 4, 1, 1, 1], "logit_bucket_edges": [-0.5727, -0.5467, -0.5207, -0.4947, -0.4688, -0.4428, -0.4168, -0.3908, -0.3648, -0.3388, -0.3128, -0.2868, -0.2608, -0.2348, -0.2088, -0.1828, -0.1568, -0.1308, -0.1048, -0.07885, -0.05286, -0.02687, -0.0008742, 0.02512, 0.05111, 0.07711, 0.1031, 0.1291, 0.1551, 0.1811, 0.2071, 0.2331, 0.2591, 0.2851, 0.311, 0.337, 0.363, 0.389, 0.415, 0.441, 0.467], "examples_quantiles": [{"quantile_name": "Top Activations", "quantile_max_act": 0.8999, "examples": [{"tokens_str_list": [" mit", "z", "ured", "en", ".\u00ab", "\n", "\n", "\u00bb", "All"], "tokens_acts_list": [0, 0, 0, 0, 0.8999, 0, 0, 0, 0], "train_token_ind": 4, "is_repeated_datapoint": 0, "datapoint_ind": 76851631, "ablations": {"loss_ablation": [0, 0, 0, 0, 0, -0.0261, 0, 0, 0], "top_logit_ablation_tokens_str": [["<META>", "<META>", "<META>", "<META>", "<META>", "atically", "<META>", "<META>", "<META>"], ["<EOT>", "<EOT>", "<EOT>", "<EOT>", "<EOT>", " and", "<EOT>", "<EOT>", "<EOT>"], ["<META_START>", "<META_START>", "<META_START>", "<META_START>", "<META_START>", "ances", "<META_START>", "<META_START>", "<META_START>"], ["<SOS>", "<SOS>", "<SOS>", "<SOS>", "<SOS>", "ates", "<SOS>", "<SOS>", "<SOS>"], ["<META_END>", "<META_END>", "<META_END>", "<META_END>", "<META_END>", " by", "<META_END>", "<META_END>", "<META_END>"]], "bottom_logit_ablation_tokens_str": [["<META>", "<META>", "<META>", "<META>", "<META>", "pple", "<META>", "<META>", "<META>"], ["<EOT>", "<EOT>", "<EOT>", "<EOT>", "<EOT>", "stry", "<EOT>", "<EOT>", "<EOT>"], ["<META_START>", "<META_START>", "<META_START>", "<META_START>", "<META_START>", "\u00e7", "<META_START>", "<META_START>", "<META_START>"], ["<SOS>", "<SOS>", "<SOS>", "<SOS>", "<SOS>", "sted", "<SOS>", "<SOS>", "<SOS>"], ["<META_END>", "<META_END>", "<META_END>", "<META_END>", "<META_END>", "ssa", "<META_END>", "<META_END>", "<META_END>"]], "top_logit_ablation_values": [[0, 0, 0, 0, 0, 0.6606, 0, 0, 0], [0, 0, 0, 0, 0, 0.6, 0, 0, 0], [0, 0, 0, 0, 0, 0.5592, 0, 0, 0], [0, 0, 0, 0, 0, 0.5532, 0, 0, 0], [0, 0, 0, 0, 0, 0.5451, 0, 0, 0]], "bottom_logit_ablation_values": [[0, 0, 0, 0, 0, -0.6303, 0, 0, 0], [0, 0, 0, 0, 0, -0.6268, 0, 0, 0], [0, 0, 0, 0, 0, -0.5581, 0, 0, 0], [0, 0, 0, 0, 0, -0.5456, 0, 0, 0], [0, 0, 0, 0, 0, -0.5402, 0, 0, 0]], "residual_loss_ablation": [-1.391, 0.6779, 1.498, 2.721, -0.6154, 3.15, 0.161, 5.499, 0]}}]}], "statistics": {"density_frac": 1e-08, "global_max_act": 0.8999, "abs_max_neuron_weights": [-0.1498, 0.1452, 0.134], "abs_max_neuron_inds": [413, 378, 153], "l1_max_neuron_weights": [0.00857, 0.008307, 0.007665]}, "logit_effects": {"negatives": [[" way", -0.4019], [" to", -0.4099], [" manner", -0.4104], [" etc", -0.4296], [" is", -0.4418], ["ates", -0.4687], [" by", -0.4764], ["ances", -0.4938], [" and", -0.5136], ["atically", -0.5727]], "positives": [["pple", 0.467], ["stry", 0.4221], ["\u00e7", 0.3904], ["sey", 0.3847], ["sted", 0.3739], ["kins", 0.369], ["ssa", 0.3669], ["\u308c", 0.3624], ["quirer", 0.3617], ["celandic", 0.3615]]}}