{"index": 2775, "act_buckets": [0, 0, 0, 0, 0, 0, 0, 0, 0, 0, 0, 0, 0, 0, 0, 0, 0, 0, 0, 0, 0, 0, 0, 0, 0, 0, 0, 0, 0, 0, 0, 0, 0, 1, 0, 0, 0, 1, 0, 1], "act_bucket_edges": [0, 0.023, 0.04601, 0.06901, 0.09202, 0.115, 0.138, 0.161, 0.184, 0.207, 0.23, 0.2531, 0.2761, 0.2991, 0.3221, 0.3451, 0.3681, 0.3911, 0.4141, 0.4371, 0.4601, 0.4831, 0.5061, 0.5291, 0.5521, 0.5751, 0.5981, 0.6211, 0.6441, 0.6671, 0.6901, 0.7131, 0.7362, 0.7592, 0.7822, 0.8052, 0.8282, 0.8512, 0.8742, 0.8972, 0.9202], "logit_buckets": [1, 0, 2, 2, 1, 9, 12, 14, 19, 41, 56, 89, 133, 249, 386, 555, 916, 3207, 3254, 4290, 5441, 6869, 7761, 8138, 7509, 5875, 4225, 2807, 1667, 947, 507, 289, 132, 65, 38, 11, 10, 4, 3, 2], "logit_bucket_edges": [-0.5803, -0.555, -0.5297, -0.5044, -0.4791, -0.4538, -0.4285, -0.4032, -0.3779, -0.3526, -0.3273, -0.302, -0.2767, -0.2514, -0.2261, -0.2008, -0.1755, -0.1502, -0.1249, -0.09956, -0.07425, -0.04895, -0.02365, 0.001659, 0.02696, 0.05227, 0.07757, 0.1029, 0.1282, 0.1535, 0.1788, 0.2041, 0.2294, 0.2547, 0.28, 0.3053, 0.3306, 0.3559, 0.3812, 0.4065, 0.4318], "examples_quantiles": [{"quantile_name": "Top Activations", "quantile_max_act": 0.9202, "examples": [{"tokens_str_list": [")$", " are", " self", "-", "recip", "rocal", " quad", "rat", "ics"], "tokens_acts_list": [0, 0, 0, 0, 0.9202, 0, 0, 0, 0], "train_token_ind": 4, "is_repeated_datapoint": 0, "datapoint_ind": 8091205, "ablations": {"loss_ablation": [0, 0, 0, 0, 0, 0.06309, 0, 0, 0], "top_logit_ablation_tokens_str": [["<META>", "<META>", "<META>", "<META>", "<META>", " of", "<META>", "<META>", "<META>"], ["<EOT>", "<EOT>", "<EOT>", "<EOT>", "<EOT>", "ize", "<EOT>", "<EOT>", "<EOT>"], ["<META_START>", "<META_START>", "<META_START>", "<META_START>", "<META_START>", "ulate", "<META_START>", "<META_START>", "<META_START>"], ["<SOS>", "<SOS>", "<SOS>", "<SOS>", "<SOS>", "ographic", "<SOS>", "<SOS>", "<SOS>"], ["<META_END>", "<META_END>", "<META_END>", "<META_END>", "<META_END>", "ling", "<META_END>", "<META_END>", "<META_END>"]], "bottom_logit_ablation_tokens_str": [["<META>", "<META>", "<META>", "<META>", "<META>", "TIFF", "<META>", "<META>", "<META>"], ["<EOT>", "<EOT>", "<EOT>", "<EOT>", "<EOT>", "\\}$", "<EOT>", "<EOT>", "<EOT>"], ["<META_START>", "<META_START>", "<META_START>", "<META_START>", "<META_START>", "MOESM", "<META_START>", "<META_START>", "<META_START>"], ["<SOS>", "<SOS>", "<SOS>", "<SOS>", "<SOS>", " Aires", "<SOS>", "<SOS>", "<SOS>"], ["<META_END>", "<META_END>", "<META_END>", "<META_END>", "<META_END>", "TON", "<META_END>", "<META_END>", "<META_END>"]], "top_logit_ablation_values": [[0, 0, 0, 0, 0, 0.906, 0, 0, 0], [0, 0, 0, 0, 0, 0.8764, 0, 0, 0], [0, 0, 0, 0, 0, 0.8326, 0, 0, 0], [0, 0, 0, 0, 0, 0.8073, 0, 0, 0], [0, 0, 0, 0, 0, 0.7955, 0, 0, 0]], "bottom_logit_ablation_values": [[0, 0, 0, 0, 0, -0.3892, 0, 0, 0], [0, 0, 0, 0, 0, -0.3832, 0, 0, 0], [0, 0, 0, 0, 0, -0.3788, 0, 0, 0], [0, 0, 0, 0, 0, -0.3752, 0, 0, 0], [0, 0, 0, 0, 0, -0.3743, 0, 0, 0]], "residual_loss_ablation": [1.496, 1.959, -0.8832, 1.865, -1.148, 3.159, -0.5949, 2.632, 0]}}, {"tokens_str_list": ["..", "\n", " `", "def", " repos", "(", "request", "):", "\n   "], "tokens_acts_list": [0, 0, 0, 0, 0.8512, 0, 0, 0, 0], "train_token_ind": 4, "is_repeated_datapoint": 0, "datapoint_ind": 33926632, "ablations": {"loss_ablation": [0, 0, 0, 0, 0, 0.06401, 0, 0, 0], "top_logit_ablation_tokens_str": [["<META>", "<META>", "<META>", "<META>", "<META>", " of", "<META>", "<META>", "<META>"], ["<EOT>", "<EOT>", "<EOT>", "<EOT>", "<EOT>", "osterone", "<EOT>", "<EOT>", "<EOT>"], ["<META_START>", "<META_START>", "<META_START>", "<META_START>", "<META_START>", "ize", "<META_START>", "<META_START>", "<META_START>"], ["<SOS>", "<SOS>", "<SOS>", "<SOS>", "<SOS>", "ographic", "<SOS>", "<SOS>", "<SOS>"], ["<META_END>", "<META_END>", "<META_END>", "<META_END>", "<META_END>", "izes", "<META_END>", "<META_END>", "<META_END>"]], "bottom_logit_ablation_tokens_str": [["<META>", "<META>", "<META>", "<META>", "<META>", "unnumbered", "<META>", "<META>", "<META>"], ["<EOT>", "<EOT>", "<EOT>", "<EOT>", "<EOT>", "\\}$", "<EOT>", "<EOT>", "<EOT>"], ["<META_START>", "<META_START>", "<META_START>", "<META_START>", "<META_START>", "\\}$,", "<META_START>", "<META_START>", "<META_START>"], ["<SOS>", "<SOS>", "<SOS>", "<SOS>", "<SOS>", "\\}$.", "<SOS>", "<SOS>", "<SOS>"], ["<META_END>", "<META_END>", "<META_END>", "<META_END>", "<META_END>", " Aires", "<META_END>", "<META_END>", "<META_END>"]], "top_logit_ablation_values": [[0, 0, 0, 0, 0, 0.9343, 0, 0, 0], [0, 0, 0, 0, 0, 0.8448, 0, 0, 0], [0, 0, 0, 0, 0, 0.8396, 0, 0, 0], [0, 0, 0, 0, 0, 0.8044, 0, 0, 0], [0, 0, 0, 0, 0, 0.7991, 0, 0, 0]], "bottom_logit_ablation_values": [[0, 0, 0, 0, 0, -0.4647, 0, 0, 0], [0, 0, 0, 0, 0, -0.452, 0, 0, 0], [0, 0, 0, 0, 0, -0.4274, 0, 0, 0], [0, 0, 0, 0, 0, -0.4186, 0, 0, 0], [0, 0, 0, 0, 0, -0.4127, 0, 0, 0]], "residual_loss_ablation": [2.738, 0.1669, -0.3966, 1.379, -1.913, 1.099, 0.6779, 1.692, 0]}}, {"tokens_str_list": [" (-", "8", ")/(-", "12", ")*(-", "145", "66", ")/((-", "7"], "tokens_acts_list": [0, 0, 0, 0, 0.761, 0, 0, 0, 0], "train_token_ind": 4, "is_repeated_datapoint": 0, "datapoint_ind": 5547788, "ablations": {"loss_ablation": [0, 0, 0, 0, 0, -0.02031, 0, 0, 0], "top_logit_ablation_tokens_str": [["<META>", "<META>", "<META>", "<META>", "<META>", " of", "<META>", "<META>", "<META>"], ["<EOT>", "<EOT>", "<EOT>", "<EOT>", "<EOT>", "osterone", "<EOT>", "<EOT>", "<EOT>"], ["<META_START>", "<META_START>", "<META_START>", "<META_START>", "<META_START>", "ographic", "<META_START>", "<META_START>", "<META_START>"], ["<SOS>", "<SOS>", "<SOS>", "<SOS>", "<SOS>", "ize", "<SOS>", "<SOS>", "<SOS>"], ["<META_END>", "<META_END>", "<META_END>", "<META_END>", "<META_END>", "arily", "<META_END>", "<META_END>", "<META_END>"]], "bottom_logit_ablation_tokens_str": [["<META>", "<META>", "<META>", "<META>", "<META>", "\\}$", "<META>", "<META>", "<META>"], ["<EOT>", "<EOT>", "<EOT>", "<EOT>", "<EOT>", "unnumbered", "<EOT>", "<EOT>", "<EOT>"], ["<META_START>", "<META_START>", "<META_START>", "<META_START>", "<META_START>", "\\}$,", "<META_START>", "<META_START>", "<META_START>"], ["<SOS>", "<SOS>", "<SOS>", "<SOS>", "<SOS>", "\\}$.", "<SOS>", "<SOS>", "<SOS>"], ["<META_END>", "<META_END>", "<META_END>", "<META_END>", "<META_END>", " Aires", "<META_END>", "<META_END>", "<META_END>"]], "top_logit_ablation_values": [[0, 0, 0, 0, 0, 0.6467, 0, 0, 0], [0, 0, 0, 0, 0, 0.6018, 0, 0, 0], [0, 0, 0, 0, 0, 0.5955, 0, 0, 0], [0, 0, 0, 0, 0, 0.5955, 0, 0, 0], [0, 0, 0, 0, 0, 0.576, 0, 0, 0]], "bottom_logit_ablation_values": [[0, 0, 0, 0, 0, -0.2796, 0, 0, 0], [0, 0, 0, 0, 0, -0.267, 0, 0, 0], [0, 0, 0, 0, 0, -0.2592, 0, 0, 0], [0, 0, 0, 0, 0, -0.2521, 0, 0, 0], [0, 0, 0, 0, 0, -0.2296, 0, 0, 0]], "residual_loss_ablation": [4.172, -0.1182, 3.626, -0.09521, 0.08316, -0.2478, 2.347, -1.624, 0]}}]}], "statistics": {"density_frac": 3e-08, "global_max_act": 0.9202, "abs_max_neuron_weights": [0.1405, -0.1257, 0.1214], "abs_max_neuron_inds": [446, 142, 510], "l1_max_neuron_weights": [0.007681, 0.006871, 0.006636]}, "logit_effects": {"negatives": [[" without", -0.4439], ["ally", -0.4488], ["arily", -0.453], ["ling", -0.4533], ["ulate", -0.4771], ["izes", -0.4801], ["ographic", -0.4857], ["osterone", -0.5047], ["ize", -0.5195], [" of", -0.5803]], "positives": [["unnumbered", 0.4318], ["\\}$", 0.4194], ["\\}$,", 0.4025], ["\\}$.", 0.3941], [" Aires", 0.3936], ["MOESM", 0.3678], ["naissance", 0.3677], ["\u011f", 0.3661], ["IED", 0.3621], [" Moin", 0.3508]]}}