{"index": 280, "act_buckets": [0, 0, 0, 0, 0, 0, 0, 0, 0, 0, 0, 0, 1, 0, 0, 0, 0, 0, 0, 0, 0, 0, 0, 1, 0, 0, 0, 0, 0, 1, 0, 0, 0, 0, 0, 0, 0, 1, 0, 2], "act_bucket_edges": [0, 0.001989, 0.003978, 0.005967, 0.007956, 0.009945, 0.01193, 0.01392, 0.01591, 0.0179, 0.01989, 0.02188, 0.02387, 0.02586, 0.02785, 0.02984, 0.03182, 0.03381, 0.0358, 0.03779, 0.03978, 0.04177, 0.04376, 0.04575, 0.04774, 0.04973, 0.05171, 0.0537, 0.05569, 0.05768, 0.05967, 0.06166, 0.06365, 0.06564, 0.06763, 0.06962, 0.07161, 0.07359, 0.07558, 0.07757, 0.07956], "logit_buckets": [3, 1, 0, 4, 3, 6, 14, 36, 83, 140, 274, 482, 763, 1187, 1984, 3082, 4328, 5867, 6342, 6186, 5679, 5223, 4925, 4810, 6031, 2338, 1654, 1253, 911, 660, 464, 321, 214, 136, 65, 32, 22, 11, 1, 1], "logit_bucket_edges": [-0.2659, -0.2528, -0.2397, -0.2267, -0.2136, -0.2005, -0.1874, -0.1744, -0.1613, -0.1482, -0.1351, -0.1221, -0.109, -0.09592, -0.08285, -0.06977, -0.0567, -0.04362, -0.03055, -0.01748, -0.004401, 0.008672, 0.02175, 0.03482, 0.04789, 0.06097, 0.07404, 0.08712, 0.1002, 0.1133, 0.1263, 0.1394, 0.1525, 0.1656, 0.1786, 0.1917, 0.2048, 0.2179, 0.2309, 0.244, 0.2571], "examples_quantiles": [{"quantile_name": "Top Activations", "quantile_max_act": 0.07956, "examples": [{"tokens_str_list": ["\u03b9", "\u03c3", "\u03bc", "\u03bf", "\\xcf", "\\x8d", " \u03b1", "\\xce", "\\xbe"], "tokens_acts_list": [0, 0, 0, 0, 0.07956, 0, 0, 0, 0], "train_token_ind": 4, "is_repeated_datapoint": 0, "datapoint_ind": 21648727, "ablations": {"loss_ablation": [0, 0, 0, 0, 0, 0.004082, 0, 0, 0], "top_logit_ablation_tokens_str": [["<META>", "<META>", "<META>", "<META>", "<META>", "=\"", "<META>", "<META>", "<META>"], ["<EOT>", "<EOT>", "<EOT>", "<EOT>", "<EOT>", ")](#", "<EOT>", "<EOT>", "<EOT>"], ["<META_START>", "<META_START>", "<META_START>", "<META_START>", "<META_START>", "](#", "<META_START>", "<META_START>", "<META_START>"], ["<SOS>", "<SOS>", "<SOS>", "<SOS>", "<SOS>", "%).", "<SOS>", "<SOS>", "<SOS>"], ["<META_END>", "<META_END>", "<META_END>", "<META_END>", "<META_END>", "000", "<META_END>", "<META_END>", "<META_END>"]], "bottom_logit_ablation_tokens_str": [["<META>", "<META>", "<META>", "<META>", "<META>", "ics", "<META>", "<META>", "<META>"], ["<EOT>", "<EOT>", "<EOT>", "<EOT>", "<EOT>", "ney", "<EOT>", "<EOT>", "<EOT>"], ["<META_START>", "<META_START>", "<META_START>", "<META_START>", "<META_START>", " Award", "<META_START>", "<META_START>", "<META_START>"], ["<SOS>", "<SOS>", "<SOS>", "<SOS>", "<SOS>", " alumni", "<SOS>", "<SOS>", "<SOS>"], ["<META_END>", "<META_END>", "<META_END>", "<META_END>", "<META_END>", " (@", "<META_END>", "<META_END>", "<META_END>"]], "top_logit_ablation_values": [[0, 0, 0, 0, 0, -0.01947, 0, 0, 0], [0, 0, 0, 0, 0, -0.01977, 0, 0, 0], [0, 0, 0, 0, 0, -0.02383, 0, 0, 0], [0, 0, 0, 0, 0, -0.02385, 0, 0, 0], [0, 0, 0, 0, 0, -0.0254, 0, 0, 0]], "bottom_logit_ablation_values": [[0, 0, 0, 0, 0, -0.1133, 0, 0, 0], [0, 0, 0, 0, 0, -0.1128, 0, 0, 0], [0, 0, 0, 0, 0, -0.1121, 0, 0, 0], [0, 0, 0, 0, 0, -0.1111, 0, 0, 0], [0, 0, 0, 0, 0, -0.11, 0, 0, 0]], "residual_loss_ablation": [1.155, -1.333, 3.963, 0.7567, 0.0182, 1.791, 0.4561, -2.79, 0]}}, {"tokens_str_list": ["\n", "\n", "Houston", " (", "3", "-", "0", ")", "\n"], "tokens_acts_list": [0, 0, 0, 0, 0.0777, 0, 0, 0, 0], "train_token_ind": 4, "is_repeated_datapoint": 0, "datapoint_ind": 82030968, "ablations": {"loss_ablation": [0, 0, 0, 0, 0, 0.004077, 0, 0, 0], "top_logit_ablation_tokens_str": [["<META>", "<META>", "<META>", "<META>", "<META>", ")](#", "<META>", "<META>", "<META>"], ["<EOT>", "<EOT>", "<EOT>", "<EOT>", "<EOT>", "%).", "<EOT>", "<EOT>", "<EOT>"], ["<META_START>", "<META_START>", "<META_START>", "<META_START>", "<META_START>", "=\"", "<META_START>", "<META_START>", "<META_START>"], ["<SOS>", "<SOS>", "<SOS>", "<SOS>", "<SOS>", "](#", "<SOS>", "<SOS>", "<SOS>"], ["<META_END>", "<META_END>", "<META_END>", "<META_END>", "<META_END>", "%);", "<META_END>", "<META_END>", "<META_END>"]], "bottom_logit_ablation_tokens_str": [["<META>", "<META>", "<META>", "<META>", "<META>", "ental", "<META>", "<META>", "<META>"], ["<EOT>", "<EOT>", "<EOT>", "<EOT>", "<EOT>", "ments", "<EOT>", "<EOT>", "<EOT>"], ["<META_START>", "<META_START>", "<META_START>", "<META_START>", "<META_START>", "ney", "<META_START>", "<META_START>", "<META_START>"], ["<SOS>", "<SOS>", "<SOS>", "<SOS>", "<SOS>", "ures", "<SOS>", "<SOS>", "<SOS>"], ["<META_END>", "<META_END>", "<META_END>", "<META_END>", "<META_END>", "ack", "<META_END>", "<META_END>", "<META_END>"]], "top_logit_ablation_values": [[0, 0, 0, 0, 0, -0.02311, 0, 0, 0], [0, 0, 0, 0, 0, -0.0322, 0, 0, 0], [0, 0, 0, 0, 0, -0.03223, 0, 0, 0], [0, 0, 0, 0, 0, -0.03252, 0, 0, 0], [0, 0, 0, 0, 0, -0.03299, 0, 0, 0]], "bottom_logit_ablation_values": [[0, 0, 0, 0, 0, -0.1253, 0, 0, 0], [0, 0, 0, 0, 0, -0.1246, 0, 0, 0], [0, 0, 0, 0, 0, -0.1244, 0, 0, 0], [0, 0, 0, 0, 0, -0.1218, 0, 0, 0], [0, 0, 0, 0, 0, -0.1216, 0, 0, 0]], "residual_loss_ablation": [-0.4223, 0.006178, 1.355, -2.355, 2.27, 1.642, 1.948, 0.9247, 0]}}, {"tokens_str_list": [" u", "buf", " *", "U", "stat", "_", "t", ")", " ("], "tokens_acts_list": [0, 0, 0, 0, 0.07513, 0, 0, 0, 0], "train_token_ind": 4, "is_repeated_datapoint": 0, "datapoint_ind": 35473108, "ablations": {"loss_ablation": [0, 0, 0, 0, 0, -0.0191, 0, 0, 0], "top_logit_ablation_tokens_str": [["<META>", "<META>", "<META>", "<META>", "<META>", "=\"", "<META>", "<META>", "<META>"], ["<EOT>", "<EOT>", "<EOT>", "<EOT>", "<EOT>", ")](#", "<EOT>", "<EOT>", "<EOT>"], ["<META_START>", "<META_START>", "<META_START>", "<META_START>", "<META_START>", "](#", "<META_START>", "<META_START>", "<META_START>"], ["<SOS>", "<SOS>", "<SOS>", "<SOS>", "<SOS>", "%).", "<SOS>", "<SOS>", "<SOS>"], ["<META_END>", "<META_END>", "<META_END>", "<META_END>", "<META_END>", " imprisonment", "<META_END>", "<META_END>", "<META_END>"]], "bottom_logit_ablation_tokens_str": [["<META>", "<META>", "<META>", "<META>", "<META>", "ney", "<META>", "<META>", "<META>"], ["<EOT>", "<EOT>", "<EOT>", "<EOT>", "<EOT>", " Award", "<EOT>", "<EOT>", "<EOT>"], ["<META_START>", "<META_START>", "<META_START>", "<META_START>", "<META_START>", "ography", "<META_START>", "<META_START>", "<META_START>"], ["<SOS>", "<SOS>", "<SOS>", "<SOS>", "<SOS>", " (@", "<SOS>", "<SOS>", "<SOS>"], ["<META_END>", "<META_END>", "<META_END>", "<META_END>", "<META_END>", " Studios", "<META_END>", "<META_END>", "<META_END>"]], "top_logit_ablation_values": [[0, 0, 0, 0, 0, -0.0141, 0, 0, 0], [0, 0, 0, 0, 0, -0.0191, 0, 0, 0], [0, 0, 0, 0, 0, -0.02127, 0, 0, 0], [0, 0, 0, 0, 0, -0.02402, 0, 0, 0], [0, 0, 0, 0, 0, -0.02806, 0, 0, 0]], "bottom_logit_ablation_values": [[0, 0, 0, 0, 0, -0.1349, 0, 0, 0], [0, 0, 0, 0, 0, -0.1281, 0, 0, 0], [0, 0, 0, 0, 0, -0.1278, 0, 0, 0], [0, 0, 0, 0, 0, -0.1274, 0, 0, 0], [0, 0, 0, 0, 0, -0.1271, 0, 0, 0]], "residual_loss_ablation": [-0.8366, 2.236, -2.201, 2.603, 4.837, -0.8301, 0.8623, 1.69, 0]}}, {"tokens_str_list": ["\u03b9", "\u03c3", "\u03bc", "\u03bf", "\\xcf", "\\x8d", ".", "\n", "\n"], "tokens_acts_list": [0, 0, 0, 0, 0.05855, 0, 0, 0, 0], "train_token_ind": 4, "is_repeated_datapoint": 0, "datapoint_ind": 83689294, "ablations": {"loss_ablation": [0, 0, 0, 0, 0, 0.002724, 0, 0, 0], "top_logit_ablation_tokens_str": [["<META>", "<META>", "<META>", "<META>", "<META>", ")](#", "<META>", "<META>", "<META>"], ["<EOT>", "<EOT>", "<EOT>", "<EOT>", "<EOT>", "=\"", "<EOT>", "<EOT>", "<EOT>"], ["<META_START>", "<META_START>", "<META_START>", "<META_START>", "<META_START>", "](#", "<META_START>", "<META_START>", "<META_START>"], ["<SOS>", "<SOS>", "<SOS>", "<SOS>", "<SOS>", "%).", "<SOS>", "<SOS>", "<SOS>"], ["<META_END>", "<META_END>", "<META_END>", "<META_END>", "<META_END>", "}?", "<META_END>", "<META_END>", "<META_END>"]],