{"index": 2858, "act_buckets": [1, 0, 1, 0, 0, 0, 1, 0, 0, 1, 0, 1, 0, 0, 0, 0, 1, 0, 0, 0, 0, 0, 0, 0, 0, 1, 0, 0, 0, 1, 0, 0, 0, 0, 0, 0, 0, 0, 0, 1], "act_bucket_edges": [0, 0.0132, 0.02641, 0.03961, 0.05281, 0.06602, 0.07922, 0.09242, 0.1056, 0.1188, 0.132, 0.1452, 0.1584, 0.1716, 0.1848, 0.1981, 0.2113, 0.2245, 0.2377, 0.2509, 0.2641, 0.2773, 0.2905, 0.3037, 0.3169, 0.3301, 0.3433, 0.3565, 0.3697, 0.3829, 0.3961, 0.4093, 0.4225, 0.4357, 0.4489, 0.4621, 0.4753, 0.4885, 0.5017, 0.5149, 0.5281], "logit_buckets": [1, 1, 1, 2, 1, 2, 8, 8, 15, 27, 33, 50, 70, 133, 194, 275, 435, 601, 1015, 3563, 3005, 4151, 5428, 6645, 7524, 8123, 7450, 6141, 4280, 2724, 1605, 922, 546, 283, 146, 63, 39, 10, 10, 6], "logit_bucket_edges": [-0.6762, -0.649, -0.6219, -0.5948, -0.5677, -0.5406, -0.5135, -0.4864, -0.4593, -0.4322, -0.4051, -0.378, -0.3509, -0.3238, -0.2967, -0.2696, -0.2425, -0.2154, -0.1883, -0.1612, -0.1341, -0.107, -0.07991, -0.0528, -0.0257, 0.0014, 0.0285, 0.0556, 0.08271, 0.1098, 0.1369, 0.164, 0.1911, 0.2182, 0.2453, 0.2724, 0.2995, 0.3266, 0.3537, 0.3808, 0.4079], "examples_quantiles": [{"quantile_name": "Top Activations", "quantile_max_act": 0.5281, "examples": [{"tokens_str_list": [" a", " stored", " program", " digital", " switch", " of", " a", " tele", "communications"], "tokens_acts_list": [0, 0, 0, 0, 0.5281, 0, 0, 0, 0], "train_token_ind": 4, "is_repeated_datapoint": 0, "datapoint_ind": 95540557, "ablations": {"loss_ablation": [0, 0, 0, 0, 0, -0.2057, 0, 0, 0], "top_logit_ablation_tokens_str": [["<META>", "<META>", "<META>", "<META>", "<META>", "ments", "<META>", "<META>", "<META>"], ["<EOT>", "<EOT>", "<EOT>", "<EOT>", "<EOT>", "ment", "<EOT>", "<EOT>", "<EOT>"], ["<META_START>", "<META_START>", "<META_START>", "<META_START>", "<META_START>", " with", "<META_START>", "<META_START>", "<META_START>"], ["<SOS>", "<SOS>", "<SOS>", "<SOS>", "<SOS>", "ably", "<SOS>", "<SOS>", "<SOS>"], ["<META_END>", "<META_END>", "<META_END>", "<META_END>", "<META_END>", "ously", "<META_END>", "<META_END>", "<META_END>"]], "bottom_logit_ablation_tokens_str": [["<META>", "<META>", "<META>", "<META>", "<META>", "earned", "<META>", "<META>", "<META>"], ["<EOT>", "<EOT>", "<EOT>", "<EOT>", "<EOT>", " Redistributions", "<EOT>", "<EOT>", "<EOT>"], ["<META_START>", "<META_START>", "<META_START>", "<META_START>", "<META_START>", "OTA", "<META_START>", "<META_START>", "<META_START>"], ["<SOS>", "<SOS>", "<SOS>", "<SOS>", "<SOS>", "orect", "<SOS>", "<SOS>", "<SOS>"], ["<META_END>", "<META_END>", "<META_END>", "<META_END>", "<META_END>", "bbing", "<META_END>", "<META_END>", "<META_END>"]], "top_logit_ablation_values": [[0, 0, 0, 0, 0, 0.3119, 0, 0, 0], [0, 0, 0, 0, 0, 0.2778, 0, 0, 0], [0, 0, 0, 0, 0, 0.2651, 0, 0, 0], [0, 0, 0, 0, 0, 0.2472, 0, 0, 0], [0, 0, 0, 0, 0, 0.241, 0, 0, 0]], "bottom_logit_ablation_values": [[0, 0, 0, 0, 0, -0.5098, 0, 0, 0], [0, 0, 0, 0, 0, -0.5094, 0, 0, 0], [0, 0, 0, 0, 0, -0.5076, 0, 0, 0], [0, 0, 0, 0, 0, -0.4989, 0, 0, 0], [0, 0, 0, 0, 0, -0.4978, 0, 0, 0]], "residual_loss_ablation": [-0.7788, 0.9921, -0.5634, 2.667, -0.9277, -0.2569, 0.4477, 1.663, 0]}}, {"tokens_str_list": [" Land", ".", " D", "ann", " k\u00f6n", "nten", " die", " Kan", "adier"], "tokens_acts_list": [0, 0, 0, 0, 0.3842, 0, 0, 0, 0], "train_token_ind": 4, "is_repeated_datapoint": 0, "datapoint_ind": 608366, "ablations": {"loss_ablation": [0, 0, 0, 0, 0, 0.01299, 0, 0, 0], "top_logit_ablation_tokens_str": [["<META>", "<META>", "<META>", "<META>", "<META>", "ments", "<META>", "<META>", "<META>"], ["<EOT>", "<EOT>", "<EOT>", "<EOT>", "<EOT>", " with", "<EOT>", "<EOT>", "<EOT>"], ["<META_START>", "<META_START>", "<META_START>", "<META_START>", "<META_START>", "ment", "<META_START>", "<META_START>", "<META_START>"], ["<SOS>", "<SOS>", "<SOS>", "<SOS>", "<SOS>", "ably", "<SOS>", "<SOS>", "<SOS>"], ["<META_END>", "<META_END>", "<META_END>", "<META_END>", "<META_END>", "ability", "<META_END>", "<META_END>", "<META_END>"]], "bottom_logit_ablation_tokens_str": [["<META>", "<META>", "<META>", "<META>", "<META>", " Redistributions", "<META>", "<META>", "<META>"], ["<EOT>", "<EOT>", "<EOT>", "<EOT>", "<EOT>", "bbing", "<EOT>", "<EOT>", "<EOT>"], ["<META_START>", "<META_START>", "<META_START>", "<META_START>", "<META_START>", "earned", "<META_START>", "<META_START>", "<META_START>"], ["<SOS>", "<SOS>", "<SOS>", "<SOS>", "<SOS>", "OTA", "<SOS>", "<SOS>", "<SOS>"], ["<META_END>", "<META_END>", "<META_END>", "<META_END>", "<META_END>", "INCREMENT", "<META_END>", "<META_END>", "<META_END>"]], "top_logit_ablation_values": [[0, 0, 0, 0, 0, 0.2383, 0, 0, 0], [0, 0, 0, 0, 0, 0.2211, 0, 0, 0], [0, 0, 0, 0, 0, 0.205, 0, 0, 0], [0, 0, 0, 0, 0, 0.203, 0, 0, 0], [0, 0, 0, 0, 0, 0.1877, 0, 0, 0]], "bottom_logit_ablation_values": [[0, 0, 0, 0, 0, -0.3542, 0, 0, 0], [0, 0, 0, 0, 0, -0.3396, 0, 0, 0], [0, 0, 0, 0, 0, -0.3362, 0, 0, 0], [0, 0, 0, 0, 0, -0.3293, 0, 0, 0], [0, 0, 0, 0, 0, -0.325, 0, 0, 0]], "residual_loss_ablation": [1.365, -1.241, 0.06819, 2.275, -0.6633, 6.757, 0.2098, 0.2636, 0]}}, {"tokens_str_list": ["um", " ent", "ste", "hen", " k\u00f6n", "nte", "\n", "\n", "V"], "tokens_acts_list": [0, 0, 0, 0, 0.3405, 0, 0, 0, 0], "train_token_ind": 4, "is_repeated_datapoint": 0, "datapoint_ind": 43730713, "ablations": {"loss_ablation": [0, 0, 0, 0, 0, 0.007294, 0, 0, 0], "top_logit_ablation_tokens_str": [["<META>", "<META>", "<META>", "<META>", "<META>", "ments", "<META>", "<META>", "<META>"], ["<EOT>", "<EOT>", "<EOT>", "<EOT>", "<EOT>", " with", "<EOT>", "<EOT>", "<EOT>"], ["<META_START>", "<META_START>", "<META_START>", "<META_START>", "<META_START>", "ably", "<META_START>", "<META_START>", "<META_START>"], ["<SOS>", "<SOS>", "<SOS>", "<SOS>", "<SOS>", "ment", "<SOS>", "<SOS>", "<SOS>"], ["<META_END>", "<META_END>", "<META_END>", "<META_END>", "<META_END>", "ability", "<META_END>", "<META_END>", "<META_END>"]], "bottom_logit_ablation_tokens_str": [["<META>", "<META>", "<META>", "<META>", "<META>", " Redistributions", "<META>", "<META>", "<META>"], ["<EOT>", "<EOT>", "<EOT>", "<EOT>", "<EOT>", "earned", "<EOT>", "<EOT>", "<EOT>"], ["<META_START>", "<META_START>", "<META_START>", "<META_START>", "<META_START>", "bbing", "<META_START>", "<META_START>", "<META_START>"], ["<SOS>", "<SOS>", "<SOS>", "<SOS>", "<SOS>", "OTA", "<SOS>", "<SOS>", "<SOS>"], ["<META_END>", "<META_END>", "<META_END>", "<META_END>", "<META_END>", "INCREMENT", "<META_END>", "<META_END>", "<META_END>"]], "top_logit_ablation_values": [[0, 0, 0, 0, 0, 0.1949, 0, 0, 0], [0, 0, 0, 0, 0, 0.1911, 0, 0, 0], [0, 0, 0, 0, 0, 0.1813, 0, 0, 0], [0, 0, 0, 0, 0, 0.1741, 0, 0, 0], [0, 0, 0, 0, 0, 0.1666, 0, 0, 0]], "bottom_logit_ablation_values": [[0, 0, 0, 0, 0, -0.2761, 0, 0, 0], [0, 0, 0, 0, 0, -0.2759, 0, 0, 0], [0, 0, 0, 0, 0, -0.2753, 0, 0, 0], [0, 0, 0, 0, 0, -0.2706, 0, 0, 0], [0, 0, 0, 0, 0, -0.266, 0, 0, 0]], "residual_loss_ablation": [-0.8163, -0.1183, 1.5, -0.4188, -0.4635, 6.505, -2.119, -0.9776, 0]}}, {"tokens_str_list": [" Donald", " Trump", " made", " another", " sales", " pitch", " for", " his", " tax"], "tokens_acts_list": [0, 0, 0, 0, 0.2166, 0, 0, 0, 0], "train_token_ind": 4, "is_repeated_datapoint": 0, "datapoint_ind": 56891288, "ablations": {"loss_ablation": [0, 0, 0, 0, 0, 0.05173, 0, 0, 0], "top_logit_ablation_tokens_str": [["<META>", "<META>", "<META>", "<META>", "<META>", "ments", "<META>", "<META>", "<META>"], ["<EOT>", "<EOT>", "<EOT>", "<EOT>", "<EOT>", "ment", "<EOT>", "<EOT>", "<EOT>"], ["<META_START>", "<META_START>", "<META_START>", "<META_START>", "<META_START>", " with", "<META_START>", "<META_START>", "<META_START>"], ["<SOS>", "<SOS>", "<SOS>", "<SOS>", "<SOS>", "ably", "<SOS>", "<SOS>", "<SOS>"], ["<META_END>", "<META_END>", "<META_END>", "<META_END>", "<META_END>", "ously", "<META_END>", "<META_END>", "<META_END>"]],