{"index": 286, "act_buckets": [1, 0, 0, 0, 0, 0, 0, 1, 0, 0, 0, 0, 0, 1, 0, 0, 0, 0, 0, 0, 0, 0, 0, 0, 0, 0, 0, 0, 1, 0, 0, 0, 0, 0, 0, 0, 0, 0, 0, 1], "act_bucket_edges": [0, 0.007905, 0.01581, 0.02371, 0.03162, 0.03952, 0.04743, 0.05533, 0.06324, 0.07114, 0.07905, 0.08695, 0.09485, 0.1028, 0.1107, 0.1186, 0.1265, 0.1344, 0.1423, 0.1502, 0.1581, 0.166, 0.1739, 0.1818, 0.1897, 0.1976, 0.2055, 0.2134, 0.2213, 0.2292, 0.2371, 0.245, 0.2529, 0.2608, 0.2688, 0.2767, 0.2846, 0.2925, 0.3004, 0.3083, 0.3162], "logit_buckets": [3, 4, 6, 13, 15, 24, 31, 67, 104, 172, 233, 390, 560, 821, 1262, 1851, 2724, 3631, 4894, 5816, 6617, 7133, 10240, 6346, 4360, 2984, 2011, 1313, 773, 508, 296, 167, 86, 43, 21, 10, 4, 2, 0, 2], "logit_bucket_edges": [-0.4815, -0.4591, -0.4367, -0.4143, -0.3919, -0.3695, -0.3471, -0.3247, -0.3023, -0.2799, -0.2575, -0.2351, -0.2127, -0.1903, -0.1679, -0.1456, -0.1232, -0.1008, -0.07836, -0.05596, -0.03357, -0.01117, 0.01123, 0.03362, 0.05602, 0.07842, 0.1008, 0.1232, 0.1456, 0.168, 0.1904, 0.2128, 0.2352, 0.2576, 0.28, 0.3024, 0.3248, 0.3472, 0.3696, 0.392, 0.4144], "examples_quantiles": [{"quantile_name": "Top Activations", "quantile_max_act": 0.3162, "examples": [{"tokens_str_list": [",", "T", "]", "}$,", " and", " a", " $\\", "P", "(\\"], "tokens_acts_list": [0, 0, 0, 0, 0.3162, 0, 0, 0, 0], "train_token_ind": 4, "is_repeated_datapoint": 0, "datapoint_ind": 51357545, "ablations": {"loss_ablation": [0, 0, 0, 0, 0, 0.03184, 0, 0, 0], "top_logit_ablation_tokens_str": [["<META>", "<META>", "<META>", "<META>", "<META>", "ALOG", "<META>", "<META>", "<META>"], ["<EOT>", "<EOT>", "<EOT>", "<EOT>", "<EOT>", "arily", "<EOT>", "<EOT>", "<EOT>"], ["<META_START>", "<META_START>", "<META_START>", "<META_START>", "<META_START>", "antly", "<META_START>", "<META_START>", "<META_START>"], ["<SOS>", "<SOS>", "<SOS>", "<SOS>", "<SOS>", "ming", "<SOS>", "<SOS>", "<SOS>"], ["<META_END>", "<META_END>", "<META_END>", "<META_END>", "<META_END>", "aned", "<META_END>", "<META_END>", "<META_END>"]], "bottom_logit_ablation_tokens_str": [["<META>", "<META>", "<META>", "<META>", "<META>", "?\u201d", "<META>", "<META>", "<META>"], ["<EOT>", "<EOT>", "<EOT>", "<EOT>", "<EOT>", "cm", "<EOT>", "<EOT>", "<EOT>"], ["<META_START>", "<META_START>", "<META_START>", "<META_START>", "<META_START>", "\u2044", "<META_START>", "<META_START>", "<META_START>"], ["<SOS>", "<SOS>", "<SOS>", "<SOS>", "<SOS>", ".),", "<SOS>", "<SOS>", "<SOS>"], ["<META_END>", "<META_END>", "<META_END>", "<META_END>", "<META_END>", "\u0430\u043c\u0438", "<META_END>", "<META_END>", "<META_END>"]], "top_logit_ablation_values": [[0, 0, 0, 0, 0, 0.4177, 0, 0, 0], [0, 0, 0, 0, 0, 0.4032, 0, 0, 0], [0, 0, 0, 0, 0, 0.3877, 0, 0, 0], [0, 0, 0, 0, 0, 0.3848, 0, 0, 0], [0, 0, 0, 0, 0, 0.3841, 0, 0, 0]], "bottom_logit_ablation_values": [[0, 0, 0, 0, 0, -0.232, 0, 0, 0], [0, 0, 0, 0, 0, -0.2316, 0, 0, 0], [0, 0, 0, 0, 0, -0.2253, 0, 0, 0], [0, 0, 0, 0, 0, -0.2058, 0, 0, 0], [0, 0, 0, 0, 0, -0.1774, 0, 0, 0]], "residual_loss_ablation": [0.2333, -2.323, 0.9282, 9.192, 0.6489, -0.8449, 2.873, -1.001, 0]}}, {"tokens_str_list": [".", "\n", "\n", "In", " the", " conditions", " of", " Definition", " 2"], "tokens_acts_list": [0, 0, 0, 0, 0.2278, 0, 0, 0, 0], "train_token_ind": 4, "is_repeated_datapoint": 0, "datapoint_ind": 26340538, "ablations": {"loss_ablation": [0, 0, 0, 0, 0, 0.1155, 0, 0, 0], "top_logit_ablation_tokens_str": [["<META>", "<META>", "<META>", "<META>", "<META>", "aned", "<META>", "<META>", "<META>"], ["<EOT>", "<EOT>", "<EOT>", "<EOT>", "<EOT>", "ALOG", "<EOT>", "<EOT>", "<EOT>"], ["<META_START>", "<META_START>", "<META_START>", "<META_START>", "<META_START>", "arily", "<META_START>", "<META_START>", "<META_START>"], ["<SOS>", "<SOS>", "<SOS>", "<SOS>", "<SOS>", "ization", "<SOS>", "<SOS>", "<SOS>"], ["<META_END>", "<META_END>", "<META_END>", "<META_END>", "<META_END>", "ing", "<META_END>", "<META_END>", "<META_END>"]], "bottom_logit_ablation_tokens_str": [["<META>", "<META>", "<META>", "<META>", "<META>", "\u2044", "<META>", "<META>", "<META>"], ["<EOT>", "<EOT>", "<EOT>", "<EOT>", "<EOT>", "?\u201d", "<EOT>", "<EOT>", "<EOT>"], ["<META_START>", "<META_START>", "<META_START>", "<META_START>", "<META_START>", "?\u2019", "<META_START>", "<META_START>", "<META_START>"], ["<SOS>", "<SOS>", "<SOS>", "<SOS>", "<SOS>", " Superior", "<SOS>", "<SOS>", "<SOS>"], ["<META_END>", "<META_END>", "<META_END>", "<META_END>", "<META_END>", "\n         ", "<META_END>", "<META_END>", "<META_END>"]], "top_logit_ablation_values": [[0, 0, 0, 0, 0, 0.3783, 0, 0, 0], [0, 0, 0, 0, 0, 0.3687, 0, 0, 0], [0, 0, 0, 0, 0, 0.3603, 0, 0, 0], [0, 0, 0, 0, 0, 0.3581, 0, 0, 0], [0, 0, 0, 0, 0, 0.3563, 0, 0, 0]], "bottom_logit_ablation_values": [[0, 0, 0, 0, 0, -0.08057, 0, 0, 0], [0, 0, 0, 0, 0, -0.07508, 0, 0, 0], [0, 0, 0, 0, 0, -0.05149, 0, 0, 0], [0, 0, 0, 0, 0, -0.04586, 0, 0, 0], [0, 0, 0, 0, 0, -0.04106, 0, 0, 0]], "residual_loss_ablation": [2.005, 0.1299, 0.2012, -0.02559, -0.5824, 1.777, 0.3678, 0.1318, 0]}}, {"tokens_str_list": ["b", ",", "a", "}$,", " and", " $", "T", "_", "p"], "tokens_acts_list": [0, 0, 0, 0, 0.1055, 0, 0, 0, 0], "train_token_ind": 4, "is_repeated_datapoint": 0, "datapoint_ind": 52855091, "ablations": {"loss_ablation": [0, 0, 0, 0, 0, 0.014, 0, 0, 0], "top_logit_ablation_tokens_str": [["<META>", "<META>", "<META>", "<META>", "<META>", "ALOG", "<META>", "<META>", "<META>"], ["<EOT>", "<EOT>", "<EOT>", "<EOT>", "<EOT>", "ming", "<EOT>", "<EOT>", "<EOT>"], ["<META_START>", "<META_START>", "<META_START>", "<META_START>", "<META_START>", "aned", "<META_START>", "<META_START>", "<META_START>"], ["<SOS>", "<SOS>", "<SOS>", "<SOS>", "<SOS>", "arily", "<SOS>", "<SOS>", "<SOS>"], ["<META_END>", "<META_END>", "<META_END>", "<META_END>", "<META_END>", "antly", "<META_END>", "<META_END>", "<META_END>"]], "bottom_logit_ablation_tokens_str": [["<META>", "<META>", "<META>", "<META>", "<META>", ".),", "<META>", "<META>", "<META>"], ["<EOT>", "<EOT>", "<EOT>", "<EOT>", "<EOT>", "cm", "<EOT>", "<EOT>", "<EOT>"], ["<META_START>", "<META_START>", "<META_START>", "<META_START>", "<META_START>", "?\u201d", "<META_START>", "<META_START>", "<META_START>"], ["<SOS>", "<SOS>", "<SOS>", "<SOS>", "<SOS>", "\u2044", "<SOS>", "<SOS>", "<SOS>"], ["<META_END>", "<META_END>", "<META_END>", "<META_END>", "<META_END>", "\u201d)", "<META_END>", "<META_END>", "<META_END>"]], "top_logit_ablation_values": [[0, 0, 0, 0, 0, 0.1342, 0, 0, 0], [0, 0, 0, 0, 0, 0.128, 0, 0, 0], [0, 0, 0, 0, 0, 0.1257, 0, 0, 0], [0, 0, 0, 0, 0, 0.1237, 0, 0, 0], [0, 0, 0, 0, 0, 0.1211, 0, 0, 0]], "bottom_logit_ablation_values": [[0, 0, 0, 0, 0, -0.0595, 0, 0, 0], [0, 0, 0, 0, 0, -0.05929, 0, 0, 0], [0, 0, 0, 0, 0, -0.05512, 0, 0, 0], [0, 0, 0, 0, 0, -0.05465, 0, 0, 0], [0, 0, 0, 0, 0, -0.04908, 0, 0, 0]], "residual_loss_ablation": [0.1122, 0.6396, 1.441, 2.414, 0.1434, 4.394, -0.3161, -0.5853, 0]}}, {"tokens_str_list": [" concert", " tours", "<EOT>", "You", " and", " your", " Siber", "ian", " Hus"], "tokens_acts_list": [0, 0, 0, 0, 0.05722, 0, 0, 0, 0], "train_token_ind": 4, "is_repeated_datapoint": 0, "datapoint_ind": 46474243, "ablations": {"loss_ablation": [0, 0, 0, 0, 0, 0.01112, 0, 0, 0], "top_logit_ablation_tokens_str": [["<META>", "<META>", "<META>", "<META>", "<META>", "ALOG", "<META>", "<META>", "<META>"], ["<EOT>", "<EOT>", "<EOT>", "<EOT>", "<EOT>", "ming", "<EOT>", "<EOT>", "<EOT>"], ["<META_START>", "<META_START>", "<META_START>", "<META_START>", "<META_START>", "antly", "<META_START>", "<META_START>", "<META_START>"], ["<SOS>", "<SOS>", "<SOS>", "<SOS>", "<SOS>", "oons", "<SOS>", "<SOS>", "<SOS>"], ["<META_END>", "<META_END>", "<META_END>", "<META_END>", "<META_END>", "creasing", "<META_END>", "<META_END>", "<META_END>"]],