{"index": 288, "act_buckets": [0, 0, 0, 0, 0, 0, 0, 0, 1, 0, 0, 0, 0, 0, 0, 0, 0, 0, 0, 0, 0, 0, 0, 0, 0, 0, 0, 0, 0, 0, 0, 0, 0, 0, 0, 0, 0, 0, 0, 1], "act_bucket_edges": [0, 0.002274, 0.004548, 0.006822, 0.009097, 0.01137, 0.01364, 0.01592, 0.01819, 0.02047, 0.02274, 0.02502, 0.02729, 0.02956, 0.03184, 0.03411, 0.03639, 0.03866, 0.04093, 0.04321, 0.04548, 0.04776, 0.05003, 0.05231, 0.05458, 0.05685, 0.05913, 0.0614, 0.06368, 0.06595, 0.06822, 0.0705, 0.07277, 0.07505, 0.07732, 0.07959, 0.08187, 0.08414, 0.08642, 0.08869, 0.09097], "logit_buckets": [1, 0, 6, 5, 13, 20, 29, 35, 74, 115, 196, 357, 576, 892, 3707, 3581, 4592, 6182, 8213, 9183, 8603, 6994, 5114, 3338, 1821, 1023, 475, 241, 97, 32, 12, 5, 2, 1, 0, 0, 0, 0, 0, 1], "logit_bucket_edges": [-0.5452, -0.5172, -0.4892, -0.4611, -0.4331, -0.4051, -0.3771, -0.349, -0.321, -0.293, -0.265, -0.2369, -0.2089, -0.1809, -0.1528, -0.1248, -0.0968, -0.06877, -0.04074, -0.01271, 0.01531, 0.04334, 0.07137, 0.09939, 0.1274, 0.1554, 0.1835, 0.2115, 0.2395, 0.2676, 0.2956, 0.3236, 0.3516, 0.3797, 0.4077, 0.4357, 0.4637, 0.4918, 0.5198, 0.5478, 0.5758], "examples_quantiles": [{"quantile_name": "Top Activations", "quantile_max_act": 0.09097, "examples": [{"tokens_str_list": ["\n                                             ", " 6", "\n\f", "<EOT>", "Abbrev", "iations", "\n", "=============", "\n"], "tokens_acts_list": [0, 0, 0, 0, 0.09097, 0, 0, 0, 0], "train_token_ind": 4, "is_repeated_datapoint": 0, "datapoint_ind": 17505211, "ablations": {"loss_ablation": [0, 0, 0, 0, 0, 0.00119, 0, 0, 0], "top_logit_ablation_tokens_str": [["<META>", "<META>", "<META>", "<META>", "<META>", "ists", "<META>", "<META>", "<META>"], ["<EOT>", "<EOT>", "<EOT>", "<EOT>", "<EOT>", "iest", "<EOT>", "<EOT>", "<EOT>"], ["<META_START>", "<META_START>", "<META_START>", "<META_START>", "<META_START>", "ogy", "<META_START>", "<META_START>", "<META_START>"], ["<SOS>", "<SOS>", "<SOS>", "<SOS>", "<SOS>", "istical", "<SOS>", "<SOS>", "<SOS>"], ["<META_END>", "<META_END>", "<META_END>", "<META_END>", "<META_END>", "istic", "<META_END>", "<META_END>", "<META_END>"]], "bottom_logit_ablation_tokens_str": [["<META>", "<META>", "<META>", "<META>", "<META>", "unnumbered", "<META>", "<META>", "<META>"], ["<EOT>", "<EOT>", "<EOT>", "<EOT>", "<EOT>", "pple", "<EOT>", "<EOT>", "<EOT>"], ["<META_START>", "<META_START>", "<META_START>", "<META_START>", "<META_START>", "\\[[@", "<META_START>", "<META_START>", "<META_START>"], ["<SOS>", "<SOS>", "<SOS>", "<SOS>", "<SOS>", "gic", "<SOS>", "<SOS>", "<SOS>"], ["<META_END>", "<META_END>", "<META_END>", "<META_END>", "<META_END>", " Calculate", "<META_END>", "<META_END>", "<META_END>"]], "top_logit_ablation_values": [[0, 0, 0, 0, 0, 0.1223, 0, 0, 0], [0, 0, 0, 0, 0, 0.116, 0, 0, 0], [0, 0, 0, 0, 0, 0.1157, 0, 0, 0], [0, 0, 0, 0, 0, 0.1155, 0, 0, 0], [0, 0, 0, 0, 0, 0.1145, 0, 0, 0]], "bottom_logit_ablation_values": [[0, 0, 0, 0, 0, 0.004081, 0, 0, 0], [0, 0, 0, 0, 0, 0.01746, 0, 0, 0], [0, 0, 0, 0, 0, 0.02325, 0, 0, 0], [0, 0, 0, 0, 0, 0.02603, 0, 0, 0], [0, 0, 0, 0, 0, 0.02715, 0, 0, 0]], "residual_loss_ablation": [0.7787, 2.314, 4.341, 1.989, 0.06188, 1.843, -1.845, 4.214, 0]}}, {"tokens_str_list": [".", "\n", "\n", "*", "Abbrev", "iations", " used", " in", " this"], "tokens_acts_list": [0, 0, 0, 0, 0.0195, 0, 0, 0, 0], "train_token_ind": 4, "is_repeated_datapoint": 0, "datapoint_ind": 77324265, "ablations": {"loss_ablation": [0, 0, 0, 0, 0, 0.0003771, 0, 0, 0], "top_logit_ablation_tokens_str": [["<META>", "<META>", "<META>", "<META>", "<META>", "iest", "<META>", "<META>", "<META>"], ["<EOT>", "<EOT>", "<EOT>", "<EOT>", "<EOT>", "itled", "<EOT>", "<EOT>", "<EOT>"], ["<META_START>", "<META_START>", "<META_START>", "<META_START>", "<META_START>", "ists", "<META_START>", "<META_START>", "<META_START>"], ["<SOS>", "<SOS>", "<SOS>", "<SOS>", "<SOS>", "apest", "<SOS>", "<SOS>", "<SOS>"], ["<META_END>", "<META_END>", "<META_END>", "<META_END>", "<META_END>", "istical", "<META_END>", "<META_END>", "<META_END>"]], "bottom_logit_ablation_tokens_str": [["<META>", "<META>", "<META>", "<META>", "<META>", "unnumbered", "<META>", "<META>", "<META>"], ["<EOT>", "<EOT>", "<EOT>", "<EOT>", "<EOT>", "pple", "<EOT>", "<EOT>", "<EOT>"], ["<META_START>", "<META_START>", "<META_START>", "<META_START>", "<META_START>", "\\[[@", "<META_START>", "<META_START>", "<META_START>"], ["<SOS>", "<SOS>", "<SOS>", "<SOS>", "<SOS>", " **(", "<SOS>", "<SOS>", "<SOS>"], ["<META_END>", "<META_END>", "<META_END>", "<META_END>", "<META_END>", " Redistributions", "<META_END>", "<META_END>", "<META_END>"]], "top_logit_ablation_values": [[0, 0, 0, 0, 0, 0.03725, 0, 0, 0], [0, 0, 0, 0, 0, 0.03714, 0, 0, 0], [0, 0, 0, 0, 0, 0.03663, 0, 0, 0], [0, 0, 0, 0, 0, 0.03591, 0, 0, 0], [0, 0, 0, 0, 0, 0.03553, 0, 0, 0]], "bottom_logit_ablation_values": [[0, 0, 0, 0, 0, 0.002327, 0, 0, 0], [0, 0, 0, 0, 0, 0.00824, 0, 0, 0], [0, 0, 0, 0, 0, 0.008484, 0, 0, 0], [0, 0, 0, 0, 0, 0.008808, 0, 0, 0], [0, 0, 0, 0, 0, 0.008876, 0, 0, 0]], "residual_loss_ablation": [0.848, -0.2646, -0.4481, 0.1146, 0.7638, -0.0659, 1.93, 1.46, 0]}}]}], "statistics": {"density_frac": 2e-08, "global_max_act": 0.09097, "abs_max_neuron_weights": [0.1767, 0.1626, 0.1576], "abs_max_neuron_inds": [468, 479, 276], "l1_max_neuron_weights": [0.009865, 0.009074, 0.008795]}, "logit_effects": {"negatives": [["ics", -0.448], ["itled", -0.4493], ["ments", -0.4596], ["istic", -0.4625], ["ize", -0.4629], ["tically", -0.4652], ["istical", -0.4682], ["iest", -0.4773], ["ogy", -0.4776], ["ists", -0.5452]], "positives": [["unnumbered", 0.5758], ["pple", 0.3988], [" Calculate", 0.3583], ["\\[[@", 0.3545], ["gic", 0.3415], ["shoe", 0.3347], [" genus", 0.3327], [" **(", 0.3314], ["hape", 0.3291], [" Redistributions", 0.3226]]}}