{"index": 2888, "act_buckets": [0, 0, 0, 0, 0, 0, 0, 0, 1, 1, 0, 0, 0, 0, 0, 1, 0, 0, 0, 0, 0, 0, 0, 0, 0, 0, 0, 0, 0, 0, 0, 0, 0, 0, 0, 0, 1, 0, 0, 1], "act_bucket_edges": [0, 0.01305, 0.02609, 0.03914, 0.05218, 0.06523, 0.07828, 0.09132, 0.1044, 0.1174, 0.1305, 0.1435, 0.1566, 0.1696, 0.1826, 0.1957, 0.2087, 0.2218, 0.2348, 0.2479, 0.2609, 0.274, 0.287, 0.3001, 0.3131, 0.3261, 0.3392, 0.3522, 0.3653, 0.3783, 0.3914, 0.4044, 0.4175, 0.4305, 0.4436, 0.4566, 0.4697, 0.4827, 0.4957, 0.5088, 0.5218], "logit_buckets": [2, 2, 1, 4, 4, 7, 16, 31, 63, 99, 136, 279, 689, 4295, 2869, 3411, 4614, 5752, 6732, 7104, 6827, 5935, 4929, 3682, 2644, 1846, 1366, 817, 538, 344, 207, 93, 79, 61, 21, 21, 9, 4, 1, 2], "logit_bucket_edges": [-0.4717, -0.4476, -0.4234, -0.3993, -0.3751, -0.351, -0.3268, -0.3027, -0.2785, -0.2544, -0.2302, -0.2061, -0.1819, -0.1578, -0.1336, -0.1095, -0.08531, -0.06116, -0.03701, -0.01286, 0.01129, 0.03544, 0.05959, 0.08374, 0.1079, 0.132, 0.1562, 0.1803, 0.2045, 0.2286, 0.2528, 0.2769, 0.3011, 0.3252, 0.3494, 0.3735, 0.3977, 0.4218, 0.446, 0.4701, 0.4943], "examples_quantiles": [{"quantile_name": "Top Activations", "quantile_max_act": 0.5218, "examples": [{"tokens_str_list": ["\n", "And", " blit", "he", " and", " hopeful", " o", "'", "er"], "tokens_acts_list": [0, 0, 0, 0, 0.5218, 0, 0, 0, 0], "train_token_ind": 4, "is_repeated_datapoint": 0, "datapoint_ind": 90240607, "ablations": {"loss_ablation": [0, 0, 0, 0, 0, -0.01241, 0, 0, 0], "top_logit_ablation_tokens_str": [["<META>", "<META>", "<META>", "<META>", "<META>", "weet", "<META>", "<META>", "<META>"], ["<EOT>", "<EOT>", "<EOT>", "<EOT>", "<EOT>", "arious", "<EOT>", "<EOT>", "<EOT>"], ["<META_START>", "<META_START>", "<META_START>", "<META_START>", "<META_START>", "ibilities", "<META_START>", "<META_START>", "<META_START>"], ["<SOS>", "<SOS>", "<SOS>", "<SOS>", "<SOS>", "thood", "<SOS>", "<SOS>", "<SOS>"], ["<META_END>", "<META_END>", "<META_END>", "<META_END>", "<META_END>", " REMOVE", "<META_END>", "<META_END>", "<META_END>"]], "bottom_logit_ablation_tokens_str": [["<META>", "<META>", "<META>", "<META>", "<META>", "=\"", "<META>", "<META>", "<META>"], ["<EOT>", "<EOT>", "<EOT>", "<EOT>", "<EOT>", "omorphism", "<EOT>", "<EOT>", "<EOT>"], ["<META_START>", "<META_START>", "<META_START>", "<META_START>", "<META_START>", " by", "<META_START>", "<META_START>", "<META_START>"], ["<SOS>", "<SOS>", "<SOS>", "<SOS>", "<SOS>", "mathrsfs", "<SOS>", "<SOS>", "<SOS>"], ["<META_END>", "<META_END>", "<META_END>", "<META_END>", "<META_END>", " hand", "<META_END>", "<META_END>", "<META_END>"]], "top_logit_ablation_values": [[0, 0, 0, 0, 0, 0.391, 0, 0, 0], [0, 0, 0, 0, 0, 0.388, 0, 0, 0], [0, 0, 0, 0, 0, 0.3648, 0, 0, 0], [0, 0, 0, 0, 0, 0.3531, 0, 0, 0], [0, 0, 0, 0, 0, 0.3527, 0, 0, 0]], "bottom_logit_ablation_values": [[0, 0, 0, 0, 0, -0.4905, 0, 0, 0], [0, 0, 0, 0, 0, -0.4899, 0, 0, 0], [0, 0, 0, 0, 0, -0.4561, 0, 0, 0], [0, 0, 0, 0, 0, -0.4515, 0, 0, 0], [0, 0, 0, 0, 0, -0.4485, 0, 0, 0]], "residual_loss_ablation": [0.2517, 4.437, 0.8348, 5.114, -2.032, 0.6657, -0.3917, 1.874, 0]}}, {"tokens_str_list": ["man", " Trent", " Re", "z", "nor", " has", " claimed", " that", " both"], "tokens_acts_list": [0, 0, 0, 0, 0.4809, 0, 0, 0, 0], "train_token_ind": 4, "is_repeated_datapoint": 0, "datapoint_ind": 22309750, "ablations": {"loss_ablation": [0, 0, 0, 0, 0, 0.008201, 0, 0, 0], "top_logit_ablation_tokens_str": [["<META>", "<META>", "<META>", "<META>", "<META>", "arious", "<META>", "<META>", "<META>"], ["<EOT>", "<EOT>", "<EOT>", "<EOT>", "<EOT>", "weet", "<EOT>", "<EOT>", "<EOT>"], ["<META_START>", "<META_START>", "<META_START>", "<META_START>", "<META_START>", "ibilities", "<META_START>", "<META_START>", "<META_START>"], ["<SOS>", "<SOS>", "<SOS>", "<SOS>", "<SOS>", "thood", "<SOS>", "<SOS>", "<SOS>"], ["<META_END>", "<META_END>", "<META_END>", "<META_END>", "<META_END>", " Aires", "<META_END>", "<META_END>", "<META_END>"]], "bottom_logit_ablation_tokens_str": [["<META>", "<META>", "<META>", "<META>", "<META>", "omorphism", "<META>", "<META>", "<META>"], ["<EOT>", "<EOT>", "<EOT>", "<EOT>", "<EOT>", "=\"", "<EOT>", "<EOT>", "<EOT>"], ["<META_START>", "<META_START>", "<META_START>", "<META_START>", "<META_START>", "mathrsfs", "<META_START>", "<META_START>", "<META_START>"], ["<SOS>", "<SOS>", "<SOS>", "<SOS>", "<SOS>", " by", "<SOS>", "<SOS>", "<SOS>"], ["<META_END>", "<META_END>", "<META_END>", "<META_END>", "<META_END>", "itations", "<META_END>", "<META_END>", "<META_END>"]], "top_logit_ablation_values": [[0, 0, 0, 0, 0, 0.2372, 0, 0, 0], [0, 0, 0, 0, 0, 0.2367, 0, 0, 0], [0, 0, 0, 0, 0, 0.2222, 0, 0, 0], [0, 0, 0, 0, 0, 0.2217, 0, 0, 0], [0, 0, 0, 0, 0, 0.206, 0, 0, 0]], "bottom_logit_ablation_values": [[0, 0, 0, 0, 0, -0.3354, 0, 0, 0], [0, 0, 0, 0, 0, -0.3215, 0, 0, 0], [0, 0, 0, 0, 0, -0.3078, 0, 0, 0], [0, 0, 0, 0, 0, -0.3063, 0, 0, 0], [0, 0, 0, 0, 0, -0.2984, 0, 0, 0]], "residual_loss_ablation": [0.8314, 1.146, 0.1089, 0.7966, 0.1052, -0.8349, 0.9465, 0.9663, 0]}}, {"tokens_str_list": [" thats", " usually", " almost", " always", " the", " cause", " of", " this", " error"], "tokens_acts_list": [0, 0, 0, 0, 0.2009, 0, 0, 0, 0], "train_token_ind": 4, "is_repeated_datapoint": 0, "datapoint_ind": 18616307, "ablations": {"loss_ablation": [0, 0, 0, 0, 0, 0.0235, 0, 0, 0], "top_logit_ablation_tokens_str": [["<META>", "<META>", "<META>", "<META>", "<META>", "weet", "<META>", "<META>", "<META>"], ["<EOT>", "<EOT>", "<EOT>", "<EOT>", "<EOT>", "arious", "<EOT>", "<EOT>", "<EOT>"], ["<META_START>", "<META_START>", "<META_START>", "<META_START>", "<META_START>", "thood", "<META_START>", "<META_START>", "<META_START>"], ["<SOS>", "<SOS>", "<SOS>", "<SOS>", "<SOS>", "ibilities", "<SOS>", "<SOS>", "<SOS>"], ["<META_END>", "<META_END>", "<META_END>", "<META_END>", "<META_END>", " Aires", "<META_END>", "<META_END>", "<META_END>"]], "bottom_logit_ablation_tokens_str": [["<META>", "<META>", "<META>", "<META>", "<META>", "=\"", "<META>", "<META>", "<META>"], ["<EOT>", "<EOT>", "<EOT>", "<EOT>", "<EOT>", "omorphism", "<EOT>", "<EOT>", "<EOT>"], ["<META_START>", "<META_START>", "<META_START>", "<META_START>", "<META_START>", " method", "<META_START>", "<META_START>", "<META_START>"], ["<SOS>", "<SOS>", "<SOS>", "<SOS>", "<SOS>", " by", "<SOS>", "<SOS>", "<SOS>"], ["<META_END>", "<META_END>", "<META_END>", "<META_END>", "<META_END>", "mathrsfs", "<META_END>", "<META_END>", "<META_END>"]], "top_logit_ablation_values": [[0, 0, 0, 0, 0, 0.2106, 0, 0, 0], [0, 0, 0, 0, 0, 0.1996, 0, 0, 0], [0, 0, 0, 0, 0, 0.1972, 0, 0, 0], [0, 0, 0, 0, 0, 0.1922, 0, 0, 0], [0, 0, 0, 0, 0, 0.1859, 0, 0, 0]], "bottom_logit_ablation_values": [[0, 0, 0, 0, 0, -0.2388, 0, 0, 0], [0, 0, 0, 0, 0, -0.2386, 0, 0, 0], [0, 0, 0, 0, 0, -0.2224, 0, 0, 0], [0, 0, 0, 0, 0, -0.2204, 0, 0, 0], [0, 0, 0, 0, 0, -0.2191, 0, 0, 0]], "residual_loss_ablation": [1.59, 0.1621, -0.439, 0.6889, -0.8001, 1.022, -0.9075, 0.2921, 0]}}, {"tokens_str_list": [" old", " topic", " (", "not", " entirely", " sure", " why", " thats", " a"], "tokens_acts_list": [0, 0, 0, 0, 0.1207, 0, 0, 0, 0], "train_token_ind": 4, "is_repeated_datapoint": 0, "datapoint_ind": 72925984, "ablations": {"loss_ablation": [0, 0, 0, 0, 0, -0.01098, 0, 0, 0], "top_logit_ablation_tokens_str": [["<META>", "<META>", "<META>", "<META>", "<META>", "weet", "<META>", "<META>", "<META>"], ["<EOT>", "<EOT>", "<EOT>", "<EOT>", "<EOT>", "arious", "<EOT>", "<EOT>", "<EOT>"], ["<META_START>", "<META_START>", "<META_START>", "<META_START>", "<META_START>", "thood", "<META_START>", "<META_START>", "<META_START>"], ["<SOS>", "<SOS>", "<SOS>", "<SOS>", "<SOS>", "ibilities", "<SOS>", "<SOS>", "<SOS>"], ["<META_END>", "<META_END>", "<META_END>", "<META_END>", "<META_END>", " Aires", "<META_END>", "<META_END>", "<META_END>"]],