{"index": 2891, "act_buckets": [0, 1, 0, 0, 1, 0, 0, 0, 0, 0, 0, 0, 0, 0, 0, 0, 0, 0, 0, 0, 0, 0, 0, 0, 0, 0, 0, 0, 0, 0, 0, 0, 0, 0, 0, 0, 0, 0, 0, 1], "act_bucket_edges": [0, 0.005779, 0.01156, 0.01734, 0.02312, 0.0289, 0.03467, 0.04045, 0.04623, 0.05201, 0.05779, 0.06357, 0.06935, 0.07513, 0.08091, 0.08669, 0.09247, 0.09825, 0.104, 0.1098, 0.1156, 0.1214, 0.1271, 0.1329, 0.1387, 0.1445, 0.1503, 0.156, 0.1618, 0.1676, 0.1734, 0.1792, 0.1849, 0.1907, 0.1965, 0.2023, 0.208, 0.2138, 0.2196, 0.2254, 0.2312], "logit_buckets": [1, 0, 0, 3, 1, 2, 7, 11, 21, 44, 75, 142, 240, 400, 619, 939, 1385, 2022, 4411, 5520, 6512, 7679, 8079, 7607, 6384, 4751, 3266, 2159, 1366, 857, 463, 263, 160, 80, 26, 22, 9, 6, 0, 4], "logit_bucket_edges": [-0.5254, -0.5018, -0.4783, -0.4548, -0.4313, -0.4077, -0.3842, -0.3607, -0.3372, -0.3136, -0.2901, -0.2666, -0.2431, -0.2195, -0.196, -0.1725, -0.149, -0.1254, -0.1019, -0.07839, -0.05486, -0.03134, -0.007811, 0.01571, 0.03924, 0.06276, 0.08629, 0.1098, 0.1333, 0.1569, 0.1804, 0.2039, 0.2274, 0.251, 0.2745, 0.298, 0.3215, 0.3451, 0.3686, 0.3921, 0.4156], "examples_quantiles": [{"quantile_name": "Top Activations", "quantile_max_act": 0.2312, "examples": [{"tokens_str_list": [" tub", "ular", " lum", "ens", " (", "arrows", ").", " Panel", " **"], "tokens_acts_list": [0, 0, 0, 0, 0.2312, 0, 0, 0, 0], "train_token_ind": 4, "is_repeated_datapoint": 0, "datapoint_ind": 57236706, "ablations": {"loss_ablation": [0, 0, 0, 0, 0, -0.06221, 0, 0, 0], "top_logit_ablation_tokens_str": [["<META>", "<META>", "<META>", "<META>", "<META>", "ments", "<META>", "<META>", "<META>"], ["<EOT>", "<EOT>", "<EOT>", "<EOT>", "<EOT>", "matic", "<EOT>", "<EOT>", "<EOT>"], ["<META_START>", "<META_START>", "<META_START>", "<META_START>", "<META_START>", "matically", "<META_START>", "<META_START>", "<META_START>"], ["<SOS>", "<SOS>", "<SOS>", "<SOS>", "<SOS>", "iveness", "<SOS>", "<SOS>", "<SOS>"], ["<META_END>", "<META_END>", "<META_END>", "<META_END>", "<META_END>", "tically", "<META_END>", "<META_END>", "<META_END>"]], "bottom_logit_ablation_tokens_str": [["<META>", "<META>", "<META>", "<META>", "<META>", " Appeal", "<META>", "<META>", "<META>"], ["<EOT>", "<EOT>", "<EOT>", "<EOT>", "<EOT>", " Filed", "<EOT>", "<EOT>", "<EOT>"], ["<META_START>", "<META_START>", "<META_START>", "<META_START>", "<META_START>", "caster", "<META_START>", "<META_START>", "<META_START>"], ["<SOS>", "<SOS>", "<SOS>", "<SOS>", "<SOS>", "berry", "<SOS>", "<SOS>", "<SOS>"], ["<META_END>", "<META_END>", "<META_END>", "<META_END>", "<META_END>", ".\"\"", "<META_END>", "<META_END>", "<META_END>"]], "top_logit_ablation_values": [[0, 0, 0, 0, 0, 0.2063, 0, 0, 0], [0, 0, 0, 0, 0, 0.1714, 0, 0, 0], [0, 0, 0, 0, 0, 0.1691, 0, 0, 0], [0, 0, 0, 0, 0, 0.1669, 0, 0, 0], [0, 0, 0, 0, 0, 0.1659, 0, 0, 0]], "bottom_logit_ablation_values": [[0, 0, 0, 0, 0, -0.1784, 0, 0, 0], [0, 0, 0, 0, 0, -0.1684, 0, 0, 0], [0, 0, 0, 0, 0, -0.1681, 0, 0, 0], [0, 0, 0, 0, 0, -0.1679, 0, 0, 0], [0, 0, 0, 0, 0, -0.1559, 0, 0, 0]], "residual_loss_ablation": [4.759, 0.2076, 0.5456, 0.888, -1.543, 2.008, 1.985, 1.971, 0]}}, {"tokens_str_list": [" out", " at", " room", " temperature", " (", "298", " K", ")", " on"], "tokens_acts_list": [0, 0, 0, 0, 0.02645, 0, 0, 0, 0], "train_token_ind": 4, "is_repeated_datapoint": 0, "datapoint_ind": 343198, "ablations": {"loss_ablation": [0, 0, 0, 0, 0, 0.001348, 0, 0, 0], "top_logit_ablation_tokens_str": [["<META>", "<META>", "<META>", "<META>", "<META>", "tically", "<META>", "<META>", "<META>"], ["<EOT>", "<EOT>", "<EOT>", "<EOT>", "<EOT>", " INTERRUPTION", "<EOT>", "<EOT>", "<EOT>"], ["<META_START>", "<META_START>", "<META_START>", "<META_START>", "<META_START>", "matically", "<META_START>", "<META_START>", "<META_START>"], ["<SOS>", "<SOS>", "<SOS>", "<SOS>", "<SOS>", "ments", "<SOS>", "<SOS>", "<SOS>"], ["<META_END>", "<META_END>", "<META_END>", "<META_END>", "<META_END>", "quences", "<META_END>", "<META_END>", "<META_END>"]], "bottom_logit_ablation_tokens_str": [["<META>", "<META>", "<META>", "<META>", "<META>", "\n", "<META>", "<META>", "<META>"], ["<EOT>", "<EOT>", "<EOT>", "<EOT>", "<EOT>", "berry", "<EOT>", "<EOT>", "<EOT>"], ["<META_START>", "<META_START>", "<META_START>", "<META_START>", "<META_START>", " God", "<META_START>", "<META_START>", "<META_START>"], ["<SOS>", "<SOS>", "<SOS>", "<SOS>", "<SOS>", " Appeal", "<SOS>", "<SOS>", "<SOS>"], ["<META_END>", "<META_END>", "<META_END>", "<META_END>", "<META_END>", "born", "<META_END>", "<META_END>", "<META_END>"]], "top_logit_ablation_values": [[0, 0, 0, 0, 0, 0.02305, 0, 0, 0], [0, 0, 0, 0, 0, 0.02055, 0, 0, 0], [0, 0, 0, 0, 0, 0.01967, 0, 0, 0], [0, 0, 0, 0, 0, 0.01934, 0, 0, 0], [0, 0, 0, 0, 0, 0.01788, 0, 0, 0]], "bottom_logit_ablation_values": [[0, 0, 0, 0, 0, -0.01644, 0, 0, 0], [0, 0, 0, 0, 0, -0.01474, 0, 0, 0], [0, 0, 0, 0, 0, -0.01459, 0, 0, 0], [0, 0, 0, 0, 0, -0.0145, 0, 0, 0], [0, 0, 0, 0, 0, -0.01434, 0, 0, 0]], "residual_loss_ablation": [0.9123, -0.1756, 0.05423, 8.929, 0.2555, 1.205, 1.49, 3.68, 0]}}, {"tokens_str_list": [" the", " same", " wavelength", " regions", " (", "Ts", "ai", " et", " al"], "tokens_acts_list": [0, 0, 0, 0, 0.008664, 0, 0, 0, 0], "train_token_ind": 4, "is_repeated_datapoint": 0, "datapoint_ind": 23893748, "ablations": {"loss_ablation": [0, 0, 0, 0, 0, -0.002394, 0, 0, 0], "top_logit_ablation_tokens_str": [["<META>", "<META>", "<META>", "<META>", "<META>", "IBUTORS", "<META>", "<META>", "<META>"], ["<EOT>", "<EOT>", "<EOT>", "<EOT>", "<EOT>", " '\ufffd\ufffd',", "<EOT>", "<EOT>", "<EOT>"], ["<META_START>", "<META_START>", "<META_START>", "<META_START>", "<META_START>", "0020609", "<META_START>", "<META_START>", "<META_START>"], ["<SOS>", "<SOS>", "<SOS>", "<SOS>", "<SOS>", "TTTo", "<SOS>", "<SOS>", "<SOS>"], ["<META_END>", "<META_END>", "<META_END>", "<META_END>", "<META_END>", " QEPCAD", "<META_END>", "<META_END>", "<META_END>"]], "bottom_logit_ablation_tokens_str": [["<META>", "<META>", "<META>", "<META>", "<META>", "\n", "<META>", "<META>", "<META>"], ["<EOT>", "<EOT>", "<EOT>", "<EOT>", "<EOT>", "?", "<EOT>", "<EOT>", "<EOT>"], ["<META_START>", "<META_START>", "<META_START>", "<META_START>", "<META_START>", "?\"", "<META_START>", "<META_START>", "<META_START>"], ["<SOS>", "<SOS>", "<SOS>", "<SOS>", "<SOS>", ".\"", "<SOS>", "<SOS>", "<SOS>"], ["<META_END>", "<META_END>", "<META_END>", "<META_END>", "<META_END>", " \u2014", "<META_END>", "<META_END>", "<META_END>"]], "top_logit_ablation_values": [[0, 0, 0, 0, 0, 0.01188, 0, 0, 0], [0, 0, 0, 0, 0, 0.01181, 0, 0, 0], [0, 0, 0, 0, 0, 0.01181, 0, 0, 0], [0, 0, 0, 0, 0, 0.0118, 0, 0, 0], [0, 0, 0, 0, 0, 0.0118, 0, 0, 0]], "bottom_logit_ablation_values": [[0, 0, 0, 0, 0, -0.01019, 0, 0, 0], [0, 0, 0, 0, 0, -0.007651, 0, 0, 0], [0, 0, 0, 0, 0, -0.007452, 0, 0, 0], [0, 0, 0, 0, 0, -0.007299, 0, 0, 0], [0, 0, 0, 0, 0, -0.00684, 0, 0, 0]], "residual_loss_ablation": [-0.5896, -0.9654, 6.665, 1.653, 0.1225, 0.1582, 7.669, 2.412, 0]}}]}], "statistics": {"density_frac": 3e-08, "global_max_act": 0.2312, "abs_max_neuron_weights": [0.1381, 0.1297, 0.1281], "abs_max_neuron_inds": [239, 158, 109], "l1_max_neuron_weights": [0.007763, 0.007287, 0.0072]}, "logit_effects": {"negatives": [["roup", -0.3728], ["abla", -0.3729], ["ically", -0.3807], ["ively", -0.3999], ["ously", -0.4069], ["iveness", -0.4276], ["tically", -0.4319], ["matically", -0.4346], ["matic", -0.4387], ["ments", -0.5254]], "positives": [[" Appeal", 0.4156], ["berry", 0.3946], [" Filed", 0.3946], ["caster", 0.3922], ["boro", 0.3623], [".\"\"", 0.3608], ["\n\f", 0.3584], ["abouts", 0.3567], ["?\u201d", 0.3566], ["berries", 0.351]]}}