{"index": 2896, "act_buckets": [0, 0, 0, 0, 0, 0, 0, 0, 0, 0, 0, 1, 0, 0, 0, 0, 0, 1, 0, 0, 0, 0, 0, 0, 0, 0, 0, 0, 0, 0, 0, 0, 0, 0, 0, 0, 0, 0, 0, 1], "act_bucket_edges": [0, 0.0231, 0.0462, 0.06931, 0.09241, 0.1155, 0.1386, 0.1617, 0.1848, 0.2079, 0.231, 0.2541, 0.2772, 0.3003, 0.3234, 0.3465, 0.3696, 0.3927, 0.4158, 0.4389, 0.462, 0.4851, 0.5082, 0.5313, 0.5545, 0.5776, 0.6007, 0.6238, 0.6469, 0.67, 0.6931, 0.7162, 0.7393, 0.7624, 0.7855, 0.8086, 0.8317, 0.8548, 0.8779, 0.901, 0.9241], "logit_buckets": [4, 4, 9, 15, 35, 58, 79, 108, 154, 205, 316, 410, 2616, 1863, 2228, 2969, 3963, 5382, 6745, 7605, 7372, 6503, 5177, 3950, 2819, 1851, 1190, 820, 495, 286, 169, 68, 25, 20, 8, 9, 3, 1, 1, 1], "logit_bucket_edges": [-0.4608, -0.4375, -0.4141, -0.3908, -0.3675, -0.3441, -0.3208, -0.2974, -0.2741, -0.2508, -0.2274, -0.2041, -0.1807, -0.1574, -0.1341, -0.1107, -0.08737, -0.06403, -0.04069, -0.01735, 0.005996, 0.02934, 0.05268, 0.07602, 0.09936, 0.1227, 0.146, 0.1694, 0.1927, 0.2161, 0.2394, 0.2627, 0.2861, 0.3094, 0.3328, 0.3561, 0.3795, 0.4028, 0.4261, 0.4495, 0.4728], "examples_quantiles": [{"quantile_name": "Top Activations", "quantile_max_act": 0.9241, "examples": [{"tokens_str_list": [" old", " topic", " (", "not", " entirely", " sure", " why", " thats", " a"], "tokens_acts_list": [0, 0, 0, 0, 0.9241, 0, 0, 0, 0], "train_token_ind": 4, "is_repeated_datapoint": 0, "datapoint_ind": 72925984, "ablations": {"loss_ablation": [0, 0, 0, 0, 0, 0.1882, 0, 0, 0], "top_logit_ablation_tokens_str": [["<META>", "<META>", "<META>", "<META>", "<META>", "izes", "<META>", "<META>", "<META>"], ["<EOT>", "<EOT>", "<EOT>", "<EOT>", "<EOT>", " TORT", "<EOT>", "<EOT>", "<EOT>"], ["<META_START>", "<META_START>", "<META_START>", "<META_START>", "<META_START>", " arises", "<META_START>", "<META_START>", "<META_START>"], ["<SOS>", "<SOS>", "<SOS>", "<SOS>", "<SOS>", " contributed", "<SOS>", "<SOS>", "<SOS>"], ["<META_END>", "<META_END>", "<META_END>", "<META_END>", "<META_END>", "fulness", "<META_END>", "<META_END>", "<META_END>"]], "bottom_logit_ablation_tokens_str": [["<META>", "<META>", "<META>", "<META>", "<META>", "){", "<META>", "<META>", "<META>"], ["<EOT>", "<EOT>", "<EOT>", "<EOT>", "<EOT>", "holding", "<EOT>", "<EOT>", "<EOT>"], ["<META_START>", "<META_START>", "<META_START>", "<META_START>", "<META_START>", "fn", "<META_START>", "<META_START>", "<META_START>"], ["<SOS>", "<SOS>", "<SOS>", "<SOS>", "<SOS>", "rd", "<SOS>", "<SOS>", "<SOS>"], ["<META_END>", "<META_END>", "<META_END>", "<META_END>", "<META_END>", "years", "<META_END>", "<META_END>", "<META_END>"]], "top_logit_ablation_values": [[0, 0, 0, 0, 0, 0.4785, 0, 0, 0], [0, 0, 0, 0, 0, 0.4306, 0, 0, 0], [0, 0, 0, 0, 0, 0.4105, 0, 0, 0], [0, 0, 0, 0, 0, 0.4051, 0, 0, 0], [0, 0, 0, 0, 0, 0.4045, 0, 0, 0]], "bottom_logit_ablation_values": [[0, 0, 0, 0, 0, -0.9914, 0, 0, 0], [0, 0, 0, 0, 0, -0.9537, 0, 0, 0], [0, 0, 0, 0, 0, -0.9327, 0, 0, 0], [0, 0, 0, 0, 0, -0.8891, 0, 0, 0], [0, 0, 0, 0, 0, -0.8878, 0, 0, 0]], "residual_loss_ablation": [1.649, -0.9952, -0.2815, -0.6566, -1.431, 7.321, -0.4655, 0.3301, 0]}}, {"tokens_str_list": ["\n", "the", " regular", " package", " repos", " as", " well", ".", "\n\n"], "tokens_acts_list": [0, 0, 0, 0, 0.396, 0, 0, 0, 0], "train_token_ind": 4, "is_repeated_datapoint": 0, "datapoint_ind": 4876114, "ablations": {"loss_ablation": [0, 0, 0, 0, 0, -0.03938, 0, 0, 0], "top_logit_ablation_tokens_str": [["<META>", "<META>", "<META>", "<META>", "<META>", " TORT", "<META>", "<META>", "<META>"], ["<EOT>", "<EOT>", "<EOT>", "<EOT>", "<EOT>", " relates", "<EOT>", "<EOT>", "<EOT>"], ["<META_START>", "<META_START>", "<META_START>", "<META_START>", "<META_START>", " happens", "<META_START>", "<META_START>", "<META_START>"], ["<SOS>", "<SOS>", "<SOS>", "<SOS>", "<SOS>", " occurs", "<SOS>", "<SOS>", "<SOS>"], ["<META_END>", "<META_END>", "<META_END>", "<META_END>", "<META_END>", " affects", "<META_END>", "<META_END>", "<META_END>"]], "bottom_logit_ablation_tokens_str": [["<META>", "<META>", "<META>", "<META>", "<META>", "fn", "<META>", "<META>", "<META>"], ["<EOT>", "<EOT>", "<EOT>", "<EOT>", "<EOT>", "holding", "<EOT>", "<EOT>", "<EOT>"], ["<META_START>", "<META_START>", "<META_START>", "<META_START>", "<META_START>", "lass", "<META_START>", "<META_START>", "<META_START>"], ["<SOS>", "<SOS>", "<SOS>", "<SOS>", "<SOS>", "amssymb", "<SOS>", "<SOS>", "<SOS>"], ["<META_END>", "<META_END>", "<META_END>", "<META_END>", "<META_END>", "atures", "<META_END>", "<META_END>", "<META_END>"]], "top_logit_ablation_values": [[0, 0, 0, 0, 0, 0.1727, 0, 0, 0], [0, 0, 0, 0, 0, 0.1483, 0, 0, 0], [0, 0, 0, 0, 0, 0.1429, 0, 0, 0], [0, 0, 0, 0, 0, 0.1355, 0, 0, 0], [0, 0, 0, 0, 0, 0.1354, 0, 0, 0]], "bottom_logit_ablation_values": [[0, 0, 0, 0, 0, -0.3783, 0, 0, 0], [0, 0, 0, 0, 0, -0.3686, 0, 0, 0], [0, 0, 0, 0, 0, -0.3342, 0, 0, 0], [0, 0, 0, 0, 0, -0.333, 0, 0, 0], [0, 0, 0, 0, 0, -0.3296, 0, 0, 0]], "residual_loss_ablation": [3.905, 0.8264, 1.279, 1.71, 1.319, 2.127, 0.6254, 0.9021, 0]}}, {"tokens_str_list": [" it", " take", " for", " a", " bount", "y", " to", " be", " auto"], "tokens_acts_list": [0, 0, 0, 0, 0.2726, 0, 0, 0, 0], "train_token_ind": 4, "is_repeated_datapoint": 0, "datapoint_ind": 82550481, "ablations": {"loss_ablation": [0, 0, 0, 0, 0, 0.002571, 0, 0, 0], "top_logit_ablation_tokens_str": [["<META>", "<META>", "<META>", "<META>", "<META>", " happens", "<META>", "<META>", "<META>"], ["<EOT>", "<EOT>", "<EOT>", "<EOT>", "<EOT>", " occurs", "<EOT>", "<EOT>", "<EOT>"], ["<META_START>", "<META_START>", "<META_START>", "<META_START>", "<META_START>", " affects", "<META_START>", "<META_START>", "<META_START>"], ["<SOS>", "<SOS>", "<SOS>", "<SOS>", "<SOS>", "fulness", "<SOS>", "<SOS>", "<SOS>"], ["<META_END>", "<META_END>", "<META_END>", "<META_END>", "<META_END>", " fails", "<META_END>", "<META_END>", "<META_END>"]], "bottom_logit_ablation_tokens_str": [["<META>", "<META>", "<META>", "<META>", "<META>", "fn", "<META>", "<META>", "<META>"], ["<EOT>", "<EOT>", "<EOT>", "<EOT>", "<EOT>", "holding", "<EOT>", "<EOT>", "<EOT>"], ["<META_START>", "<META_START>", "<META_START>", "<META_START>", "<META_START>", "){", "<META_START>", "<META_START>", "<META_START>"], ["<SOS>", "<SOS>", "<SOS>", "<SOS>", "<SOS>", "atures", "<SOS>", "<SOS>", "<SOS>"], ["<META_END>", "<META_END>", "<META_END>", "<META_END>", "<META_END>", "brace", "<META_END>", "<META_END>", "<META_END>"]], "top_logit_ablation_values": [[0, 0, 0, 0, 0, 0.1259, 0, 0, 0], [0, 0, 0, 0, 0, 0.1209, 0, 0, 0], [0, 0, 0, 0, 0, 0.1209, 0, 0, 0], [0, 0, 0, 0, 0, 0.1174, 0, 0, 0], [0, 0, 0, 0, 0, 0.1161, 0, 0, 0]], "bottom_logit_ablation_values": [[0, 0, 0, 0, 0, -0.2009, 0, 0, 0], [0, 0, 0, 0, 0, -0.1847, 0, 0, 0], [0, 0, 0, 0, 0, -0.1776, 0, 0, 0], [0, 0, 0, 0, 0, -0.168, 0, 0, 0], [0, 0, 0, 0, 0, -0.1668, 0, 0, 0]], "residual_loss_ablation": [0.5495, 1.034, -0.03435, 0.2797, -0.4034, 2.756, -1.464, -2.046, 0]}}]}], "statistics": {"density_frac": 3e-08, "global_max_act": 0.9241, "abs_max_neuron_weights": [-0.1462, -0.1323, -0.1298], "abs_max_neuron_inds": [259, 372, 305], "l1_max_neuron_weights": [0.007968, 0.007209, 0.007072]}, "logit_effects": {"negatives": [[" happened", -0.4047], [" arises", -0.4083], [" TORT", -0.4198], [" relates", -0.42], [" contributed", -0.4237], [" fails", -0.429], ["fulness", -0.4381], [" affects", -0.4412], [" occurs", -0.4435], [" happens", -0.4608]], "positives": [["fn", 0.4728], ["holding", 0.4291], ["){", 0.4173], ["amssymb", 0.3955], ["atures", 0.3887], ["brace", 0.3831], ["LES", 0.3755], ["ps", 0.3736], ["\u308c", 0.3705], ["rd", 0.3697]]}}