{"index": 2923, "act_buckets": [0, 0, 0, 0, 0, 0, 0, 0, 0, 0, 0, 0, 0, 0, 0, 0, 0, 0, 0, 0, 0, 0, 0, 0, 0, 0, 0, 0, 0, 0, 0, 0, 0, 0, 0, 0, 0, 0, 0, 1], "act_bucket_edges": [0, 0.0006127, 0.001225, 0.001838, 0.002451, 0.003063, 0.003676, 0.004289, 0.004901, 0.005514, 0.006127, 0.006739, 0.007352, 0.007965, 0.008577, 0.00919, 0.009803, 0.01042, 0.01103, 0.01164, 0.01225, 0.01287, 0.01348, 0.01409, 0.0147, 0.01532, 0.01593, 0.01654, 0.01715, 0.01777, 0.01838, 0.01899, 0.01961, 0.02022, 0.02083, 0.02144, 0.02206, 0.02267, 0.02328, 0.02389, 0.02451], "logit_buckets": [4, 2, 7, 5, 16, 26, 60, 86, 110, 195, 301, 438, 583, 741, 1151, 3984, 3272, 3904, 5186, 6159, 6967, 7192, 6635, 5788, 4550, 3149, 2013, 1201, 753, 481, 249, 161, 95, 43, 12, 10, 4, 2, 0, 1], "logit_bucket_edges": [-0.488, -0.4647, -0.4414, -0.4181, -0.3948, -0.3715, -0.3482, -0.3249, -0.3016, -0.2783, -0.255, -0.2317, -0.2083, -0.185, -0.1617, -0.1384, -0.1151, -0.09181, -0.0685, -0.04519, -0.02188, 0.001427, 0.02474, 0.04804, 0.07135, 0.09466, 0.118, 0.1413, 0.1646, 0.1879, 0.2112, 0.2345, 0.2578, 0.2811, 0.3044, 0.3277, 0.3511, 0.3744, 0.3977, 0.421, 0.4443], "examples_quantiles": [{"quantile_name": "Top Activations", "quantile_max_act": 0.02451, "examples": [{"tokens_str_list": ["}\\", "left", "(", " 2", "^{-\\", "frac", "{", "p", "^{-"], "tokens_acts_list": [0, 0, 0, 0, 0.02451, 0, 0, 0, 0], "train_token_ind": 4, "is_repeated_datapoint": 0, "datapoint_ind": 53736422, "ablations": {"loss_ablation": [0, 0, 0, 0, 0, 0.0006684, 0, 0, 0], "top_logit_ablation_tokens_str": [["<META>", "<META>", "<META>", "<META>", "<META>", "uing", "<META>", "<META>", "<META>"], ["<EOT>", "<EOT>", "<EOT>", "<EOT>", "<EOT>", "ifies", "<EOT>", "<EOT>", "<EOT>"], ["<META_START>", "<META_START>", "<META_START>", "<META_START>", "<META_START>", "eled", "<META_START>", "<META_START>", "<META_START>"], ["<SOS>", "<SOS>", "<SOS>", "<SOS>", "<SOS>", "elling", "<SOS>", "<SOS>", "<SOS>"], ["<META_END>", "<META_END>", "<META_END>", "<META_END>", "<META_END>", "esty", "<META_END>", "<META_END>", "<META_END>"]], "bottom_logit_ablation_tokens_str": [["<META>", "<META>", "<META>", "<META>", "<META>", "shirt", "<META>", "<META>", "<META>"], ["<EOT>", "<EOT>", "<EOT>", "<EOT>", "<EOT>", "microsoft", "<EOT>", "<EOT>", "<EOT>"], ["<META_START>", "<META_START>", "<META_START>", "<META_START>", "<META_START>", "amsfonts", "<META_START>", "<META_START>", "<META_START>"], ["<SOS>", "<SOS>", "<SOS>", "<SOS>", "<SOS>", "n\u00e9e", "<SOS>", "<SOS>", "<SOS>"], ["<META_END>", "<META_END>", "<META_END>", "<META_END>", "<META_END>", " duct", "<META_END>", "<META_END>", "<META_END>"]], "top_logit_ablation_values": [[0, 0, 0, 0, 0, 0.04123, 0, 0, 0], [0, 0, 0, 0, 0, 0.04115, 0, 0, 0], [0, 0, 0, 0, 0, 0.04097, 0, 0, 0], [0, 0, 0, 0, 0, 0.04029, 0, 0, 0], [0, 0, 0, 0, 0, 0.03934, 0, 0, 0]], "bottom_logit_ablation_values": [[0, 0, 0, 0, 0, -0.004808, 0, 0, 0], [0, 0, 0, 0, 0, -0.004243, 0, 0, 0], [0, 0, 0, 0, 0, -0.003322, 0, 0, 0], [0, 0, 0, 0, 0, -0.003139, 0, 0, 0], [0, 0, 0, 0, 0, -0.002934, 0, 0, 0]], "residual_loss_ablation": [-0.8491, 0.6325, 0.7686, -0.6526, -0.3281, 0.4886, 0.1906, 0.3121, 0]}}]}], "statistics": {"density_frac": 1e-08, "global_max_act": 0.02451, "abs_max_neuron_weights": [-0.167, -0.1381, -0.131], "abs_max_neuron_inds": [372, 254, 138], "l1_max_neuron_weights": [0.00927, 0.007664, 0.007273]}, "logit_effects": {"negatives": [[" finds", -0.4261], ["eled", -0.4269], ["uring", -0.4283], ["ging", -0.4299], [" able", -0.4433], [" to", -0.4624], ["ifies", -0.4668], ["uds", -0.4678], ["ifying", -0.4681], ["elling", -0.488]], "positives": [["shirt", 0.4443], ["ANI", 0.3928], ["gpl", 0.3749], ["cells", 0.3648], ["amsfonts", 0.3621], ["shirts", 0.361], ["microsoft", 0.3559], [" COURT", 0.3486], [" pitcher", 0.3478], ["ici\u00f3n", 0.346]]}}