{"index": 2935, "act_buckets": [1, 0, 0, 0, 0, 0, 0, 0, 0, 1, 0, 0, 0, 0, 1, 0, 0, 1, 0, 0, 0, 0, 0, 0, 0, 0, 0, 0, 0, 0, 0, 0, 0, 0, 0, 0, 1, 0, 0, 1], "act_bucket_edges": [0, 0.004724, 0.009447, 0.01417, 0.01889, 0.02362, 0.02834, 0.03307, 0.03779, 0.04251, 0.04724, 0.05196, 0.05668, 0.06141, 0.06613, 0.07086, 0.07558, 0.0803, 0.08503, 0.08975, 0.09447, 0.0992, 0.1039, 0.1086, 0.1134, 0.1181, 0.1228, 0.1275, 0.1323, 0.137, 0.1417, 0.1464, 0.1512, 0.1559, 0.1606, 0.1653, 0.1701, 0.1748, 0.1795, 0.1842, 0.1889], "logit_buckets": [1, 1, 2, 2, 2, 2, 5, 13, 17, 25, 32, 42, 62, 92, 141, 253, 1863, 1772, 1911, 2562, 3691, 5157, 6702, 7547, 8092, 7445, 6355, 4594, 3058, 1857, 1130, 586, 293, 115, 77, 24, 7, 3, 1, 2], "logit_bucket_edges": [-0.6898, -0.6612, -0.6326, -0.604, -0.5754, -0.5468, -0.5181, -0.4895, -0.4609, -0.4323, -0.4037, -0.3751, -0.3465, -0.3179, -0.2892, -0.2606, -0.232, -0.2034, -0.1748, -0.1462, -0.1176, -0.08896, -0.06035, -0.03174, -0.003124, 0.02549, 0.0541, 0.08271, 0.1113, 0.1399, 0.1686, 0.1972, 0.2258, 0.2544, 0.283, 0.3116, 0.3402, 0.3688, 0.3975, 0.4261, 0.4547], "examples_quantiles": [{"quantile_name": "Top Activations", "quantile_max_act": 0.1889, "examples": [{"tokens_str_list": [" higher", " the", " pre", "operative", " peak", " I", "OP", ",", " the"], "tokens_acts_list": [0, 0, 0, 0, 0.1889, 0, 0, 0, 0], "train_token_ind": 4, "is_repeated_datapoint": 0, "datapoint_ind": 7149480, "ablations": {"loss_ablation": [0, 0, 0, 0, 0, 0.02087, 0, 0, 0], "top_logit_ablation_tokens_str": [["<META>", "<META>", "<META>", "<META>", "<META>", "izes", "<META>", "<META>", "<META>"], ["<EOT>", "<EOT>", "<EOT>", "<EOT>", "<EOT>", "ology", "<EOT>", "<EOT>", "<EOT>"], ["<META_START>", "<META_START>", "<META_START>", "<META_START>", "<META_START>", "ize", "<META_START>", "<META_START>", "<META_START>"], ["<SOS>", "<SOS>", "<SOS>", "<SOS>", "<SOS>", "iveness", "<SOS>", "<SOS>", "<SOS>"], ["<META_END>", "<META_END>", "<META_END>", "<META_END>", "<META_END>", "ization", "<META_END>", "<META_END>", "<META_END>"]], "bottom_logit_ablation_tokens_str": [["<META>", "<META>", "<META>", "<META>", "<META>", "lane", "<META>", "<META>", "<META>"], ["<EOT>", "<EOT>", "<EOT>", "<EOT>", "<EOT>", " awake", "<EOT>", "<EOT>", "<EOT>"], ["<META_START>", "<META_START>", "<META_START>", "<META_START>", "<META_START>", "\\x87", "<META_START>", "<META_START>", "<META_START>"], ["<SOS>", "<SOS>", "<SOS>", "<SOS>", "<SOS>", " asleep", "<SOS>", "<SOS>", "<SOS>"], ["<META_END>", "<META_END>", "<META_END>", "<META_END>", "<META_END>", " acquaint", "<META_END>", "<META_END>", "<META_END>"]], "top_logit_ablation_values": [[0, 0, 0, 0, 0, 0.2666, 0, 0, 0], [0, 0, 0, 0, 0, 0.2485, 0, 0, 0], [0, 0, 0, 0, 0, 0.2389, 0, 0, 0], [0, 0, 0, 0, 0, 0.2353, 0, 0, 0], [0, 0, 0, 0, 0, 0.2304, 0, 0, 0]], "bottom_logit_ablation_values": [[0, 0, 0, 0, 0, -0.2002, 0, 0, 0], [0, 0, 0, 0, 0, -0.1936, 0, 0, 0], [0, 0, 0, 0, 0, -0.1789, 0, 0, 0], [0, 0, 0, 0, 0, -0.175, 0, 0, 0], [0, 0, 0, 0, 0, -0.1723, 0, 0, 0]], "residual_loss_ablation": [0.5072, 1.816, -0.2522, 10.64, 1.87, 4.902, 4.899, -2.522, 0]}}, {"tokens_str_list": [" showed", " an", " approximately", " 300", "%", " increase", " in", " perfor", "in"], "tokens_acts_list": [0, 0, 0, 0, 0.1725, 0, 0, 0, 0], "train_token_ind": 4, "is_repeated_datapoint": 0, "datapoint_ind": 58063630, "ablations": {"loss_ablation": [0, 0, 0, 0, 0, 0.05062, 0, 0, 0], "top_logit_ablation_tokens_str": [["<META>", "<META>", "<META>", "<META>", "<META>", "izes", "<META>", "<META>", "<META>"], ["<EOT>", "<EOT>", "<EOT>", "<EOT>", "<EOT>", "iveness", "<EOT>", "<EOT>", "<EOT>"], ["<META_START>", "<META_START>", "<META_START>", "<META_START>", "<META_START>", "ology", "<META_START>", "<META_START>", "<META_START>"], ["<SOS>", "<SOS>", "<SOS>", "<SOS>", "<SOS>", "ize", "<SOS>", "<SOS>", "<SOS>"], ["<META_END>", "<META_END>", "<META_END>", "<META_END>", "<META_END>", "ization", "<META_END>", "<META_END>", "<META_END>"]], "bottom_logit_ablation_tokens_str": [["<META>", "<META>", "<META>", "<META>", "<META>", "lane", "<META>", "<META>", "<META>"], ["<EOT>", "<EOT>", "<EOT>", "<EOT>", "<EOT>", " awake", "<EOT>", "<EOT>", "<EOT>"], ["<META_START>", "<META_START>", "<META_START>", "<META_START>", "<META_START>", "\\x87", "<META_START>", "<META_START>", "<META_START>"], ["<SOS>", "<SOS>", "<SOS>", "<SOS>", "<SOS>", "block", "<SOS>", "<SOS>", "<SOS>"], ["<META_END>", "<META_END>", "<META_END>", "<META_END>", "<META_END>", "tent", "<META_END>", "<META_END>", "<META_END>"]], "top_logit_ablation_values": [[0, 0, 0, 0, 0, 0.2485, 0, 0, 0], [0, 0, 0, 0, 0, 0.2231, 0, 0, 0], [0, 0, 0, 0, 0, 0.223, 0, 0, 0], [0, 0, 0, 0, 0, 0.2197, 0, 0, 0], [0, 0, 0, 0, 0, 0.211, 0, 0, 0]], "bottom_logit_ablation_values": [[0, 0, 0, 0, 0, -0.2089, 0, 0, 0], [0, 0, 0, 0, 0, -0.1953, 0, 0, 0], [0, 0, 0, 0, 0, -0.1814, 0, 0, 0], [0, 0, 0, 0, 0, -0.1805, 0, 0, 0], [0, 0, 0, 0, 0, -0.1777, 0, 0, 0]], "residual_loss_ablation": [0.5591, 0.05092, 0.5676, 5.151, 0.2431, 1.93, 0.4682, -0.5138, 0]}}, {"tokens_str_list": [" it", " take", " for", " a", " bount", "y", " to", " be", " auto"], "tokens_acts_list": [0, 0, 0, 0, 0.08149, 0, 0, 0, 0], "train_token_ind": 4, "is_repeated_datapoint": 0, "datapoint_ind": 82550481, "ablations": {"loss_ablation": [0, 0, 0, 0, 0, -0.00133, 0, 0, 0], "top_logit_ablation_tokens_str": [["<META>", "<META>", "<META>", "<META>", "<META>", "izes", "<META>", "<META>", "<META>"], ["<EOT>", "<EOT>", "<EOT>", "<EOT>", "<EOT>", "ology", "<EOT>", "<EOT>", "<EOT>"], ["<META_START>", "<META_START>", "<META_START>", "<META_START>", "<META_START>", "ize", "<META_START>", "<META_START>", "<META_START>"], ["<SOS>", "<SOS>", "<SOS>", "<SOS>", "<SOS>", "iveness", "<SOS>", "<SOS>", "<SOS>"], ["<META_END>", "<META_END>", "<META_END>", "<META_END>", "<META_END>", "ization", "<META_END>", "<META_END>", "<META_END>"]], "bottom_logit_ablation_tokens_str": [["<META>", "<META>", "<META>", "<META>", "<META>", "lane", "<META>", "<META>", "<META>"], ["<EOT>", "<EOT>", "<EOT>", "<EOT>", "<EOT>", " awake", "<EOT>", "<EOT>", "<EOT>"], ["<META_START>", "<META_START>", "<META_START>", "<META_START>", "<META_START>", "\u00eatre", "<META_START>", "<META_START>", "<META_START>"], ["<SOS>", "<SOS>", "<SOS>", "<SOS>", "<SOS>", "\\x87", "<SOS>", "<SOS>", "<SOS>"], ["<META_END>", "<META_END>", "<META_END>", "<META_END>", "<META_END>", " acquaint", "<META_END>", "<META_END>", "<META_END>"]], "top_logit_ablation_values": [[0, 0, 0, 0, 0, 0.06135, 0, 0, 0], [0, 0, 0, 0, 0, 0.05692, 0, 0, 0], [0, 0, 0, 0, 0, 0.05581, 0, 0, 0], [0, 0, 0, 0, 0, 0.05359, 0, 0, 0], [0, 0, 0, 0, 0, 0.05313, 0, 0, 0]], "bottom_logit_ablation_values": [[0, 0, 0, 0, 0, -0.05637, 0, 0, 0], [0, 0, 0, 0, 0, -0.05247, 0, 0, 0], [0, 0, 0, 0, 0, -0.05188, 0, 0, 0], [0, 0, 0, 0, 0, -0.04907, 0, 0, 0], [0, 0, 0, 0, 0, -0.04875, 0, 0, 0]], "residual_loss_ablation": [0.5495, 1.034, -0.03435, 0.2797, -0.4034, 2.756, -1.464, -2.046, 0]}}, {"tokens_str_list": [" marting", "ales", " in", " $(\\", "F", "_", "t", "){", "_{"], "tokens_acts_list": [0, 0, 0, 0, 0.06724, 0, 0, 0, 0], "train_token_ind": 4, "is_repeated_datapoint": 0, "datapoint_ind": 23259176, "ablations": {"loss_ablation": [0, 0, 0, 0, 0, -0.009422, 0, 0, 0], "top_logit_ablation_tokens_str": [["<META>", "<META>", "<META>", "<META>", "<META>", "izes", "<META>", "<META>", "<META>"], ["<EOT>", "<EOT>", "<EOT>", "<EOT>", "<EOT>", "ology", "<EOT>", "<EOT>", "<EOT>"], ["<META_START>", "<META_START>", "<META_START>", "<META_START>", "<META_START>", "iveness", "<META_START>", "<META_START>", "<META_START>"], ["<SOS>", "<SOS>", "<SOS>", "<SOS>", "<SOS>", "ize", "<SOS>", "<SOS>", "<SOS>"], ["<META_END>", "<META_END>", "<META_END>", "<META_END>", "<META_END>", "ive", "<META_END>", "<META_END>", "<META_END>"]],