{"index": 2936, "act_buckets": [1, 0, 0, 0, 1, 0, 0, 0, 0, 0, 0, 0, 1, 1, 0, 1, 0, 1, 1, 0, 0, 0, 0, 0, 0, 0, 0, 0, 0, 0, 0, 0, 0, 0, 0, 0, 0, 0, 0, 1], "act_bucket_edges": [0, 0.02339, 0.04678, 0.07016, 0.09355, 0.1169, 0.1403, 0.1637, 0.1871, 0.2105, 0.2339, 0.2573, 0.2807, 0.304, 0.3274, 0.3508, 0.3742, 0.3976, 0.421, 0.4444, 0.4678, 0.4911, 0.5145, 0.5379, 0.5613, 0.5847, 0.6081, 0.6315, 0.6549, 0.6782, 0.7016, 0.725, 0.7484, 0.7718, 0.7952, 0.8186, 0.842, 0.8654, 0.8887, 0.9121, 0.9355], "logit_buckets": [5, 7, 7, 18, 26, 33, 58, 84, 127, 206, 331, 460, 676, 1052, 1492, 2077, 2877, 5827, 5961, 6478, 6729, 6282, 5878, 4882, 4146, 3048, 2218, 1576, 1073, 737, 476, 293, 175, 111, 53, 28, 15, 8, 4, 2], "logit_bucket_edges": [-0.4444, -0.423, -0.4015, -0.3801, -0.3587, -0.3372, -0.3158, -0.2944, -0.273, -0.2515, -0.2301, -0.2087, -0.1872, -0.1658, -0.1444, -0.123, -0.1015, -0.08009, -0.05866, -0.03724, -0.01581, 0.005623, 0.02705, 0.04848, 0.06991, 0.09134, 0.1128, 0.1342, 0.1556, 0.1771, 0.1985, 0.2199, 0.2413, 0.2628, 0.2842, 0.3056, 0.3271, 0.3485, 0.3699, 0.3913, 0.4128], "examples_quantiles": [{"quantile_name": "Top Activations", "quantile_max_act": 0.9355, "examples": [{"tokens_str_list": ["<EOT>", " d\u00e9", "pas", "ser", " les", " 120"], "tokens_acts_list": [0, 0.9355, 0, 0, 0, 0], "train_token_ind": 1, "is_repeated_datapoint": 0, "datapoint_ind": 33464340, "ablations": {"loss_ablation": [0, 0, 0.2157, 0, 0, 0], "top_logit_ablation_tokens_str": [["<META>", "<META>", "ically", "<META>", "<META>", "<META>"], ["<EOT>", "<EOT>", " with", "<EOT>", "<EOT>", "<EOT>"], ["<META_START>", "<META_START>", "iously", "<META_START>", "<META_START>", "<META_START>"], ["<SOS>", "<SOS>", " between", "<SOS>", "<SOS>", "<SOS>"], ["<META_END>", "<META_END>", "ly", "<META_END>", "<META_END>", "<META_END>"]], "bottom_logit_ablation_tokens_str": [["<META>", "<META>", "flower", "<META>", "<META>", "<META>"], ["<EOT>", "<EOT>", "paper", "<EOT>", "<EOT>", "<EOT>"], ["<META_START>", "<META_START>", "bulb", "<META_START>", "<META_START>", "<META_START>"], ["<SOS>", "<SOS>", "gathered", "<SOS>", "<SOS>", "<SOS>"], ["<META_END>", "<META_END>", " Tomatoes", "<META_END>", "<META_END>", "<META_END>"]], "top_logit_ablation_values": [[0, 0, 0.3858, 0, 0, 0], [0, 0, 0.3602, 0, 0, 0], [0, 0, 0.3591, 0, 0, 0], [0, 0, 0.3589, 0, 0, 0], [0, 0, 0.3418, 0, 0, 0]], "bottom_logit_ablation_values": [[0, 0, -0.7773, 0, 0, 0], [0, 0, -0.7202, 0, 0, 0], [0, 0, -0.7138, 0, 0, 0], [0, 0, -0.7088, 0, 0, 0], [0, 0, -0.7059, 0, 0, 0]], "residual_loss_ablation": [0, -0.1216, -2.386, 4.357, 3.145, 0]}}, {"tokens_str_list": [" not", " pre", "empted", " under", " the", " savings", " clause", " of", " ER"], "tokens_acts_list": [0, 0, 0, 0, 0.435, 0, 0, 0, 0], "train_token_ind": 4, "is_repeated_datapoint": 0, "datapoint_ind": 60532407, "ablations": {"loss_ablation": [0, 0, 0, 0, 0, 0.1249, 0, 0, 0], "top_logit_ablation_tokens_str": [["<META>", "<META>", "<META>", "<META>", "<META>", "ically", "<META>", "<META>", "<META>"], ["<EOT>", "<EOT>", "<EOT>", "<EOT>", "<EOT>", " with", "<EOT>", "<EOT>", "<EOT>"], ["<META_START>", "<META_START>", "<META_START>", "<META_START>", "<META_START>", "oting", "<META_START>", "<META_START>", "<META_START>"], ["<SOS>", "<SOS>", "<SOS>", "<SOS>", "<SOS>", "ly", "<SOS>", "<SOS>", "<SOS>"], ["<META_END>", "<META_END>", "<META_END>", "<META_END>", "<META_END>", "iously", "<META_END>", "<META_END>", "<META_END>"]], "bottom_logit_ablation_tokens_str": [["<META>", "<META>", "<META>", "<META>", "<META>", "flower", "<META>", "<META>", "<META>"], ["<EOT>", "<EOT>", "<EOT>", "<EOT>", "<EOT>", "bulb", "<EOT>", "<EOT>", "<EOT>"], ["<META_START>", "<META_START>", "<META_START>", "<META_START>", "<META_START>", "paper", "<META_START>", "<META_START>", "<META_START>"], ["<SOS>", "<SOS>", "<SOS>", "<SOS>", "<SOS>", "gathered", "<SOS>", "<SOS>", "<SOS>"], ["<META_END>", "<META_END>", "<META_END>", "<META_END>", "<META_END>", " Tomatoes", "<META_END>", "<META_END>", "<META_END>"]], "top_logit_ablation_values": [[0, 0, 0, 0, 0, 0.3151, 0, 0, 0], [0, 0, 0, 0, 0, 0.3074, 0, 0, 0], [0, 0, 0, 0, 0, 0.3052, 0, 0, 0], [0, 0, 0, 0, 0, 0.3003, 0, 0, 0], [0, 0, 0, 0, 0, 0.293, 0, 0, 0]], "bottom_logit_ablation_values": [[0, 0, 0, 0, 0, -0.5503, 0, 0, 0], [0, 0, 0, 0, 0, -0.529, 0, 0, 0], [0, 0, 0, 0, 0, -0.5241, 0, 0, 0], [0, 0, 0, 0, 0, -0.5184, 0, 0, 0], [0, 0, 0, 0, 0, -0.514, 0, 0, 0]], "residual_loss_ablation": [-0.6315, 1.066, 5.631, -0.9252, -0.9369, 1.73, 6.543, -1.221, 0]}}, {"tokens_str_list": [" that", " stimulation", " of", " the", " CAP", " reduced", " production", " of", " I"], "tokens_acts_list": [0, 0, 0, 0, 0.4005, 0, 0, 0, 0], "train_token_ind": 4, "is_repeated_datapoint": 0, "datapoint_ind": 59466890, "ablations": {"loss_ablation": [0, 0, 0, 0, 0, 0.1012, 0, 0, 0], "top_logit_ablation_tokens_str": [["<META>", "<META>", "<META>", "<META>", "<META>", "ly", "<META>", "<META>", "<META>"], ["<EOT>", "<EOT>", "<EOT>", "<EOT>", "<EOT>", "ically", "<EOT>", "<EOT>", "<EOT>"], ["<META_START>", "<META_START>", "<META_START>", "<META_START>", "<META_START>", "iously", "<META_START>", "<META_START>", "<META_START>"], ["<SOS>", "<SOS>", "<SOS>", "<SOS>", "<SOS>", "oting", "<SOS>", "<SOS>", "<SOS>"], ["<META_END>", "<META_END>", "<META_END>", "<META_END>", "<META_END>", " with", "<META_END>", "<META_END>", "<META_END>"]], "bottom_logit_ablation_tokens_str": [["<META>", "<META>", "<META>", "<META>", "<META>", "flower", "<META>", "<META>", "<META>"], ["<EOT>", "<EOT>", "<EOT>", "<EOT>", "<EOT>", "bulb", "<EOT>", "<EOT>", "<EOT>"], ["<META_START>", "<META_START>", "<META_START>", "<META_START>", "<META_START>", "paper", "<META_START>", "<META_START>", "<META_START>"], ["<SOS>", "<SOS>", "<SOS>", "<SOS>", "<SOS>", "gathered", "<SOS>", "<SOS>", "<SOS>"], ["<META_END>", "<META_END>", "<META_END>", "<META_END>", "<META_END>", " Tomatoes", "<META_END>", "<META_END>", "<META_END>"]], "top_logit_ablation_values": [[0, 0, 0, 0, 0, 0.266, 0, 0, 0], [0, 0, 0, 0, 0, 0.2639, 0, 0, 0], [0, 0, 0, 0, 0, 0.2599, 0, 0, 0], [0, 0, 0, 0, 0, 0.2559, 0, 0, 0], [0, 0, 0, 0, 0, 0.2552, 0, 0, 0]], "bottom_logit_ablation_values": [[0, 0, 0, 0, 0, -0.2844, 0, 0, 0], [0, 0, 0, 0, 0, -0.2679, 0, 0, 0], [0, 0, 0, 0, 0, -0.2661, 0, 0, 0], [0, 0, 0, 0, 0, -0.2586, 0, 0, 0], [0, 0, 0, 0, 0, -0.2563, 0, 0, 0]], "residual_loss_ablation": [0.04743, 1.117, -0.1401, -0.8133, 0.3628, -0.05361, -1.075, 0.7337, 0]}}, {"tokens_str_list": ["oids", ".\\[[@", "CR", "23", "],", " [@", "CR", "25", "]\\]"], "tokens_acts_list": [0, 0, 0, 0, 0.3678, 0, 0, 0, 0], "train_token_ind": 4, "is_repeated_datapoint": 0, "datapoint_ind": 24540605, "ablations": {"loss_ablation": [0, 0, 0, 0, 0, -0.02457, 0, 0, 0], "top_logit_ablation_tokens_str": [["<META>", "<META>", "<META>", "<META>", "<META>", " with", "<META>", "<META>", "<META>"], ["<EOT>", "<EOT>", "<EOT>", "<EOT>", "<EOT>", "uris", "<EOT>", "<EOT>", "<EOT>"], ["<META_START>", "<META_START>", "<META_START>", "<META_START>", "<META_START>", "elling", "<META_START>", "<META_START>", "<META_START>"], ["<SOS>", "<SOS>", "<SOS>", "<SOS>", "<SOS>", "lying", "<SOS>", "<SOS>", "<SOS>"], ["<META_END>", "<META_END>", "<META_END>", "<META_END>", "<META_END>", "oting", "<META_END>", "<META_END>", "<META_END>"]], "bottom_logit_ablation_tokens_str": [["<META>", "<META>", "<META>", "<META>", "<META>", "bulb", "<META>", "<META>", "<META>"], ["<EOT>", "<EOT>", "<EOT>", "<EOT>", "<EOT>", "flower", "<EOT>", "<EOT>", "<EOT>"], ["<META_START>", "<META_START>", "<META_START>", "<META_START>", "<META_START>", "\\x8a", "<META_START>", "<META_START>", "<META_START>"], ["<SOS>", "<SOS>", "<SOS>", "<SOS>", "<SOS>", "paper", "<SOS>", "<SOS>", "<SOS>"], ["<META_END>", "<META_END>", "<META_END>", "<META_END>", "<META_END>", "horn", "<META_END>", "<META_END>", "<META_END>"]],