{"index": 2961, "act_buckets": [0, 0, 1, 0, 0, 0, 0, 0, 0, 0, 0, 0, 0, 0, 0, 0, 0, 0, 0, 1, 0, 0, 0, 0, 0, 0, 0, 0, 0, 0, 0, 0, 0, 0, 0, 0, 0, 0, 0, 1], "act_bucket_edges": [0, 0.003247, 0.006494, 0.009741, 0.01299, 0.01623, 0.01948, 0.02273, 0.02598, 0.02922, 0.03247, 0.03572, 0.03896, 0.04221, 0.04546, 0.0487, 0.05195, 0.0552, 0.05844, 0.06169, 0.06494, 0.06819, 0.07143, 0.07468, 0.07793, 0.08117, 0.08442, 0.08767, 0.09091, 0.09416, 0.09741, 0.1007, 0.1039, 0.1071, 0.1104, 0.1136, 0.1169, 0.1201, 0.1234, 0.1266, 0.1299], "logit_buckets": [2, 1, 0, 3, 3, 4, 12, 10, 35, 43, 73, 119, 219, 348, 524, 782, 1210, 4321, 3448, 4378, 5160, 6275, 6900, 7042, 6391, 5460, 4258, 2965, 2001, 1384, 915, 545, 341, 182, 90, 46, 25, 13, 3, 5], "logit_bucket_edges": [-0.5288, -0.5057, -0.4825, -0.4594, -0.4362, -0.4131, -0.3899, -0.3668, -0.3436, -0.3205, -0.2973, -0.2742, -0.251, -0.2279, -0.2047, -0.1816, -0.1584, -0.1353, -0.1121, -0.08899, -0.06584, -0.0427, -0.01955, 0.0036, 0.02675, 0.0499, 0.07304, 0.09619, 0.1193, 0.1425, 0.1656, 0.1888, 0.2119, 0.2351, 0.2582, 0.2814, 0.3045, 0.3277, 0.3508, 0.374, 0.3971], "examples_quantiles": [{"quantile_name": "Top Activations", "quantile_max_act": 0.1299, "examples": [{"tokens_str_list": [" dynamic", " range", ".", " This", " usually", " occurs", " at", " the", " peaks"], "tokens_acts_list": [0, 0, 0, 0, 0.1299, 0, 0, 0, 0], "train_token_ind": 4, "is_repeated_datapoint": 0, "datapoint_ind": 7487400, "ablations": {"loss_ablation": [0, 0, 0, 0, 0, 0.001329, 0, 0, 0], "top_logit_ablation_tokens_str": [["<META>", "<META>", "<META>", "<META>", "<META>", "ize", "<META>", "<META>", "<META>"], ["<EOT>", "<EOT>", "<EOT>", "<EOT>", "<EOT>", "atically", "<EOT>", "<EOT>", "<EOT>"], ["<META_START>", "<META_START>", "<META_START>", "<META_START>", "<META_START>", "ments", "<META_START>", "<META_START>", "<META_START>"], ["<SOS>", "<SOS>", "<SOS>", "<SOS>", "<SOS>", "ological", "<SOS>", "<SOS>", "<SOS>"], ["<META_END>", "<META_END>", "<META_END>", "<META_END>", "<META_END>", "ability", "<META_END>", "<META_END>", "<META_END>"]], "bottom_logit_ablation_tokens_str": [["<META>", "<META>", "<META>", "<META>", "<META>", "shirt", "<META>", "<META>", "<META>"], ["<EOT>", "<EOT>", "<EOT>", "<EOT>", "<EOT>", "floor", "<EOT>", "<EOT>", "<EOT>"], ["<META_START>", "<META_START>", "<META_START>", "<META_START>", "<META_START>", "cloth", "<META_START>", "<META_START>", "<META_START>"], ["<SOS>", "<SOS>", "<SOS>", "<SOS>", "<SOS>", "berry", "<SOS>", "<SOS>", "<SOS>"], ["<META_END>", "<META_END>", "<META_END>", "<META_END>", "<META_END>", "stderr", "<META_END>", "<META_END>", "<META_END>"]], "top_logit_ablation_values": [[0, 0, 0, 0, 0, 0.1451, 0, 0, 0], [0, 0, 0, 0, 0, 0.1436, 0, 0, 0], [0, 0, 0, 0, 0, 0.1379, 0, 0, 0], [0, 0, 0, 0, 0, 0.1353, 0, 0, 0], [0, 0, 0, 0, 0, 0.1312, 0, 0, 0]], "bottom_logit_ablation_values": [[0, 0, 0, 0, 0, -0.06109, 0, 0, 0], [0, 0, 0, 0, 0, -0.05781, 0, 0, 0], [0, 0, 0, 0, 0, -0.05636, 0, 0, 0], [0, 0, 0, 0, 0, -0.05627, 0, 0, 0], [0, 0, 0, 0, 0, -0.05302, 0, 0, 0]], "residual_loss_ablation": [2.457, 2.336, 1.287, -0.2253, 0.2622, 1.977, 0.5381, -1.079, 0]}}, {"tokens_str_list": ["Value", "=\"#", "{", "javascript", ":@", "Created", "()}", "\">", "\n           "], "tokens_acts_list": [0, 0, 0, 0, 0.06333, 0, 0, 0, 0], "train_token_ind": 4, "is_repeated_datapoint": 0, "datapoint_ind": 89413861, "ablations": {"loss_ablation": [0, 0, 0, 0, 0, -0.006543, 0, 0, 0], "top_logit_ablation_tokens_str": [["<META>", "<META>", "<META>", "<META>", "<META>", "ize", "<META>", "<META>", "<META>"], ["<EOT>", "<EOT>", "<EOT>", "<EOT>", "<EOT>", "ments", "<EOT>", "<EOT>", "<EOT>"], ["<META_START>", "<META_START>", "<META_START>", "<META_START>", "<META_START>", "atically", "<META_START>", "<META_START>", "<META_START>"], ["<SOS>", "<SOS>", "<SOS>", "<SOS>", "<SOS>", "ological", "<SOS>", "<SOS>", "<SOS>"], ["<META_END>", "<META_END>", "<META_END>", "<META_END>", "<META_END>", "ability", "<META_END>", "<META_END>", "<META_END>"]], "bottom_logit_ablation_tokens_str": [["<META>", "<META>", "<META>", "<META>", "<META>", "cloth", "<META>", "<META>", "<META>"], ["<EOT>", "<EOT>", "<EOT>", "<EOT>", "<EOT>", "berry", "<EOT>", "<EOT>", "<EOT>"], ["<META_START>", "<META_START>", "<META_START>", "<META_START>", "<META_START>", " inbox", "<META_START>", "<META_START>", "<META_START>"], ["<SOS>", "<SOS>", "<SOS>", "<SOS>", "<SOS>", "floor", "<SOS>", "<SOS>", "<SOS>"], ["<META_END>", "<META_END>", "<META_END>", "<META_END>", "<META_END>", "shirt", "<META_END>", "<META_END>", "<META_END>"]], "top_logit_ablation_values": [[0, 0, 0, 0, 0, 0.08748, 0, 0, 0], [0, 0, 0, 0, 0, 0.085, 0, 0, 0], [0, 0, 0, 0, 0, 0.08107, 0, 0, 0], [0, 0, 0, 0, 0, 0.07651, 0, 0, 0], [0, 0, 0, 0, 0, 0.07506, 0, 0, 0]], "bottom_logit_ablation_values": [[0, 0, 0, 0, 0, -0.04029, 0, 0, 0], [0, 0, 0, 0, 0, -0.03417, 0, 0, 0], [0, 0, 0, 0, 0, -0.03409, 0, 0, 0], [0, 0, 0, 0, 0, -0.03405, 0, 0, 0], [0, 0, 0, 0, 0, -0.03301, 0, 0, 0]], "residual_loss_ablation": [0.8517, 2.095, 7.384, 1.848, -0.9824, -1.045, -2.036, 4.798, 0]}}, {"tokens_str_list": ["times", " [", "0", ",", " T", "_", "0", "]$.", " Moreover"], "tokens_acts_list": [0, 0, 0, 0, 0.007436, 0, 0, 0, 0], "train_token_ind": 4, "is_repeated_datapoint": 0, "datapoint_ind": 78276411, "ablations": {"loss_ablation": [0, 0, 0, 0, 0, 0, 0, 0, 0], "top_logit_ablation_tokens_str": [["<META>", "<META>", "<META>", "<META>", "<META>", "<META>", "<META>", "<META>", "<META>"], ["<EOT>", "<EOT>", "<EOT>", "<EOT>", "<EOT>", "<EOT>", "<EOT>", "<EOT>", "<EOT>"], ["<META_START>", "<META_START>", "<META_START>", "<META_START>", "<META_START>", "<META_START>", "<META_START>", "<META_START>", "<META_START>"], ["<SOS>", "<SOS>", "<SOS>", "<SOS>", "<SOS>", "<SOS>", "<SOS>", "<SOS>", "<SOS>"], ["<META_END>", "<META_END>", "<META_END>", "<META_END>", "<META_END>", "<META_END>", "<META_END>", "<META_END>", "<META_END>"]], "bottom_logit_ablation_tokens_str": [["<META>", "<META>", "<META>", "<META>", "<META>", "<META>", "<META>", "<META>", "<META>"], ["<EOT>", "<EOT>", "<EOT>", "<EOT>", "<EOT>", "<EOT>", "<EOT>", "<EOT>", "<EOT>"], ["<META_START>", "<META_START>", "<META_START>", "<META_START>", "<META_START>", "<META_START>", "<META_START>", "<META_START>", "<META_START>"], ["<SOS>", "<SOS>", "<SOS>", "<SOS>", "<SOS>", "<SOS>", "<SOS>", "<SOS>", "<SOS>"], ["<META_END>", "<META_END>", "<META_END>", "<META_END>", "<META_END>", "<META_END>", "<META_END>", "<META_END>", "<META_END>"]], "top_logit_ablation_values": [[0, 0, 0, 0, 0, 0, 0, 0, 0], [0, 0, 0, 0, 0, 0, 0, 0, 0], [0, 0, 0, 0, 0, 0, 0, 0, 0], [0, 0, 0, 0, 0, 0, 0, 0, 0], [0, 0, 0, 0, 0, 0, 0, 0, 0]], "bottom_logit_ablation_values": [[0, 0, 0, 0, 0, 0, 0, 0, 0], [0, 0, 0, 0, 0, 0, 0, 0, 0], [0, 0, 0, 0, 0, 0, 0, 0, 0], [0, 0, 0, 0, 0, 0, 0, 0, 0], [0, 0, 0, 0, 0, 0, 0, 0, 0]], "residual_loss_ablation": [0.3777, -0.4487, 3.621, 2.789, -0.6272, 0.777, 0.7899, 0.674, 0]}}]}], "statistics": {"density_frac": 3e-08, "global_max_act": 0.1299, "abs_max_neuron_weights": [0.1732, 0.1503, 0.1417], "abs_max_neuron_inds": [500, 7, 248], "l1_max_neuron_weights": [0.009919, 0.008608, 0.008112]}, "logit_effects": {"negatives": [["urally", -0.4077], ["izes", -0.4206], ["inate", -0.4223], ["atic", -0.4351], ["ization", -0.4448], ["ability", -0.449], ["ological", -0.4584], ["ments", -0.5025], ["atically", -0.5132], ["ize", -0.5288]], "positives": [["shirt", 0.3971], ["cloth", 0.3818], ["berry", 0.3802], ["stderr", 0.3762], ["floor", 0.374], [" inbox", 0.3563], [" towel", 0.354], [" garden", 0.3523], ["shirts", 0.3503], [" towels", 0.3503]]}}