{"index": 2962, "act_buckets": [0, 0, 0, 0, 0, 0, 0, 0, 0, 0, 0, 0, 0, 0, 0, 0, 0, 0, 0, 0, 0, 0, 0, 1, 0, 0, 0, 0, 0, 0, 0, 0, 0, 0, 0, 0, 0, 0, 0, 1], "act_bucket_edges": [0, 0.01073, 0.02146, 0.03219, 0.04292, 0.05365, 0.06438, 0.07511, 0.08584, 0.09657, 0.1073, 0.118, 0.1288, 0.1395, 0.1502, 0.161, 0.1717, 0.1824, 0.1931, 0.2039, 0.2146, 0.2253, 0.2361, 0.2468, 0.2575, 0.2683, 0.279, 0.2897, 0.3005, 0.3112, 0.3219, 0.3326, 0.3434, 0.3541, 0.3648, 0.3756, 0.3863, 0.397, 0.4078, 0.4185, 0.4292], "logit_buckets": [2, 2, 0, 2, 5, 10, 16, 29, 51, 75, 119, 214, 352, 535, 705, 968, 2948, 3534, 3875, 4762, 5634, 6063, 6872, 6482, 6048, 4926, 3832, 2805, 1792, 1244, 708, 445, 205, 144, 58, 43, 11, 10, 5, 5], "logit_bucket_edges": [-0.4616, -0.441, -0.4204, -0.3998, -0.3792, -0.3587, -0.3381, -0.3175, -0.2969, -0.2763, -0.2558, -0.2352, -0.2146, -0.194, -0.1734, -0.1528, -0.1323, -0.1117, -0.09109, -0.07051, -0.04993, -0.02935, -0.008763, 0.01182, 0.0324, 0.05298, 0.07357, 0.09415, 0.1147, 0.1353, 0.1559, 0.1765, 0.1971, 0.2176, 0.2382, 0.2588, 0.2794, 0.3, 0.3206, 0.3411, 0.3617], "examples_quantiles": [{"quantile_name": "Top Activations", "quantile_max_act": 0.4292, "examples": [{"tokens_str_list": [" mit", "z", "ured", "en", ".\u00ab", "\n", "\n", "\u00bb", "All"], "tokens_acts_list": [0, 0, 0, 0, 0.4292, 0, 0, 0, 0], "train_token_ind": 4, "is_repeated_datapoint": 0, "datapoint_ind": 76851631, "ablations": {"loss_ablation": [0, 0, 0, 0, 0, -0.02104, 0, 0, 0], "top_logit_ablation_tokens_str": [["<META>", "<META>", "<META>", "<META>", "<META>", "ised", "<META>", "<META>", "<META>"], ["<EOT>", "<EOT>", "<EOT>", "<EOT>", "<EOT>", "led", "<EOT>", "<EOT>", "<EOT>"], ["<META_START>", "<META_START>", "<META_START>", "<META_START>", "<META_START>", "esis", "<META_START>", "<META_START>", "<META_START>"], ["<SOS>", "<SOS>", "<SOS>", "<SOS>", "<SOS>", "ially", "<SOS>", "<SOS>", "<SOS>"], ["<META_END>", "<META_END>", "<META_END>", "<META_END>", "<META_END>", "ament", "<META_END>", "<META_END>", "<META_END>"]], "bottom_logit_ablation_tokens_str": [["<META>", "<META>", "<META>", "<META>", "<META>", "ftime", "<META>", "<META>", "<META>"], ["<EOT>", "<EOT>", "<EOT>", "<EOT>", "<EOT>", "\")", "<EOT>", "<EOT>", "<EOT>"], ["<META_START>", "<META_START>", "<META_START>", "<META_START>", "<META_START>", "*),", "<META_START>", "<META_START>", "<META_START>"], ["<SOS>", "<SOS>", "<SOS>", "<SOS>", "<SOS>", "])", "<SOS>", "<SOS>", "<SOS>"], ["<META_END>", "<META_END>", "<META_END>", "<META_END>", "<META_END>", "Kline", "<META_END>", "<META_END>", "<META_END>"]], "top_logit_ablation_values": [[0, 0, 0, 0, 0, 0.1822, 0, 0, 0], [0, 0, 0, 0, 0, 0.165, 0, 0, 0], [0, 0, 0, 0, 0, 0.1529, 0, 0, 0], [0, 0, 0, 0, 0, 0.1414, 0, 0, 0], [0, 0, 0, 0, 0, 0.1344, 0, 0, 0]], "bottom_logit_ablation_values": [[0, 0, 0, 0, 0, -0.2915, 0, 0, 0], [0, 0, 0, 0, 0, -0.2882, 0, 0, 0], [0, 0, 0, 0, 0, -0.2876, 0, 0, 0], [0, 0, 0, 0, 0, -0.2832, 0, 0, 0], [0, 0, 0, 0, 0, -0.2824, 0, 0, 0]], "residual_loss_ablation": [-1.391, 0.6779, 1.498, 2.721, -0.6154, 3.15, 0.161, 5.499, 0]}}, {"tokens_str_list": ["ie", "\n", "\n", "Spanish", ":", " ", "\n", "La", " ex"], "tokens_acts_list": [0, 0, 0, 0, 0.2564, 0, 0, 0, 0], "train_token_ind": 4, "is_repeated_datapoint": 0, "datapoint_ind": 80809719, "ablations": {"loss_ablation": [0, 0, 0, 0, 0, 0.002608, 0, 0, 0], "top_logit_ablation_tokens_str": [["<META>", "<META>", "<META>", "<META>", "<META>", "ised", "<META>", "<META>", "<META>"], ["<EOT>", "<EOT>", "<EOT>", "<EOT>", "<EOT>", "ially", "<EOT>", "<EOT>", "<EOT>"], ["<META_START>", "<META_START>", "<META_START>", "<META_START>", "<META_START>", "led", "<META_START>", "<META_START>", "<META_START>"], ["<SOS>", "<SOS>", "<SOS>", "<SOS>", "<SOS>", "esis", "<SOS>", "<SOS>", "<SOS>"], ["<META_END>", "<META_END>", "<META_END>", "<META_END>", "<META_END>", "ically", "<META_END>", "<META_END>", "<META_END>"]], "bottom_logit_ablation_tokens_str": [["<META>", "<META>", "<META>", "<META>", "<META>", "ftime", "<META>", "<META>", "<META>"], ["<EOT>", "<EOT>", "<EOT>", "<EOT>", "<EOT>", "Kline", "<EOT>", "<EOT>", "<EOT>"], ["<META_START>", "<META_START>", "<META_START>", "<META_START>", "<META_START>", "),\"", "<META_START>", "<META_START>", "<META_START>"], ["<SOS>", "<SOS>", "<SOS>", "<SOS>", "<SOS>", "Table", "<SOS>", "<SOS>", "<SOS>"], ["<META_END>", "<META_END>", "<META_END>", "<META_END>", "<META_END>", "\")", "<META_END>", "<META_END>", "<META_END>"]], "top_logit_ablation_values": [[0, 0, 0, 0, 0, 0.156, 0, 0, 0], [0, 0, 0, 0, 0, 0.1472, 0, 0, 0], [0, 0, 0, 0, 0, 0.1464, 0, 0, 0], [0, 0, 0, 0, 0, 0.1421, 0, 0, 0], [0, 0, 0, 0, 0, 0.1264, 0, 0, 0]], "bottom_logit_ablation_values": [[0, 0, 0, 0, 0, -0.1835, 0, 0, 0], [0, 0, 0, 0, 0, -0.1788, 0, 0, 0], [0, 0, 0, 0, 0, -0.1782, 0, 0, 0], [0, 0, 0, 0, 0, -0.1772, 0, 0, 0], [0, 0, 0, 0, 0, -0.1762, 0, 0, 0]], "residual_loss_ablation": [1.65, 1.342, -1.326, 3.403, 1.89, -0.01468, 0.4457, -0.6215, 0]}}]}], "statistics": {"density_frac": 2e-08, "global_max_act": 0.4292, "abs_max_neuron_weights": [0.1715, 0.1711, 0.1638], "abs_max_neuron_inds": [112, 75, 378], "l1_max_neuron_weights": [0.009893, 0.009875, 0.009449]}, "logit_effects": {"negatives": [["ument", -0.3659], ["elling", -0.367], ["atim", -0.3749], ["ified", -0.3775], ["ament", -0.3917], ["ically", -0.3955], ["esis", -0.4274], ["ially", -0.4396], ["led", -0.4444], ["ised", -0.4616]], "positives": [["ftime", 0.3617], ["Kline", 0.3501], ["Table", 0.3491], ["),\"", 0.346], ["\")", 0.3455], ["])", 0.3365], ["\"\u2014", 0.3328], ["consin", 0.3312], ["\u015f", 0.3302], ["MOESM", 0.3207]]}}