{"index": 2966, "act_buckets": [0, 0, 0, 0, 0, 0, 0, 0, 0, 0, 0, 0, 0, 0, 0, 0, 0, 0, 0, 0, 0, 0, 0, 0, 0, 0, 0, 0, 0, 0, 0, 0, 0, 0, 0, 0, 0, 0, 0, 1], "act_bucket_edges": [0, 0.001871, 0.003742, 0.005614, 0.007485, 0.009356, 0.01123, 0.0131, 0.01497, 0.01684, 0.01871, 0.02058, 0.02245, 0.02433, 0.0262, 0.02807, 0.02994, 0.03181, 0.03368, 0.03555, 0.03742, 0.0393, 0.04117, 0.04304, 0.04491, 0.04678, 0.04865, 0.05052, 0.05239, 0.05426, 0.05614, 0.05801, 0.05988, 0.06175, 0.06362, 0.06549, 0.06736, 0.06923, 0.07111, 0.07298, 0.07485], "logit_buckets": [3, 0, 1, 4, 2, 6, 3, 18, 18, 39, 58, 105, 179, 256, 409, 670, 2619, 2667, 3067, 3952, 5191, 6418, 7873, 8112, 7647, 6434, 4393, 2735, 1384, 664, 296, 171, 73, 40, 14, 11, 2, 1, 0, 1], "logit_bucket_edges": [-0.5757, -0.5506, -0.5255, -0.5003, -0.4752, -0.4501, -0.4249, -0.3998, -0.3747, -0.3495, -0.3244, -0.2993, -0.2741, -0.249, -0.2239, -0.1988, -0.1736, -0.1485, -0.1234, -0.09822, -0.07309, -0.04796, -0.02283, 0.002305, 0.02744, 0.05257, 0.0777, 0.1028, 0.128, 0.1531, 0.1782, 0.2034, 0.2285, 0.2536, 0.2788, 0.3039, 0.329, 0.3542, 0.3793, 0.4044, 0.4295], "examples_quantiles": [{"quantile_name": "Top Activations", "quantile_max_act": 0.07485, "examples": [{"tokens_str_list": ["/", "missing", "                           ", "\n                                                                                                                                                        ", " ", " 110", " (", "7", "%)"], "tokens_acts_list": [0, 0, 0, 0, 0.07485, 0, 0, 0, 0], "train_token_ind": 4, "is_repeated_datapoint": 0, "datapoint_ind": 62953416, "ablations": {"loss_ablation": [0, 0, 0, 0, 0, 0.003087, 0, 0, 0], "top_logit_ablation_tokens_str": [["<META>", "<META>", "<META>", "<META>", "<META>", "atic", "<META>", "<META>", "<META>"], ["<EOT>", "<EOT>", "<EOT>", "<EOT>", "<EOT>", "ially", "<EOT>", "<EOT>", "<EOT>"], ["<META_START>", "<META_START>", "<META_START>", "<META_START>", "<META_START>", "atically", "<META_START>", "<META_START>", "<META_START>"], ["<SOS>", "<SOS>", "<SOS>", "<SOS>", "<SOS>", "inct", "<SOS>", "<SOS>", "<SOS>"], ["<META_END>", "<META_END>", "<META_END>", "<META_END>", "<META_END>", "ified", "<META_END>", "<META_END>", "<META_END>"]], "bottom_logit_ablation_tokens_str": [["<META>", "<META>", "<META>", "<META>", "<META>", "cci\u00f3n", "<META>", "<META>", "<META>"], ["<EOT>", "<EOT>", "<EOT>", "<EOT>", "<EOT>", "ccion", "<EOT>", "<EOT>", "<EOT>"], ["<META_START>", "<META_START>", "<META_START>", "<META_START>", "<META_START>", ".]", "<META_START>", "<META_START>", "<META_START>"], ["<SOS>", "<SOS>", "<SOS>", "<SOS>", "<SOS>", "stry", "<SOS>", "<SOS>", "<SOS>"], ["<META_END>", "<META_END>", "<META_END>", "<META_END>", "<META_END>", ".\u2014", "<META_END>", "<META_END>", "<META_END>"]], "top_logit_ablation_values": [[0, 0, 0, 0, 0, 0.1133, 0, 0, 0], [0, 0, 0, 0, 0, 0.1101, 0, 0, 0], [0, 0, 0, 0, 0, 0.1089, 0, 0, 0], [0, 0, 0, 0, 0, 0.1056, 0, 0, 0], [0, 0, 0, 0, 0, 0.1028, 0, 0, 0]], "bottom_logit_ablation_values": [[0, 0, 0, 0, 0, -0.003737, 0, 0, 0], [0, 0, 0, 0, 0, 0.002207, 0, 0, 0], [0, 0, 0, 0, 0, 0.003373, 0, 0, 0], [0, 0, 0, 0, 0, 0.004137, 0, 0, 0], [0, 0, 0, 0, 0, 0.004364, 0, 0, 0]], "residual_loss_ablation": [-0.06916, 0.5487, -0.7267, 0.7934, -0.1676, -2.432, 1.129, -0.2, 0]}}]}], "statistics": {"density_frac": 1e-08, "global_max_act": 0.07485, "abs_max_neuron_weights": [0.1548, 0.1525, 0.1391], "abs_max_neuron_inds": [317, 384, 409], "l1_max_neuron_weights": [0.008809, 0.008675, 0.007913]}, "logit_effects": {"negatives": [["tered", -0.4578], ["ization", -0.4603], ["ified", -0.479], ["inct", -0.4842], ["ened", -0.4856], ["ized", -0.499], ["ially", -0.5004], ["atically", -0.5548], ["ly", -0.5678], ["atic", -0.5757]], "positives": [["cci\u00f3n", 0.4295], ["stry", 0.3546], [".\u2014", 0.3442], [".]", 0.3331], ["KERN", 0.3273], ["  \n", 0.3269], ["ccion", 0.3266], [" Filed", 0.3194], ["\r", 0.3152], ["\n      ", 0.3118]]}}