{"index": 298, "act_buckets": [0, 0, 1, 0, 0, 0, 0, 0, 0, 0, 0, 0, 1, 0, 0, 0, 1, 0, 0, 0, 0, 0, 0, 0, 0, 0, 0, 0, 0, 0, 0, 0, 0, 0, 0, 0, 0, 0, 0, 1], "act_bucket_edges": [0, 0.01794, 0.03587, 0.05381, 0.07175, 0.08969, 0.1076, 0.1256, 0.1435, 0.1614, 0.1794, 0.1973, 0.2152, 0.2332, 0.2511, 0.2691, 0.287, 0.3049, 0.3229, 0.3408, 0.3587, 0.3767, 0.3946, 0.4126, 0.4305, 0.4484, 0.4664, 0.4843, 0.5022, 0.5202, 0.5381, 0.5561, 0.574, 0.5919, 0.6099, 0.6278, 0.6457, 0.6637, 0.6816, 0.6996, 0.7175], "logit_buckets": [4, 1, 6, 4, 11, 13, 42, 58, 93, 164, 306, 440, 720, 1063, 1597, 2589, 5033, 6925, 8608, 9573, 8881, 6541, 4718, 3053, 2084, 1302, 815, 438, 214, 125, 67, 27, 7, 10, 2, 0, 1, 0, 0, 1], "logit_bucket_edges": [-0.4663, -0.4424, -0.4186, -0.3947, -0.3708, -0.347, -0.3231, -0.2992, -0.2753, -0.2515, -0.2276, -0.2037, -0.1799, -0.156, -0.1321, -0.1083, -0.0844, -0.06053, -0.03666, -0.01279, 0.01108, 0.03494, 0.05881, 0.08268, 0.1065, 0.1304, 0.1543, 0.1782, 0.202, 0.2259, 0.2498, 0.2736, 0.2975, 0.3214, 0.3452, 0.3691, 0.393, 0.4168, 0.4407, 0.4646, 0.4884], "examples_quantiles": [{"quantile_name": "Top Activations", "quantile_max_act": 0.7175, "examples": [{"tokens_str_list": ["\n", "The", " Bert", "one", " Su", "agn", "\u00e0", " is", " a"], "tokens_acts_list": [0, 0, 0, 0, 0.7175, 0, 0, 0, 0], "train_token_ind": 4, "is_repeated_datapoint": 0, "datapoint_ind": 75433333, "ablations": {"loss_ablation": [0, 0, 0, 0, 0, -0.1431, 0, 0, 0], "top_logit_ablation_tokens_str": [["<META>", "<META>", "<META>", "<META>", "<META>", "ans", "<META>", "<META>", "<META>"], ["<EOT>", "<EOT>", "<EOT>", "<EOT>", "<EOT>", "ates", "<EOT>", "<EOT>", "<EOT>"], ["<META_START>", "<META_START>", "<META_START>", "<META_START>", "<META_START>", "ments", "<META_START>", "<META_START>", "<META_START>"], ["<SOS>", "<SOS>", "<SOS>", "<SOS>", "<SOS>", "olds", "<SOS>", "<SOS>", "<SOS>"], ["<META_END>", "<META_END>", "<META_END>", "<META_END>", "<META_END>", "ices", "<META_END>", "<META_END>", "<META_END>"]], "bottom_logit_ablation_tokens_str": [["<META>", "<META>", "<META>", "<META>", "<META>", "i\u00f3n", "<META>", "<META>", "<META>"], ["<EOT>", "<EOT>", "<EOT>", "<EOT>", "<EOT>", "?\u201d", "<EOT>", "<EOT>", "<EOT>"], ["<META_START>", "<META_START>", "<META_START>", "<META_START>", "<META_START>", " Matter", "<META_START>", "<META_START>", "<META_START>"], ["<SOS>", "<SOS>", "<SOS>", "<SOS>", "<SOS>", "?\u2019", "<SOS>", "<SOS>", "<SOS>"], ["<META_END>", "<META_END>", "<META_END>", "<META_END>", "<META_END>", "sible", "<META_END>", "<META_END>", "<META_END>"]], "top_logit_ablation_values": [[0, 0, 0, 0, 0, 0.8172, 0, 0, 0], [0, 0, 0, 0, 0, 0.8101, 0, 0, 0], [0, 0, 0, 0, 0, 0.7928, 0, 0, 0], [0, 0, 0, 0, 0, 0.7912, 0, 0, 0], [0, 0, 0, 0, 0, 0.77, 0, 0, 0]], "bottom_logit_ablation_values": [[0, 0, 0, 0, 0, -0.2041, 0, 0, 0], [0, 0, 0, 0, 0, -0.1029, 0, 0, 0], [0, 0, 0, 0, 0, -0.06814, 0, 0, 0], [0, 0, 0, 0, 0, -0.06178, 0, 0, 0], [0, 0, 0, 0, 0, -0.05811, 0, 0, 0]], "residual_loss_ablation": [0.9002, 2.059, -0.7039, 3.97, 1.238, 0.5469, 0.6874, 0.9679, 0]}}, {"tokens_str_list": ["ter", " tal", "on", " an", " olive", " branch", " proper", " and", " in"], "tokens_acts_list": [0, 0, 0, 0, 0.3034, 0, 0, 0, 0], "train_token_ind": 4, "is_repeated_datapoint": 0, "datapoint_ind": 77551446, "ablations": {"loss_ablation": [0, 0, 0, 0, 0, -0.00502, 0, 0, 0], "top_logit_ablation_tokens_str": [["<META>", "<META>", "<META>", "<META>", "<META>", "ments", "<META>", "<META>", "<META>"], ["<EOT>", "<EOT>", "<EOT>", "<EOT>", "<EOT>", "ans", "<EOT>", "<EOT>", "<EOT>"], ["<META_START>", "<META_START>", "<META_START>", "<META_START>", "<META_START>", "olds", "<META_START>", "<META_START>", "<META_START>"], ["<SOS>", "<SOS>", "<SOS>", "<SOS>", "<SOS>", " of", "<SOS>", "<SOS>", "<SOS>"], ["<META_END>", "<META_END>", "<META_END>", "<META_END>", "<META_END>", "ful", "<META_END>", "<META_END>", "<META_END>"]], "bottom_logit_ablation_tokens_str": [["<META>", "<META>", "<META>", "<META>", "<META>", "i\u00f3n", "<META>", "<META>", "<META>"], ["<EOT>", "<EOT>", "<EOT>", "<EOT>", "<EOT>", " Matter", "<EOT>", "<EOT>", "<EOT>"], ["<META_START>", "<META_START>", "<META_START>", "<META_START>", "<META_START>", "acency", "<META_START>", "<META_START>", "<META_START>"], ["<SOS>", "<SOS>", "<SOS>", "<SOS>", "<SOS>", "ERIC", "<SOS>", "<SOS>", "<SOS>"], ["<META_END>", "<META_END>", "<META_END>", "<META_END>", "<META_END>", "ynaptic", "<META_END>", "<META_END>", "<META_END>"]], "top_logit_ablation_values": [[0, 0, 0, 0, 0, 0.3702, 0, 0, 0], [0, 0, 0, 0, 0, 0.3623, 0, 0, 0], [0, 0, 0, 0, 0, 0.3509, 0, 0, 0], [0, 0, 0, 0, 0, 0.3421, 0, 0, 0], [0, 0, 0, 0, 0, 0.3381, 0, 0, 0]], "bottom_logit_ablation_values": [[0, 0, 0, 0, 0, -0.07418, 0, 0, 0], [0, 0, 0, 0, 0, -0.0364, 0, 0, 0], [0, 0, 0, 0, 0, -0.02784, 0, 0, 0], [0, 0, 0, 0, 0, -0.02134, 0, 0, 0], [0, 0, 0, 0, 0, -0.02079, 0, 0, 0]], "residual_loss_ablation": [4.317, 0.9387, 1.126, -0.1165, 1.355, 3.916, 0.7428, -2.225, 0]}}, {"tokens_str_list": ["\n                                             ", " 6", "\n\f", "<EOT>", "Abbrev", "iations", "\n", "=============", "\n"], "tokens_acts_list": [0, 0, 0, 0, 0.2239, 0, 0, 0, 0], "train_token_ind": 4, "is_repeated_datapoint": 0, "datapoint_ind": 17505211, "ablations": {"loss_ablation": [0, 0, 0, 0, 0, 0.005497, 0, 0, 0], "top_logit_ablation_tokens_str": [["<META>", "<META>", "<META>", "<META>", "<META>", "ans", "<META>", "<META>", "<META>"], ["<EOT>", "<EOT>", "<EOT>", "<EOT>", "<EOT>", "olds", "<EOT>", "<EOT>", "<EOT>"], ["<META_START>", "<META_START>", "<META_START>", "<META_START>", "<META_START>", "ates", "<META_START>", "<META_START>", "<META_START>"], ["<SOS>", "<SOS>", "<SOS>", "<SOS>", "<SOS>", "ices", "<SOS>", "<SOS>", "<SOS>"], ["<META_END>", "<META_END>", "<META_END>", "<META_END>", "<META_END>", "ments", "<META_END>", "<META_END>", "<META_END>"]], "bottom_logit_ablation_tokens_str": [["<META>", "<META>", "<META>", "<META>", "<META>", "i\u00f3n", "<META>", "<META>", "<META>"], ["<EOT>", "<EOT>", "<EOT>", "<EOT>", "<EOT>", "?\u201d", "<EOT>", "<EOT>", "<EOT>"], ["<META_START>", "<META_START>", "<META_START>", "<META_START>", "<META_START>", "?\u2019", "<META_START>", "<META_START>", "<META_START>"], ["<SOS>", "<SOS>", "<SOS>", "<SOS>", "<SOS>", ",\u201d", "<SOS>", "<SOS>", "<SOS>"], ["<META_END>", "<META_END>", "<META_END>", "<META_END>", "<META_END>", ",\u2019", "<META_END>", "<META_END>", "<META_END>"]], "top_logit_ablation_values": [[0, 0, 0, 0, 0, 0.1944, 0, 0, 0], [0, 0, 0, 0, 0, 0.1934, 0, 0, 0], [0, 0, 0, 0, 0, 0.1922, 0, 0, 0], [0, 0, 0, 0, 0, 0.1913, 0, 0, 0], [0, 0, 0, 0, 0, 0.1908, 0, 0, 0]], "bottom_logit_ablation_values": [[0, 0, 0, 0, 0, -0.02756, 0, 0, 0], [0, 0, 0, 0, 0, -0.01663, 0, 0, 0], [0, 0, 0, 0, 0, -0.005177, 0, 0, 0], [0, 0, 0, 0, 0, -0.00268, 0, 0, 0], [0, 0, 0, 0, 0, -0.0008674, 0, 0, 0]], "residual_loss_ablation": [0.7787, 2.314, 4.341, 1.989, 0.06188, 1.843, -1.845, 4.214, 0]}}, {"tokens_str_list": [" Height", " normalized", " spectra", " have", " been", " vertically", " shifted", " for", " clarity"], "tokens_acts_list": [0, 0, 0, 0, 0.03668, 0, 0, 0, 0], "train_token_ind": 4, "is_repeated_datapoint": 0, "datapoint_ind": 58737380, "ablations": {"loss_ablation": [0, 0, 0, 0, 0, 0.008298, 0, 0, 0], "top_logit_ablation_tokens_str": [["<META>", "<META>", "<META>", "<META>", "<META>", "ates", "<META>", "<META>", "<META>"], ["<EOT>", "<EOT>", "<EOT>", "<EOT>", "<EOT>", "ans", "<EOT>", "<EOT>", "<EOT>"], ["<META_START>", "<META_START>", "<META_START>", "<META_START>", "<META_START>", "olds", "<META_START>", "<META_START>", "<META_START>"], ["<SOS>", "<SOS>", "<SOS>", "<SOS>", "<SOS>", "fully", "<SOS>", "<SOS>", "<SOS>"], ["<META_END>", "<META_END>", "<META_END>", "<META_END>", "<META_END>", "ices", "<META_END>", "<META_END>", "<META_END>"]],