{"index": 299, "act_buckets": [0, 1, 0, 0, 0, 0, 0, 0, 0, 0, 0, 0, 0, 0, 0, 0, 0, 0, 0, 0, 0, 0, 0, 0, 0, 0, 0, 0, 0, 0, 0, 0, 0, 0, 0, 0, 0, 0, 0, 1], "act_bucket_edges": [0, 0.006983, 0.01397, 0.02095, 0.02793, 0.03491, 0.0419, 0.04888, 0.05586, 0.06284, 0.06983, 0.07681, 0.08379, 0.09077, 0.09776, 0.1047, 0.1117, 0.1187, 0.1257, 0.1327, 0.1397, 0.1466, 0.1536, 0.1606, 0.1676, 0.1746, 0.1815, 0.1885, 0.1955, 0.2025, 0.2095, 0.2165, 0.2234, 0.2304, 0.2374, 0.2444, 0.2514, 0.2584, 0.2653, 0.2723, 0.2793], "logit_buckets": [1, 0, 1, 2, 4, 5, 5, 21, 29, 69, 91, 145, 183, 313, 1958, 1510, 1839, 2476, 3230, 4152, 5459, 6710, 7381, 7107, 6288, 5000, 3805, 2780, 1864, 1257, 811, 515, 272, 126, 79, 26, 11, 8, 2, 1], "logit_bucket_edges": [-0.4602, -0.4399, -0.4195, -0.3992, -0.3788, -0.3585, -0.3382, -0.3178, -0.2975, -0.2771, -0.2568, -0.2364, -0.2161, -0.1957, -0.1754, -0.155, -0.1347, -0.1144, -0.09401, -0.07367, -0.05332, -0.03297, -0.01263, 0.007717, 0.02806, 0.04841, 0.06875, 0.0891, 0.1094, 0.1298, 0.1501, 0.1705, 0.1908, 0.2112, 0.2315, 0.2519, 0.2722, 0.2926, 0.3129, 0.3332, 0.3536], "examples_quantiles": [{"quantile_name": "Top Activations", "quantile_max_act": 0.2793, "examples": [{"tokens_str_list": ["\n                                             ", " 6", "\n\f", "<EOT>", "Abbrev", "iations", "\n", "=============", "\n"], "tokens_acts_list": [0, 0, 0, 0, 0.2793, 0, 0, 0, 0], "train_token_ind": 4, "is_repeated_datapoint": 0, "datapoint_ind": 17505211, "ablations": {"loss_ablation": [0, 0, 0, 0, 0, 0.003111, 0, 0, 0], "top_logit_ablation_tokens_str": [["<META>", "<META>", "<META>", "<META>", "<META>", " of", "<META>", "<META>", "<META>"], ["<EOT>", "<EOT>", "<EOT>", "<EOT>", "<EOT>", "izes", "<EOT>", "<EOT>", "<EOT>"], ["<META_START>", "<META_START>", "<META_START>", "<META_START>", "<META_START>", "ments", "<META_START>", "<META_START>", "<META_START>"], ["<SOS>", "<SOS>", "<SOS>", "<SOS>", "<SOS>", " by", "<SOS>", "<SOS>", "<SOS>"], ["<META_END>", "<META_END>", "<META_END>", "<META_END>", "<META_END>", "ment", "<META_END>", "<META_END>", "<META_END>"]], "bottom_logit_ablation_tokens_str": [["<META>", "<META>", "<META>", "<META>", "<META>", "')\"", "<META>", "<META>", "<META>"], ["<EOT>", "<EOT>", "<EOT>", "<EOT>", "<EOT>", " $^{", "<EOT>", "<EOT>", "<EOT>"], ["<META_START>", "<META_START>", "<META_START>", "<META_START>", "<META_START>", " faith", "<META_START>", "<META_START>", "<META_START>"], ["<SOS>", "<SOS>", "<SOS>", "<SOS>", "<SOS>", "upiter", "<SOS>", "<SOS>", "<SOS>"], ["<META_END>", "<META_END>", "<META_END>", "<META_END>", "<META_END>", "pm", "<META_END>", "<META_END>", "<META_END>"]], "top_logit_ablation_values": [[0, 0, 0, 0, 0, 0.1346, 0, 0, 0], [0, 0, 0, 0, 0, 0.1237, 0, 0, 0], [0, 0, 0, 0, 0, 0.1217, 0, 0, 0], [0, 0, 0, 0, 0, 0.1129, 0, 0, 0], [0, 0, 0, 0, 0, 0.1098, 0, 0, 0]], "bottom_logit_ablation_values": [[0, 0, 0, 0, 0, -0.1127, 0, 0, 0], [0, 0, 0, 0, 0, -0.1062, 0, 0, 0], [0, 0, 0, 0, 0, -0.1042, 0, 0, 0], [0, 0, 0, 0, 0, -0.1021, 0, 0, 0], [0, 0, 0, 0, 0, -0.1005, 0, 0, 0]], "residual_loss_ablation": [0.7787, 2.314, 4.341, 1.989, 0.06188, 1.843, -1.845, 4.214, 0]}}, {"tokens_str_list": [" old", " topic", " (", "not", " entirely", " sure", " why", " thats", " a"], "tokens_acts_list": [0, 0, 0, 0, 0.01101, 0, 0, 0, 0], "train_token_ind": 4, "is_repeated_datapoint": 0, "datapoint_ind": 72925984, "ablations": {"loss_ablation": [0, 0, 0, 0, 0, -0.003058, 0, 0, 0], "top_logit_ablation_tokens_str": [["<META>", "<META>", "<META>", "<META>", "<META>", "osterone", "<META>", "<META>", "<META>"], ["<EOT>", "<EOT>", "<EOT>", "<EOT>", "<EOT>", " \"\ufffd\ufffd\ufffd\ufffd\ufffd\ufffd\ufffd\ufffd\ufffd\ufffd\ufffd\ufffd\ufffd\ufffd", "<EOT>", "<EOT>", "<EOT>"], ["<META_START>", "<META_START>", "<META_START>", "<META_START>", "<META_START>", " apdev", "<META_START>", "<META_START>", "<META_START>"], ["<SOS>", "<SOS>", "<SOS>", "<SOS>", "<SOS>", "SwiftUIP", "<SOS>", "<SOS>", "<SOS>"], ["<META_END>", "<META_END>", "<META_END>", "<META_END>", "<META_END>", " tdrStyle", "<META_END>", "<META_END>", "<META_END>"]], "bottom_logit_ablation_tokens_str": [["<META>", "<META>", "<META>", "<META>", "<META>", " *", "<META>", "<META>", "<META>"], ["<EOT>", "<EOT>", "<EOT>", "<EOT>", "<EOT>", "*", "<EOT>", "<EOT>", "<EOT>"], ["<META_START>", "<META_START>", "<META_START>", "<META_START>", "<META_START>", "\n", "<META_START>", "<META_START>", "<META_START>"], ["<SOS>", "<SOS>", "<SOS>", "<SOS>", "<SOS>", "\\", "<SOS>", "<SOS>", "<SOS>"], ["<META_END>", "<META_END>", "<META_END>", "<META_END>", "<META_END>", " I", "<META_END>", "<META_END>", "<META_END>"]], "top_logit_ablation_values": [[0, 0, 0, 0, 0, 0.0158, 0, 0, 0], [0, 0, 0, 0, 0, 0.01573, 0, 0, 0], [0, 0, 0, 0, 0, 0.01573, 0, 0, 0], [0, 0, 0, 0, 0, 0.01573, 0, 0, 0], [0, 0, 0, 0, 0, 0.01573, 0, 0, 0]], "bottom_logit_ablation_values": [[0, 0, 0, 0, 0, 0.001971, 0, 0, 0], [0, 0, 0, 0, 0, 0.002742, 0, 0, 0], [0, 0, 0, 0, 0, 0.002771, 0, 0, 0], [0, 0, 0, 0, 0, 0.002992, 0, 0, 0], [0, 0, 0, 0, 0, 0.003292, 0, 0, 0]], "residual_loss_ablation": [1.649, -0.9952, -0.2815, -0.6566, -1.431, 7.321, -0.4655, 0.3301, 0]}}]}], "statistics": {"density_frac": 2e-08, "global_max_act": 0.2793, "abs_max_neuron_weights": [-0.1383, -0.1341, 0.1291], "abs_max_neuron_inds": [388, 202, 317], "l1_max_neuron_weights": [0.007649, 0.007415, 0.00714]}, "logit_effects": {"negatives": [[" is", -0.352], ["ization", -0.3534], [" includes", -0.3598], [" provides", -0.3626], [" according", -0.3638], ["ment", -0.3639], [" by", -0.3894], ["ments", -0.399], ["izes", -0.4184], [" of", -0.4602]], "positives": [["')\"", 0.3536], [" $^{", 0.3187], [" faith", 0.3134], ["upiter", 0.3126], [" cider", 0.3091], [" stairs", 0.3074], ["pm", 0.3052], ["cm", 0.3011], ["=',", 0.296], [" aisle", 0.2955]]}}