{"index": 2991, "act_buckets": [1, 0, 0, 1, 0, 0, 0, 1, 2, 0, 0, 0, 0, 0, 1, 0, 0, 0, 0, 0, 0, 0, 0, 1, 0, 0, 0, 0, 0, 0, 0, 0, 0, 0, 0, 0, 0, 0, 1, 1], "act_bucket_edges": [0, 0.02616, 0.05233, 0.07849, 0.1047, 0.1308, 0.157, 0.1831, 0.2093, 0.2355, 0.2616, 0.2878, 0.314, 0.3401, 0.3663, 0.3925, 0.4186, 0.4448, 0.471, 0.4971, 0.5233, 0.5494, 0.5756, 0.6018, 0.6279, 0.6541, 0.6803, 0.7064, 0.7326, 0.7588, 0.7849, 0.8111, 0.8373, 0.8634, 0.8896, 0.9157, 0.9419, 0.9681, 0.9942, 1.02, 1.047], "logit_buckets": [2, 0, 1, 4, 6, 7, 9, 34, 44, 77, 128, 231, 353, 622, 1019, 1609, 2490, 3721, 4974, 9267, 8656, 8401, 6808, 5340, 3981, 2796, 1890, 1225, 762, 501, 258, 152, 89, 45, 22, 8, 2, 1, 0, 1], "logit_bucket_edges": [-0.4519, -0.4303, -0.4088, -0.3872, -0.3656, -0.344, -0.3225, -0.3009, -0.2793, -0.2577, -0.2362, -0.2146, -0.193, -0.1714, -0.1499, -0.1283, -0.1067, -0.08514, -0.06356, -0.04199, -0.02041, 0.001163, 0.02274, 0.04431, 0.06589, 0.08746, 0.109, 0.1306, 0.1522, 0.1738, 0.1953, 0.2169, 0.2385, 0.2601, 0.2816, 0.3032, 0.3248, 0.3464, 0.3679, 0.3895, 0.4111], "examples_quantiles": [{"quantile_name": "Top Activations", "quantile_max_act": 1.047, "examples": [{"tokens_str_list": ["exp", " \\", "big", "(-", " H", "_{{\\", "Lambda", "_", "n"], "tokens_acts_list": [0, 0, 0, 0, 1.047, 0, 0, 0, 0], "train_token_ind": 4, "is_repeated_datapoint": 0, "datapoint_ind": 92525598, "ablations": {"loss_ablation": [0, 0, 0, 0, 0, 0.2129, 0, 0, 0], "top_logit_ablation_tokens_str": [["<META>", "<META>", "<META>", "<META>", "<META>", "![](", "<META>", "<META>", "<META>"], ["<EOT>", "<EOT>", "<EOT>", "<EOT>", "<EOT>", "anced", "<EOT>", "<EOT>", "<EOT>"], ["<META_START>", "<META_START>", "<META_START>", "<META_START>", "<META_START>", "omic", "<META_START>", "<META_START>", "<META_START>"], ["<SOS>", "<SOS>", "<SOS>", "<SOS>", "<SOS>", "ful", "<SOS>", "<SOS>", "<SOS>"], ["<META_END>", "<META_END>", "<META_END>", "<META_END>", "<META_END>", " manner", "<META_END>", "<META_END>", "<META_END>"]], "bottom_logit_ablation_tokens_str": [["<META>", "<META>", "<META>", "<META>", "<META>", "nore", "<META>", "<META>", "<META>"], ["<EOT>", "<EOT>", "<EOT>", "<EOT>", "<EOT>", "backs", "<EOT>", "<EOT>", "<EOT>"], ["<META_START>", "<META_START>", "<META_START>", "<META_START>", "<META_START>", "arised", "<META_START>", "<META_START>", "<META_START>"], ["<SOS>", "<SOS>", "<SOS>", "<SOS>", "<SOS>", "stone", "<SOS>", "<SOS>", "<SOS>"], ["<META_END>", "<META_END>", "<META_END>", "<META_END>", "<META_END>", "eting", "<META_END>", "<META_END>", "<META_END>"]], "top_logit_ablation_values": [[0, 0, 0, 0, 0, 0.7605, 0, 0, 0], [0, 0, 0, 0, 0, 0.7529, 0, 0, 0], [0, 0, 0, 0, 0, 0.6717, 0, 0, 0], [0, 0, 0, 0, 0, 0.6296, 0, 0, 0], [0, 0, 0, 0, 0, 0.6285, 0, 0, 0]], "bottom_logit_ablation_values": [[0, 0, 0, 0, 0, -0.6134, 0, 0, 0], [0, 0, 0, 0, 0, -0.5972, 0, 0, 0], [0, 0, 0, 0, 0, -0.5794, 0, 0, 0], [0, 0, 0, 0, 0, -0.5632, 0, 0, 0], [0, 0, 0, 0, 0, -0.5424, 0, 0, 0]], "residual_loss_ablation": [0.213, 1.59, 1.528, -0.1158, 0.9606, 3.731, 4.619, 1.448, 0]}}, {"tokens_str_list": ["Value", "=\"#", "{", "javascript", ":@", "Created", "()}", "\">", "\n           "], "tokens_acts_list": [0, 0, 0, 0, 1.01, 0, 0, 0, 0], "train_token_ind": 4, "is_repeated_datapoint": 0, "datapoint_ind": 89413861, "ablations": {"loss_ablation": [0, 0, 0, 0, 0, 0.05696, 0, 0, 0], "top_logit_ablation_tokens_str": [["<META>", "<META>", "<META>", "<META>", "<META>", "![](", "<META>", "<META>", "<META>"], ["<EOT>", "<EOT>", "<EOT>", "<EOT>", "<EOT>", "ful", "<EOT>", "<EOT>", "<EOT>"], ["<META_START>", "<META_START>", "<META_START>", "<META_START>", "<META_START>", "idding", "<META_START>", "<META_START>", "<META_START>"], ["<SOS>", "<SOS>", "<SOS>", "<SOS>", "<SOS>", "ively", "<SOS>", "<SOS>", "<SOS>"], ["<META_END>", "<META_END>", "<META_END>", "<META_END>", "<META_END>", "anced", "<META_END>", "<META_END>", "<META_END>"]], "bottom_logit_ablation_tokens_str": [["<META>", "<META>", "<META>", "<META>", "<META>", "nore", "<META>", "<META>", "<META>"], ["<EOT>", "<EOT>", "<EOT>", "<EOT>", "<EOT>", "backs", "<EOT>", "<EOT>", "<EOT>"], ["<META_START>", "<META_START>", "<META_START>", "<META_START>", "<META_START>", "sters", "<META_START>", "<META_START>", "<META_START>"], ["<SOS>", "<SOS>", "<SOS>", "<SOS>", "<SOS>", "stone", "<SOS>", "<SOS>", "<SOS>"], ["<META_END>", "<META_END>", "<META_END>", "<META_END>", "<META_END>", "hardt", "<META_END>", "<META_END>", "<META_END>"]], "top_logit_ablation_values": [[0, 0, 0, 0, 0, 0.8767, 0, 0, 0], [0, 0, 0, 0, 0, 0.7879, 0, 0, 0], [0, 0, 0, 0, 0, 0.7262, 0, 0, 0], [0, 0, 0, 0, 0, 0.714, 0, 0, 0], [0, 0, 0, 0, 0, 0.7136, 0, 0, 0]], "bottom_logit_ablation_values": [[0, 0, 0, 0, 0, -1.013, 0, 0, 0], [0, 0, 0, 0, 0, -0.8629, 0, 0, 0], [0, 0, 0, 0, 0, -0.7998, 0, 0, 0], [0, 0, 0, 0, 0, -0.7939, 0, 0, 0], [0, 0, 0, 0, 0, -0.7762, 0, 0, 0]], "residual_loss_ablation": [0.8517, 2.095, 7.384, 1.848, -0.9824, -1.045, -2.036, 4.798, 0]}}, {"tokens_str_list": ["mm", "}", "Reject", " $", "H", "_", "0", "$", " when"], "tokens_acts_list": [0, 0, 0, 0, 0.6116, 0, 0, 0, 0], "train_token_ind": 4, "is_repeated_datapoint": 0, "datapoint_ind": 33984190, "ablations": {"loss_ablation": [0, 0, 0, 0, 0, 0.004382, 0, 0, 0], "top_logit_ablation_tokens_str": [["<META>", "<META>", "<META>", "<META>", "<META>", "![](", "<META>", "<META>", "<META>"], ["<EOT>", "<EOT>", "<EOT>", "<EOT>", "<EOT>", "anced", "<EOT>", "<EOT>", "<EOT>"], ["<META_START>", "<META_START>", "<META_START>", "<META_START>", "<META_START>", "omic", "<META_START>", "<META_START>", "<META_START>"], ["<SOS>", "<SOS>", "<SOS>", "<SOS>", "<SOS>", "ful", "<SOS>", "<SOS>", "<SOS>"], ["<META_END>", "<META_END>", "<META_END>", "<META_END>", "<META_END>", "2", "<META_END>", "<META_END>", "<META_END>"]], "bottom_logit_ablation_tokens_str": [["<META>", "<META>", "<META>", "<META>", "<META>", "nore", "<META>", "<META>", "<META>"], ["<EOT>", "<EOT>", "<EOT>", "<EOT>", "<EOT>", "backs", "<EOT>", "<EOT>", "<EOT>"], ["<META_START>", "<META_START>", "<META_START>", "<META_START>", "<META_START>", "eting", "<META_START>", "<META_START>", "<META_START>"], ["<SOS>", "<SOS>", "<SOS>", "<SOS>", "<SOS>", "stone", "<SOS>", "<SOS>", "<SOS>"], ["<META_END>", "<META_END>", "<META_END>", "<META_END>", "<META_END>", "sters", "<META_END>", "<META_END>", "<META_END>"]], "top_logit_ablation_values": [[0, 0, 0, 0, 0, 0.432, 0, 0, 0], [0, 0, 0, 0, 0, 0.412, 0, 0, 0], [0, 0, 0, 0, 0, 0.3632, 0, 0, 0], [0, 0, 0, 0, 0, 0.3627, 0, 0, 0], [0, 0, 0, 0, 0, 0.3368, 0, 0, 0]], "bottom_logit_ablation_values": [[0, 0, 0, 0, 0, -0.4481, 0, 0, 0], [0, 0, 0, 0, 0, -0.4134, 0, 0, 0], [0, 0, 0, 0, 0, -0.3913, 0, 0, 0], [0, 0, 0, 0, 0, -0.3881, 0, 0, 0], [0, 0, 0, 0, 0, -0.3716, 0, 0, 0]], "residual_loss_ablation": [2.188, -0.2478, 1.979, 2.294, 2.128, -0.1782, -0.4478, 0.561, 0]}}, {"tokens_str_list": ["\n", "The", " SC", "OT", "TS", " COMP", "ANY", ",", " et"], "tokens_acts_list": [0, 0, 0, 0, 0.3781, 0, 0, 0, 0], "train_token_ind": 4, "is_repeated_datapoint": 0, "datapoint_ind": 88373025, "ablations": {"loss_ablation": [0, 0, 0, 0, 0, -0.06407, 0, 0, 0], "top_logit_ablation_tokens_str": [["<META>", "<META>", "<META>", "<META>", "<META>", "![](", "<META>", "<META>", "<META>"], ["<EOT>", "<EOT>", "<EOT>", "<EOT>", "<EOT>", "anced", "<EOT>", "<EOT>", "<EOT>"], ["<META_START>", "<META_START>", "<META_START>", "<META_START>", "<META_START>", "ful", "<META_START>", "<META_START>", "<META_START>"], ["<SOS>", "<SOS>", "<SOS>", "<SOS>", "<SOS>", "omic", "<SOS>", "<SOS>", "<SOS>"], ["<META_END>", "<META_END>", "<META_END>", "<META_END>", "<META_END>", "ively", "<META_END>", "<META_END>", "<META_END>"]],