{"index": 3016, "act_buckets": [0, 1, 0, 0, 0, 0, 0, 0, 0, 0, 0, 0, 0, 0, 0, 0, 0, 0, 0, 0, 0, 0, 0, 0, 0, 0, 0, 1, 0, 0, 0, 1, 0, 1, 0, 0, 0, 0, 0, 1], "act_bucket_edges": [0, 0.02153, 0.04307, 0.0646, 0.08614, 0.1077, 0.1292, 0.1507, 0.1723, 0.1938, 0.2153, 0.2369, 0.2584, 0.2799, 0.3015, 0.323, 0.3445, 0.3661, 0.3876, 0.4091, 0.4307, 0.4522, 0.4737, 0.4953, 0.5168, 0.5383, 0.5599, 0.5814, 0.6029, 0.6245, 0.646, 0.6675, 0.6891, 0.7106, 0.7322, 0.7537, 0.7752, 0.7968, 0.8183, 0.8398, 0.8614], "logit_buckets": [1, 5, 11, 31, 53, 131, 181, 321, 551, 921, 1481, 2422, 3870, 5366, 6818, 7809, 8509, 7907, 7027, 4914, 2533, 1764, 1028, 737, 461, 256, 161, 115, 59, 38, 22, 15, 10, 4, 0, 2, 1, 0, 0, 1], "logit_bucket_edges": [-0.4218, -0.3959, -0.3701, -0.3443, -0.3185, -0.2926, -0.2668, -0.241, -0.2152, -0.1893, -0.1635, -0.1377, -0.1119, -0.08604, -0.06022, -0.03439, -0.008568, 0.01726, 0.04308, 0.06891, 0.09473, 0.1206, 0.1464, 0.1722, 0.198, 0.2239, 0.2497, 0.2755, 0.3013, 0.3272, 0.353, 0.3788, 0.4046, 0.4305, 0.4563, 0.4821, 0.5079, 0.5338, 0.5596, 0.5854, 0.6112], "examples_quantiles": [{"quantile_name": "Top Activations", "quantile_max_act": 0.8614, "examples": [{"tokens_str_list": ["The", " Government", " argues", " that", " Over", "by", "'s", " limited", " experience"], "tokens_acts_list": [0, 0, 0, 0, 0.8614, 0, 0, 0, 0], "train_token_ind": 4, "is_repeated_datapoint": 0, "datapoint_ind": 21579153, "ablations": {"loss_ablation": [0, 0, 0, 0, 0, 0.2578, 0, 0, 0], "top_logit_ablation_tokens_str": [["<META>", "<META>", "<META>", "<META>", "<META>", " whom", "<META>", "<META>", "<META>"], ["<EOT>", "<EOT>", "<EOT>", "<EOT>", "<EOT>", " stairs", "<EOT>", "<EOT>", "<EOT>"], ["<META_START>", "<META_START>", "<META_START>", "<META_START>", "<META_START>", " attorneys", "<META_START>", "<META_START>", "<META_START>"], ["<SOS>", "<SOS>", "<SOS>", "<SOS>", "<SOS>", "ernate", "<SOS>", "<SOS>", "<SOS>"], ["<META_END>", "<META_END>", "<META_END>", "<META_END>", "<META_END>", ":[", "<META_END>", "<META_END>", "<META_END>"]], "bottom_logit_ablation_tokens_str": [["<META>", "<META>", "<META>", "<META>", "<META>", "ence", "<META>", "<META>", "<META>"], ["<EOT>", "<EOT>", "<EOT>", "<EOT>", "<EOT>", "of", "<EOT>", "<EOT>", "<EOT>"], ["<META_START>", "<META_START>", "<META_START>", "<META_START>", "<META_START>", "ment", "<META_START>", "<META_START>", "<META_START>"], ["<SOS>", "<SOS>", "<SOS>", "<SOS>", "<SOS>", "ishment", "<SOS>", "<SOS>", "<SOS>"], ["<META_END>", "<META_END>", "<META_END>", "<META_END>", "<META_END>", "elling", "<META_END>", "<META_END>", "<META_END>"]], "top_logit_ablation_values": [[0, 0, 0, 0, 0, 0.3266, 0, 0, 0], [0, 0, 0, 0, 0, 0.2897, 0, 0, 0], [0, 0, 0, 0, 0, 0.2853, 0, 0, 0], [0, 0, 0, 0, 0, 0.2756, 0, 0, 0], [0, 0, 0, 0, 0, 0.2646, 0, 0, 0]], "bottom_logit_ablation_values": [[0, 0, 0, 0, 0, -1.17, 0, 0, 0], [0, 0, 0, 0, 0, -1.017, 0, 0, 0], [0, 0, 0, 0, 0, -1.003, 0, 0, 0], [0, 0, 0, 0, 0, -0.9936, 0, 0, 0], [0, 0, 0, 0, 0, -0.9383, 0, 0, 0]], "residual_loss_ablation": [0.01721, 0.8263, 4.243, -0.07588, 1.312, 0.8411, 3.183, 0.3803, 0]}}, {"tokens_str_list": [" intelligence", " that", " might", " have", " taken", " a", " lesser", " mentor", " years"], "tokens_acts_list": [0, 0, 0, 0, 0.718, 0, 0, 0, 0], "train_token_ind": 4, "is_repeated_datapoint": 0, "datapoint_ind": 81709520, "ablations": {"loss_ablation": [0, 0, 0, 0, 0, -0.1555, 0, 0, 0], "top_logit_ablation_tokens_str": [["<META>", "<META>", "<META>", "<META>", "<META>", "tright", "<META>", "<META>", "<META>"], ["<EOT>", "<EOT>", "<EOT>", "<EOT>", "<EOT>", " whom", "<EOT>", "<EOT>", "<EOT>"], ["<META_START>", "<META_START>", "<META_START>", "<META_START>", "<META_START>", " stairs", "<META_START>", "<META_START>", "<META_START>"], ["<SOS>", "<SOS>", "<SOS>", "<SOS>", "<SOS>", " inhibitors", "<SOS>", "<SOS>", "<SOS>"], ["<META_END>", "<META_END>", "<META_END>", "<META_END>", "<META_END>", "OTA", "<META_END>", "<META_END>", "<META_END>"]], "bottom_logit_ablation_tokens_str": [["<META>", "<META>", "<META>", "<META>", "<META>", "ence", "<META>", "<META>", "<META>"], ["<EOT>", "<EOT>", "<EOT>", "<EOT>", "<EOT>", "ment", "<EOT>", "<EOT>", "<EOT>"], ["<META_START>", "<META_START>", "<META_START>", "<META_START>", "<META_START>", "ishment", "<META_START>", "<META_START>", "<META_START>"], ["<SOS>", "<SOS>", "<SOS>", "<SOS>", "<SOS>", "of", "<SOS>", "<SOS>", "<SOS>"], ["<META_END>", "<META_END>", "<META_END>", "<META_END>", "<META_END>", "elling", "<META_END>", "<META_END>", "<META_END>"]], "top_logit_ablation_values": [[0, 0, 0, 0, 0, 0.3414, 0, 0, 0], [0, 0, 0, 0, 0, 0.3093, 0, 0, 0], [0, 0, 0, 0, 0, 0.2773, 0, 0, 0], [0, 0, 0, 0, 0, 0.2772, 0, 0, 0], [0, 0, 0, 0, 0, 0.2752, 0, 0, 0]], "bottom_logit_ablation_values": [[0, 0, 0, 0, 0, -0.9262, 0, 0, 0], [0, 0, 0, 0, 0, -0.7765, 0, 0, 0], [0, 0, 0, 0, 0, -0.7635, 0, 0, 0], [0, 0, 0, 0, 0, -0.7582, 0, 0, 0], [0, 0, 0, 0, 0, -0.751, 0, 0, 0]], "residual_loss_ablation": [2.489, -0.0006232, 0.5836, 0.142, -0.1674, 2.508, -0.07321, -0.05512, 0]}}, {"tokens_str_list": [" federal", " income", " tax", " as", " contributions", " to", " capital", " within", " the"], "tokens_acts_list": [0, 0, 0, 0, 0.6865, 0, 0, 0, 0], "train_token_ind": 4, "is_repeated_datapoint": 0, "datapoint_ind": 95322708, "ablations": {"loss_ablation": [0, 0, 0, 0, 0, 0.00334, 0, 0, 0], "top_logit_ablation_tokens_str": [["<META>", "<META>", "<META>", "<META>", "<META>", "ernate", "<META>", "<META>", "<META>"], ["<EOT>", "<EOT>", "<EOT>", "<EOT>", "<EOT>", "allest", "<EOT>", "<EOT>", "<EOT>"], ["<META_START>", "<META_START>", "<META_START>", "<META_START>", "<META_START>", "sirable", "<META_START>", "<META_START>", "<META_START>"], ["<SOS>", "<SOS>", "<SOS>", "<SOS>", "<SOS>", "beros", "<SOS>", "<SOS>", "<SOS>"], ["<META_END>", "<META_END>", "<META_END>", "<META_END>", "<META_END>", "tright", "<META_END>", "<META_END>", "<META_END>"]], "bottom_logit_ablation_tokens_str": [["<META>", "<META>", "<META>", "<META>", "<META>", "ence", "<META>", "<META>", "<META>"], ["<EOT>", "<EOT>", "<EOT>", "<EOT>", "<EOT>", "of", "<EOT>", "<EOT>", "<EOT>"], ["<META_START>", "<META_START>", "<META_START>", "<META_START>", "<META_START>", "iveness", "<META_START>", "<META_START>", "<META_START>"], ["<SOS>", "<SOS>", "<SOS>", "<SOS>", "<SOS>", "ment", "<SOS>", "<SOS>", "<SOS>"], ["<META_END>", "<META_END>", "<META_END>", "<META_END>", "<META_END>", "ability", "<META_END>", "<META_END>", "<META_END>"]], "top_logit_ablation_values": [[0, 0, 0, 0, 0, 0.314, 0, 0, 0], [0, 0, 0, 0, 0, 0.1694, 0, 0, 0], [0, 0, 0, 0, 0, 0.1501, 0, 0, 0], [0, 0, 0, 0, 0, 0.1436, 0, 0, 0], [0, 0, 0, 0, 0, 0.1432, 0, 0, 0]], "bottom_logit_ablation_values": [[0, 0, 0, 0, 0, -0.8116, 0, 0, 0], [0, 0, 0, 0, 0, -0.7851, 0, 0, 0], [0, 0, 0, 0, 0, -0.7823, 0, 0, 0], [0, 0, 0, 0, 0, -0.7641, 0, 0, 0], [0, 0, 0, 0, 0, -0.7451, 0, 0, 0]], "residual_loss_ablation": [3.377, 4.717, 4.745, 0.7656, 2.958, 2.006, -0.1413, -0.9867, 0]}}, {"tokens_str_list": [" old", " topic", " (", "not", " entirely", " sure", " why", " thats", " a"], "tokens_acts_list": [0, 0, 0, 0, 0.5979, 0, 0, 0, 0], "train_token_ind": 4, "is_repeated_datapoint": 0, "datapoint_ind": 72925984, "ablations": {"loss_ablation": [0, 0, 0, 0, 0, 0.02488, 0, 0, 0], "top_logit_ablation_tokens_str": [["<META>", "<META>", "<META>", "<META>", "<META>", " whom", "<META>", "<META>", "<META>"], ["<EOT>", "<EOT>", "<EOT>", "<EOT>", "<EOT>", " stairs", "<EOT>", "<EOT>", "<EOT>"], ["<META_START>", "<META_START>", "<META_START>", "<META_START>", "<META_START>", " attorneys", "<META_START>", "<META_START>", "<META_START>"], ["<SOS>", "<SOS>", "<SOS>", "<SOS>", "<SOS>", "ernate", "<SOS>", "<SOS>", "<SOS>"], ["<META_END>", "<META_END>", "<META_END>", "<META_END>", "<META_END>", ":[", "<META_END>", "<META_END>", "<META_END>"]],