{"index": 3029, "act_buckets": [0, 0, 0, 0, 0, 0, 1, 0, 2, 1, 0, 0, 0, 0, 0, 0, 0, 0, 0, 0, 0, 0, 0, 0, 0, 0, 0, 0, 0, 1, 0, 0, 0, 0, 0, 0, 1, 0, 0, 1], "act_bucket_edges": [0, 0.02448, 0.04895, 0.07343, 0.0979, 0.1224, 0.1469, 0.1713, 0.1958, 0.2203, 0.2448, 0.2692, 0.2937, 0.3182, 0.3427, 0.3671, 0.3916, 0.4161, 0.4406, 0.465, 0.4895, 0.514, 0.5385, 0.563, 0.5874, 0.6119, 0.6364, 0.6609, 0.6853, 0.7098, 0.7343, 0.7588, 0.7832, 0.8077, 0.8322, 0.8567, 0.8811, 0.9056, 0.9301, 0.9546, 0.979], "logit_buckets": [1, 1, 5, 18, 29, 75, 139, 288, 491, 886, 1474, 2140, 3085, 4247, 5557, 6981, 8249, 8273, 7827, 7462, 3083, 1992, 1248, 851, 452, 286, 165, 120, 58, 22, 16, 8, 4, 1, 0, 1, 0, 0, 0, 1], "logit_bucket_edges": [-0.3861, -0.3633, -0.3404, -0.3175, -0.2947, -0.2718, -0.249, -0.2261, -0.2032, -0.1804, -0.1575, -0.1347, -0.1118, -0.08893, -0.06607, -0.04321, -0.02035, 0.002515, 0.02538, 0.04824, 0.0711, 0.09396, 0.1168, 0.1397, 0.1625, 0.1854, 0.2083, 0.2311, 0.254, 0.2768, 0.2997, 0.3226, 0.3454, 0.3683, 0.3912, 0.414, 0.4369, 0.4597, 0.4826, 0.5055, 0.5283], "examples_quantiles": [{"quantile_name": "Top Activations", "quantile_max_act": 0.979, "examples": [{"tokens_str_list": ["Value", "=\"#", "{", "javascript", ":@", "Created", "()}", "\">", "\n           "], "tokens_acts_list": [0, 0, 0, 0, 0.979, 0, 0, 0, 0], "train_token_ind": 4, "is_repeated_datapoint": 0, "datapoint_ind": 89413861, "ablations": {"loss_ablation": [0, 0, 0, 0, 0, -0.08153, 0, 0, 0], "top_logit_ablation_tokens_str": [["<META>", "<META>", "<META>", "<META>", "<META>", " property", "<META>", "<META>", "<META>"], ["<EOT>", "<EOT>", "<EOT>", "<EOT>", "<EOT>", "?\u201d", "<EOT>", "<EOT>", "<EOT>"], ["<META_START>", "<META_START>", "<META_START>", "<META_START>", "<META_START>", " term", "<META_START>", "<META_START>", "<META_START>"], ["<SOS>", "<SOS>", "<SOS>", "<SOS>", "<SOS>", " convicted", "<SOS>", "<SOS>", "<SOS>"], ["<META_END>", "<META_END>", "<META_END>", "<META_END>", "<META_END>", " least", "<META_END>", "<META_END>", "<META_END>"]], "bottom_logit_ablation_tokens_str": [["<META>", "<META>", "<META>", "<META>", "<META>", "fig", "<META>", "<META>", "<META>"], ["<EOT>", "<EOT>", "<EOT>", "<EOT>", "<EOT>", "cks", "<EOT>", "<EOT>", "<EOT>"], ["<META_START>", "<META_START>", "<META_START>", "<META_START>", "<META_START>", "TIFF", "<META_START>", "<META_START>", "<META_START>"], ["<SOS>", "<SOS>", "<SOS>", "<SOS>", "<SOS>", "ificial", "<SOS>", "<SOS>", "<SOS>"], ["<META_END>", "<META_END>", "<META_END>", "<META_END>", "<META_END>", "ctions", "<META_END>", "<META_END>", "<META_END>"]], "top_logit_ablation_values": [[0, 0, 0, 0, 0, 0.8549, 0, 0, 0], [0, 0, 0, 0, 0, 0.8157, 0, 0, 0], [0, 0, 0, 0, 0, 0.7914, 0, 0, 0], [0, 0, 0, 0, 0, 0.77, 0, 0, 0], [0, 0, 0, 0, 0, 0.7665, 0, 0, 0]], "bottom_logit_ablation_values": [[0, 0, 0, 0, 0, -0.9275, 0, 0, 0], [0, 0, 0, 0, 0, -0.7435, 0, 0, 0], [0, 0, 0, 0, 0, -0.6561, 0, 0, 0], [0, 0, 0, 0, 0, -0.5887, 0, 0, 0], [0, 0, 0, 0, 0, -0.5853, 0, 0, 0]], "residual_loss_ablation": [0.8517, 2.095, 7.384, 1.848, -0.9824, -1.045, -2.036, 4.798, 0]}}, {"tokens_str_list": [" mit", "z", "ured", "en", ".\u00ab", "\n", "\n", "\u00bb", "All"], "tokens_acts_list": [0, 0, 0, 0, 0.8921, 0, 0, 0, 0], "train_token_ind": 4, "is_repeated_datapoint": 0, "datapoint_ind": 76851631, "ablations": {"loss_ablation": [0, 0, 0, 0, 0, 0.01528, 0, 0, 0], "top_logit_ablation_tokens_str": [["<META>", "<META>", "<META>", "<META>", "<META>", "?\u201d", "<META>", "<META>", "<META>"], ["<EOT>", "<EOT>", "<EOT>", "<EOT>", "<EOT>", " property", "<EOT>", "<EOT>", "<EOT>"], ["<META_START>", "<META_START>", "<META_START>", "<META_START>", "<META_START>", " convicted", "<META_START>", "<META_START>", "<META_START>"], ["<SOS>", "<SOS>", "<SOS>", "<SOS>", "<SOS>", "?\"", "<SOS>", "<SOS>", "<SOS>"], ["<META_END>", "<META_END>", "<META_END>", "<META_END>", "<META_END>", "?\",", "<META_END>", "<META_END>", "<META_END>"]], "bottom_logit_ablation_tokens_str": [["<META>", "<META>", "<META>", "<META>", "<META>", "fig", "<META>", "<META>", "<META>"], ["<EOT>", "<EOT>", "<EOT>", "<EOT>", "<EOT>", "cks", "<EOT>", "<EOT>", "<EOT>"], ["<META_START>", "<META_START>", "<META_START>", "<META_START>", "<META_START>", "TIFF", "<META_START>", "<META_START>", "<META_START>"], ["<SOS>", "<SOS>", "<SOS>", "<SOS>", "<SOS>", "ificial", "<SOS>", "<SOS>", "<SOS>"], ["<META_END>", "<META_END>", "<META_END>", "<META_END>", "<META_END>", "mber", "<META_END>", "<META_END>", "<META_END>"]], "top_logit_ablation_values": [[0, 0, 0, 0, 0, 0.5257, 0, 0, 0], [0, 0, 0, 0, 0, 0.4826, 0, 0, 0], [0, 0, 0, 0, 0, 0.4445, 0, 0, 0], [0, 0, 0, 0, 0, 0.4424, 0, 0, 0], [0, 0, 0, 0, 0, 0.4387, 0, 0, 0]], "bottom_logit_ablation_values": [[0, 0, 0, 0, 0, -0.63, 0, 0, 0], [0, 0, 0, 0, 0, -0.5155, 0, 0, 0], [0, 0, 0, 0, 0, -0.4412, 0, 0, 0], [0, 0, 0, 0, 0, -0.4171, 0, 0, 0], [0, 0, 0, 0, 0, -0.4099, 0, 0, 0]], "residual_loss_ablation": [-1.391, 0.6779, 1.498, 2.721, -0.6154, 3.15, 0.161, 5.499, 0]}}, {"tokens_str_list": [" it", " take", " for", " a", " bount", "y", " to", " be", " auto"], "tokens_acts_list": [0, 0, 0, 0, 0.7207, 0, 0, 0, 0], "train_token_ind": 4, "is_repeated_datapoint": 0, "datapoint_ind": 82550481, "ablations": {"loss_ablation": [0, 0, 0, 0, 0, 0.04153, 0, 0, 0], "top_logit_ablation_tokens_str": [["<META>", "<META>", "<META>", "<META>", "<META>", "?\u201d", "<META>", "<META>", "<META>"], ["<EOT>", "<EOT>", "<EOT>", "<EOT>", "<EOT>", " property", "<EOT>", "<EOT>", "<EOT>"], ["<META_START>", "<META_START>", "<META_START>", "<META_START>", "<META_START>", " term", "<META_START>", "<META_START>", "<META_START>"], ["<SOS>", "<SOS>", "<SOS>", "<SOS>", "<SOS>", " convicted", "<SOS>", "<SOS>", "<SOS>"], ["<META_END>", "<META_END>", "<META_END>", "<META_END>", "<META_END>", " most", "<META_END>", "<META_END>", "<META_END>"]], "bottom_logit_ablation_tokens_str": [["<META>", "<META>", "<META>", "<META>", "<META>", "fig", "<META>", "<META>", "<META>"], ["<EOT>", "<EOT>", "<EOT>", "<EOT>", "<EOT>", "cks", "<EOT>", "<EOT>", "<EOT>"], ["<META_START>", "<META_START>", "<META_START>", "<META_START>", "<META_START>", "TIFF", "<META_START>", "<META_START>", "<META_START>"], ["<SOS>", "<SOS>", "<SOS>", "<SOS>", "<SOS>", "ificial", "<SOS>", "<SOS>", "<SOS>"], ["<META_END>", "<META_END>", "<META_END>", "<META_END>", "<META_END>", "ens", "<META_END>", "<META_END>", "<META_END>"]], "top_logit_ablation_values": [[0, 0, 0, 0, 0, 0.3813, 0, 0, 0], [0, 0, 0, 0, 0, 0.3577, 0, 0, 0], [0, 0, 0, 0, 0, 0.3229, 0, 0, 0], [0, 0, 0, 0, 0, 0.3228, 0, 0, 0], [0, 0, 0, 0, 0, 0.3217, 0, 0, 0]], "bottom_logit_ablation_values": [[0, 0, 0, 0, 0, -0.4837, 0, 0, 0], [0, 0, 0, 0, 0, -0.3887, 0, 0, 0], [0, 0, 0, 0, 0, -0.3355, 0, 0, 0], [0, 0, 0, 0, 0, -0.3303, 0, 0, 0], [0, 0, 0, 0, 0, -0.3182, 0, 0, 0]], "residual_loss_ablation": [0.5495, 1.034, -0.03435, 0.2797, -0.4034, 2.756, -1.464, -2.046, 0]}}, {"tokens_str_list": [" (", "lcd", " with", " ips", "-", "panel", ")", "\n", "<"], "tokens_acts_list": [0, 0, 0, 0, 0.2326, 0, 0, 0, 0], "train_token_ind": 4, "is_repeated_datapoint": 0, "datapoint_ind": 9628517, "ablations": {"loss_ablation": [0, 0, 0, 0, 0, 0.01059, 0, 0, 0], "top_logit_ablation_tokens_str": [["<META>", "<META>", "<META>", "<META>", "<META>", "?\u201d", "<META>", "<META>", "<META>"], ["<EOT>", "<EOT>", "<EOT>", "<EOT>", "<EOT>", " convicted", "<EOT>", "<EOT>", "<EOT>"], ["<META_START>", "<META_START>", "<META_START>", "<META_START>", "<META_START>", "\"?", "<META_START>", "<META_START>", "<META_START>"], ["<SOS>", "<SOS>", "<SOS>", "<SOS>", "<SOS>", "?\",", "<SOS>", "<SOS>", "<SOS>"], ["<META_END>", "<META_END>", "<META_END>", "<META_END>", "<META_END>", "abouts", "<META_END>", "<META_END>", "<META_END>"]],