{"index": 3092, "act_buckets": [0, 0, 0, 1, 0, 0, 1, 0, 0, 0, 0, 0, 0, 0, 1, 0, 0, 0, 0, 0, 0, 0, 0, 0, 0, 0, 0, 0, 0, 0, 0, 0, 0, 0, 0, 0, 0, 0, 1, 1], "act_bucket_edges": [0, 0.00509, 0.01018, 0.01527, 0.02036, 0.02545, 0.03054, 0.03563, 0.04072, 0.04581, 0.0509, 0.05599, 0.06108, 0.06617, 0.07126, 0.07635, 0.08144, 0.08653, 0.09162, 0.09671, 0.1018, 0.1069, 0.112, 0.1171, 0.1222, 0.1272, 0.1323, 0.1374, 0.1425, 0.1476, 0.1527, 0.1578, 0.1629, 0.168, 0.1731, 0.1781, 0.1832, 0.1883, 0.1934, 0.1985, 0.2036], "logit_buckets": [1, 1, 2, 4, 8, 12, 16, 30, 44, 67, 83, 134, 207, 274, 479, 663, 962, 1495, 2201, 3351, 6083, 7417, 7342, 6956, 6524, 5629, 4639, 3474, 2576, 1835, 1198, 745, 483, 285, 157, 77, 41, 24, 10, 7], "logit_bucket_edges": [-0.4691, -0.4489, -0.4288, -0.4086, -0.3885, -0.3683, -0.3481, -0.328, -0.3078, -0.2877, -0.2675, -0.2474, -0.2272, -0.207, -0.1869, -0.1667, -0.1466, -0.1264, -0.1063, -0.0861, -0.06594, -0.04579, -0.02563, -0.005472, 0.01468, 0.03484, 0.055, 0.07516, 0.09531, 0.1155, 0.1356, 0.1558, 0.1759, 0.1961, 0.2163, 0.2364, 0.2566, 0.2767, 0.2969, 0.317, 0.3372], "examples_quantiles": [{"quantile_name": "Top Activations", "quantile_max_act": 0.2036, "examples": [{"tokens_str_list": [")", "[@", "R", "133", "]^,", "^[@", "R", "134", "]"], "tokens_acts_list": [0, 0, 0, 0, 0.2036, 0, 0, 0, 0], "train_token_ind": 4, "is_repeated_datapoint": 0, "datapoint_ind": 68263343, "ablations": {"loss_ablation": [0, 0, 0, 0, 0, 0.03563, 0, 0, 0], "top_logit_ablation_tokens_str": [["<META>", "<META>", "<META>", "<META>", "<META>", "rehen", "<META>", "<META>", "<META>"], ["<EOT>", "<EOT>", "<EOT>", "<EOT>", "<EOT>", "ation", "<EOT>", "<EOT>", "<EOT>"], ["<META_START>", "<META_START>", "<META_START>", "<META_START>", "<META_START>", "ology", "<META_START>", "<META_START>", "<META_START>"], ["<SOS>", "<SOS>", "<SOS>", "<SOS>", "<SOS>", "rile", "<SOS>", "<SOS>", "<SOS>"], ["<META_END>", "<META_END>", "<META_END>", "<META_END>", "<META_END>", " --------------------------------", "<META_END>", "<META_END>", "<META_END>"]], "bottom_logit_ablation_tokens_str": [["<META>", "<META>", "<META>", "<META>", "<META>", "}$)", "<META>", "<META>", "<META>"], ["<EOT>", "<EOT>", "<EOT>", "<EOT>", "<EOT>", "googleapis", "<EOT>", "<EOT>", "<EOT>"], ["<META_START>", "<META_START>", "<META_START>", "<META_START>", "<META_START>", "opard", "<META_START>", "<META_START>", "<META_START>"], ["<SOS>", "<SOS>", "<SOS>", "<SOS>", "<SOS>", " extinct", "<SOS>", "<SOS>", "<SOS>"], ["<META_END>", "<META_END>", "<META_END>", "<META_END>", "<META_END>", "jpg", "<META_END>", "<META_END>", "<META_END>"]], "top_logit_ablation_values": [[0, 0, 0, 0, 0, 0.07008, 0, 0, 0], [0, 0, 0, 0, 0, 0.05235, 0, 0, 0], [0, 0, 0, 0, 0, 0.05229, 0, 0, 0], [0, 0, 0, 0, 0, 0.05125, 0, 0, 0], [0, 0, 0, 0, 0, 0.04529, 0, 0, 0]], "bottom_logit_ablation_values": [[0, 0, 0, 0, 0, -0.1724, 0, 0, 0], [0, 0, 0, 0, 0, -0.172, 0, 0, 0], [0, 0, 0, 0, 0, -0.1711, 0, 0, 0], [0, 0, 0, 0, 0, -0.1703, 0, 0, 0], [0, 0, 0, 0, 0, -0.1697, 0, 0, 0]], "residual_loss_ablation": [3.413, 4.123, 1.541, -0.1231, -0.4894, 2.517, 1.188, 1.069, 0]}}, {"tokens_str_list": ["oids", ".\\[[@", "CR", "23", "],", " [@", "CR", "25", "]\\]"], "tokens_acts_list": [0, 0, 0, 0, 0.1979, 0, 0, 0, 0], "train_token_ind": 4, "is_repeated_datapoint": 0, "datapoint_ind": 24540605, "ablations": {"loss_ablation": [0, 0, 0, 0, 0, -0.003199, 0, 0, 0], "top_logit_ablation_tokens_str": [["<META>", "<META>", "<META>", "<META>", "<META>", "rehen", "<META>", "<META>", "<META>"], ["<EOT>", "<EOT>", "<EOT>", "<EOT>", "<EOT>", "ology", "<EOT>", "<EOT>", "<EOT>"], ["<META_START>", "<META_START>", "<META_START>", "<META_START>", "<META_START>", "ation", "<META_START>", "<META_START>", "<META_START>"], ["<SOS>", "<SOS>", "<SOS>", "<SOS>", "<SOS>", "rile", "<SOS>", "<SOS>", "<SOS>"], ["<META_END>", "<META_END>", "<META_END>", "<META_END>", "<META_END>", "ans", "<META_END>", "<META_END>", "<META_END>"]], "bottom_logit_ablation_tokens_str": [["<META>", "<META>", "<META>", "<META>", "<META>", "googleapis", "<META>", "<META>", "<META>"], ["<EOT>", "<EOT>", "<EOT>", "<EOT>", "<EOT>", "}$)", "<EOT>", "<EOT>", "<EOT>"], ["<META_START>", "<META_START>", "<META_START>", "<META_START>", "<META_START>", " extinct", "<META_START>", "<META_START>", "<META_START>"], ["<SOS>", "<SOS>", "<SOS>", "<SOS>", "<SOS>", "jpg", "<SOS>", "<SOS>", "<SOS>"], ["<META_END>", "<META_END>", "<META_END>", "<META_END>", "<META_END>", " ,'", "<META_END>", "<META_END>", "<META_END>"]], "top_logit_ablation_values": [[0, 0, 0, 0, 0, 0.09229, 0, 0, 0], [0, 0, 0, 0, 0, 0.0793, 0, 0, 0], [0, 0, 0, 0, 0, 0.0752, 0, 0, 0], [0, 0, 0, 0, 0, 0.07448, 0, 0, 0], [0, 0, 0, 0, 0, 0.06811, 0, 0, 0]], "bottom_logit_ablation_values": [[0, 0, 0, 0, 0, -0.1974, 0, 0, 0], [0, 0, 0, 0, 0, -0.1945, 0, 0, 0], [0, 0, 0, 0, 0, -0.1921, 0, 0, 0], [0, 0, 0, 0, 0, -0.1915, 0, 0, 0], [0, 0, 0, 0, 0, -0.1891, 0, 0, 0]], "residual_loss_ablation": [4.096, 1.95, -0.3874, -0.3619, -4.063, 0.1594, -0.01477, 0.699, 0]}}, {"tokens_str_list": ["247", "93", "]^", "                                                                                                                                ", "     ", "\n", "\n", "Abbrev", "iations"], "tokens_acts_list": [0, 0, 0, 0, 0.07339, 0, 0, 0, 0], "train_token_ind": 4, "is_repeated_datapoint": 0, "datapoint_ind": 77151702, "ablations": {"loss_ablation": [0, 0, 0, 0, 0, 0.007698, 0, 0, 0], "top_logit_ablation_tokens_str": [["<META>", "<META>", "<META>", "<META>", "<META>", "rehen", "<META>", "<META>", "<META>"], ["<EOT>", "<EOT>", "<EOT>", "<EOT>", "<EOT>", "rile", "<EOT>", "<EOT>", "<EOT>"], ["<META_START>", "<META_START>", "<META_START>", "<META_START>", "<META_START>", "ally", "<META_START>", "<META_START>", "<META_START>"], ["<SOS>", "<SOS>", "<SOS>", "<SOS>", "<SOS>", "ation", "<SOS>", "<SOS>", "<SOS>"], ["<META_END>", "<META_END>", "<META_END>", "<META_END>", "<META_END>", "ology", "<META_END>", "<META_END>", "<META_END>"]], "bottom_logit_ablation_tokens_str": [["<META>", "<META>", "<META>", "<META>", "<META>", "jpg", "<META>", "<META>", "<META>"], ["<EOT>", "<EOT>", "<EOT>", "<EOT>", "<EOT>", "googleapis", "<EOT>", "<EOT>", "<EOT>"], ["<META_START>", "<META_START>", "<META_START>", "<META_START>", "<META_START>", "],\\", "<META_START>", "<META_START>", "<META_START>"], ["<SOS>", "<SOS>", "<SOS>", "<SOS>", "<SOS>", "opard", "<SOS>", "<SOS>", "<SOS>"], ["<META_END>", "<META_END>", "<META_END>", "<META_END>", "<META_END>", "clubs", "<META_END>", "<META_END>", "<META_END>"]], "top_logit_ablation_values": [[0, 0, 0, 0, 0, 0.03649, 0, 0, 0], [0, 0, 0, 0, 0, 0.03013, 0, 0, 0], [0, 0, 0, 0, 0, 0.0285, 0, 0, 0], [0, 0, 0, 0, 0, 0.02837, 0, 0, 0], [0, 0, 0, 0, 0, 0.02779, 0, 0, 0]], "bottom_logit_ablation_values": [[0, 0, 0, 0, 0, -0.06661, 0, 0, 0], [0, 0, 0, 0, 0, -0.06485, 0, 0, 0], [0, 0, 0, 0, 0, -0.0645, 0, 0, 0], [0, 0, 0, 0, 0, -0.06372, 0, 0, 0], [0, 0, 0, 0, 0, -0.06305, 0, 0, 0]], "residual_loss_ablation": [0.8205, 0.3602, 4.158, 1.365, 1.267, -0.8646, -0.4441, 2.162, 0]}}, {"tokens_str_list": ["\\x9d", "\\xe1\\x83", "\\x93", " \\xe1\\x83", "\\xac", "\u10d8\\xe1\\x83", "\\x9c", "\u10d0\\xe1\\x83", "\\xa1"], "tokens_acts_list": [0, 0, 0, 0, 0.03134, 0, 0, 0, 0], "train_token_ind": 4, "is_repeated_datapoint": 0, "datapoint_ind": 54671983, "ablations": {"loss_ablation": [0, 0, 0, 0, 0, 0.0008111, 0, 0, 0], "top_logit_ablation_tokens_str": [["<META>", "<META>", "<META>", "<META>", "<META>", "rehen", "<META>", "<META>", "<META>"], ["<EOT>", "<EOT>", "<EOT>", "<EOT>", "<EOT>", "ation", "<EOT>", "<EOT>", "<EOT>"], ["<META_START>", "<META_START>", "<META_START>", "<META_START>", "<META_START>", "rile", "<META_START>", "<META_START>", "<META_START>"], ["<SOS>", "<SOS>", "<SOS>", "<SOS>", "<SOS>", "ine", "<SOS>", "<SOS>", "<SOS>"], ["<META_END>", "<META_END>", "<META_END>", "<META_END>", "<META_END>", "ology", "<META_END>", "<META_END>", "<META_END>"]],