{"index": 3100, "act_buckets": [0, 0, 1, 2, 0, 0, 1, 0, 0, 0, 0, 0, 0, 0, 1, 0, 0, 0, 0, 0, 0, 0, 0, 0, 1, 0, 0, 0, 0, 0, 0, 0, 0, 0, 0, 0, 0, 0, 0, 1], "act_bucket_edges": [0, 0.02035, 0.04071, 0.06106, 0.08141, 0.1018, 0.1221, 0.1425, 0.1628, 0.1832, 0.2035, 0.2239, 0.2442, 0.2646, 0.2849, 0.3053, 0.3257, 0.346, 0.3664, 0.3867, 0.4071, 0.4274, 0.4478, 0.4681, 0.4885, 0.5088, 0.5292, 0.5495, 0.5699, 0.5903, 0.6106, 0.631, 0.6513, 0.6717, 0.692, 0.7124, 0.7327, 0.7531, 0.7734, 0.7938, 0.8141], "logit_buckets": [2, 6, 5, 7, 21, 23, 33, 78, 123, 156, 246, 339, 558, 741, 1060, 1393, 2070, 2780, 5785, 6279, 6601, 6731, 6479, 5741, 4718, 3859, 3046, 2131, 1614, 1135, 717, 444, 259, 163, 77, 60, 26, 15, 7, 8], "logit_bucket_edges": [-0.3966, -0.3783, -0.36, -0.3417, -0.3234, -0.3051, -0.2868, -0.2685, -0.2502, -0.2319, -0.2136, -0.1953, -0.1769, -0.1586, -0.1403, -0.122, -0.1037, -0.08542, -0.06712, -0.04881, -0.03051, -0.01221, 0.0061, 0.0244, 0.04271, 0.06101, 0.07932, 0.09762, 0.1159, 0.1342, 0.1525, 0.1708, 0.1891, 0.2075, 0.2258, 0.2441, 0.2624, 0.2807, 0.299, 0.3173, 0.3356], "examples_quantiles": [{"quantile_name": "Top Activations", "quantile_max_act": 0.8141, "examples": [{"tokens_str_list": [" showed", " an", " approximately", " 300", "%", " increase", " in", " perfor", "in"], "tokens_acts_list": [0, 0, 0, 0, 0.8141, 0, 0, 0, 0], "train_token_ind": 4, "is_repeated_datapoint": 0, "datapoint_ind": 58063630, "ablations": {"loss_ablation": [0, 0, 0, 0, 0, -0.05258, 0, 0, 0], "top_logit_ablation_tokens_str": [["<META>", "<META>", "<META>", "<META>", "<META>", "ions", "<META>", "<META>", "<META>"], ["<EOT>", "<EOT>", "<EOT>", "<EOT>", "<EOT>", "ivities", "<EOT>", "<EOT>", "<EOT>"], ["<META_START>", "<META_START>", "<META_START>", "<META_START>", "<META_START>", "eurs", "<META_START>", "<META_START>", "<META_START>"], ["<SOS>", "<SOS>", "<SOS>", "<SOS>", "<SOS>", "utions", "<SOS>", "<SOS>", "<SOS>"], ["<META_END>", "<META_END>", "<META_END>", "<META_END>", "<META_END>", "erous", "<META_END>", "<META_END>", "<META_END>"]], "bottom_logit_ablation_tokens_str": [["<META>", "<META>", "<META>", "<META>", "<META>", "roid", "<META>", "<META>", "<META>"], ["<EOT>", "<EOT>", "<EOT>", "<EOT>", "<EOT>", "ughter", "<EOT>", "<EOT>", "<EOT>"], ["<META_START>", "<META_START>", "<META_START>", "<META_START>", "<META_START>", "heet", "<META_START>", "<META_START>", "<META_START>"], ["<SOS>", "<SOS>", "<SOS>", "<SOS>", "<SOS>", "shirt", "<SOS>", "<SOS>", "<SOS>"], ["<META_END>", "<META_END>", "<META_END>", "<META_END>", "<META_END>", "?'", "<META_END>", "<META_END>", "<META_END>"]], "top_logit_ablation_values": [[0, 0, 0, 0, 0, 1.546, 0, 0, 0], [0, 0, 0, 0, 0, 1.529, 0, 0, 0], [0, 0, 0, 0, 0, 1.51, 0, 0, 0], [0, 0, 0, 0, 0, 1.509, 0, 0, 0], [0, 0, 0, 0, 0, 1.502, 0, 0, 0]], "bottom_logit_ablation_values": [[0, 0, 0, 0, 0, 0.2181, 0, 0, 0], [0, 0, 0, 0, 0, 0.2256, 0, 0, 0], [0, 0, 0, 0, 0, 0.2373, 0, 0, 0], [0, 0, 0, 0, 0, 0.2379, 0, 0, 0], [0, 0, 0, 0, 0, 0.24, 0, 0, 0]], "residual_loss_ablation": [0.5591, 0.05092, 0.5676, 5.151, 0.2431, 1.93, 0.4682, -0.5138, 0]}}, {"tokens_str_list": [" old", " topic", " (", "not", " entirely", " sure", " why", " thats", " a"], "tokens_acts_list": [0, 0, 0, 0, 0.4916, 0, 0, 0, 0], "train_token_ind": 4, "is_repeated_datapoint": 0, "datapoint_ind": 72925984, "ablations": {"loss_ablation": [0, 0, 0, 0, 0, -0.01951, 0, 0, 0], "top_logit_ablation_tokens_str": [["<META>", "<META>", "<META>", "<META>", "<META>", "ivities", "<META>", "<META>", "<META>"], ["<EOT>", "<EOT>", "<EOT>", "<EOT>", "<EOT>", "ions", "<EOT>", "<EOT>", "<EOT>"], ["<META_START>", "<META_START>", "<META_START>", "<META_START>", "<META_START>", "erous", "<META_START>", "<META_START>", "<META_START>"], ["<SOS>", "<SOS>", "<SOS>", "<SOS>", "<SOS>", "erable", "<SOS>", "<SOS>", "<SOS>"], ["<META_END>", "<META_END>", "<META_END>", "<META_END>", "<META_END>", "ogly", "<META_END>", "<META_END>", "<META_END>"]], "bottom_logit_ablation_tokens_str": [["<META>", "<META>", "<META>", "<META>", "<META>", "ughter", "<META>", "<META>", "<META>"], ["<EOT>", "<EOT>", "<EOT>", "<EOT>", "<EOT>", "roid", "<EOT>", "<EOT>", "<EOT>"], ["<META_START>", "<META_START>", "<META_START>", "<META_START>", "<META_START>", "shirt", "<META_START>", "<META_START>", "<META_START>"], ["<SOS>", "<SOS>", "<SOS>", "<SOS>", "<SOS>", "book", "<SOS>", "<SOS>", "<SOS>"], ["<META_END>", "<META_END>", "<META_END>", "<META_END>", "<META_END>", " Morning", "<META_END>", "<META_END>", "<META_END>"]], "top_logit_ablation_values": [[0, 0, 0, 0, 0, 0.7676, 0, 0, 0], [0, 0, 0, 0, 0, 0.7538, 0, 0, 0], [0, 0, 0, 0, 0, 0.7514, 0, 0, 0], [0, 0, 0, 0, 0, 0.7441, 0, 0, 0], [0, 0, 0, 0, 0, 0.7365, 0, 0, 0]], "bottom_logit_ablation_values": [[0, 0, 0, 0, 0, 0.1177, 0, 0, 0], [0, 0, 0, 0, 0, 0.132, 0, 0, 0], [0, 0, 0, 0, 0, 0.1341, 0, 0, 0], [0, 0, 0, 0, 0, 0.1427, 0, 0, 0], [0, 0, 0, 0, 0, 0.1447, 0, 0, 0]], "residual_loss_ablation": [1.649, -0.9952, -0.2815, -0.6566, -1.431, 7.321, -0.4655, 0.3301, 0]}}, {"tokens_str_list": [" conditions", ".", " In", " contrast", ",", " 5", "-", "HT", "~"], "tokens_acts_list": [0, 0, 0, 0, 0.299, 0, 0, 0, 0], "train_token_ind": 4, "is_repeated_datapoint": 0, "datapoint_ind": 44862297, "ablations": {"loss_ablation": [0, 0, 0, 0, 0, 0.02899, 0, 0, 0], "top_logit_ablation_tokens_str": [["<META>", "<META>", "<META>", "<META>", "<META>", "ions", "<META>", "<META>", "<META>"], ["<EOT>", "<EOT>", "<EOT>", "<EOT>", "<EOT>", "ivities", "<EOT>", "<EOT>", "<EOT>"], ["<META_START>", "<META_START>", "<META_START>", "<META_START>", "<META_START>", "ateral", "<META_START>", "<META_START>", "<META_START>"], ["<SOS>", "<SOS>", "<SOS>", "<SOS>", "<SOS>", "erous", "<SOS>", "<SOS>", "<SOS>"], ["<META_END>", "<META_END>", "<META_END>", "<META_END>", "<META_END>", "eurs", "<META_END>", "<META_END>", "<META_END>"]], "bottom_logit_ablation_tokens_str": [["<META>", "<META>", "<META>", "<META>", "<META>", "roid", "<META>", "<META>", "<META>"], ["<EOT>", "<EOT>", "<EOT>", "<EOT>", "<EOT>", "shirt", "<EOT>", "<EOT>", "<EOT>"], ["<META_START>", "<META_START>", "<META_START>", "<META_START>", "<META_START>", "?'", "<META_START>", "<META_START>", "<META_START>"], ["<SOS>", "<SOS>", "<SOS>", "<SOS>", "<SOS>", "'?", "<SOS>", "<SOS>", "<SOS>"], ["<META_END>", "<META_END>", "<META_END>", "<META_END>", "<META_END>", "heet", "<META_END>", "<META_END>", "<META_END>"]], "top_logit_ablation_values": [[0, 0, 0, 0, 0, 0.4694, 0, 0, 0], [0, 0, 0, 0, 0, 0.4652, 0, 0, 0], [0, 0, 0, 0, 0, 0.4599, 0, 0, 0], [0, 0, 0, 0, 0, 0.4577, 0, 0, 0], [0, 0, 0, 0, 0, 0.4562, 0, 0, 0]], "bottom_logit_ablation_values": [[0, 0, 0, 0, 0, 0.0191, 0, 0, 0], [0, 0, 0, 0, 0, 0.02028, 0, 0, 0], [0, 0, 0, 0, 0, 0.02179, 0, 0, 0], [0, 0, 0, 0, 0, 0.02336, 0, 0, 0], [0, 0, 0, 0, 0, 0.02337, 0, 0, 0]], "residual_loss_ablation": [1.046, 0.2116, -0.3119, 0.5894, -0.1229, 2.026, -0.1312, 6.317, 0]}}, {"tokens_str_list": ["root", "           ", " (", "hd", "#,", "#", ")\"", "\n", "<"], "tokens_acts_list": [0, 0, 0, 0, 0.1301, 0, 0, 0, 0], "train_token_ind": 4, "is_repeated_datapoint": 0, "datapoint_ind": 33746144, "ablations": {"loss_ablation": [0, 0, 0, 0, 0, 0.0116, 0, 0, 0], "top_logit_ablation_tokens_str": [["<META>", "<META>", "<META>", "<META>", "<META>", "erable", "<META>", "<META>", "<META>"], ["<EOT>", "<EOT>", "<EOT>", "<EOT>", "<EOT>", "ions", "<EOT>", "<EOT>", "<EOT>"], ["<META_START>", "<META_START>", "<META_START>", "<META_START>", "<META_START>", "ivities", "<META_START>", "<META_START>", "<META_START>"], ["<SOS>", "<SOS>", "<SOS>", "<SOS>", "<SOS>", "erous", "<SOS>", "<SOS>", "<SOS>"], ["<META_END>", "<META_END>", "<META_END>", "<META_END>", "<META_END>", "ences", "<META_END>", "<META_END>", "<META_END>"]],