{"index": 3101, "act_buckets": [0, 1, 0, 2, 0, 0, 0, 0, 0, 0, 0, 1, 0, 1, 0, 0, 0, 0, 1, 0, 0, 0, 0, 0, 0, 0, 0, 0, 0, 0, 1, 0, 0, 0, 0, 0, 0, 0, 0, 1], "act_bucket_edges": [0, 0.01354, 0.02707, 0.04061, 0.05415, 0.06768, 0.08122, 0.09475, 0.1083, 0.1218, 0.1354, 0.1489, 0.1624, 0.176, 0.1895, 0.203, 0.2166, 0.2301, 0.2437, 0.2572, 0.2707, 0.2843, 0.2978, 0.3113, 0.3249, 0.3384, 0.3519, 0.3655, 0.379, 0.3926, 0.4061, 0.4196, 0.4332, 0.4467, 0.4602, 0.4738, 0.4873, 0.5008, 0.5144, 0.5279, 0.5415], "logit_buckets": [1, 1, 3, 6, 12, 40, 58, 132, 215, 374, 522, 741, 1171, 1726, 2609, 3432, 4390, 5314, 6180, 6600, 6682, 6124, 5534, 7371, 2752, 1462, 852, 512, 315, 177, 97, 64, 26, 19, 6, 6, 5, 3, 1, 1], "logit_bucket_edges": [-0.4221, -0.4009, -0.3797, -0.3584, -0.3372, -0.316, -0.2947, -0.2735, -0.2523, -0.2311, -0.2098, -0.1886, -0.1674, -0.1461, -0.1249, -0.1037, -0.08246, -0.06123, -0.04, -0.01877, 0.002455, 0.02368, 0.04491, 0.06614, 0.08737, 0.1086, 0.1298, 0.1511, 0.1723, 0.1935, 0.2147, 0.236, 0.2572, 0.2784, 0.2997, 0.3209, 0.3421, 0.3633, 0.3846, 0.4058, 0.427], "examples_quantiles": [{"quantile_name": "Top Activations", "quantile_max_act": 0.5415, "examples": [{"tokens_str_list": [".", "\n", "\n", "In", " the", " conditions", " of", " Definition", " 2"], "tokens_acts_list": [0, 0, 0, 0, 0.5415, 0, 0, 0, 0], "train_token_ind": 4, "is_repeated_datapoint": 0, "datapoint_ind": 26340538, "ablations": {"loss_ablation": [0, 0, 0, 0, 0, 0.002529, 0, 0, 0], "top_logit_ablation_tokens_str": [["<META>", "<META>", "<META>", "<META>", "<META>", "=======================", "<META>", "<META>", "<META>"], ["<EOT>", "<EOT>", "<EOT>", "<EOT>", "<EOT>", "\u00dfer", "<EOT>", "<EOT>", "<EOT>"], ["<META_START>", "<META_START>", "<META_START>", "<META_START>", "<META_START>", "was", "<META_START>", "<META_START>", "<META_START>"], ["<SOS>", "<SOS>", "<SOS>", "<SOS>", "<SOS>", "fully", "<SOS>", "<SOS>", "<SOS>"], ["<META_END>", "<META_END>", "<META_END>", "<META_END>", "<META_END>", "igen", "<META_END>", "<META_END>", "<META_END>"]], "bottom_logit_ablation_tokens_str": [["<META>", "<META>", "<META>", "<META>", "<META>", "odore", "<META>", "<META>", "<META>"], ["<EOT>", "<EOT>", "<EOT>", "<EOT>", "<EOT>", "weet", "<EOT>", "<EOT>", "<EOT>"], ["<META_START>", "<META_START>", "<META_START>", "<META_START>", "<META_START>", " charset", "<META_START>", "<META_START>", "<META_START>"], ["<SOS>", "<SOS>", "<SOS>", "<SOS>", "<SOS>", " diabetes", "<SOS>", "<SOS>", "<SOS>"], ["<META_END>", "<META_END>", "<META_END>", "<META_END>", "<META_END>", "\u00fablic", "<META_END>", "<META_END>", "<META_END>"]], "top_logit_ablation_values": [[0, 0, 0, 0, 0, 0.8931, 0, 0, 0], [0, 0, 0, 0, 0, 0.8346, 0, 0, 0], [0, 0, 0, 0, 0, 0.8331, 0, 0, 0], [0, 0, 0, 0, 0, 0.8217, 0, 0, 0], [0, 0, 0, 0, 0, 0.8127, 0, 0, 0]], "bottom_logit_ablation_values": [[0, 0, 0, 0, 0, -0.1225, 0, 0, 0], [0, 0, 0, 0, 0, -0.08705, 0, 0, 0], [0, 0, 0, 0, 0, -0.0661, 0, 0, 0], [0, 0, 0, 0, 0, -0.06144, 0, 0, 0], [0, 0, 0, 0, 0, -0.05476, 0, 0, 0]], "residual_loss_ablation": [2.005, 0.1299, 0.2012, -0.02559, -0.5824, 1.777, 0.3678, 0.1318, 0]}}, {"tokens_str_list": [" old", " topic", " (", "not", " entirely", " sure", " why", " thats", " a"], "tokens_acts_list": [0, 0, 0, 0, 0.4124, 0, 0, 0, 0], "train_token_ind": 4, "is_repeated_datapoint": 0, "datapoint_ind": 72925984, "ablations": {"loss_ablation": [0, 0, 0, 0, 0, -0.2617, 0, 0, 0], "top_logit_ablation_tokens_str": [["<META>", "<META>", "<META>", "<META>", "<META>", "=======================", "<META>", "<META>", "<META>"], ["<EOT>", "<EOT>", "<EOT>", "<EOT>", "<EOT>", "fully", "<EOT>", "<EOT>", "<EOT>"], ["<META_START>", "<META_START>", "<META_START>", "<META_START>", "<META_START>", "was", "<META_START>", "<META_START>", "<META_START>"], ["<SOS>", "<SOS>", "<SOS>", "<SOS>", "<SOS>", " sure", "<SOS>", "<SOS>", "<SOS>"], ["<META_END>", "<META_END>", "<META_END>", "<META_END>", "<META_END>", "\u00dfer", "<META_END>", "<META_END>", "<META_END>"]], "bottom_logit_ablation_tokens_str": [["<META>", "<META>", "<META>", "<META>", "<META>", "odore", "<META>", "<META>", "<META>"], ["<EOT>", "<EOT>", "<EOT>", "<EOT>", "<EOT>", "weet", "<EOT>", "<EOT>", "<EOT>"], ["<META_START>", "<META_START>", "<META_START>", "<META_START>", "<META_START>", " diabetes", "<META_START>", "<META_START>", "<META_START>"], ["<SOS>", "<SOS>", "<SOS>", "<SOS>", "<SOS>", " charset", "<SOS>", "<SOS>", "<SOS>"], ["<META_END>", "<META_END>", "<META_END>", "<META_END>", "<META_END>", "\u00fablic", "<META_END>", "<META_END>", "<META_END>"]], "top_logit_ablation_values": [[0, 0, 0, 0, 0, 0.5829, 0, 0, 0], [0, 0, 0, 0, 0, 0.5518, 0, 0, 0], [0, 0, 0, 0, 0, 0.55, 0, 0, 0], [0, 0, 0, 0, 0, 0.5471, 0, 0, 0], [0, 0, 0, 0, 0, 0.545, 0, 0, 0]], "bottom_logit_ablation_values": [[0, 0, 0, 0, 0, -0.04638, 0, 0, 0], [0, 0, 0, 0, 0, -0.02208, 0, 0, 0], [0, 0, 0, 0, 0, -0.002877, 0, 0, 0], [0, 0, 0, 0, 0, -0.001125, 0, 0, 0], [0, 0, 0, 0, 0, 0.001557, 0, 0, 0]], "residual_loss_ablation": [1.649, -0.9952, -0.2815, -0.6566, -1.431, 7.321, -0.4655, 0.3301, 0]}}, {"tokens_str_list": ["'", " just", " cannot", " start", ",", " one", " error", " happens", " below"], "tokens_acts_list": [0, 0, 0, 0, 0.2453, 0, 0, 0, 0], "train_token_ind": 4, "is_repeated_datapoint": 0, "datapoint_ind": 10543966, "ablations": {"loss_ablation": [0, 0, 0, 0, 0, 0.00879, 0, 0, 0], "top_logit_ablation_tokens_str": [["<META>", "<META>", "<META>", "<META>", "<META>", "=======================", "<META>", "<META>", "<META>"], ["<EOT>", "<EOT>", "<EOT>", "<EOT>", "<EOT>", "was", "<EOT>", "<EOT>", "<EOT>"], ["<META_START>", "<META_START>", "<META_START>", "<META_START>", "<META_START>", "fully", "<META_START>", "<META_START>", "<META_START>"], ["<SOS>", "<SOS>", "<SOS>", "<SOS>", "<SOS>", "\u00dfer", "<SOS>", "<SOS>", "<SOS>"], ["<META_END>", "<META_END>", "<META_END>", "<META_END>", "<META_END>", " sure", "<META_END>", "<META_END>", "<META_END>"]], "bottom_logit_ablation_tokens_str": [["<META>", "<META>", "<META>", "<META>", "<META>", "odore", "<META>", "<META>", "<META>"], ["<EOT>", "<EOT>", "<EOT>", "<EOT>", "<EOT>", "weet", "<EOT>", "<EOT>", "<EOT>"], ["<META_START>", "<META_START>", "<META_START>", "<META_START>", "<META_START>", "\u00fablic", "<META_START>", "<META_START>", "<META_START>"], ["<SOS>", "<SOS>", "<SOS>", "<SOS>", "<SOS>", " diabetes", "<SOS>", "<SOS>", "<SOS>"], ["<META_END>", "<META_END>", "<META_END>", "<META_END>", "<META_END>", " charset", "<META_END>", "<META_END>", "<META_END>"]], "top_logit_ablation_values": [[0, 0, 0, 0, 0, 0.3362, 0, 0, 0], [0, 0, 0, 0, 0, 0.3196, 0, 0, 0], [0, 0, 0, 0, 0, 0.3184, 0, 0, 0], [0, 0, 0, 0, 0, 0.3174, 0, 0, 0], [0, 0, 0, 0, 0, 0.3124, 0, 0, 0]], "bottom_logit_ablation_values": [[0, 0, 0, 0, 0, -0.02209, 0, 0, 0], [0, 0, 0, 0, 0, -0.01034, 0, 0, 0], [0, 0, 0, 0, 0, -0.003512, 0, 0, 0], [0, 0, 0, 0, 0, 0.0003166, 0, 0, 0], [0, 0, 0, 0, 0, 0.002838, 0, 0, 0]], "residual_loss_ablation": [3.059, 1.205, 1.724, 0.3168, 0.04866, -1.523, 4.476, 2.45, 0]}}, {"tokens_str_list": ["\u884c", "\u3059\u308b", "\\xe9\\x81", "\\x8b", "\\xe8\\xbb", "\\xa2", "\\xe5\\xb8", "\\xad", "\u306a"], "tokens_acts_list": [0, 0, 0, 0, 0.1787, 0, 0, 0, 0], "train_token_ind": 4, "is_repeated_datapoint": 0, "datapoint_ind": 18281307, "ablations": {"loss_ablation": [0, 0, 0, 0, 0, 0.003666, 0, 0, 0], "top_logit_ablation_tokens_str": [["<META>", "<META>", "<META>", "<META>", "<META>", "=======================", "<META>", "<META>", "<META>"], ["<EOT>", "<EOT>", "<EOT>", "<EOT>", "<EOT>", "\u00dfer", "<EOT>", "<EOT>", "<EOT>"], ["<META_START>", "<META_START>", "<META_START>", "<META_START>", "<META_START>", "was", "<META_START>", "<META_START>", "<META_START>"], ["<SOS>", "<SOS>", "<SOS>", "<SOS>", "<SOS>", "fully", "<SOS>", "<SOS>", "<SOS>"], ["<META_END>", "<META_END>", "<META_END>", "<META_END>", "<META_END>", "igen", "<META_END>", "<META_END>", "<META_END>"]],