{"index": 3103, "act_buckets": [0, 0, 1, 1, 1, 0, 0, 0, 0, 0, 1, 0, 0, 0, 0, 0, 0, 0, 0, 0, 0, 0, 0, 0, 0, 0, 0, 0, 0, 0, 0, 0, 0, 0, 0, 0, 0, 0, 0, 1], "act_bucket_edges": [0, 0.03192, 0.06385, 0.09577, 0.1277, 0.1596, 0.1915, 0.2235, 0.2554, 0.2873, 0.3192, 0.3512, 0.3831, 0.415, 0.4469, 0.4789, 0.5108, 0.5427, 0.5746, 0.6065, 0.6385, 0.6704, 0.7023, 0.7342, 0.7662, 0.7981, 0.83, 0.8619, 0.8939, 0.9258, 0.9577, 0.9896, 1.022, 1.053, 1.085, 1.117, 1.149, 1.181, 1.213, 1.245, 1.277], "logit_buckets": [5, 2, 2, 10, 14, 34, 55, 93, 160, 309, 515, 782, 1201, 1860, 3866, 5192, 5557, 6460, 6962, 6743, 6168, 5306, 4212, 3174, 2390, 1607, 1127, 679, 423, 288, 157, 92, 35, 29, 14, 8, 3, 1, 0, 1], "logit_bucket_edges": [-0.3531, -0.3345, -0.3159, -0.2972, -0.2786, -0.26, -0.2413, -0.2227, -0.2041, -0.1855, -0.1668, -0.1482, -0.1296, -0.1109, -0.0923, -0.07366, -0.05503, -0.0364, -0.01777, 0.0008605, 0.01949, 0.03812, 0.05675, 0.07539, 0.09402, 0.1126, 0.1313, 0.1499, 0.1685, 0.1872, 0.2058, 0.2244, 0.2431, 0.2617, 0.2803, 0.299, 0.3176, 0.3362, 0.3549, 0.3735, 0.3921], "examples_quantiles": [{"quantile_name": "Top Activations", "quantile_max_act": 1.277, "examples": [{"tokens_str_list": ["\\", "bigg", "(\\", "frac", " {\\", "vart", "he", "ta", "_{"], "tokens_acts_list": [0, 0, 0, 0, 1.277, 0, 0, 0, 0], "train_token_ind": 4, "is_repeated_datapoint": 0, "datapoint_ind": 1954732, "ablations": {"loss_ablation": [0, 0, 0, 0, 0, -0.003498, 0, 0, 0], "top_logit_ablation_tokens_str": [["<META>", "<META>", "<META>", "<META>", "<META>", "gow", "<META>", "<META>", "<META>"], ["<EOT>", "<EOT>", "<EOT>", "<EOT>", "<EOT>", "thon", "<EOT>", "<EOT>", "<EOT>"], ["<META_START>", "<META_START>", "<META_START>", "<META_START>", "<META_START>", " advantages", "<META_START>", "<META_START>", "<META_START>"], ["<SOS>", "<SOS>", "<SOS>", "<SOS>", "<SOS>", "onite", "<SOS>", "<SOS>", "<SOS>"], ["<META_END>", "<META_END>", "<META_END>", "<META_END>", "<META_END>", "gypt", "<META_END>", "<META_END>", "<META_END>"]], "bottom_logit_ablation_tokens_str": [["<META>", "<META>", "<META>", "<META>", "<META>", "*)", "<META>", "<META>", "<META>"], ["<EOT>", "<EOT>", "<EOT>", "<EOT>", "<EOT>", "unnumbered", "<EOT>", "<EOT>", "<EOT>"], ["<META_START>", "<META_START>", "<META_START>", "<META_START>", "<META_START>", "lace", "<META_START>", "<META_START>", "<META_START>"], ["<SOS>", "<SOS>", "<SOS>", "<SOS>", "<SOS>", "'d", "<SOS>", "<SOS>", "<SOS>"], ["<META_END>", "<META_END>", "<META_END>", "<META_END>", "<META_END>", "ulous", "<META_END>", "<META_END>", "<META_END>"]], "top_logit_ablation_values": [[0, 0, 0, 0, 0, 0.4087, 0, 0, 0], [0, 0, 0, 0, 0, 0.397, 0, 0, 0], [0, 0, 0, 0, 0, 0.3722, 0, 0, 0], [0, 0, 0, 0, 0, 0.3515, 0, 0, 0], [0, 0, 0, 0, 0, 0.3514, 0, 0, 0]], "bottom_logit_ablation_values": [[0, 0, 0, 0, 0, -1.304, 0, 0, 0], [0, 0, 0, 0, 0, -1.208, 0, 0, 0], [0, 0, 0, 0, 0, -1.148, 0, 0, 0], [0, 0, 0, 0, 0, -1.147, 0, 0, 0], [0, 0, 0, 0, 0, -1.103, 0, 0, 0]], "residual_loss_ablation": [-0.8725, 4.317, 1.238, 1.696, 0.1535, 2.122, 5.199, 7.429, 0]}}, {"tokens_str_list": [" 1", " 2", " 1", " 1", " 1", " 1", " 1", " 2", " 1"], "tokens_acts_list": [0, 0, 0, 0.2371, 0.3491, 0.2587, 0.02803, 0, 0], "train_token_ind": 4, "is_repeated_datapoint": 0, "datapoint_ind": 36101591, "ablations": {"loss_ablation": [0, 0, 0, 0, -0.03542, -0.05547, -0.04393, -0.007024, 0], "top_logit_ablation_tokens_str": [["<META>", "<META>", "<META>", "<META>", "onite", "onite", "onite", "onite", "<META>"], ["<EOT>", "<EOT>", "<EOT>", "<EOT>", "gow", "gow", "gow", " of", "<EOT>"], ["<META_START>", "<META_START>", "<META_START>", "<META_START>", " Geographic", "gypt", " Geographic", " Fact", "<META_START>"], ["<SOS>", "<SOS>", "<SOS>", "<SOS>", "gypt", " Geographic", "gypt", "TAIN", "<SOS>"], ["<META_END>", "<META_END>", "<META_END>", "<META_END>", " advantages", " advantages", "thon", "oph", "<META_END>"]], "bottom_logit_ablation_tokens_str": [["<META>", "<META>", "<META>", "<META>", "*)", "*)", "*)", "amsfonts", "<META>"], ["<EOT>", "<EOT>", "<EOT>", "<EOT>", "'d", "'d", "'d", "ibly", "<EOT>"], ["<META_START>", "<META_START>", "<META_START>", "<META_START>", "ibly", "mitted", "ibly", "*)", "<META_START>"], ["<SOS>", "<SOS>", "<SOS>", "<SOS>", "mitted", "ibly", "mitted", "unnumbered", "<SOS>"], ["<META_END>", "<META_END>", "<META_END>", "<META_END>", "iating", "iating", "iating", " sender", "<META_END>"]], "top_logit_ablation_values": [[0, 0, 0, 0, 0.01104, 0.01739, 0.007641, -0.0008678, 0], [0, 0, 0, 0, 0.004736, 0.01462, 0.002184, -0.0009098, 0], [0, 0, 0, 0, -0.003445, -0.003109, -0.01014, -0.0009346, 0], [0, 0, 0, 0, -0.005327, -0.004343, -0.0116, -0.001007, 0], [0, 0, 0, 0, -0.006168, -0.006407, -0.01241, -0.001297, 0]], "bottom_logit_ablation_values": [[0, 0, 0, 0, -0.342, -0.5166, -0.3904, -0.03901, 0], [0, 0, 0, 0, -0.3172, -0.4722, -0.3625, -0.03861, 0], [0, 0, 0, 0, -0.3144, -0.4719, -0.3622, -0.03757, 0], [0, 0, 0, 0, -0.3144, -0.4699, -0.3617, -0.03739, 0], [0, 0, 0, 0, -0.3136, -0.4672, -0.3607, -0.03599, 0]], "residual_loss_ablation": [-1.488, -1.693, -0.8554, -0.8203, -0.509, -0.2253, 0.01279, -0.209, 0]}}, {"tokens_str_list": ["Text", " in", " fl", "align", "/", "align", "\n", "\n", "My"], "tokens_acts_list": [0, 0, 0, 0, 0.1511, 0, 0, 0, 0], "train_token_ind": 4, "is_repeated_datapoint": 0, "datapoint_ind": 38389465, "ablations": {"loss_ablation": [0, 0, 0, 0, 0, 0.01482, 0, 0, 0], "top_logit_ablation_tokens_str": [["<META>", "<META>", "<META>", "<META>", "<META>", "onite", "<META>", "<META>", "<META>"], ["<EOT>", "<EOT>", "<EOT>", "<EOT>", "<EOT>", "gow", "<EOT>", "<EOT>", "<EOT>"], ["<META_START>", "<META_START>", "<META_START>", "<META_START>", "<META_START>", "oph", "<META_START>", "<META_START>", "<META_START>"], ["<SOS>", "<SOS>", "<SOS>", "<SOS>", "<SOS>", "gypt", "<SOS>", "<SOS>", "<SOS>"], ["<META_END>", "<META_END>", "<META_END>", "<META_END>", "<META_END>", "\u0441\u0441", "<META_END>", "<META_END>", "<META_END>"]], "bottom_logit_ablation_tokens_str": [["<META>", "<META>", "<META>", "<META>", "<META>", "*)", "<META>", "<META>", "<META>"], ["<EOT>", "<EOT>", "<EOT>", "<EOT>", "<EOT>", "'d", "<EOT>", "<EOT>", "<EOT>"], ["<META_START>", "<META_START>", "<META_START>", "<META_START>", "<META_START>", "'ll", "<META_START>", "<META_START>", "<META_START>"], ["<SOS>", "<SOS>", "<SOS>", "<SOS>", "<SOS>", " accident", "<SOS>", "<SOS>", "<SOS>"], ["<META_END>", "<META_END>", "<META_END>", "<META_END>", "<META_END>", "'</", "<META_END>", "<META_END>", "<META_END>"]], "top_logit_ablation_values": [[0, 0, 0, 0, 0, 0.07054, 0, 0, 0], [0, 0, 0, 0, 0, 0.06907, 0, 0, 0], [0, 0, 0, 0, 0, 0.06112, 0, 0, 0], [0, 0, 0, 0, 0, 0.06011, 0, 0, 0], [0, 0, 0, 0, 0, 0.05955, 0, 0, 0]], "bottom_logit_ablation_values": [[0, 0, 0, 0, 0, -0.1098, 0, 0, 0], [0, 0, 0, 0, 0, -0.1037, 0, 0, 0], [0, 0, 0, 0, 0, -0.09306, 0, 0, 0], [0, 0, 0, 0, 0, -0.09229, 0, 0, 0], [0, 0, 0, 0, 0, -0.09125, 0, 0, 0]], "residual_loss_ablation": [1.167, 0.4374, 2.069, 0.3604, 1.405, 0.2887, 2.857, 0.4054, 0]}}, {"tokens_str_list": [":", "\n", "\n", "Find", " and", " copy", " FORM", " tag", "\n"], "tokens_acts_list": [0, 0, 0, 0, 0.1182, 0, 0, 0, 0], "train_token_ind": 4, "is_repeated_datapoint": 0, "datapoint_ind": 46122956, "ablations": {"loss_ablation": [0, 0, 0, 0, 0, 0.01854, 0, 0, 0], "top_logit_ablation_tokens_str": [["<META>", "<META>", "<META>", "<META>", "<META>", "yn", "<META>", "<META>", "<META>"], ["<EOT>", "<EOT>", "<EOT>", "<EOT>", "<EOT>", "gow", "<EOT>", "<EOT>", "<EOT>"], ["<META_START>", "<META_START>", "<META_START>", "<META_START>", "<META_START>", " advantages", "<META_START>", "<META_START>", "<META_START>"], ["<SOS>", "<SOS>", "<SOS>", "<SOS>", "<SOS>", "onite", "<SOS>", "<SOS>", "<SOS>"], ["<META_END>", "<META_END>", "<META_END>", "<META_END>", "<META_END>", "\u0441\u0441", "<META_END>", "<META_END>", "<META_END>"]],