{"index": 3117, "act_buckets": [0, 0, 0, 0, 1, 0, 0, 0, 0, 0, 0, 0, 0, 0, 0, 1, 0, 0, 0, 0, 0, 0, 0, 0, 0, 0, 0, 0, 0, 0, 0, 0, 0, 0, 0, 0, 0, 0, 0, 1], "act_bucket_edges": [0, 0.01053, 0.02106, 0.03159, 0.04212, 0.05265, 0.06319, 0.07372, 0.08425, 0.09478, 0.1053, 0.1158, 0.1264, 0.1369, 0.1474, 0.158, 0.1685, 0.179, 0.1896, 0.2001, 0.2106, 0.2211, 0.2317, 0.2422, 0.2527, 0.2633, 0.2738, 0.2843, 0.2949, 0.3054, 0.3159, 0.3265, 0.337, 0.3475, 0.358, 0.3686, 0.3791, 0.3896, 0.4002, 0.4107, 0.4212], "logit_buckets": [1, 1, 0, 11, 3, 9, 23, 38, 67, 134, 241, 299, 481, 728, 1086, 1617, 2259, 4989, 6089, 7381, 8276, 8264, 7476, 5882, 4094, 2568, 1541, 900, 492, 274, 137, 88, 35, 17, 11, 8, 2, 5, 5, 4], "logit_bucket_edges": [-0.457, -0.4351, -0.4133, -0.3914, -0.3695, -0.3476, -0.3257, -0.3038, -0.282, -0.2601, -0.2382, -0.2163, -0.1944, -0.1725, -0.1507, -0.1288, -0.1069, -0.08502, -0.06313, -0.04125, -0.01937, 0.002513, 0.0244, 0.04628, 0.06816, 0.09004, 0.1119, 0.1338, 0.1557, 0.1776, 0.1995, 0.2213, 0.2432, 0.2651, 0.287, 0.3089, 0.3308, 0.3526, 0.3745, 0.3964, 0.4183], "examples_quantiles": [{"quantile_name": "Top Activations", "quantile_max_act": 0.4212, "examples": [{"tokens_str_list": [" 1", " 2", " 1", " 1", " 1", " 1", " 1", " 2", " 1"], "tokens_acts_list": [0.1675, 0, 0.3264, 0.4025, 0.4212, 0.3618, 0.2581, 0, 0], "train_token_ind": 4, "is_repeated_datapoint": 0, "datapoint_ind": 36101591, "ablations": {"loss_ablation": [0, 0.02012, 0, 0.001912, 0.005398, 0.0005538, -0.005882, 0.01423, 0], "top_logit_ablation_tokens_str": [["<META>", "atic", "<META>", "atic", "atic", "atic", "atic", "atic", "<META>"], ["<EOT>", "Ct", "<EOT>", "Ct", "Ct", "Ct", "Ct", "Ct", "<EOT>"], ["<META_START>", "odo", "<META_START>", "odo", "odo", "odo", "odo", "odo", "<META_START>"], ["<SOS>", "atically", "<SOS>", "atically", "atically", "'s", "'s", "'s", "<SOS>"], ["<META_END>", "or", "<META_END>", "'s", "ector", "atically", "or", "or", "<META_END>"]], "bottom_logit_ablation_tokens_str": [["<META>", "\n     ", "<META>", "\n      ", "\n      ", "\n      ", ".\u2019", ".\u2019", "<META>"], ["<EOT>", "\n      ", "<EOT>", "\n     ", "\n     ", ".\u2019", "?\u2019", "\u201d)", "<EOT>"], ["<META_START>", "?\u2019", "<META_START>", ".\u2019", ".\u2019", "\n     ", "\u201d)", "?\u2019", "<META_START>"], ["<SOS>", ".\u2019", "<SOS>", "?\u2019", "?\u2019", "?\u2019", "\n      ", "\n      ", "<SOS>"], ["<META_END>", "\n    ", "<META_END>", "aneous", "\u201d)", "\u201d)", "\n     ", "aneous", "<META_END>"]], "top_logit_ablation_values": [[0, 0.1464, 0, 0.2907, 0.3694, 0.3921, 0.3349, 0.2423, 0], [0, 0.1336, 0, 0.2803, 0.3561, 0.3776, 0.3259, 0.2357, 0], [0, 0.1324, 0, 0.2679, 0.3412, 0.3675, 0.3161, 0.2306, 0], [0, 0.1289, 0, 0.2501, 0.3198, 0.3475, 0.3049, 0.2249, 0], [0, 0.1235, 0, 0.2465, 0.3148, 0.3412, 0.3005, 0.2186, 0]], "bottom_logit_ablation_values": [[0, -0.1127, 0, -0.2187, -0.2749, -0.2788, -0.254, -0.1811, 0], [0, -0.1124, 0, -0.2182, -0.2738, -0.2776, -0.2494, -0.1801, 0], [0, -0.1094, 0, -0.2162, -0.2712, -0.2774, -0.2477, -0.1779, 0], [0, -0.1064, 0, -0.2161, -0.2687, -0.2736, -0.2471, -0.1762, 0], [0, -0.1054, 0, -0.2153, -0.264, -0.2663, -0.2433, -0.1755, 0]], "residual_loss_ablation": [-1.488, -1.693, -0.8554, -0.8203, -0.509, -0.2253, 0.01279, -0.209, 0]}}, {"tokens_str_list": ["<EOT>", " 1", " 1", " 1", " 1", " 0", " 1", " 0", " 0"], "tokens_acts_list": [0, 0, 0, 0, 0.1675, 0, 0.1325, 0, 0], "train_token_ind": 4, "is_repeated_datapoint": 0, "datapoint_ind": 49216374, "ablations": {"loss_ablation": [0, 0, 0, 0, 0, -0.01888, 0, -0.01649, 0], "top_logit_ablation_tokens_str": [["<META>", "<META>", "<META>", "<META>", "<META>", "atic", "<META>", "atic", "<META>"], ["<EOT>", "<EOT>", "<EOT>", "<EOT>", "<EOT>", "Ct", "<EOT>", "Ct", "<EOT>"], ["<META_START>", "<META_START>", "<META_START>", "<META_START>", "<META_START>", "odo", "<META_START>", "atically", "<META_START>"], ["<SOS>", "<SOS>", "<SOS>", "<SOS>", "<SOS>", "atically", "<SOS>", "odo", "<SOS>"], ["<META_END>", "<META_END>", "<META_END>", "<META_END>", "<META_END>", "or", "<META_END>", "aline", "<META_END>"]], "bottom_logit_ablation_tokens_str": [["<META>", "<META>", "<META>", "<META>", "<META>", "\n     ", "<META>", "\n     ", "<META>"], ["<EOT>", "<EOT>", "<EOT>", "<EOT>", "<EOT>", "\n      ", "<EOT>", "\n      ", "<EOT>"], ["<META_START>", "<META_START>", "<META_START>", "<META_START>", "<META_START>", "?\u2019", "<META_START>", ".\u2019", "<META_START>"], ["<SOS>", "<SOS>", "<SOS>", "<SOS>", "<SOS>", ".\u2019", "<SOS>", "\n    ", "<SOS>"], ["<META_END>", "<META_END>", "<META_END>", "<META_END>", "<META_END>", "\n    ", "<META_END>", "?\u2019", "<META_END>"]], "top_logit_ablation_values": [[0, 0, 0, 0, 0, 0.1464, 0, 0.1193, 0], [0, 0, 0, 0, 0, 0.1336, 0, 0.1113, 0], [0, 0, 0, 0, 0, 0.1324, 0, 0.105, 0], [0, 0, 0, 0, 0, 0.1289, 0, 0.1036, 0], [0, 0, 0, 0, 0, 0.1235, 0, 0.09864, 0]], "bottom_logit_ablation_values": [[0, 0, 0, 0, 0, -0.1127, 0, -0.08855, 0], [0, 0, 0, 0, 0, -0.1124, 0, -0.08585, 0], [0, 0, 0, 0, 0, -0.1094, 0, -0.08218, 0], [0, 0, 0, 0, 0, -0.1064, 0, -0.07946, 0], [0, 0, 0, 0, 0, -0.1054, 0, -0.0779, 0]], "residual_loss_ablation": [0, 0.09016, -1.705, -1.777, -1.488, -2.778, -0.9538, -2.696, 0]}}, {"tokens_str_list": [" 6", " 9", " 5", " 2", " 0", " project", " 92", " 40", " 33"], "tokens_acts_list": [0, 0, 0, 0, 0.04485, 0, 0, 0, 0], "train_token_ind": 4, "is_repeated_datapoint": 0, "datapoint_ind": 74268354, "ablations": {"loss_ablation": [0, 0, 0, 0, 0, 0.01121, 0, 0, 0], "top_logit_ablation_tokens_str": [["<META>", "<META>", "<META>", "<META>", "<META>", "Ct", "<META>", "<META>", "<META>"], ["<EOT>", "<EOT>", "<EOT>", "<EOT>", "<EOT>", "ector", "<EOT>", "<EOT>", "<EOT>"], ["<META_START>", "<META_START>", "<META_START>", "<META_START>", "<META_START>", "atically", "<META_START>", "<META_START>", "<META_START>"], ["<SOS>", "<SOS>", "<SOS>", "<SOS>", "<SOS>", "atic", "<SOS>", "<SOS>", "<SOS>"], ["<META_END>", "<META_END>", "<META_END>", "<META_END>", "<META_END>", "ity", "<META_END>", "<META_END>", "<META_END>"]], "bottom_logit_ablation_tokens_str": [["<META>", "<META>", "<META>", "<META>", "<META>", "?\u201d", "<META>", "<META>", "<META>"], ["<EOT>", "<EOT>", "<EOT>", "<EOT>", "<EOT>", "\u201d)", "<EOT>", "<EOT>", "<EOT>"], ["<META_START>", "<META_START>", "<META_START>", "<META_START>", "<META_START>", "\n    ", "<META_START>", "<META_START>", "<META_START>"], ["<SOS>", "<SOS>", "<SOS>", "<SOS>", "<SOS>", "\u201d).", "<SOS>", "<SOS>", "<SOS>"], ["<META_END>", "<META_END>", "<META_END>", "<META_END>", "<META_END>", "?\u2019", "<META_END>", "<META_END>", "<META_END>"]], "top_logit_ablation_values": [[0, 0, 0, 0, 0, 0.03779, 0, 0, 0], [0, 0, 0, 0, 0, 0.03701, 0, 0, 0], [0, 0, 0, 0, 0, 0.03542, 0, 0, 0], [0, 0, 0, 0, 0, 0.03497, 0, 0, 0], [0, 0, 0, 0, 0, 0.03482, 0, 0, 0]], "bottom_logit_ablation_values": [[0, 0, 0, 0, 0, -0.03624, 0, 0, 0], [0, 0, 0, 0, 0, -0.03592, 0, 0, 0], [0, 0, 0, 0, 0, -0.0345, 0, 0, 0], [0, 0, 0, 0, 0, -0.03396, 0, 0, 0], [0, 0, 0, 0, 0, -0.03389, 0, 0, 0]], "residual_loss_ablation": [0.05465, -0.8126, -0.6088, -0.6515, -2.694, 3.823, 2.631, 2.664, 0]}}]}], "statistics": {"density_frac": 3e-08, "global_max_act": 0.4212, "abs_max_neuron_weights": [0.1383, 0.1264, 0.1263], "abs_max_neuron_inds": [41, 363, 443], "l1_max_neuron_weights": [0.007799, 0.007127, 0.007123]}, "logit_effects": {"negatives": [["ector", -0.375], ["ological", -0.3769], ["leness", -0.3771], ["ly", -0.3773], ["matic", -0.3836], ["odo", -0.3838], ["or", -0.3853], ["aline", -0.3899], ["atically", -0.4309], ["atic", -0.457]], "positives": [["\u201d)", 0.4183], ["?\u2019", 0.4171], ["\n      ", 0.4042], [".\u2019", 0.3998], [",\u2019", 0.3934], ["\n     ", 0.3911], ["\u201d).", 0.3866], ["?\u201d", 0.3764], ["\n    ", 0.3753], ["\u201d", 0.3738]]}}