{"index": 312, "act_buckets": [1, 0, 0, 0, 0, 0, 1, 0, 0, 1, 0, 1, 0, 0, 1, 0, 0, 0, 1, 0, 0, 0, 0, 0, 0, 0, 0, 0, 0, 0, 0, 0, 0, 0, 0, 0, 0, 0, 0, 1], "act_bucket_edges": [0, 0.05051, 0.101, 0.1515, 0.202, 0.2526, 0.3031, 0.3536, 0.4041, 0.4546, 0.5051, 0.5556, 0.6061, 0.6566, 0.7071, 0.7577, 0.8082, 0.8587, 0.9092, 0.9597, 1.01, 1.061, 1.111, 1.162, 1.212, 1.263, 1.313, 1.364, 1.414, 1.465, 1.515, 1.566, 1.616, 1.667, 1.717, 1.768, 1.818, 1.869, 1.919, 1.97, 2.02], "logit_buckets": [1, 2, 0, 3, 6, 3, 3, 16, 28, 43, 66, 98, 168, 239, 1611, 1570, 1607, 2059, 2908, 3852, 4846, 5899, 6918, 7266, 6835, 5934, 4606, 3283, 2233, 1432, 866, 526, 299, 154, 83, 40, 19, 8, 4, 2], "logit_bucket_edges": [-0.5611, -0.5368, -0.5125, -0.4883, -0.464, -0.4397, -0.4154, -0.3911, -0.3669, -0.3426, -0.3183, -0.294, -0.2698, -0.2455, -0.2212, -0.1969, -0.1727, -0.1484, -0.1241, -0.09984, -0.07557, -0.05129, -0.02702, -0.00274, 0.02154, 0.04581, 0.07009, 0.09436, 0.1186, 0.1429, 0.1672, 0.1915, 0.2157, 0.24, 0.2643, 0.2886, 0.3128, 0.3371, 0.3614, 0.3857, 0.4099], "examples_quantiles": [{"quantile_name": "Top Activations", "quantile_max_act": 2.02, "examples": [{"tokens_str_list": ["\\x9d", "\\xe1\\x83", "\\x93", " \\xe1\\x83", "\\xac", "\u10d8\\xe1\\x83", "\\x9c", "\u10d0\\xe1\\x83", "\\xa1"], "tokens_acts_list": [0, 0, 0, 0, 2.02, 0, 0, 0, 0], "train_token_ind": 4, "is_repeated_datapoint": 0, "datapoint_ind": 54671983, "ablations": {"loss_ablation": [0, 0, 0, 0, 0, -0.009148, 0, 0, 0], "top_logit_ablation_tokens_str": [["<META>", "<META>", "<META>", "<META>", "<META>", "ation", "<META>", "<META>", "<META>"], ["<EOT>", "<EOT>", "<EOT>", "<EOT>", "<EOT>", "atic", "<EOT>", "<EOT>", "<EOT>"], ["<META_START>", "<META_START>", "<META_START>", "<META_START>", "<META_START>", "ened", "<META_START>", "<META_START>", "<META_START>"], ["<SOS>", "<SOS>", "<SOS>", "<SOS>", "<SOS>", "'s", "<SOS>", "<SOS>", "<SOS>"], ["<META_END>", "<META_END>", "<META_END>", "<META_END>", "<META_END>", "ated", "<META_END>", "<META_END>", "<META_END>"]], "bottom_logit_ablation_tokens_str": [["<META>", "<META>", "<META>", "<META>", "<META>", "\n\t", "<META>", "<META>", "<META>"], ["<EOT>", "<EOT>", "<EOT>", "<EOT>", "<EOT>", "\n\t\t", "<EOT>", "<EOT>", "<EOT>"], ["<META_START>", "<META_START>", "<META_START>", "<META_START>", "<META_START>", "pt", "<META_START>", "<META_START>", "<META_START>"], ["<SOS>", "<SOS>", "<SOS>", "<SOS>", "<SOS>", "]{}]{}", "<SOS>", "<SOS>", "<SOS>"], ["<META_END>", "<META_END>", "<META_END>", "<META_END>", "<META_END>", "ppers", "<META_END>", "<META_END>", "<META_END>"]], "top_logit_ablation_values": [[0, 0, 0, 0, 0, 2.343, 0, 0, 0], [0, 0, 0, 0, 0, 2.216, 0, 0, 0], [0, 0, 0, 0, 0, 2.031, 0, 0, 0], [0, 0, 0, 0, 0, 1.971, 0, 0, 0], [0, 0, 0, 0, 0, 1.903, 0, 0, 0]], "bottom_logit_ablation_values": [[0, 0, 0, 0, 0, -0.6476, 0, 0, 0], [0, 0, 0, 0, 0, -0.6337, 0, 0, 0], [0, 0, 0, 0, 0, -0.6329, 0, 0, 0], [0, 0, 0, 0, 0, -0.5333, 0, 0, 0], [0, 0, 0, 0, 0, -0.5316, 0, 0, 0]], "residual_loss_ablation": [1.262, -0.07189, 1.003, -0.7419, 1.176, 0.2246, 0.1431, 0.2026, 0]}}, {"tokens_str_list": ["\u10d4\\xe1\\x83", "\\x9a", "\u10d8", " \\xe1\\x83", "\\xac", "\\xe1\\x83", "\\x9a", "\u10d8\\xe1\\x83", "\\xa1"], "tokens_acts_list": [0, 0, 0, 0, 0.9533, 0, 0, 0, 0], "train_token_ind": 4, "is_repeated_datapoint": 0, "datapoint_ind": 13424059, "ablations": {"loss_ablation": [0, 0, 0, 0, 0, -0.02469, 0, 0, 0], "top_logit_ablation_tokens_str": [["<META>", "<META>", "<META>", "<META>", "<META>", "ation", "<META>", "<META>", "<META>"], ["<EOT>", "<EOT>", "<EOT>", "<EOT>", "<EOT>", "atic", "<EOT>", "<EOT>", "<EOT>"], ["<META_START>", "<META_START>", "<META_START>", "<META_START>", "<META_START>", "ened", "<META_START>", "<META_START>", "<META_START>"], ["<SOS>", "<SOS>", "<SOS>", "<SOS>", "<SOS>", "'s", "<SOS>", "<SOS>", "<SOS>"], ["<META_END>", "<META_END>", "<META_END>", "<META_END>", "<META_END>", "ate", "<META_END>", "<META_END>", "<META_END>"]], "bottom_logit_ablation_tokens_str": [["<META>", "<META>", "<META>", "<META>", "<META>", "pt", "<META>", "<META>", "<META>"], ["<EOT>", "<EOT>", "<EOT>", "<EOT>", "<EOT>", "\n\t", "<EOT>", "<EOT>", "<EOT>"], ["<META_START>", "<META_START>", "<META_START>", "<META_START>", "<META_START>", "\n\t\t", "<META_START>", "<META_START>", "<META_START>"], ["<SOS>", "<SOS>", "<SOS>", "<SOS>", "<SOS>", "]{}]{}", "<SOS>", "<SOS>", "<SOS>"], ["<META_END>", "<META_END>", "<META_END>", "<META_END>", "<META_END>", "}})$", "<META_END>", "<META_END>", "<META_END>"]], "top_logit_ablation_values": [[0, 0, 0, 0, 0, 1.163, 0, 0, 0], [0, 0, 0, 0, 0, 1.106, 0, 0, 0], [0, 0, 0, 0, 0, 0.9915, 0, 0, 0], [0, 0, 0, 0, 0, 0.9774, 0, 0, 0], [0, 0, 0, 0, 0, 0.9518, 0, 0, 0]], "bottom_logit_ablation_values": [[0, 0, 0, 0, 0, -0.2956, 0, 0, 0], [0, 0, 0, 0, 0, -0.2933, 0, 0, 0], [0, 0, 0, 0, 0, -0.2915, 0, 0, 0], [0, 0, 0, 0, 0, -0.2413, 0, 0, 0], [0, 0, 0, 0, 0, -0.2341, 0, 0, 0]], "residual_loss_ablation": [0.3394, 0.5254, 1.307, 0.8414, 0.362, -0.5448, 0.02142, 0.5632, 0]}}, {"tokens_str_list": [" can", " still", " use", " itertools", ".", "chain", ".", "from", "_"], "tokens_acts_list": [0, 0, 0, 0, 0.7138, 0, 0, 0, 0], "train_token_ind": 4, "is_repeated_datapoint": 0, "datapoint_ind": 32886938, "ablations": {"loss_ablation": [0, 0, 0, 0, 0, -0.006106, 0, 0, 0], "top_logit_ablation_tokens_str": [["<META>", "<META>", "<META>", "<META>", "<META>", "ation", "<META>", "<META>", "<META>"], ["<EOT>", "<EOT>", "<EOT>", "<EOT>", "<EOT>", "ened", "<EOT>", "<EOT>", "<EOT>"], ["<META_START>", "<META_START>", "<META_START>", "<META_START>", "<META_START>", "atic", "<META_START>", "<META_START>", "<META_START>"], ["<SOS>", "<SOS>", "<SOS>", "<SOS>", "<SOS>", "ing", "<SOS>", "<SOS>", "<SOS>"], ["<META_END>", "<META_END>", "<META_END>", "<META_END>", "<META_END>", "ful", "<META_END>", "<META_END>", "<META_END>"]], "bottom_logit_ablation_tokens_str": [["<META>", "<META>", "<META>", "<META>", "<META>", "\n\t", "<META>", "<META>", "<META>"], ["<EOT>", "<EOT>", "<EOT>", "<EOT>", "<EOT>", "\n\t\t", "<EOT>", "<EOT>", "<EOT>"], ["<META_START>", "<META_START>", "<META_START>", "<META_START>", "<META_START>", "pt", "<META_START>", "<META_START>", "<META_START>"], ["<SOS>", "<SOS>", "<SOS>", "<SOS>", "<SOS>", " \n               ", "<SOS>", "<SOS>", "<SOS>"], ["<META_END>", "<META_END>", "<META_END>", "<META_END>", "<META_END>", "printf", "<META_END>", "<META_END>", "<META_END>"]], "top_logit_ablation_values": [[0, 0, 0, 0, 0, 0.941, 0, 0, 0], [0, 0, 0, 0, 0, 0.878, 0, 0, 0], [0, 0, 0, 0, 0, 0.8679, 0, 0, 0], [0, 0, 0, 0, 0, 0.8042, 0, 0, 0], [0, 0, 0, 0, 0, 0.8026, 0, 0, 0]], "bottom_logit_ablation_values": [[0, 0, 0, 0, 0, -0.369, 0, 0, 0], [0, 0, 0, 0, 0, -0.355, 0, 0, 0], [0, 0, 0, 0, 0, -0.3258, 0, 0, 0], [0, 0, 0, 0, 0, -0.3194, 0, 0, 0], [0, 0, 0, 0, 0, -0.304, 0, 0, 0]], "residual_loss_ablation": [0.2103, -0.4063, 1.173, 3.421, 0.486, 5.43, -0.3674, 0.4093, 0]}}, {"tokens_str_list": ["Value", "=\"#", "{", "javascript", ":@", "Created", "()}", "\">", "\n           "], "tokens_acts_list": [0, 0, 0, 0, 0.558, 0, 0, 0, 0], "train_token_ind": 4, "is_repeated_datapoint": 0, "datapoint_ind": 89413861, "ablations": {"loss_ablation": [0, 0, 0, 0, 0, -0.1409, 0, 0, 0], "top_logit_ablation_tokens_str": [["<META>", "<META>", "<META>", "<META>", "<META>", "ation", "<META>", "<META>", "<META>"], ["<EOT>", "<EOT>", "<EOT>", "<EOT>", "<EOT>", "ments", "<EOT>", "<EOT>", "<EOT>"], ["<META_START>", "<META_START>", "<META_START>", "<META_START>", "<META_START>", "enment", "<META_START>", "<META_START>", "<META_START>"], ["<SOS>", "<SOS>", "<SOS>", "<SOS>", "<SOS>", "ened", "<SOS>", "<SOS>", "<SOS>"], ["<META_END>", "<META_END>", "<META_END>", "<META_END>", "<META_END>", "ment", "<META_END>", "<META_END>", "<META_END>"]],