{"index": 3148, "act_buckets": [0, 0, 0, 0, 0, 0, 0, 0, 0, 0, 0, 0, 0, 0, 0, 0, 0, 0, 0, 0, 0, 0, 0, 0, 0, 0, 0, 0, 0, 0, 0, 0, 0, 0, 0, 0, 0, 0, 0, 1], "act_bucket_edges": [0, 0.01162, 0.02325, 0.03487, 0.0465, 0.05812, 0.06975, 0.08137, 0.093, 0.1046, 0.1162, 0.1279, 0.1395, 0.1511, 0.1627, 0.1744, 0.186, 0.1976, 0.2092, 0.2209, 0.2325, 0.2441, 0.2557, 0.2674, 0.279, 0.2906, 0.3022, 0.3139, 0.3255, 0.3371, 0.3487, 0.3604, 0.372, 0.3836, 0.3952, 0.4069, 0.4185, 0.4301, 0.4417, 0.4534, 0.465], "logit_buckets": [6, 2, 6, 10, 14, 29, 33, 75, 91, 138, 217, 337, 524, 2631, 1816, 2409, 3224, 4428, 5558, 6547, 7071, 6756, 5956, 4916, 3960, 2876, 2023, 1496, 951, 613, 351, 203, 127, 66, 44, 18, 2, 6, 3, 3], "logit_bucket_edges": [-0.3695, -0.3516, -0.3337, -0.3158, -0.2979, -0.28, -0.2622, -0.2443, -0.2264, -0.2085, -0.1906, -0.1727, -0.1548, -0.1369, -0.1191, -0.1012, -0.08328, -0.06539, -0.04751, -0.02962, -0.01173, 0.006158, 0.02405, 0.04193, 0.05982, 0.07771, 0.0956, 0.1135, 0.1314, 0.1493, 0.1671, 0.185, 0.2029, 0.2208, 0.2387, 0.2566, 0.2745, 0.2924, 0.3103, 0.3281, 0.346], "examples_quantiles": [{"quantile_name": "Top Activations", "quantile_max_act": 0.465, "examples": [{"tokens_str_list": [" if", " you", "'d", " bothered", " to", " check", ",", " as", " I"], "tokens_acts_list": [0, 0, 0, 0, 0.465, 0, 0, 0, 0], "train_token_ind": 4, "is_repeated_datapoint": 0, "datapoint_ind": 23684848, "ablations": {"loss_ablation": [0, 0, 0, 0, 0, 0.005722, 0, 0, 0], "top_logit_ablation_tokens_str": [["<META>", "<META>", "<META>", "<META>", "<META>", " with", "<META>", "<META>", "<META>"], ["<EOT>", "<EOT>", "<EOT>", "<EOT>", "<EOT>", "ful", "<EOT>", "<EOT>", "<EOT>"], ["<META_START>", "<META_START>", "<META_START>", "<META_START>", "<META_START>", "ialect", "<META_START>", "<META_START>", "<META_START>"], ["<SOS>", "<SOS>", "<SOS>", "<SOS>", "<SOS>", " to", "<SOS>", "<SOS>", "<SOS>"], ["<META_END>", "<META_END>", "<META_END>", "<META_END>", "<META_END>", " between", "<META_END>", "<META_END>", "<META_END>"]], "bottom_logit_ablation_tokens_str": [["<META>", "<META>", "<META>", "<META>", "<META>", "lasses", "<META>", "<META>", "<META>"], ["<EOT>", "<EOT>", "<EOT>", "<EOT>", "<EOT>", "sten", "<EOT>", "<EOT>", "<EOT>"], ["<META_START>", "<META_START>", "<META_START>", "<META_START>", "<META_START>", "\u2044", "<META_START>", "<META_START>", "<META_START>"], ["<SOS>", "<SOS>", "<SOS>", "<SOS>", "<SOS>", " contractor", "<SOS>", "<SOS>", "<SOS>"], ["<META_END>", "<META_END>", "<META_END>", "<META_END>", "<META_END>", "ometer", "<META_END>", "<META_END>", "<META_END>"]], "top_logit_ablation_values": [[0, 0, 0, 0, 0, 0.4022, 0, 0, 0], [0, 0, 0, 0, 0, 0.386, 0, 0, 0], [0, 0, 0, 0, 0, 0.3796, 0, 0, 0], [0, 0, 0, 0, 0, 0.3733, 0, 0, 0], [0, 0, 0, 0, 0, 0.3621, 0, 0, 0]], "bottom_logit_ablation_values": [[0, 0, 0, 0, 0, -0.1657, 0, 0, 0], [0, 0, 0, 0, 0, -0.1597, 0, 0, 0], [0, 0, 0, 0, 0, -0.15, 0, 0, 0], [0, 0, 0, 0, 0, -0.1496, 0, 0, 0], [0, 0, 0, 0, 0, -0.1421, 0, 0, 0]], "residual_loss_ablation": [3.725, 0.2527, 0.6738, -1.191, 1.736, -0.1793, -0.1401, -0.5245, 0]}}]}], "statistics": {"density_frac": 1e-08, "global_max_act": 0.465, "abs_max_neuron_weights": [0.176, -0.1737, 0.1542], "abs_max_neuron_inds": [42, 405, 506], "l1_max_neuron_weights": [0.01014, 0.01001, 0.008889]}, "logit_effects": {"negatives": [["mits", -0.331], [" to", -0.332], [" between", -0.3383], ["unched", -0.3443], ["ialect", -0.359], ["ed", -0.3601], ["ibly", -0.364], ["ful", -0.3678], ["urally", -0.3692], [" with", -0.3695]], "positives": [["lasses", 0.346], ["sten", 0.3373], [" contractor", 0.3324], ["\u2044", 0.317], ["...\"", 0.3134], ["isecond", 0.3133], ["IRC", 0.3078], ["shield", 0.305], ["\\xbd", 0.3035], ["ometer", 0.2996]]}}