{"index": 3168, "act_buckets": [0, 0, 0, 1, 1, 0, 0, 0, 0, 0, 0, 0, 0, 0, 0, 0, 1, 0, 1, 0, 0, 0, 0, 0, 0, 0, 0, 0, 0, 0, 0, 0, 0, 0, 0, 0, 0, 0, 0, 2], "act_bucket_edges": [0, 0.01334, 0.02669, 0.04003, 0.05337, 0.06672, 0.08006, 0.0934, 0.1067, 0.1201, 0.1334, 0.1468, 0.1601, 0.1735, 0.1868, 0.2001, 0.2135, 0.2268, 0.2402, 0.2535, 0.2669, 0.2802, 0.2936, 0.3069, 0.3202, 0.3336, 0.3469, 0.3603, 0.3736, 0.387, 0.4003, 0.4136, 0.427, 0.4403, 0.4537, 0.467, 0.4804, 0.4937, 0.507, 0.5204, 0.5337], "logit_buckets": [1, 0, 2, 3, 1, 9, 7, 19, 37, 47, 60, 75, 89, 154, 249, 363, 578, 842, 1339, 1952, 4419, 4868, 5823, 7027, 7663, 7375, 6556, 5550, 4054, 2752, 1662, 919, 516, 265, 129, 76, 30, 18, 4, 3], "logit_bucket_edges": [-0.6151, -0.5901, -0.5651, -0.5402, -0.5152, -0.4902, -0.4653, -0.4403, -0.4154, -0.3904, -0.3654, -0.3405, -0.3155, -0.2905, -0.2656, -0.2406, -0.2156, -0.1907, -0.1657, -0.1407, -0.1158, -0.09082, -0.06585, -0.04089, -0.01592, 0.00904, 0.034, 0.05897, 0.08393, 0.1089, 0.1339, 0.1588, 0.1838, 0.2088, 0.2337, 0.2587, 0.2836, 0.3086, 0.3336, 0.3585, 0.3835], "examples_quantiles": [{"quantile_name": "Top Activations", "quantile_max_act": 0.5337, "examples": [{"tokens_str_list": ["\n                                             ", " 6", "\n\f", "<EOT>", "Abbrev", "iations", "\n", "=============", "\n"], "tokens_acts_list": [0, 0, 0, 0, 0.5337, 0, 0, 0, 0], "train_token_ind": 4, "is_repeated_datapoint": 0, "datapoint_ind": 17505211, "ablations": {"loss_ablation": [0, 0, 0, 0, 0, -0.002769, 0, 0, 0], "top_logit_ablation_tokens_str": [["<META>", "<META>", "<META>", "<META>", "<META>", "izes", "<META>", "<META>", "<META>"], ["<EOT>", "<EOT>", "<EOT>", "<EOT>", "<EOT>", " is", "<EOT>", "<EOT>", "<EOT>"], ["<META_START>", "<META_START>", "<META_START>", "<META_START>", "<META_START>", "izing", "<META_START>", "<META_START>", "<META_START>"], ["<SOS>", "<SOS>", "<SOS>", "<SOS>", "<SOS>", "ically", "<SOS>", "<SOS>", "<SOS>"], ["<META_END>", "<META_END>", "<META_END>", "<META_END>", "<META_END>", "ising", "<META_END>", "<META_END>", "<META_END>"]], "bottom_logit_ablation_tokens_str": [["<META>", "<META>", "<META>", "<META>", "<META>", " Roosevelt", "<META>", "<META>", "<META>"], ["<EOT>", "<EOT>", "<EOT>", "<EOT>", "<EOT>", "?\u201d", "<EOT>", "<EOT>", "<EOT>"], ["<META_START>", "<META_START>", "<META_START>", "<META_START>", "<META_START>", "],\"", "<META_START>", "<META_START>", "<META_START>"], ["<SOS>", "<SOS>", "<SOS>", "<SOS>", "<SOS>", "\n\f", "<SOS>", "<SOS>", "<SOS>"], ["<META_END>", "<META_END>", "<META_END>", "<META_END>", "<META_END>", "abeth", "<META_END>", "<META_END>", "<META_END>"]], "top_logit_ablation_values": [[0, 0, 0, 0, 0, 0.4496, 0, 0, 0], [0, 0, 0, 0, 0, 0.4192, 0, 0, 0], [0, 0, 0, 0, 0, 0.3879, 0, 0, 0], [0, 0, 0, 0, 0, 0.3803, 0, 0, 0], [0, 0, 0, 0, 0, 0.3795, 0, 0, 0]], "bottom_logit_ablation_values": [[0, 0, 0, 0, 0, -0.138, 0, 0, 0], [0, 0, 0, 0, 0, -0.1175, 0, 0, 0], [0, 0, 0, 0, 0, -0.1115, 0, 0, 0], [0, 0, 0, 0, 0, -0.1111, 0, 0, 0], [0, 0, 0, 0, 0, -0.1035, 0, 0, 0]], "residual_loss_ablation": [0.7787, 2.314, 4.341, 1.989, 0.06188, 1.843, -1.845, 4.214, 0]}}, {"tokens_str_list": ["\\x9d", "\\xe1\\x83", "\\x93", " \\xe1\\x83", "\\xac", "\u10d8\\xe1\\x83", "\\x9c", "\u10d0\\xe1\\x83", "\\xa1"], "tokens_acts_list": [0, 0, 0, 0, 0.5312, 0, 0, 0, 0], "train_token_ind": 4, "is_repeated_datapoint": 0, "datapoint_ind": 54671983, "ablations": {"loss_ablation": [0, 0, 0, 0, 0, 0.02549, 0, 0, 0], "top_logit_ablation_tokens_str": [["<META>", "<META>", "<META>", "<META>", "<META>", " is", "<META>", "<META>", "<META>"], ["<EOT>", "<EOT>", "<EOT>", "<EOT>", "<EOT>", "izes", "<EOT>", "<EOT>", "<EOT>"], ["<META_START>", "<META_START>", "<META_START>", "<META_START>", "<META_START>", " has", "<META_START>", "<META_START>", "<META_START>"], ["<SOS>", "<SOS>", "<SOS>", "<SOS>", "<SOS>", " provides", "<SOS>", "<SOS>", "<SOS>"], ["<META_END>", "<META_END>", "<META_END>", "<META_END>", "<META_END>", " was", "<META_END>", "<META_END>", "<META_END>"]], "bottom_logit_ablation_tokens_str": [["<META>", "<META>", "<META>", "<META>", "<META>", "\n\f", "<META>", "<META>", "<META>"], ["<EOT>", "<EOT>", "<EOT>", "<EOT>", "<EOT>", " Roosevelt", "<EOT>", "<EOT>", "<EOT>"], ["<META_START>", "<META_START>", "<META_START>", "<META_START>", "<META_START>", "noDB", "<META_START>", "<META_START>", "<META_START>"], ["<SOS>", "<SOS>", "<SOS>", "<SOS>", "<SOS>", " Uber", "<SOS>", "<SOS>", "<SOS>"], ["<META_END>", "<META_END>", "<META_END>", "<META_END>", "<META_END>", "caster", "<META_END>", "<META_END>", "<META_END>"]], "top_logit_ablation_values": [[0, 0, 0, 0, 0, 0.5797, 0, 0, 0], [0, 0, 0, 0, 0, 0.5448, 0, 0, 0], [0, 0, 0, 0, 0, 0.5294, 0, 0, 0], [0, 0, 0, 0, 0, 0.527, 0, 0, 0], [0, 0, 0, 0, 0, 0.5266, 0, 0, 0]], "bottom_logit_ablation_values": [[0, 0, 0, 0, 0, -0.1937, 0, 0, 0], [0, 0, 0, 0, 0, -0.187, 0, 0, 0], [0, 0, 0, 0, 0, -0.1789, 0, 0, 0], [0, 0, 0, 0, 0, -0.1766, 0, 0, 0], [0, 0, 0, 0, 0, -0.1686, 0, 0, 0]], "residual_loss_ablation": [1.262, -0.07189, 1.003, -0.7419, 1.176, 0.2246, 0.1431, 0.2026, 0]}}, {"tokens_str_list": [" night", ".", " (", "Which", " by", " the", " way", " uninstall", "ing"], "tokens_acts_list": [0, 0, 0, 0, 0.2477, 0, 0, 0, 0], "train_token_ind": 4, "is_repeated_datapoint": 0, "datapoint_ind": 13168522, "ablations": {"loss_ablation": [0, 0, 0, 0, 0, -0.1106, 0, 0, 0], "top_logit_ablation_tokens_str": [["<META>", "<META>", "<META>", "<META>", "<META>", " is", "<META>", "<META>", "<META>"], ["<EOT>", "<EOT>", "<EOT>", "<EOT>", "<EOT>", " has", "<EOT>", "<EOT>", "<EOT>"], ["<META_START>", "<META_START>", "<META_START>", "<META_START>", "<META_START>", " provides", "<META_START>", "<META_START>", "<META_START>"], ["<SOS>", "<SOS>", "<SOS>", "<SOS>", "<SOS>", " was", "<SOS>", "<SOS>", "<SOS>"], ["<META_END>", "<META_END>", "<META_END>", "<META_END>", "<META_END>", " does", "<META_END>", "<META_END>", "<META_END>"]], "bottom_logit_ablation_tokens_str": [["<META>", "<META>", "<META>", "<META>", "<META>", "\n\f", "<META>", "<META>", "<META>"], ["<EOT>", "<EOT>", "<EOT>", "<EOT>", "<EOT>", "abeth", "<EOT>", "<EOT>", "<EOT>"], ["<META_START>", "<META_START>", "<META_START>", "<META_START>", "<META_START>", "caster", "<META_START>", "<META_START>", "<META_START>"], ["<SOS>", "<SOS>", "<SOS>", "<SOS>", "<SOS>", "stadt", "<SOS>", "<SOS>", "<SOS>"], ["<META_END>", "<META_END>", "<META_END>", "<META_END>", "<META_END>", "idents", "<META_END>", "<META_END>", "<META_END>"]], "top_logit_ablation_values": [[0, 0, 0, 0, 0, 0.2881, 0, 0, 0], [0, 0, 0, 0, 0, 0.2624, 0, 0, 0], [0, 0, 0, 0, 0, 0.2599, 0, 0, 0], [0, 0, 0, 0, 0, 0.2575, 0, 0, 0], [0, 0, 0, 0, 0, 0.2549, 0, 0, 0]], "bottom_logit_ablation_values": [[0, 0, 0, 0, 0, -0.139, 0, 0, 0], [0, 0, 0, 0, 0, -0.1292, 0, 0, 0], [0, 0, 0, 0, 0, -0.1249, 0, 0, 0], [0, 0, 0, 0, 0, -0.1248, 0, 0, 0], [0, 0, 0, 0, 0, -0.1248, 0, 0, 0]], "residual_loss_ablation": [-0.2555, 1.33, -0.8301, -0.06543, -0.0834, -1.528, -0.1026, 2.155, 0]}}, {"tokens_str_list": ["'t", " enough", " incentive", " to", " switch", ",", " Netflix", " has", " you"], "tokens_acts_list": [0, 0, 0, 0, 0.2245, 0, 0, 0, 0], "train_token_ind": 4, "is_repeated_datapoint": 0, "datapoint_ind": 76647023, "ablations": {"loss_ablation": [0, 0, 0, 0, 0, -0.003737, 0, 0, 0], "top_logit_ablation_tokens_str": [["<META>", "<META>", "<META>", "<META>", "<META>", " is", "<META>", "<META>", "<META>"], ["<EOT>", "<EOT>", "<EOT>", "<EOT>", "<EOT>", " has", "<EOT>", "<EOT>", "<EOT>"], ["<META_START>", "<META_START>", "<META_START>", "<META_START>", "<META_START>", " was", "<META_START>", "<META_START>", "<META_START>"], ["<SOS>", "<SOS>", "<SOS>", "<SOS>", "<SOS>", " provides", "<SOS>", "<SOS>", "<SOS>"], ["<META_END>", "<META_END>", "<META_END>", "<META_END>", "<META_END>", "izes", "<META_END>", "<META_END>", "<META_END>"]],