{"index": 3170, "act_buckets": [0, 0, 0, 0, 0, 0, 0, 0, 0, 0, 0, 0, 0, 0, 0, 0, 0, 0, 0, 0, 0, 0, 0, 0, 0, 0, 0, 0, 0, 0, 0, 0, 0, 0, 0, 0, 0, 0, 0, 1], "act_bucket_edges": [0, 0.003397, 0.006794, 0.01019, 0.01359, 0.01698, 0.02038, 0.02378, 0.02717, 0.03057, 0.03397, 0.03737, 0.04076, 0.04416, 0.04756, 0.05095, 0.05435, 0.05775, 0.06114, 0.06454, 0.06794, 0.07133, 0.07473, 0.07813, 0.08152, 0.08492, 0.08832, 0.09171, 0.09511, 0.09851, 0.1019, 0.1053, 0.1087, 0.1121, 0.1155, 0.1189, 0.1223, 0.1257, 0.1291, 0.1325, 0.1359], "logit_buckets": [3, 0, 0, 3, 2, 8, 7, 14, 23, 31, 72, 141, 247, 388, 615, 2134, 2815, 3027, 4081, 5234, 6447, 7223, 7385, 6576, 5521, 4206, 3092, 2226, 1505, 1024, 634, 397, 210, 109, 68, 26, 24, 10, 3, 5], "logit_bucket_edges": [-0.4979, -0.4754, -0.4528, -0.4302, -0.4076, -0.385, -0.3624, -0.3398, -0.3172, -0.2946, -0.272, -0.2494, -0.2268, -0.2042, -0.1816, -0.159, -0.1364, -0.1138, -0.09118, -0.06858, -0.04598, -0.02338, -0.0007811, 0.02182, 0.04442, 0.06701, 0.08961, 0.1122, 0.1348, 0.1574, 0.18, 0.2026, 0.2252, 0.2478, 0.2704, 0.293, 0.3156, 0.3382, 0.3608, 0.3834, 0.406], "examples_quantiles": [{"quantile_name": "Top Activations", "quantile_max_act": 0.1359, "examples": [{"tokens_str_list": [" old", " topic", " (", "not", " entirely", " sure", " why", " thats", " a"], "tokens_acts_list": [0, 0, 0, 0, 0.1359, 0, 0, 0, 0], "train_token_ind": 4, "is_repeated_datapoint": 0, "datapoint_ind": 72925984, "ablations": {"loss_ablation": [0, 0, 0, 0, 0, -0.008522, 0, 0, 0], "top_logit_ablation_tokens_str": [["<META>", "<META>", "<META>", "<META>", "<META>", "=\"", "<META>", "<META>", "<META>"], ["<EOT>", "<EOT>", "<EOT>", "<EOT>", "<EOT>", "ful", "<EOT>", "<EOT>", "<EOT>"], ["<META_START>", "<META_START>", "<META_START>", "<META_START>", "<META_START>", "ments", "<META_START>", "<META_START>", "<META_START>"], ["<SOS>", "<SOS>", "<SOS>", "<SOS>", "<SOS>", " of", "<SOS>", "<SOS>", "<SOS>"], ["<META_END>", "<META_END>", "<META_END>", "<META_END>", "<META_END>", "\u0442\u043e", "<META_END>", "<META_END>", "<META_END>"]], "bottom_logit_ablation_tokens_str": [["<META>", "<META>", "<META>", "<META>", "<META>", "antry", "<META>", "<META>", "<META>"], ["<EOT>", "<EOT>", "<EOT>", "<EOT>", "<EOT>", " inbox", "<EOT>", "<EOT>", "<EOT>"], ["<META_START>", "<META_START>", "<META_START>", "<META_START>", "<META_START>", " Makeup", "<META_START>", "<META_START>", "<META_START>"], ["<SOS>", "<SOS>", "<SOS>", "<SOS>", "<SOS>", "?\u201d", "<SOS>", "<SOS>", "<SOS>"], ["<META_END>", "<META_END>", "<META_END>", "<META_END>", "<META_END>", "],\\", "<META_END>", "<META_END>", "<META_END>"]], "top_logit_ablation_values": [[0, 0, 0, 0, 0, 0.07479, 0, 0, 0], [0, 0, 0, 0, 0, 0.07032, 0, 0, 0], [0, 0, 0, 0, 0, 0.06675, 0, 0, 0], [0, 0, 0, 0, 0, 0.05833, 0, 0, 0], [0, 0, 0, 0, 0, 0.0507, 0, 0, 0]], "bottom_logit_ablation_values": [[0, 0, 0, 0, 0, -0.1431, 0, 0, 0], [0, 0, 0, 0, 0, -0.1416, 0, 0, 0], [0, 0, 0, 0, 0, -0.1403, 0, 0, 0], [0, 0, 0, 0, 0, -0.1367, 0, 0, 0], [0, 0, 0, 0, 0, -0.1355, 0, 0, 0]], "residual_loss_ablation": [1.649, -0.9952, -0.2815, -0.6566, -1.431, 7.321, -0.4655, 0.3301, 0]}}]}], "statistics": {"density_frac": 1e-08, "global_max_act": 0.1359, "abs_max_neuron_weights": [-0.1545, 0.134, -0.1304], "abs_max_neuron_inds": [382, 500, 178], "l1_max_neuron_weights": [0.008666, 0.007512, 0.007312]}, "logit_effects": {"negatives": [["'s", -0.3839], ["ization", -0.3849], ["ened", -0.3875], ["fully", -0.4074], ["ogy", -0.408], ["\u0442\u043e", -0.4125], [" of", -0.4215], ["ments", -0.479], ["ful", -0.4916], ["=\"", -0.4979]], "positives": [[" inbox", 0.406], ["antry", 0.4007], [" divorced", 0.389], [" Makeup", 0.3875], ["?\u201d", 0.3864], [" divorce", 0.3698], ["KERN", 0.3647], ["],\\", 0.3629], ["abeth", 0.3526], [" married", 0.3505]]}}