{"index": 3172, "act_buckets": [0, 0, 0, 0, 0, 0, 0, 0, 0, 0, 0, 0, 0, 0, 0, 0, 0, 0, 0, 0, 0, 0, 0, 0, 0, 0, 0, 0, 0, 0, 0, 0, 0, 0, 0, 0, 0, 0, 0, 1], "act_bucket_edges": [0, 6.673e-05, 0.0001335, 0.0002002, 0.0002669, 0.0003336, 0.0004004, 0.0004671, 0.0005338, 0.0006005, 0.0006673, 0.000734, 0.0008007, 0.0008675, 0.0009342, 0.001001, 0.001068, 0.001134, 0.001201, 0.001268, 0.001335, 0.001401, 0.001468, 0.001535, 0.001601, 0.001668, 0.001735, 0.001802, 0.001868, 0.001935, 0.002002, 0.002069, 0.002135, 0.002202, 0.002269, 0.002335, 0.002402, 0.002469, 0.002536, 0.002602, 0.002669], "logit_buckets": [1, 2, 0, 0, 1, 5, 4, 12, 23, 43, 93, 139, 202, 334, 623, 1018, 1669, 2354, 3681, 5769, 9787, 10920, 9449, 6921, 4795, 3072, 1940, 1134, 724, 371, 220, 100, 68, 41, 16, 4, 4, 0, 0, 1], "logit_bucket_edges": [-0.7379, -0.7037, -0.6696, -0.6355, -0.6014, -0.5673, -0.5332, -0.4991, -0.465, -0.4309, -0.3967, -0.3626, -0.3285, -0.2944, -0.2603, -0.2262, -0.1921, -0.158, -0.1238, -0.08973, -0.05562, -0.02151, 0.0126, 0.04671, 0.08083, 0.1149, 0.149, 0.1832, 0.2173, 0.2514, 0.2855, 0.3196, 0.3537, 0.3878, 0.4219, 0.4561, 0.4902, 0.5243, 0.5584, 0.5925, 0.6266], "examples_quantiles": [{"quantile_name": "Top Activations", "quantile_max_act": 0.002669, "examples": [{"tokens_str_list": [" that", " they", " spent", " lit", "igating", " stuff", " they", " couldn", "'t"], "tokens_acts_list": [0, 0, 0, 0, 0.002669, 0, 0, 0, 0], "train_token_ind": 4, "is_repeated_datapoint": 0, "datapoint_ind": 13733113, "ablations": {"loss_ablation": [0, 0, 0, 0, 0, -0.0004439, 0, 0, 0], "top_logit_ablation_tokens_str": [["<META>", "<META>", "<META>", "<META>", "<META>", " fcntl", "<META>", "<META>", "<META>"], ["<EOT>", "<EOT>", "<EOT>", "<EOT>", "<EOT>", " vlan", "<EOT>", "<EOT>", "<EOT>"], ["<META_START>", "<META_START>", "<META_START>", "<META_START>", "<META_START>", " vf", "<META_START>", "<META_START>", "<META_START>"], ["<SOS>", "<SOS>", "<SOS>", "<SOS>", "<SOS>", " cmdline", "<SOS>", "<SOS>", "<SOS>"], ["<META_END>", "<META_END>", "<META_END>", "<META_END>", "<META_END>", " mountpoint", "<META_END>", "<META_END>", "<META_END>"]], "bottom_logit_ablation_tokens_str": [["<META>", "<META>", "<META>", "<META>", "<META>", "\n", "<META>", "<META>", "<META>"], ["<EOT>", "<EOT>", "<EOT>", "<EOT>", "<EOT>", "The", "<EOT>", "<EOT>", "<EOT>"], ["<META_START>", "<META_START>", "<META_START>", "<META_START>", "<META_START>", "20", "<META_START>", "<META_START>", "<META_START>"], ["<SOS>", "<SOS>", "<SOS>", "<SOS>", "<SOS>", "21", "<SOS>", "<SOS>", "<SOS>"], ["<META_END>", "<META_END>", "<META_END>", "<META_END>", "<META_END>", "$", "<META_END>", "<META_END>", "<META_END>"]], "top_logit_ablation_values": [[0, 0, 0, 0, 0, 0.004641, 0, 0, 0], [0, 0, 0, 0, 0, 0.004571, 0, 0, 0], [0, 0, 0, 0, 0, 0.00454, 0, 0, 0], [0, 0, 0, 0, 0, 0.004509, 0, 0, 0], [0, 0, 0, 0, 0, 0.00445, 0, 0, 0]], "bottom_logit_ablation_values": [[0, 0, 0, 0, 0, -0.004513, 0, 0, 0], [0, 0, 0, 0, 0, -0.003052, 0, 0, 0], [0, 0, 0, 0, 0, -0.002747, 0, 0, 0], [0, 0, 0, 0, 0, -0.002702, 0, 0, 0], [0, 0, 0, 0, 0, -0.002687, 0, 0, 0]], "residual_loss_ablation": [0.5525, 0.2304, 1.623, 1.617, 0.8308, 0.0512, 1.52, -0.1697, 0]}}]}], "statistics": {"density_frac": 1e-08, "global_max_act": 0.002669, "abs_max_neuron_weights": [0.1159, 0.1154, 0.115], "abs_max_neuron_inds": [400, 109, 310], "l1_max_neuron_weights": [0.006266, 0.006241, 0.006215]}, "logit_effects": {"negatives": [["1", -0.5172], ["ical", -0.5339], ["oses", -0.5381], ["ential", -0.5568], ["ogy", -0.5571], ["ography", -0.5572], ["ence", -0.5731], ["ious", -0.6772], ["iously", -0.698], ["aping", -0.7379]], "positives": [[" regard", 0.6266], ["!).", 0.505], ["),\"", 0.5047], ["!),", 0.4999], ["\u201d)", 0.4954], [".)", 0.4889], ["){#", 0.4781], ["ci\u00f3n", 0.4729], [" expect", 0.4582], ["}$)", 0.453]]}}