{"index": 3177, "act_buckets": [1, 0, 0, 1, 0, 2, 1, 0, 1, 0, 0, 0, 0, 0, 0, 0, 0, 0, 0, 0, 0, 0, 0, 0, 0, 0, 0, 0, 0, 0, 0, 0, 0, 0, 0, 0, 0, 0, 0, 1], "act_bucket_edges": [0, 0.03488, 0.06975, 0.1046, 0.1395, 0.1744, 0.2093, 0.2441, 0.279, 0.3139, 0.3488, 0.3836, 0.4185, 0.4534, 0.4883, 0.5231, 0.558, 0.5929, 0.6278, 0.6626, 0.6975, 0.7324, 0.7673, 0.8021, 0.837, 0.8719, 0.9068, 0.9416, 0.9765, 1.011, 1.046, 1.081, 1.116, 1.151, 1.186, 1.221, 1.256, 1.29, 1.325, 1.36, 1.395], "logit_buckets": [2, 0, 1, 0, 2, 8, 15, 14, 22, 60, 81, 136, 253, 2248, 1481, 1856, 2367, 3317, 4372, 5640, 6820, 7163, 6753, 5981, 4992, 4043, 2979, 1922, 1207, 780, 460, 253, 149, 73, 45, 14, 14, 8, 3, 2], "logit_bucket_edges": [-0.5178, -0.4938, -0.4698, -0.4458, -0.4218, -0.3978, -0.3738, -0.3498, -0.3258, -0.3018, -0.2778, -0.2538, -0.2298, -0.2058, -0.1818, -0.1578, -0.1338, -0.1098, -0.08578, -0.06178, -0.03778, -0.01378, 0.01022, 0.03423, 0.05823, 0.08223, 0.1062, 0.1302, 0.1542, 0.1782, 0.2022, 0.2262, 0.2502, 0.2742, 0.2982, 0.3222, 0.3462, 0.3702, 0.3942, 0.4182, 0.4422], "examples_quantiles": [{"quantile_name": "Top Activations", "quantile_max_act": 1.395, "examples": [{"tokens_str_list": [" old", " topic", " (", "not", " entirely", " sure", " why", " thats", " a"], "tokens_acts_list": [0, 0, 0, 0, 1.395, 0, 0, 0, 0], "train_token_ind": 4, "is_repeated_datapoint": 0, "datapoint_ind": 72925984, "ablations": {"loss_ablation": [0, 0, 0, 0, 0, -0.7062, 0, 0, 0], "top_logit_ablation_tokens_str": [["<META>", "<META>", "<META>", "<META>", "<META>", " Pradesh", "<META>", "<META>", "<META>"], ["<EOT>", "<EOT>", "<EOT>", "<EOT>", "<EOT>", "ired", "<EOT>", "<EOT>", "<EOT>"], ["<META_START>", "<META_START>", "<META_START>", "<META_START>", "<META_START>", "iotic", "<META_START>", "<META_START>", "<META_START>"], ["<SOS>", "<SOS>", "<SOS>", "<SOS>", "<SOS>", " way", "<SOS>", "<SOS>", "<SOS>"], ["<META_END>", "<META_END>", "<META_END>", "<META_END>", "<META_END>", "ensable", "<META_END>", "<META_END>", "<META_END>"]], "bottom_logit_ablation_tokens_str": [["<META>", "<META>", "<META>", "<META>", "<META>", "lu", "<META>", "<META>", "<META>"], ["<EOT>", "<EOT>", "<EOT>", "<EOT>", "<EOT>", "x", "<EOT>", "<EOT>", "<EOT>"], ["<META_START>", "<META_START>", "<META_START>", "<META_START>", "<META_START>", "s", "<META_START>", "<META_START>", "<META_START>"], ["<SOS>", "<SOS>", "<SOS>", "<SOS>", "<SOS>", "jos", "<SOS>", "<SOS>", "<SOS>"], ["<META_END>", "<META_END>", "<META_END>", "<META_END>", "<META_END>", "^[@", "<META_END>", "<META_END>", "<META_END>"]], "top_logit_ablation_values": [[0, 0, 0, 0, 0, 2.122, 0, 0, 0], [0, 0, 0, 0, 0, 2.085, 0, 0, 0], [0, 0, 0, 0, 0, 1.963, 0, 0, 0], [0, 0, 0, 0, 0, 1.829, 0, 0, 0], [0, 0, 0, 0, 0, 1.818, 0, 0, 0]], "bottom_logit_ablation_values": [[0, 0, 0, 0, 0, -0.3191, 0, 0, 0], [0, 0, 0, 0, 0, -0.2687, 0, 0, 0], [0, 0, 0, 0, 0, -0.2366, 0, 0, 0], [0, 0, 0, 0, 0, -0.2339, 0, 0, 0], [0, 0, 0, 0, 0, -0.2296, 0, 0, 0]], "residual_loss_ablation": [1.649, -0.9952, -0.2815, -0.6566, -1.431, 7.321, -0.4655, 0.3301, 0]}}, {"tokens_str_list": ["i", "].", "msg", ",", " (", "unsigned", " long", ")", "str"], "tokens_acts_list": [0, 0, 0, 0, 0.3091, 0, 0, 0, 0], "train_token_ind": 4, "is_repeated_datapoint": 0, "datapoint_ind": 13602487, "ablations": {"loss_ablation": [0, 0, 0, 0, 0, -0.112, 0, 0, 0], "top_logit_ablation_tokens_str": [["<META>", "<META>", "<META>", "<META>", "<META>", " Pradesh", "<META>", "<META>", "<META>"], ["<EOT>", "<EOT>", "<EOT>", "<EOT>", "<EOT>", "iotic", "<EOT>", "<EOT>", "<EOT>"], ["<META_START>", "<META_START>", "<META_START>", "<META_START>", "<META_START>", "ired", "<META_START>", "<META_START>", "<META_START>"], ["<SOS>", "<SOS>", "<SOS>", "<SOS>", "<SOS>", "iary", "<SOS>", "<SOS>", "<SOS>"], ["<META_END>", "<META_END>", "<META_END>", "<META_END>", "<META_END>", "prising", "<META_END>", "<META_END>", "<META_END>"]], "bottom_logit_ablation_tokens_str": [["<META>", "<META>", "<META>", "<META>", "<META>", "lu", "<META>", "<META>", "<META>"], ["<EOT>", "<EOT>", "<EOT>", "<EOT>", "<EOT>", "x", "<EOT>", "<EOT>", "<EOT>"], ["<META_START>", "<META_START>", "<META_START>", "<META_START>", "<META_START>", "s", "<META_START>", "<META_START>", "<META_START>"], ["<SOS>", "<SOS>", "<SOS>", "<SOS>", "<SOS>", "^[@", "<SOS>", "<SOS>", "<SOS>"], ["<META_END>", "<META_END>", "<META_END>", "<META_END>", "<META_END>", " ([@", "<META_END>", "<META_END>", "<META_END>"]], "top_logit_ablation_values": [[0, 0, 0, 0, 0, 0.5231, 0, 0, 0], [0, 0, 0, 0, 0, 0.5059, 0, 0, 0], [0, 0, 0, 0, 0, 0.5058, 0, 0, 0], [0, 0, 0, 0, 0, 0.454, 0, 0, 0], [0, 0, 0, 0, 0, 0.4514, 0, 0, 0]], "bottom_logit_ablation_values": [[0, 0, 0, 0, 0, -0.03583, 0, 0, 0], [0, 0, 0, 0, 0, -0.0213, 0, 0, 0], [0, 0, 0, 0, 0, -0.0196, 0, 0, 0], [0, 0, 0, 0, 0, -0.01827, 0, 0, 0], [0, 0, 0, 0, 0, -0.01473, 0, 0, 0]], "residual_loss_ablation": [3.502, 0.497, 1.631, 0.09452, 1.987, 1.831, 2.159, 3.887, 0]}}, {"tokens_str_list": ["0", "\\", "}\\\\", "0", "&", "0", "\\", "end", "{"], "tokens_acts_list": [0, 0, 0, 0, 0.2122, 0, 0, 0, 0], "train_token_ind": 4, "is_repeated_datapoint": 0, "datapoint_ind": 30422081, "ablations": {"loss_ablation": [0, 0, 0, 0, 0, 0.02522, 0, 0, 0], "top_logit_ablation_tokens_str": [["<META>", "<META>", "<META>", "<META>", "<META>", " Pradesh", "<META>", "<META>", "<META>"], ["<EOT>", "<EOT>", "<EOT>", "<EOT>", "<EOT>", "ired", "<EOT>", "<EOT>", "<EOT>"], ["<META_START>", "<META_START>", "<META_START>", "<META_START>", "<META_START>", "iotic", "<META_START>", "<META_START>", "<META_START>"], ["<SOS>", "<SOS>", "<SOS>", "<SOS>", "<SOS>", "ensable", "<SOS>", "<SOS>", "<SOS>"], ["<META_END>", "<META_END>", "<META_END>", "<META_END>", "<META_END>", "ened", "<META_END>", "<META_END>", "<META_END>"]], "bottom_logit_ablation_tokens_str": [["<META>", "<META>", "<META>", "<META>", "<META>", "jos", "<META>", "<META>", "<META>"], ["<EOT>", "<EOT>", "<EOT>", "<EOT>", "<EOT>", "quer", "<EOT>", "<EOT>", "<EOT>"], ["<META_START>", "<META_START>", "<META_START>", "<META_START>", "<META_START>", "lu", "<META_START>", "<META_START>", "<META_START>"], ["<SOS>", "<SOS>", "<SOS>", "<SOS>", "<SOS>", "^[@", "<SOS>", "<SOS>", "<SOS>"], ["<META_END>", "<META_END>", "<META_END>", "<META_END>", "<META_END>", "pone", "<META_END>", "<META_END>", "<META_END>"]], "top_logit_ablation_values": [[0, 0, 0, 0, 0, 0.2891, 0, 0, 0], [0, 0, 0, 0, 0, 0.2694, 0, 0, 0], [0, 0, 0, 0, 0, 0.2524, 0, 0, 0], [0, 0, 0, 0, 0, 0.2359, 0, 0, 0], [0, 0, 0, 0, 0, 0.235, 0, 0, 0]], "bottom_logit_ablation_values": [[0, 0, 0, 0, 0, -0.1132, 0, 0, 0], [0, 0, 0, 0, 0, -0.1113, 0, 0, 0], [0, 0, 0, 0, 0, -0.1081, 0, 0, 0], [0, 0, 0, 0, 0, -0.1072, 0, 0, 0], [0, 0, 0, 0, 0, -0.1056, 0, 0, 0]], "residual_loss_ablation": [1.48, -0.7082, 2.346, 4.332, 2.192, 2.452, 0.07004, 1.175, 0]}}, {"tokens_str_list": ["\n", "I", "sol", "ate", " and", " shared", " scope", " same", " time"], "tokens_acts_list": [0, 0, 0, 0, 0.1996, 0, 0, 0, 0], "train_token_ind": 4, "is_repeated_datapoint": 0, "datapoint_ind": 72002982, "ablations": {"loss_ablation": [0, 0, 0, 0, 0, 0.01377, 0, 0, 0], "top_logit_ablation_tokens_str": [["<META>", "<META>", "<META>", "<META>", "<META>", "ired", "<META>", "<META>", "<META>"], ["<EOT>", "<EOT>", "<EOT>", "<EOT>", "<EOT>", " Pradesh", "<EOT>", "<EOT>", "<EOT>"], ["<META_START>", "<META_START>", "<META_START>", "<META_START>", "<META_START>", "iotic", "<META_START>", "<META_START>", "<META_START>"], ["<SOS>", "<SOS>", "<SOS>", "<SOS>", "<SOS>", " way", "<SOS>", "<SOS>", "<SOS>"], ["<META_END>", "<META_END>", "<META_END>", "<META_END>", "<META_END>", "ensable", "<META_END>", "<META_END>", "<META_END>"]],