{"index": 3221, "act_buckets": [0, 0, 0, 0, 0, 0, 0, 1, 0, 0, 0, 0, 0, 0, 0, 0, 0, 0, 0, 0, 0, 0, 0, 0, 0, 0, 0, 0, 0, 0, 0, 0, 1, 0, 0, 0, 0, 0, 0, 1], "act_bucket_edges": [0, 0.02073, 0.04146, 0.06219, 0.08292, 0.1037, 0.1244, 0.1451, 0.1658, 0.1866, 0.2073, 0.228, 0.2488, 0.2695, 0.2902, 0.311, 0.3317, 0.3524, 0.3731, 0.3939, 0.4146, 0.4353, 0.4561, 0.4768, 0.4975, 0.5183, 0.539, 0.5597, 0.5805, 0.6012, 0.6219, 0.6426, 0.6634, 0.6841, 0.7048, 0.7256, 0.7463, 0.767, 0.7878, 0.8085, 0.8292], "logit_buckets": [1, 0, 0, 1, 1, 4, 3, 6, 8, 22, 23, 58, 86, 204, 388, 1890, 2193, 2685, 3630, 5284, 7331, 8843, 9122, 7966, 6182, 4079, 2531, 1487, 793, 382, 200, 72, 33, 20, 4, 3, 0, 0, 0, 1], "logit_bucket_edges": [-0.5915, -0.5646, -0.5377, -0.5108, -0.484, -0.4571, -0.4302, -0.4034, -0.3765, -0.3496, -0.3227, -0.2959, -0.269, -0.2421, -0.2153, -0.1884, -0.1615, -0.1346, -0.1078, -0.0809, -0.05403, -0.02716, -0.0002886, 0.02658, 0.05345, 0.08032, 0.1072, 0.1341, 0.1609, 0.1878, 0.2147, 0.2416, 0.2684, 0.2953, 0.3222, 0.349, 0.3759, 0.4028, 0.4296, 0.4565, 0.4834], "examples_quantiles": [{"quantile_name": "Top Activations", "quantile_max_act": 0.8292, "examples": [{"tokens_str_list": [" old", " topic", " (", "not", " entirely", " sure", " why", " thats", " a"], "tokens_acts_list": [0, 0, 0, 0, 0.8292, 0, 0, 0, 0], "train_token_ind": 4, "is_repeated_datapoint": 0, "datapoint_ind": 72925984, "ablations": {"loss_ablation": [0, 0, 0, 0, 0, -0.278, 0, 0, 0], "top_logit_ablation_tokens_str": [["<META>", "<META>", "<META>", "<META>", "<META>", "ments", "<META>", "<META>", "<META>"], ["<EOT>", "<EOT>", "<EOT>", "<EOT>", "<EOT>", "ization", "<EOT>", "<EOT>", "<EOT>"], ["<META_START>", "<META_START>", "<META_START>", "<META_START>", "<META_START>", "olds", "<META_START>", "<META_START>", "<META_START>"], ["<SOS>", "<SOS>", "<SOS>", "<SOS>", "<SOS>", "ment", "<SOS>", "<SOS>", "<SOS>"], ["<META_END>", "<META_END>", "<META_END>", "<META_END>", "<META_END>", "izes", "<META_END>", "<META_END>", "<META_END>"]], "bottom_logit_ablation_tokens_str": [["<META>", "<META>", "<META>", "<META>", "<META>", "onymous", "<META>", "<META>", "<META>"], ["<EOT>", "<EOT>", "<EOT>", "<EOT>", "<EOT>", "hape", "<EOT>", "<EOT>", "<EOT>"], ["<META_START>", "<META_START>", "<META_START>", "<META_START>", "<META_START>", " inbox", "<META_START>", "<META_START>", "<META_START>"], ["<SOS>", "<SOS>", "<SOS>", "<SOS>", "<SOS>", "gie", "<SOS>", "<SOS>", "<SOS>"], ["<META_END>", "<META_END>", "<META_END>", "<META_END>", "<META_END>", " Tagged", "<META_END>", "<META_END>", "<META_END>"]], "top_logit_ablation_values": [[0, 0, 0, 0, 0, 0.8467, 0, 0, 0], [0, 0, 0, 0, 0, 0.6813, 0, 0, 0], [0, 0, 0, 0, 0, 0.6615, 0, 0, 0], [0, 0, 0, 0, 0, 0.6243, 0, 0, 0], [0, 0, 0, 0, 0, 0.6149, 0, 0, 0]], "bottom_logit_ablation_values": [[0, 0, 0, 0, 0, -0.7682, 0, 0, 0], [0, 0, 0, 0, 0, -0.6021, 0, 0, 0], [0, 0, 0, 0, 0, -0.572, 0, 0, 0], [0, 0, 0, 0, 0, -0.5693, 0, 0, 0], [0, 0, 0, 0, 0, -0.5645, 0, 0, 0]], "residual_loss_ablation": [1.649, -0.9952, -0.2815, -0.6566, -1.431, 7.321, -0.4655, 0.3301, 0]}}, {"tokens_str_list": ["'t", " happen", " (", "bas", "ically", ":", " have", " Google", " Home"], "tokens_acts_list": [0, 0, 0, 0, 0.6734, 0, 0, 0, 0], "train_token_ind": 4, "is_repeated_datapoint": 0, "datapoint_ind": 48945458, "ablations": {"loss_ablation": [0, 0, 0, 0, 0, 0.03098, 0, 0, 0], "top_logit_ablation_tokens_str": [["<META>", "<META>", "<META>", "<META>", "<META>", "ments", "<META>", "<META>", "<META>"], ["<EOT>", "<EOT>", "<EOT>", "<EOT>", "<EOT>", "ization", "<EOT>", "<EOT>", "<EOT>"], ["<META_START>", "<META_START>", "<META_START>", "<META_START>", "<META_START>", "olds", "<META_START>", "<META_START>", "<META_START>"], ["<SOS>", "<SOS>", "<SOS>", "<SOS>", "<SOS>", "ment", "<SOS>", "<SOS>", "<SOS>"], ["<META_END>", "<META_END>", "<META_END>", "<META_END>", "<META_END>", "izes", "<META_END>", "<META_END>", "<META_END>"]], "bottom_logit_ablation_tokens_str": [["<META>", "<META>", "<META>", "<META>", "<META>", "onymous", "<META>", "<META>", "<META>"], ["<EOT>", "<EOT>", "<EOT>", "<EOT>", "<EOT>", "hape", "<EOT>", "<EOT>", "<EOT>"], ["<META_START>", "<META_START>", "<META_START>", "<META_START>", "<META_START>", " inbox", "<META_START>", "<META_START>", "<META_START>"], ["<SOS>", "<SOS>", "<SOS>", "<SOS>", "<SOS>", " Tagged", "<SOS>", "<SOS>", "<SOS>"], ["<META_END>", "<META_END>", "<META_END>", "<META_END>", "<META_END>", "gie", "<META_END>", "<META_END>", "<META_END>"]], "top_logit_ablation_values": [[0, 0, 0, 0, 0, 0.6322, 0, 0, 0], [0, 0, 0, 0, 0, 0.5052, 0, 0, 0], [0, 0, 0, 0, 0, 0.4834, 0, 0, 0], [0, 0, 0, 0, 0, 0.4626, 0, 0, 0], [0, 0, 0, 0, 0, 0.4601, 0, 0, 0]], "bottom_logit_ablation_values": [[0, 0, 0, 0, 0, -0.6132, 0, 0, 0], [0, 0, 0, 0, 0, -0.4745, 0, 0, 0], [0, 0, 0, 0, 0, -0.4577, 0, 0, 0], [0, 0, 0, 0, 0, -0.4539, 0, 0, 0], [0, 0, 0, 0, 0, -0.4525, 0, 0, 0]], "residual_loss_ablation": [-0.01057, 3.387, 1.489, 0.1509, 9.419, 0.1511, 0.1453, 2.102, 0]}}, {"tokens_str_list": [" paid", " vacation", ".", " (", "Which", " is", " being", " described", " as"], "tokens_acts_list": [0, 0, 0, 0, 0.1455, 0, 0, 0, 0], "train_token_ind": 4, "is_repeated_datapoint": 0, "datapoint_ind": 31270525, "ablations": {"loss_ablation": [0, 0, 0, 0, 0, -0.04637, 0, 0, 0], "top_logit_ablation_tokens_str": [["<META>", "<META>", "<META>", "<META>", "<META>", "ments", "<META>", "<META>", "<META>"], ["<EOT>", "<EOT>", "<EOT>", "<EOT>", "<EOT>", "ization", "<EOT>", "<EOT>", "<EOT>"], ["<META_START>", "<META_START>", "<META_START>", "<META_START>", "<META_START>", "izes", "<META_START>", "<META_START>", "<META_START>"], ["<SOS>", "<SOS>", "<SOS>", "<SOS>", "<SOS>", "olds", "<SOS>", "<SOS>", "<SOS>"], ["<META_END>", "<META_END>", "<META_END>", "<META_END>", "<META_END>", "ment", "<META_END>", "<META_END>", "<META_END>"]], "bottom_logit_ablation_tokens_str": [["<META>", "<META>", "<META>", "<META>", "<META>", "onymous", "<META>", "<META>", "<META>"], ["<EOT>", "<EOT>", "<EOT>", "<EOT>", "<EOT>", "hape", "<EOT>", "<EOT>", "<EOT>"], ["<META_START>", "<META_START>", "<META_START>", "<META_START>", "<META_START>", " Tagged", "<META_START>", "<META_START>", "<META_START>"], ["<SOS>", "<SOS>", "<SOS>", "<SOS>", "<SOS>", "gie", "<SOS>", "<SOS>", "<SOS>"], ["<META_END>", "<META_END>", "<META_END>", "<META_END>", "<META_END>", " inbox", "<META_END>", "<META_END>", "<META_END>"]], "top_logit_ablation_values": [[0, 0, 0, 0, 0, 0.1416, 0, 0, 0], [0, 0, 0, 0, 0, 0.1138, 0, 0, 0], [0, 0, 0, 0, 0, 0.108, 0, 0, 0], [0, 0, 0, 0, 0, 0.1071, 0, 0, 0], [0, 0, 0, 0, 0, 0.1013, 0, 0, 0]], "bottom_logit_ablation_values": [[0, 0, 0, 0, 0, -0.1378, 0, 0, 0], [0, 0, 0, 0, 0, -0.1084, 0, 0, 0], [0, 0, 0, 0, 0, -0.1076, 0, 0, 0], [0, 0, 0, 0, 0, -0.1071, 0, 0, 0], [0, 0, 0, 0, 0, -0.105, 0, 0, 0]], "residual_loss_ablation": [0.7694, 2.183, -0.8656, 1.053, 0.9083, -0.003705, -0.08263, 0.7923, 0]}}]}], "statistics": {"density_frac": 3e-08, "global_max_act": 0.8292, "abs_max_neuron_weights": [0.1253, 0.1229, 0.1185], "abs_max_neuron_inds": [437, 293, 503], "l1_max_neuron_weights": [0.006857, 0.006728, 0.006487]}, "logit_effects": {"negatives": [["ening", -0.4036], ["atic", -0.4205], ["lection", -0.4209], ["ens", -0.4347], ["elling", -0.4371], ["izes", -0.4455], ["ment", -0.4465], ["olds", -0.4675], ["ization", -0.4881], ["ments", -0.5915]], "positives": [["onymous", 0.4834], ["hape", 0.3643], [" inbox", 0.3514], [" Tagged", 0.3503], ["gie", 0.3411], [" Solve", 0.3353], ["horn", 0.3305], ["aque", 0.3228], ["umann", 0.3149], [" evacuated", 0.3126]]}}