{"index": 3223, "act_buckets": [0, 0, 0, 0, 0, 0, 0, 0, 0, 0, 0, 0, 0, 0, 0, 0, 0, 0, 0, 0, 0, 0, 0, 0, 0, 0, 0, 0, 0, 0, 0, 0, 0, 0, 0, 0, 0, 0, 0, 1], "act_bucket_edges": [0, 0.004207, 0.008414, 0.01262, 0.01683, 0.02103, 0.02524, 0.02945, 0.03365, 0.03786, 0.04207, 0.04628, 0.05048, 0.05469, 0.0589, 0.0631, 0.06731, 0.07152, 0.07572, 0.07993, 0.08414, 0.08834, 0.09255, 0.09676, 0.101, 0.1052, 0.1094, 0.1136, 0.1178, 0.122, 0.1262, 0.1304, 0.1346, 0.1388, 0.143, 0.1472, 0.1514, 0.1557, 0.1599, 0.1641, 0.1683], "logit_buckets": [3, 6, 18, 41, 57, 135, 192, 426, 705, 1104, 1985, 2988, 4153, 9324, 7649, 6969, 5732, 4550, 3707, 3036, 2505, 2178, 1673, 1412, 1160, 1004, 819, 654, 495, 340, 225, 145, 90, 24, 18, 8, 1, 2, 1, 2], "logit_bucket_edges": [-0.2529, -0.2367, -0.2204, -0.2041, -0.1879, -0.1716, -0.1554, -0.1391, -0.1229, -0.1066, -0.09034, -0.07409, -0.05783, -0.04157, -0.02532, -0.009059, 0.007198, 0.02346, 0.03971, 0.05597, 0.07223, 0.08848, 0.1047, 0.121, 0.1373, 0.1535, 0.1698, 0.186, 0.2023, 0.2185, 0.2348, 0.2511, 0.2673, 0.2836, 0.2998, 0.3161, 0.3323, 0.3486, 0.3649, 0.3811, 0.3974], "examples_quantiles": [{"quantile_name": "Top Activations", "quantile_max_act": 0.1683, "examples": [{"tokens_str_list": [".", "\n", "\n", "Which", " meant", " that", " things", " were", " about"], "tokens_acts_list": [0, 0, 0, 0, 0.1683, 0, 0, 0, 0], "train_token_ind": 4, "is_repeated_datapoint": 0, "datapoint_ind": 31102614, "ablations": {"loss_ablation": [0, 0, 0, 0, 0, -0.005973, 0, 0, 0], "top_logit_ablation_tokens_str": [["<META>", "<META>", "<META>", "<META>", "<META>", "\u00b6", "<META>", "<META>", "<META>"], ["<EOT>", "<EOT>", "<EOT>", "<EOT>", "<EOT>", " Developer", "<EOT>", "<EOT>", "<EOT>"], ["<META_START>", "<META_START>", "<META_START>", "<META_START>", "<META_START>", " Authors", "<META_START>", "<META_START>", "<META_START>"], ["<SOS>", "<SOS>", "<SOS>", "<SOS>", "<SOS>", " COPYRIGHT", "<SOS>", "<SOS>", "<SOS>"], ["<META_END>", "<META_END>", "<META_END>", "<META_END>", "<META_END>", " Infrastructure", "<META_END>", "<META_END>", "<META_END>"]], "bottom_logit_ablation_tokens_str": [["<META>", "<META>", "<META>", "<META>", "<META>", ".'", "<META>", "<META>", "<META>"], ["<EOT>", "<EOT>", "<EOT>", "<EOT>", "<EOT>", " legs", "<EOT>", "<EOT>", "<EOT>"], ["<META_START>", "<META_START>", "<META_START>", "<META_START>", "<META_START>", " limbs", "<META_START>", "<META_START>", "<META_START>"], ["<SOS>", "<SOS>", "<SOS>", "<SOS>", "<SOS>", " glance", "<SOS>", "<SOS>", "<SOS>"], ["<META_END>", "<META_END>", "<META_END>", "<META_END>", "<META_END>", " tears", "<META_END>", "<META_END>", "<META_END>"]], "top_logit_ablation_values": [[0, 0, 0, 0, 0, 0.04087, 0, 0, 0], [0, 0, 0, 0, 0, 0.03586, 0, 0, 0], [0, 0, 0, 0, 0, 0.03542, 0, 0, 0], [0, 0, 0, 0, 0, 0.03183, 0, 0, 0], [0, 0, 0, 0, 0, 0.02787, 0, 0, 0]], "bottom_logit_ablation_values": [[0, 0, 0, 0, 0, -0.1681, 0, 0, 0], [0, 0, 0, 0, 0, -0.1629, 0, 0, 0], [0, 0, 0, 0, 0, -0.1603, 0, 0, 0], [0, 0, 0, 0, 0, -0.1601, 0, 0, 0], [0, 0, 0, 0, 0, -0.1586, 0, 0, 0]], "residual_loss_ablation": [-0.1311, 0.1634, 0.0001875, 0.9268, 1.197, 0.5992, 0.08619, 3.027, 0]}}]}], "statistics": {"density_frac": 1e-08, "global_max_act": 0.1683, "abs_max_neuron_weights": [0.3204, 0.1975, 0.1924], "abs_max_neuron_inds": [223, 195, 286], "l1_max_neuron_weights": [0.02535, 0.01563, 0.01522]}, "logit_effects": {"negatives": [["11", -0.2193], ["iat", -0.2219], ["oston", -0.2233], ["\u00ae", -0.2257], ["ype", -0.2296], ["iker", -0.2296], [" Compiler", -0.2308], ["topic", -0.24], [" METHODS", -0.2502], ["\u00b6", -0.2529]], "positives": [["\u2014\"", 0.3974], ["?'", 0.3848], ["?_", 0.3691], ["?\"", 0.3577], [".'", 0.353], [" his", 0.3428], [".\"", 0.3308], [",'", 0.3281], [" silence", 0.3267], ["\"\u2014", 0.3263]]}}