{"index": 3251, "act_buckets": [1, 0, 0, 0, 0, 0, 0, 0, 0, 0, 0, 0, 0, 0, 0, 0, 0, 0, 0, 0, 0, 0, 0, 0, 0, 0, 0, 0, 0, 1, 0, 0, 0, 0, 0, 0, 0, 0, 0, 1], "act_bucket_edges": [0, 0.01965, 0.0393, 0.05895, 0.0786, 0.09825, 0.1179, 0.1375, 0.1572, 0.1768, 0.1965, 0.2161, 0.2358, 0.2554, 0.2751, 0.2947, 0.3144, 0.334, 0.3537, 0.3733, 0.393, 0.4126, 0.4323, 0.4519, 0.4716, 0.4912, 0.5109, 0.5305, 0.5502, 0.5698, 0.5895, 0.6091, 0.6288, 0.6484, 0.6681, 0.6877, 0.7074, 0.727, 0.7467, 0.7663, 0.786], "logit_buckets": [2, 1, 1, 3, 4, 2, 6, 16, 15, 33, 40, 77, 116, 199, 307, 1750, 1699, 1792, 2424, 3139, 4365, 6058, 7314, 7684, 7312, 6088, 4914, 3738, 2554, 1601, 1045, 561, 326, 171, 92, 45, 25, 7, 5, 5], "logit_bucket_edges": [-0.6222, -0.5957, -0.5692, -0.5426, -0.5161, -0.4896, -0.463, -0.4365, -0.41, -0.3834, -0.3569, -0.3303, -0.3038, -0.2773, -0.2507, -0.2242, -0.1977, -0.1711, -0.1446, -0.118, -0.09151, -0.06498, -0.03844, -0.0119, 0.01463, 0.04117, 0.06771, 0.09424, 0.1208, 0.1473, 0.1739, 0.2004, 0.2269, 0.2535, 0.28, 0.3065, 0.3331, 0.3596, 0.3861, 0.4127, 0.4392], "examples_quantiles": [{"quantile_name": "Top Activations", "quantile_max_act": 0.786, "examples": [{"tokens_str_list": [" (-", "8", ")/(-", "12", ")*(-", "145", "66", ")/((-", "7"], "tokens_acts_list": [0, 0, 0, 0, 0.786, 0, 0, 0, 0], "train_token_ind": 4, "is_repeated_datapoint": 0, "datapoint_ind": 5547788, "ablations": {"loss_ablation": [0, 0, 0, 0, 0, 0.07791, 0, 0, 0], "top_logit_ablation_tokens_str": [["<META>", "<META>", "<META>", "<META>", "<META>", "ously", "<META>", "<META>", "<META>"], ["<EOT>", "<EOT>", "<EOT>", "<EOT>", "<EOT>", " to", "<EOT>", "<EOT>", "<EOT>"], ["<META_START>", "<META_START>", "<META_START>", "<META_START>", "<META_START>", " with", "<META_START>", "<META_START>", "<META_START>"], ["<SOS>", "<SOS>", "<SOS>", "<SOS>", "<SOS>", " between", "<SOS>", "<SOS>", "<SOS>"], ["<META_END>", "<META_END>", "<META_END>", "<META_END>", "<META_END>", "ments", "<META_END>", "<META_END>", "<META_END>"]], "bottom_logit_ablation_tokens_str": [["<META>", "<META>", "<META>", "<META>", "<META>", "\\x9d", "<META>", "<META>", "<META>"], ["<EOT>", "<EOT>", "<EOT>", "<EOT>", "<EOT>", " inbox", "<EOT>", "<EOT>", "<EOT>"], ["<META_START>", "<META_START>", "<META_START>", "<META_START>", "<META_START>", "\n         ", "<META_START>", "<META_START>", "<META_START>"], ["<SOS>", "<SOS>", "<SOS>", "<SOS>", "<SOS>", " suprem", "<SOS>", "<SOS>", "<SOS>"], ["<META_END>", "<META_END>", "<META_END>", "<META_END>", "<META_END>", " premiere", "<META_END>", "<META_END>", "<META_END>"]], "top_logit_ablation_values": [[0, 0, 0, 0, 0, 0.6668, 0, 0, 0], [0, 0, 0, 0, 0, 0.6575, 0, 0, 0], [0, 0, 0, 0, 0, 0.6178, 0, 0, 0], [0, 0, 0, 0, 0, 0.6026, 0, 0, 0], [0, 0, 0, 0, 0, 0.5764, 0, 0, 0]], "bottom_logit_ablation_values": [[0, 0, 0, 0, 0, -0.3847, 0, 0, 0], [0, 0, 0, 0, 0, -0.369, 0, 0, 0], [0, 0, 0, 0, 0, -0.3661, 0, 0, 0], [0, 0, 0, 0, 0, -0.353, 0, 0, 0], [0, 0, 0, 0, 0, -0.3298, 0, 0, 0]], "residual_loss_ablation": [4.172, -0.1182, 3.626, -0.09521, 0.08316, -0.2478, 2.347, -1.624, 0]}}, {"tokens_str_list": ["\\x9d", "\\xe1\\x83", "\\x93", " \\xe1\\x83", "\\xac", "\u10d8\\xe1\\x83", "\\x9c", "\u10d0\\xe1\\x83", "\\xa1"], "tokens_acts_list": [0, 0, 0, 0, 0.5766, 0, 0, 0, 0], "train_token_ind": 4, "is_repeated_datapoint": 0, "datapoint_ind": 54671983, "ablations": {"loss_ablation": [0, 0, 0, 0, 0, -0.00777, 0, 0, 0], "top_logit_ablation_tokens_str": [["<META>", "<META>", "<META>", "<META>", "<META>", "ously", "<META>", "<META>", "<META>"], ["<EOT>", "<EOT>", "<EOT>", "<EOT>", "<EOT>", " to", "<EOT>", "<EOT>", "<EOT>"], ["<META_START>", "<META_START>", "<META_START>", "<META_START>", "<META_START>", " the", "<META_START>", "<META_START>", "<META_START>"], ["<SOS>", "<SOS>", "<SOS>", "<SOS>", "<SOS>", " between", "<SOS>", "<SOS>", "<SOS>"], ["<META_END>", "<META_END>", "<META_END>", "<META_END>", "<META_END>", " with", "<META_END>", "<META_END>", "<META_END>"]], "bottom_logit_ablation_tokens_str": [["<META>", "<META>", "<META>", "<META>", "<META>", " suprem", "<META>", "<META>", "<META>"], ["<EOT>", "<EOT>", "<EOT>", "<EOT>", "<EOT>", " inbox", "<EOT>", "<EOT>", "<EOT>"], ["<META_START>", "<META_START>", "<META_START>", "<META_START>", "<META_START>", "\n         ", "<META_START>", "<META_START>", "<META_START>"], ["<SOS>", "<SOS>", "<SOS>", "<SOS>", "<SOS>", " premiere", "<SOS>", "<SOS>", "<SOS>"], ["<META_END>", "<META_END>", "<META_END>", "<META_END>", "<META_END>", " poem", "<META_END>", "<META_END>", "<META_END>"]], "top_logit_ablation_values": [[0, 0, 0, 0, 0, 0.6458, 0, 0, 0], [0, 0, 0, 0, 0, 0.5875, 0, 0, 0], [0, 0, 0, 0, 0, 0.5805, 0, 0, 0], [0, 0, 0, 0, 0, 0.5781, 0, 0, 0], [0, 0, 0, 0, 0, 0.5696, 0, 0, 0]], "bottom_logit_ablation_values": [[0, 0, 0, 0, 0, -0.2174, 0, 0, 0], [0, 0, 0, 0, 0, -0.1899, 0, 0, 0], [0, 0, 0, 0, 0, -0.1875, 0, 0, 0], [0, 0, 0, 0, 0, -0.1776, 0, 0, 0], [0, 0, 0, 0, 0, -0.1647, 0, 0, 0]], "residual_loss_ablation": [1.262, -0.07189, 1.003, -0.7419, 1.176, 0.2246, 0.1431, 0.2026, 0]}}, {"tokens_str_list": ["\u10d4\\xe1\\x83", "\\x9a", "\u10d8", " \\xe1\\x83", "\\xac", "\\xe1\\x83", "\\x9a", "\u10d8\\xe1\\x83", "\\xa1"], "tokens_acts_list": [0, 0, 0, 0, 0.0003757, 0, 0, 0, 0], "train_token_ind": 4, "is_repeated_datapoint": 0, "datapoint_ind": 13424059, "ablations": {"loss_ablation": [0, 0, 0, 0, 0, 0.0003102, 0, 0, 0], "top_logit_ablation_tokens_str": [["<META>", "<META>", "<META>", "<META>", "<META>", "Methods", "<META>", "<META>", "<META>"], ["<EOT>", "<EOT>", "<EOT>", "<EOT>", "<EOT>", " to", "<EOT>", "<EOT>", "<EOT>"], ["<META_START>", "<META_START>", "<META_START>", "<META_START>", "<META_START>", " from", "<META_START>", "<META_START>", "<META_START>"], ["<SOS>", "<SOS>", "<SOS>", "<SOS>", "<SOS>", " 1", "<SOS>", "<SOS>", "<SOS>"], ["<META_END>", "<META_END>", "<META_END>", "<META_END>", "<META_END>", " 2", "<META_END>", "<META_END>", "<META_END>"]], "bottom_logit_ablation_tokens_str": [["<META>", "<META>", "<META>", "<META>", "<META>", " sake", "<META>", "<META>", "<META>"], ["<EOT>", "<EOT>", "<EOT>", "<EOT>", "<EOT>", "abouts", "<EOT>", "<EOT>", "<EOT>"], ["<META_START>", "<META_START>", "<META_START>", "<META_START>", "<META_START>", " arbitr", "<META_START>", "<META_START>", "<META_START>"], ["<SOS>", "<SOS>", "<SOS>", "<SOS>", "<SOS>", " Astron", "<SOS>", "<SOS>", "<SOS>"], ["<META_END>", "<META_END>", "<META_END>", "<META_END>", "<META_END>", "urity", "<META_END>", "<META_END>", "<META_END>"]], "top_logit_ablation_values": [[0, 0, 0, 0, 0, 0.001171, 0, 0, 0], [0, 0, 0, 0, 0, 0.001169, 0, 0, 0], [0, 0, 0, 0, 0, 0.001075, 0, 0, 0], [0, 0, 0, 0, 0, 0.0009975, 0, 0, 0], [0, 0, 0, 0, 0, 0.0008287, 0, 0, 0]], "bottom_logit_ablation_values": [[0, 0, 0, 0, 0, -0.009771, 0, 0, 0], [0, 0, 0, 0, 0, -0.009645, 0, 0, 0], [0, 0, 0, 0, 0, -0.009461, 0, 0, 0], [0, 0, 0, 0, 0, -0.009424, 0, 0, 0], [0, 0, 0, 0, 0, -0.009403, 0, 0, 0]], "residual_loss_ablation": [0.3394, 0.5254, 1.307, 0.8414, 0.362, -0.5448, 0.02142, 0.5632, 0]}}]}], "statistics": {"density_frac": 3e-08, "global_max_act": 0.786, "abs_max_neuron_weights": [-0.1512, -0.1391, 0.1327], "abs_max_neuron_inds": [142, 505, 79], "l1_max_neuron_weights": [0.008395, 0.007724, 0.007367]}, "logit_effects": {"negatives": [["ous", -0.4975], [" for", -0.4983], ["led", -0.5061], ["ment", -0.5178], [" the", -0.5204], ["ments", -0.531], [" between", -0.5537], [" with", -0.5768], ["ously", -0.6192], [" to", -0.6222]], "positives": [["\\x9d", 0.4392], [" inbox", 0.4329], ["\n         ", 0.4278], [" suprem", 0.4277], ["UAL", 0.4132], ["\u00e7a", 0.3999], ["PECT", 0.3943], [" premiere", 0.3939], ["ERIC", 0.3897], [" repent", 0.3867]]}}