{"index": 3266, "act_buckets": [1, 0, 1, 0, 1, 0, 0, 0, 1, 0, 0, 0, 0, 0, 0, 0, 0, 0, 0, 0, 0, 0, 0, 0, 0, 0, 0, 0, 0, 0, 0, 0, 0, 0, 0, 0, 0, 0, 0, 1], "act_bucket_edges": [0, 0.02908, 0.05817, 0.08725, 0.1163, 0.1454, 0.1745, 0.2036, 0.2327, 0.2618, 0.2908, 0.3199, 0.349, 0.3781, 0.4072, 0.4363, 0.4654, 0.4944, 0.5235, 0.5526, 0.5817, 0.6108, 0.6399, 0.6689, 0.698, 0.7271, 0.7562, 0.7853, 0.8144, 0.8435, 0.8725, 0.9016, 0.9307, 0.9598, 0.9889, 1.018, 1.047, 1.076, 1.105, 1.134, 1.163], "logit_buckets": [1, 0, 1, 1, 0, 0, 5, 7, 14, 24, 34, 68, 105, 179, 356, 601, 927, 1651, 2418, 3670, 5248, 8862, 8389, 8360, 7798, 5957, 4107, 2772, 1677, 1071, 565, 296, 174, 96, 43, 25, 19, 8, 6, 1], "logit_bucket_edges": [-0.4884, -0.4672, -0.446, -0.4248, -0.4035, -0.3823, -0.3611, -0.3399, -0.3187, -0.2975, -0.2763, -0.255, -0.2338, -0.2126, -0.1914, -0.1702, -0.149, -0.1278, -0.1066, -0.08534, -0.06413, -0.04292, -0.02171, -0.0004925, 0.02072, 0.04193, 0.06315, 0.08436, 0.1056, 0.1268, 0.148, 0.1692, 0.1904, 0.2116, 0.2329, 0.2541, 0.2753, 0.2965, 0.3177, 0.3389, 0.3601], "examples_quantiles": [{"quantile_name": "Top Activations", "quantile_max_act": 1.163, "examples": [{"tokens_str_list": ["oids", ".\\[[@", "CR", "23", "],", " [@", "CR", "25", "]\\]"], "tokens_acts_list": [0, 0, 0, 0, 1.163, 0, 0, 0, 0], "train_token_ind": 4, "is_repeated_datapoint": 0, "datapoint_ind": 24540605, "ablations": {"loss_ablation": [0, 0, 0, 0, 0, -0.03037, 0, 0, 0], "top_logit_ablation_tokens_str": [["<META>", "<META>", "<META>", "<META>", "<META>", "atories", "<META>", "<META>", "<META>"], ["<EOT>", "<EOT>", "<EOT>", "<EOT>", "<EOT>", "ets", "<EOT>", "<EOT>", "<EOT>"], ["<META_START>", "<META_START>", "<META_START>", "<META_START>", "<META_START>", "atory", "<META_START>", "<META_START>", "<META_START>"], ["<SOS>", "<SOS>", "<SOS>", "<SOS>", "<SOS>", "AND", "<SOS>", "<SOS>", "<SOS>"], ["<META_END>", "<META_END>", "<META_END>", "<META_END>", "<META_END>", "ation", "<META_END>", "<META_END>", "<META_END>"]], "bottom_logit_ablation_tokens_str": [["<META>", "<META>", "<META>", "<META>", "<META>", "rey", "<META>", "<META>", "<META>"], ["<EOT>", "<EOT>", "<EOT>", "<EOT>", "<EOT>", "oci", "<EOT>", "<EOT>", "<EOT>"], ["<META_START>", "<META_START>", "<META_START>", "<META_START>", "<META_START>", "pest", "<META_START>", "<META_START>", "<META_START>"], ["<SOS>", "<SOS>", "<SOS>", "<SOS>", "<SOS>", "ordon", "<SOS>", "<SOS>", "<SOS>"], ["<META_END>", "<META_END>", "<META_END>", "<META_END>", "<META_END>", "patial", "<META_END>", "<META_END>", "<META_END>"]], "top_logit_ablation_values": [[0, 0, 0, 0, 0, 0.8721, 0, 0, 0], [0, 0, 0, 0, 0, 0.7874, 0, 0, 0], [0, 0, 0, 0, 0, 0.7473, 0, 0, 0], [0, 0, 0, 0, 0, 0.6025, 0, 0, 0], [0, 0, 0, 0, 0, 0.5899, 0, 0, 0]], "bottom_logit_ablation_values": [[0, 0, 0, 0, 0, -0.8959, 0, 0, 0], [0, 0, 0, 0, 0, -0.841, 0, 0, 0], [0, 0, 0, 0, 0, -0.8098, 0, 0, 0], [0, 0, 0, 0, 0, -0.8084, 0, 0, 0], [0, 0, 0, 0, 0, -0.801, 0, 0, 0]], "residual_loss_ablation": [4.096, 1.95, -0.3874, -0.3619, -4.063, 0.1594, -0.01477, 0.699, 0]}}, {"tokens_str_list": ["[\\", "%]", "$\\", "\n", "$\\", "phantom", "{", "1", "}"], "tokens_acts_list": [0, 0, 0, 0, 0.2407, 0, 0, 0, 0], "train_token_ind": 4, "is_repeated_datapoint": 0, "datapoint_ind": 49519702, "ablations": {"loss_ablation": [0, 0, 0, 0, 0, 0.0236, 0, 0, 0], "top_logit_ablation_tokens_str": [["<META>", "<META>", "<META>", "<META>", "<META>", "atories", "<META>", "<META>", "<META>"], ["<EOT>", "<EOT>", "<EOT>", "<EOT>", "<EOT>", "ets", "<EOT>", "<EOT>", "<EOT>"], ["<META_START>", "<META_START>", "<META_START>", "<META_START>", "<META_START>", "atory", "<META_START>", "<META_START>", "<META_START>"], ["<SOS>", "<SOS>", "<SOS>", "<SOS>", "<SOS>", "AND", "<SOS>", "<SOS>", "<SOS>"], ["<META_END>", "<META_END>", "<META_END>", "<META_END>", "<META_END>", "ational", "<META_END>", "<META_END>", "<META_END>"]], "bottom_logit_ablation_tokens_str": [["<META>", "<META>", "<META>", "<META>", "<META>", "rey", "<META>", "<META>", "<META>"], ["<EOT>", "<EOT>", "<EOT>", "<EOT>", "<EOT>", "oci", "<EOT>", "<EOT>", "<EOT>"], ["<META_START>", "<META_START>", "<META_START>", "<META_START>", "<META_START>", "quate", "<META_START>", "<META_START>", "<META_START>"], ["<SOS>", "<SOS>", "<SOS>", "<SOS>", "<SOS>", "pest", "<SOS>", "<SOS>", "<SOS>"], ["<META_END>", "<META_END>", "<META_END>", "<META_END>", "<META_END>", "brain", "<META_END>", "<META_END>", "<META_END>"]], "top_logit_ablation_values": [[0, 0, 0, 0, 0, 0.1543, 0, 0, 0], [0, 0, 0, 0, 0, 0.1327, 0, 0, 0], [0, 0, 0, 0, 0, 0.1296, 0, 0, 0], [0, 0, 0, 0, 0, 0.1061, 0, 0, 0], [0, 0, 0, 0, 0, 0.1058, 0, 0, 0]], "bottom_logit_ablation_values": [[0, 0, 0, 0, 0, -0.1653, 0, 0, 0], [0, 0, 0, 0, 0, -0.1517, 0, 0, 0], [0, 0, 0, 0, 0, -0.1512, 0, 0, 0], [0, 0, 0, 0, 0, -0.1502, 0, 0, 0], [0, 0, 0, 0, 0, -0.1499, 0, 0, 0]], "residual_loss_ablation": [0.2643, 4.077, -1.098, 3.838, 1.504, 3.389, 1.14, -1.361, 0]}}, {"tokens_str_list": [",", " since", " ${\\", "Vert", " T", "^", "3", "_{", "j"], "tokens_acts_list": [0, 0, 0, 0, 0.1388, 0, 0, 0, 0], "train_token_ind": 4, "is_repeated_datapoint": 0, "datapoint_ind": 96942065, "ablations": {"loss_ablation": [0, 0, 0, 0, 0, -0.008473, 0, 0, 0], "top_logit_ablation_tokens_str": [["<META>", "<META>", "<META>", "<META>", "<META>", "atories", "<META>", "<META>", "<META>"], ["<EOT>", "<EOT>", "<EOT>", "<EOT>", "<EOT>", "atory", "<EOT>", "<EOT>", "<EOT>"], ["<META_START>", "<META_START>", "<META_START>", "<META_START>", "<META_START>", "ets", "<META_START>", "<META_START>", "<META_START>"], ["<SOS>", "<SOS>", "<SOS>", "<SOS>", "<SOS>", "itions", "<SOS>", "<SOS>", "<SOS>"], ["<META_END>", "<META_END>", "<META_END>", "<META_END>", "<META_END>", "ation", "<META_END>", "<META_END>", "<META_END>"]], "bottom_logit_ablation_tokens_str": [["<META>", "<META>", "<META>", "<META>", "<META>", "rey", "<META>", "<META>", "<META>"], ["<EOT>", "<EOT>", "<EOT>", "<EOT>", "<EOT>", "MENT", "<EOT>", "<EOT>", "<EOT>"], ["<META_START>", "<META_START>", "<META_START>", "<META_START>", "<META_START>", "ordon", "<META_START>", "<META_START>", "<META_START>"], ["<SOS>", "<SOS>", "<SOS>", "<SOS>", "<SOS>", "%\"", "<SOS>", "<SOS>", "<SOS>"], ["<META_END>", "<META_END>", "<META_END>", "<META_END>", "<META_END>", "onymous", "<META_END>", "<META_END>", "<META_END>"]], "top_logit_ablation_values": [[0, 0, 0, 0, 0, 0.08816, 0, 0, 0], [0, 0, 0, 0, 0, 0.075, 0, 0, 0], [0, 0, 0, 0, 0, 0.07299, 0, 0, 0], [0, 0, 0, 0, 0, 0.0631, 0, 0, 0], [0, 0, 0, 0, 0, 0.0618, 0, 0, 0]], "bottom_logit_ablation_values": [[0, 0, 0, 0, 0, -0.07773, 0, 0, 0], [0, 0, 0, 0, 0, -0.07169, 0, 0, 0], [0, 0, 0, 0, 0, -0.07029, 0, 0, 0], [0, 0, 0, 0, 0, -0.07002, 0, 0, 0], [0, 0, 0, 0, 0, -0.06965, 0, 0, 0]], "residual_loss_ablation": [1.726, 1.394, -0.04775, 4.465, 2.762, -0.3493, 0.184, 0.3331, 0]}}, {"tokens_str_list": [" peace", " of", " having", " a", " funeral", ",", " and", " to", " spare"], "tokens_acts_list": [0, 0, 0, 0, 0.08204, 0, 0, 0, 0], "train_token_ind": 4, "is_repeated_datapoint": 0, "datapoint_ind": 92232531, "ablations": {"loss_ablation": [0, 0, 0, 0, 0, -0.011, 0, 0, 0], "top_logit_ablation_tokens_str": [["<META>", "<META>", "<META>", "<META>", "<META>", "atories", "<META>", "<META>", "<META>"], ["<EOT>", "<EOT>", "<EOT>", "<EOT>", "<EOT>", "ets", "<EOT>", "<EOT>", "<EOT>"], ["<META_START>", "<META_START>", "<META_START>", "<META_START>", "<META_START>", "atory", "<META_START>", "<META_START>", "<META_START>"], ["<SOS>", "<SOS>", "<SOS>", "<SOS>", "<SOS>", " Ltd", "<SOS>", "<SOS>", "<SOS>"], ["<META_END>", "<META_END>", "<META_END>", "<META_END>", "<META_END>", "ational", "<META_END>", "<META_END>", "<META_END>"]],