{"index": 3300, "act_buckets": [0, 0, 0, 0, 0, 0, 0, 0, 0, 0, 0, 0, 0, 0, 0, 0, 0, 0, 0, 0, 0, 0, 0, 0, 0, 0, 0, 0, 0, 0, 0, 0, 0, 0, 0, 0, 0, 0, 0, 2], "act_bucket_edges": [0, 0.006408, 0.01282, 0.01922, 0.02563, 0.03204, 0.03845, 0.04486, 0.05126, 0.05767, 0.06408, 0.07049, 0.0769, 0.0833, 0.08971, 0.09612, 0.1025, 0.1089, 0.1153, 0.1218, 0.1282, 0.1346, 0.141, 0.1474, 0.1538, 0.1602, 0.1666, 0.173, 0.1794, 0.1858, 0.1922, 0.1986, 0.2051, 0.2115, 0.2179, 0.2243, 0.2307, 0.2371, 0.2435, 0.2499, 0.2563], "logit_buckets": [2, 0, 5, 5, 7, 11, 12, 40, 45, 84, 113, 205, 296, 459, 752, 1188, 1751, 2657, 3712, 7560, 7764, 8389, 7585, 6404, 5088, 3802, 2748, 1941, 1289, 765, 461, 241, 99, 37, 12, 2, 3, 1, 0, 1], "logit_bucket_edges": [-0.5255, -0.5013, -0.4772, -0.453, -0.4288, -0.4046, -0.3804, -0.3562, -0.332, -0.3078, -0.2836, -0.2594, -0.2352, -0.211, -0.1868, -0.1626, -0.1384, -0.1142, -0.09006, -0.06586, -0.04167, -0.01747, 0.006719, 0.03091, 0.05511, 0.0793, 0.1035, 0.1277, 0.1519, 0.1761, 0.2003, 0.2245, 0.2487, 0.2728, 0.297, 0.3212, 0.3454, 0.3696, 0.3938, 0.418, 0.4422], "examples_quantiles": [{"quantile_name": "Top Activations", "quantile_max_act": 0.2563, "examples": [{"tokens_str_list": ["\n", ",", " **", "**,", " ().", "\n", "\n", ",", " **"], "tokens_acts_list": [0, 0, 0, 0, 0.2563, 0, 0, 0, 0], "train_token_ind": 4, "is_repeated_datapoint": 0, "datapoint_ind": 53779, "ablations": {"loss_ablation": [0, 0, 0, 0, 0, 0.07177, 0, 0, 0], "top_logit_ablation_tokens_str": [["<META>", "<META>", "<META>", "<META>", "<META>", "ization", "<META>", "<META>", "<META>"], ["<EOT>", "<EOT>", "<EOT>", "<EOT>", "<EOT>", "aph", "<EOT>", "<EOT>", "<EOT>"], ["<META_START>", "<META_START>", "<META_START>", "<META_START>", "<META_START>", "ology", "<META_START>", "<META_START>", "<META_START>"], ["<SOS>", "<SOS>", "<SOS>", "<SOS>", "<SOS>", "ifying", "<SOS>", "<SOS>", "<SOS>"], ["<META_END>", "<META_END>", "<META_END>", "<META_END>", "<META_END>", "ists", "<META_END>", "<META_END>", "<META_END>"]], "bottom_logit_ablation_tokens_str": [["<META>", "<META>", "<META>", "<META>", "<META>", "lace", "<META>", "<META>", "<META>"], ["<EOT>", "<EOT>", "<EOT>", "<EOT>", "<EOT>", "cloth", "<EOT>", "<EOT>", "<EOT>"], ["<META_START>", "<META_START>", "<META_START>", "<META_START>", "<META_START>", " towel", "<META_START>", "<META_START>", "<META_START>"], ["<SOS>", "<SOS>", "<SOS>", "<SOS>", "<SOS>", " awake", "<SOS>", "<SOS>", "<SOS>"], ["<META_END>", "<META_END>", "<META_END>", "<META_END>", "<META_END>", " LICENSE", "<META_END>", "<META_END>", "<META_END>"]], "top_logit_ablation_values": [[0, 0, 0, 0, 0, 0.3362, 0, 0, 0], [0, 0, 0, 0, 0, 0.3265, 0, 0, 0], [0, 0, 0, 0, 0, 0.3148, 0, 0, 0], [0, 0, 0, 0, 0, 0.3106, 0, 0, 0], [0, 0, 0, 0, 0, 0.3103, 0, 0, 0]], "bottom_logit_ablation_values": [[0, 0, 0, 0, 0, -0.02795, 0, 0, 0], [0, 0, 0, 0, 0, -0.00449, 0, 0, 0], [0, 0, 0, 0, 0, 0.000164, 0, 0, 0], [0, 0, 0, 0, 0, 0.00283, 0, 0, 0], [0, 0, 0, 0, 0, 0.003974, 0, 0, 0]], "residual_loss_ablation": [-1.019, 2.532, 6.593, 2.603, 3.239, 3.891, -0.6105, 7.652, 0]}}, {"tokens_str_list": [" if", " you", "'d", " bothered", " to", " check", ",", " as", " I"], "tokens_acts_list": [0, 0, 0, 0, 0.2509, 0, 0, 0, 0], "train_token_ind": 4, "is_repeated_datapoint": 0, "datapoint_ind": 23684848, "ablations": {"loss_ablation": [0, 0, 0, 0, 0, -0.02409, 0, 0, 0], "top_logit_ablation_tokens_str": [["<META>", "<META>", "<META>", "<META>", "<META>", "ization", "<META>", "<META>", "<META>"], ["<EOT>", "<EOT>", "<EOT>", "<EOT>", "<EOT>", "aph", "<EOT>", "<EOT>", "<EOT>"], ["<META_START>", "<META_START>", "<META_START>", "<META_START>", "<META_START>", "ize", "<META_START>", "<META_START>", "<META_START>"], ["<SOS>", "<SOS>", "<SOS>", "<SOS>", "<SOS>", "ifying", "<SOS>", "<SOS>", "<SOS>"], ["<META_END>", "<META_END>", "<META_END>", "<META_END>", "<META_END>", "ocr", "<META_END>", "<META_END>", "<META_END>"]], "bottom_logit_ablation_tokens_str": [["<META>", "<META>", "<META>", "<META>", "<META>", "lace", "<META>", "<META>", "<META>"], ["<EOT>", "<EOT>", "<EOT>", "<EOT>", "<EOT>", "cloth", "<EOT>", "<EOT>", "<EOT>"], ["<META_START>", "<META_START>", "<META_START>", "<META_START>", "<META_START>", " LICENSE", "<META_START>", "<META_START>", "<META_START>"], ["<SOS>", "<SOS>", "<SOS>", "<SOS>", "<SOS>", "consin", "<SOS>", "<SOS>", "<SOS>"], ["<META_END>", "<META_END>", "<META_END>", "<META_END>", "<META_END>", " Voivodeship", "<META_END>", "<META_END>", "<META_END>"]], "top_logit_ablation_values": [[0, 0, 0, 0, 0, 0.3703, 0, 0, 0], [0, 0, 0, 0, 0, 0.3581, 0, 0, 0], [0, 0, 0, 0, 0, 0.3438, 0, 0, 0], [0, 0, 0, 0, 0, 0.3424, 0, 0, 0], [0, 0, 0, 0, 0, 0.3407, 0, 0, 0]], "bottom_logit_ablation_values": [[0, 0, 0, 0, 0, -0.02742, 0, 0, 0], [0, 0, 0, 0, 0, -0.001974, 0, 0, 0], [0, 0, 0, 0, 0, 0.0008736, 0, 0, 0], [0, 0, 0, 0, 0, 0.002653, 0, 0, 0], [0, 0, 0, 0, 0, 0.01085, 0, 0, 0]], "residual_loss_ablation": [3.725, 0.2527, 0.6738, -1.191, 1.736, -0.1793, -0.1401, -0.5245, 0]}}]}], "statistics": {"density_frac": 2e-08, "global_max_act": 0.2563, "abs_max_neuron_weights": [0.1977, 0.1757, 0.1725], "abs_max_neuron_inds": [109, 317, 319], "l1_max_neuron_weights": [0.01195, 0.01061, 0.01042]}, "logit_effects": {"negatives": [["izing", -0.4429], ["asy", -0.4451], ["obi", -0.4528], ["ists", -0.4572], ["ological", -0.4618], ["ics", -0.4632], ["ifying", -0.4651], ["ology", -0.4753], ["aph", -0.5108], ["ization", -0.5255]], "positives": [["lace", 0.4422], ["cloth", 0.3744], [" LICENSE", 0.3662], [" towel", 0.3633], [" awake", 0.3502], ["backer", 0.335], ["]$", 0.3236], [" Voivodeship", 0.3191], [" parked", 0.3093], [" visa", 0.3083]]}}