{"index": 3302, "act_buckets": [0, 0, 0, 0, 0, 0, 0, 1, 0, 0, 0, 0, 0, 0, 0, 0, 0, 0, 0, 0, 0, 0, 0, 0, 0, 0, 0, 0, 0, 0, 0, 0, 0, 1, 0, 0, 1, 0, 0, 1], "act_bucket_edges": [0, 0.01009, 0.02019, 0.03028, 0.04037, 0.05047, 0.06056, 0.07065, 0.08075, 0.09084, 0.1009, 0.111, 0.1211, 0.1312, 0.1413, 0.1514, 0.1615, 0.1716, 0.1817, 0.1918, 0.2019, 0.212, 0.2221, 0.2321, 0.2422, 0.2523, 0.2624, 0.2725, 0.2826, 0.2927, 0.3028, 0.3129, 0.323, 0.3331, 0.3432, 0.3533, 0.3634, 0.3735, 0.3835, 0.3936, 0.4037], "logit_buckets": [1, 0, 2, 3, 3, 8, 8, 23, 40, 70, 108, 203, 315, 433, 617, 933, 1417, 3715, 4582, 5780, 6811, 7455, 7615, 6695, 5703, 4349, 3121, 2053, 1403, 804, 504, 320, 195, 110, 58, 28, 22, 16, 8, 5], "logit_bucket_edges": [-0.4492, -0.4288, -0.4084, -0.388, -0.3677, -0.3473, -0.3269, -0.3065, -0.2861, -0.2657, -0.2453, -0.2249, -0.2045, -0.1841, -0.1637, -0.1434, -0.123, -0.1026, -0.08218, -0.06179, -0.0414, -0.02101, -0.0006159, 0.01978, 0.04017, 0.06056, 0.08095, 0.1013, 0.1217, 0.1421, 0.1625, 0.1829, 0.2033, 0.2237, 0.2441, 0.2645, 0.2849, 0.3052, 0.3256, 0.346, 0.3664], "examples_quantiles": [{"quantile_name": "Top Activations", "quantile_max_act": 0.4037, "examples": [{"tokens_str_list": [".", "\n", "\n", "In", " the", " conditions", " of", " Definition", " 2"], "tokens_acts_list": [0, 0, 0, 0, 0.4037, 0, 0, 0, 0], "train_token_ind": 4, "is_repeated_datapoint": 0, "datapoint_ind": 26340538, "ablations": {"loss_ablation": [0, 0, 0, 0, 0, 0.003786, 0, 0, 0], "top_logit_ablation_tokens_str": [["<META>", "<META>", "<META>", "<META>", "<META>", "rile", "<META>", "<META>", "<META>"], ["<EOT>", "<EOT>", "<EOT>", "<EOT>", "<EOT>", "===============", "<EOT>", "<EOT>", "<EOT>"], ["<META_START>", "<META_START>", "<META_START>", "<META_START>", "<META_START>", "erate", "<META_START>", "<META_START>", "<META_START>"], ["<SOS>", "<SOS>", "<SOS>", "<SOS>", "<SOS>", "osite", "<SOS>", "<SOS>", "<SOS>"], ["<META_END>", "<META_END>", "<META_END>", "<META_END>", "<META_END>", " another", "<META_END>", "<META_END>", "<META_END>"]], "bottom_logit_ablation_tokens_str": [["<META>", "<META>", "<META>", "<META>", "<META>", "piece", "<META>", "<META>", "<META>"], ["<EOT>", "<EOT>", "<EOT>", "<EOT>", "<EOT>", "nn", "<EOT>", "<EOT>", "<EOT>"], ["<META_START>", "<META_START>", "<META_START>", "<META_START>", "<META_START>", "usage", "<META_START>", "<META_START>", "<META_START>"], ["<SOS>", "<SOS>", "<SOS>", "<SOS>", "<SOS>", "nt", "<SOS>", "<SOS>", "<SOS>"], ["<META_END>", "<META_END>", "<META_END>", "<META_END>", "<META_END>", "bow", "<META_END>", "<META_END>", "<META_END>"]], "top_logit_ablation_values": [[0, 0, 0, 0, 0, 0.1735, 0, 0, 0], [0, 0, 0, 0, 0, 0.1416, 0, 0, 0], [0, 0, 0, 0, 0, 0.1217, 0, 0, 0], [0, 0, 0, 0, 0, 0.1216, 0, 0, 0], [0, 0, 0, 0, 0, 0.113, 0, 0, 0]], "bottom_logit_ablation_values": [[0, 0, 0, 0, 0, -0.5474, 0, 0, 0], [0, 0, 0, 0, 0, -0.5467, 0, 0, 0], [0, 0, 0, 0, 0, -0.5354, 0, 0, 0], [0, 0, 0, 0, 0, -0.5341, 0, 0, 0], [0, 0, 0, 0, 0, -0.5336, 0, 0, 0]], "residual_loss_ablation": [2.005, 0.1299, 0.2012, -0.02559, -0.5824, 1.777, 0.3678, 0.1318, 0]}}, {"tokens_str_list": [" dynamic", " range", ".", " This", " usually", " occurs", " at", " the", " peaks"], "tokens_acts_list": [0, 0, 0, 0, 0.3646, 0, 0, 0, 0], "train_token_ind": 4, "is_repeated_datapoint": 0, "datapoint_ind": 7487400, "ablations": {"loss_ablation": [0, 0, 0, 0, 0, -0.08131, 0, 0, 0], "top_logit_ablation_tokens_str": [["<META>", "<META>", "<META>", "<META>", "<META>", "rile", "<META>", "<META>", "<META>"], ["<EOT>", "<EOT>", "<EOT>", "<EOT>", "<EOT>", "osite", "<EOT>", "<EOT>", "<EOT>"], ["<META_START>", "<META_START>", "<META_START>", "<META_START>", "<META_START>", " member", "<META_START>", "<META_START>", "<META_START>"], ["<SOS>", "<SOS>", "<SOS>", "<SOS>", "<SOS>", "erate", "<SOS>", "<SOS>", "<SOS>"], ["<META_END>", "<META_END>", "<META_END>", "<META_END>", "<META_END>", " another", "<META_END>", "<META_END>", "<META_END>"]], "bottom_logit_ablation_tokens_str": [["<META>", "<META>", "<META>", "<META>", "<META>", "piece", "<META>", "<META>", "<META>"], ["<EOT>", "<EOT>", "<EOT>", "<EOT>", "<EOT>", "?\u201d", "<EOT>", "<EOT>", "<EOT>"], ["<META_START>", "<META_START>", "<META_START>", "<META_START>", "<META_START>", "nn", "<META_START>", "<META_START>", "<META_START>"], ["<SOS>", "<SOS>", "<SOS>", "<SOS>", "<SOS>", "usage", "<SOS>", "<SOS>", "<SOS>"], ["<META_END>", "<META_END>", "<META_END>", "<META_END>", "<META_END>", "bnis", "<META_END>", "<META_END>", "<META_END>"]], "top_logit_ablation_values": [[0, 0, 0, 0, 0, 0.1664, 0, 0, 0], [0, 0, 0, 0, 0, 0.124, 0, 0, 0], [0, 0, 0, 0, 0, 0.1083, 0, 0, 0], [0, 0, 0, 0, 0, 0.108, 0, 0, 0], [0, 0, 0, 0, 0, 0.09721, 0, 0, 0]], "bottom_logit_ablation_values": [[0, 0, 0, 0, 0, -0.3702, 0, 0, 0], [0, 0, 0, 0, 0, -0.3632, 0, 0, 0], [0, 0, 0, 0, 0, -0.363, 0, 0, 0], [0, 0, 0, 0, 0, -0.3626, 0, 0, 0], [0, 0, 0, 0, 0, -0.3576, 0, 0, 0]], "residual_loss_ablation": [2.457, 2.336, 1.287, -0.2253, 0.2622, 1.977, 0.5381, -1.079, 0]}}, {"tokens_str_list": ["\\", "bigg", "(\\", "frac", " {\\", "vart", "he", "ta", "_{"], "tokens_acts_list": [0, 0, 0, 0, 0.3346, 0, 0, 0, 0], "train_token_ind": 4, "is_repeated_datapoint": 0, "datapoint_ind": 1954732, "ablations": {"loss_ablation": [0, 0, 0, 0, 0, -0.05977, 0, 0, 0], "top_logit_ablation_tokens_str": [["<META>", "<META>", "<META>", "<META>", "<META>", "rile", "<META>", "<META>", "<META>"], ["<EOT>", "<EOT>", "<EOT>", "<EOT>", "<EOT>", "===============", "<EOT>", "<EOT>", "<EOT>"], ["<META_START>", "<META_START>", "<META_START>", "<META_START>", "<META_START>", " another", "<META_START>", "<META_START>", "<META_START>"], ["<SOS>", "<SOS>", "<SOS>", "<SOS>", "<SOS>", "erate", "<SOS>", "<SOS>", "<SOS>"], ["<META_END>", "<META_END>", "<META_END>", "<META_END>", "<META_END>", "osite", "<META_END>", "<META_END>", "<META_END>"]], "bottom_logit_ablation_tokens_str": [["<META>", "<META>", "<META>", "<META>", "<META>", "?\u201d", "<META>", "<META>", "<META>"], ["<EOT>", "<EOT>", "<EOT>", "<EOT>", "<EOT>", "piece", "<EOT>", "<EOT>", "<EOT>"], ["<META_START>", "<META_START>", "<META_START>", "<META_START>", "<META_START>", "prints", "<META_START>", "<META_START>", "<META_START>"], ["<SOS>", "<SOS>", "<SOS>", "<SOS>", "<SOS>", "mbl", "<SOS>", "<SOS>", "<SOS>"], ["<META_END>", "<META_END>", "<META_END>", "<META_END>", "<META_END>", "bow", "<META_END>", "<META_END>", "<META_END>"]], "top_logit_ablation_values": [[0, 0, 0, 0, 0, 0.1241, 0, 0, 0], [0, 0, 0, 0, 0, 0.1029, 0, 0, 0], [0, 0, 0, 0, 0, 0.09091, 0, 0, 0], [0, 0, 0, 0, 0, 0.08627, 0, 0, 0], [0, 0, 0, 0, 0, 0.0813, 0, 0, 0]], "bottom_logit_ablation_values": [[0, 0, 0, 0, 0, -0.3512, 0, 0, 0], [0, 0, 0, 0, 0, -0.3504, 0, 0, 0], [0, 0, 0, 0, 0, -0.3471, 0, 0, 0], [0, 0, 0, 0, 0, -0.3434, 0, 0, 0], [0, 0, 0, 0, 0, -0.3408, 0, 0, 0]], "residual_loss_ablation": [-0.8725, 4.317, 1.238, 1.696, 0.1535, 2.122, 5.199, 7.429, 0]}}, {"tokens_str_list": [" a", " compilation", " of", " \u00e2", "\\xc2", "\\x80", "\\xc2", "\\x9c", "wer"], "tokens_acts_list": [0, 0, 0, 0, 0.07669, 0, 0, 0, 0], "train_token_ind": 4, "is_repeated_datapoint": 0, "datapoint_ind": 30436283, "ablations": {"loss_ablation": [0, 0, 0, 0, 0, -0.0001789, 0, 0, 0], "top_logit_ablation_tokens_str": [["<META>", "<META>", "<META>", "<META>", "<META>", "rile", "<META>", "<META>", "<META>"], ["<EOT>", "<EOT>", "<EOT>", "<EOT>", "<EOT>", "osite", "<EOT>", "<EOT>", "<EOT>"], ["<META_START>", "<META_START>", "<META_START>", "<META_START>", "<META_START>", " another", "<META_START>", "<META_START>", "<META_START>"], ["<SOS>", "<SOS>", "<SOS>", "<SOS>", "<SOS>", "erate", "<SOS>", "<SOS>", "<SOS>"], ["<META_END>", "<META_END>", "<META_END>", "<META_END>", "<META_END>", " member", "<META_END>", "<META_END>", "<META_END>"]],