{"index": 3330, "act_buckets": [1, 0, 0, 0, 0, 0, 1, 0, 0, 0, 0, 0, 0, 0, 0, 0, 0, 0, 0, 0, 0, 0, 0, 0, 0, 0, 0, 0, 0, 0, 0, 0, 0, 0, 0, 0, 0, 0, 0, 1], "act_bucket_edges": [0, 0.01757, 0.03515, 0.05272, 0.07029, 0.08787, 0.1054, 0.123, 0.1406, 0.1582, 0.1757, 0.1933, 0.2109, 0.2284, 0.246, 0.2636, 0.2812, 0.2987, 0.3163, 0.3339, 0.3515, 0.369, 0.3866, 0.4042, 0.4218, 0.4393, 0.4569, 0.4745, 0.492, 0.5096, 0.5272, 0.5448, 0.5623, 0.5799, 0.5975, 0.6151, 0.6326, 0.6502, 0.6678, 0.6853, 0.7029], "logit_buckets": [1, 6, 6, 6, 12, 26, 43, 66, 132, 223, 363, 539, 827, 1150, 1681, 2377, 3056, 3955, 4631, 5298, 5849, 6373, 6547, 5967, 4990, 3839, 2993, 3205, 576, 332, 191, 107, 73, 45, 22, 17, 9, 2, 0, 1], "logit_bucket_edges": [-0.4633, -0.4417, -0.42, -0.3984, -0.3767, -0.3551, -0.3335, -0.3118, -0.2902, -0.2685, -0.2469, -0.2252, -0.2036, -0.1819, -0.1603, -0.1386, -0.117, -0.09531, -0.07366, -0.05201, -0.03036, -0.008709, 0.01294, 0.03459, 0.05624, 0.07789, 0.09954, 0.1212, 0.1428, 0.1645, 0.1861, 0.2078, 0.2294, 0.2511, 0.2727, 0.2944, 0.316, 0.3377, 0.3593, 0.381, 0.4026], "examples_quantiles": [{"quantile_name": "Top Activations", "quantile_max_act": 0.7029, "examples": [{"tokens_str_list": ["oids", ".\\[[@", "CR", "23", "],", " [@", "CR", "25", "]\\]"], "tokens_acts_list": [0, 0, 0, 0, 0.7029, 0, 0, 0, 0], "train_token_ind": 4, "is_repeated_datapoint": 0, "datapoint_ind": 24540605, "ablations": {"loss_ablation": [0, 0, 0, 0, 0, -0.01858, 0, 0, 0], "top_logit_ablation_tokens_str": [["<META>", "<META>", "<META>", "<META>", "<META>", "ities", "<META>", "<META>", "<META>"], ["<EOT>", "<EOT>", "<EOT>", "<EOT>", "<EOT>", " who", "<EOT>", "<EOT>", "<EOT>"], ["<META_START>", "<META_START>", "<META_START>", "<META_START>", "<META_START>", " with", "<META_START>", "<META_START>", "<META_START>"], ["<SOS>", "<SOS>", "<SOS>", "<SOS>", "<SOS>", " in", "<SOS>", "<SOS>", "<SOS>"], ["<META_END>", "<META_END>", "<META_END>", "<META_END>", "<META_END>", " use", "<META_END>", "<META_END>", "<META_END>"]], "bottom_logit_ablation_tokens_str": [["<META>", "<META>", "<META>", "<META>", "<META>", "iration", "<META>", "<META>", "<META>"], ["<EOT>", "<EOT>", "<EOT>", "<EOT>", "<EOT>", "inement", "<EOT>", "<EOT>", "<EOT>"], ["<META_START>", "<META_START>", "<META_START>", "<META_START>", "<META_START>", "?\u201d", "<META_START>", "<META_START>", "<META_START>"], ["<SOS>", "<SOS>", "<SOS>", "<SOS>", "<SOS>", "LEASE", "<SOS>", "<SOS>", "<SOS>"], ["<META_END>", "<META_END>", "<META_END>", "<META_END>", "<META_END>", "TIF", "<META_END>", "<META_END>", "<META_END>"]], "top_logit_ablation_values": [[0, 0, 0, 0, 0, 0.721, 0, 0, 0], [0, 0, 0, 0, 0, 0.6804, 0, 0, 0], [0, 0, 0, 0, 0, 0.6785, 0, 0, 0], [0, 0, 0, 0, 0, 0.6781, 0, 0, 0], [0, 0, 0, 0, 0, 0.6723, 0, 0, 0]], "bottom_logit_ablation_values": [[0, 0, 0, 0, 0, -0.3141, 0, 0, 0], [0, 0, 0, 0, 0, -0.3104, 0, 0, 0], [0, 0, 0, 0, 0, -0.2946, 0, 0, 0], [0, 0, 0, 0, 0, -0.2883, 0, 0, 0], [0, 0, 0, 0, 0, -0.2823, 0, 0, 0]], "residual_loss_ablation": [4.096, 1.95, -0.3874, -0.3619, -4.063, 0.1594, -0.01477, 0.699, 0]}}, {"tokens_str_list": [")", "[@", "R", "133", "]^,", "^[@", "R", "134", "]"], "tokens_acts_list": [0, 0, 0, 0, 0.1159, 0, 0, 0, 0], "train_token_ind": 4, "is_repeated_datapoint": 0, "datapoint_ind": 68263343, "ablations": {"loss_ablation": [0, 0, 0, 0, 0, 0.0267, 0, 0, 0], "top_logit_ablation_tokens_str": [["<META>", "<META>", "<META>", "<META>", "<META>", "ities", "<META>", "<META>", "<META>"], ["<EOT>", "<EOT>", "<EOT>", "<EOT>", "<EOT>", " with", "<EOT>", "<EOT>", "<EOT>"], ["<META_START>", "<META_START>", "<META_START>", "<META_START>", "<META_START>", "esis", "<META_START>", "<META_START>", "<META_START>"], ["<SOS>", "<SOS>", "<SOS>", "<SOS>", "<SOS>", " use", "<SOS>", "<SOS>", "<SOS>"], ["<META_END>", "<META_END>", "<META_END>", "<META_END>", "<META_END>", " in", "<META_END>", "<META_END>", "<META_END>"]], "bottom_logit_ablation_tokens_str": [["<META>", "<META>", "<META>", "<META>", "<META>", "iration", "<META>", "<META>", "<META>"], ["<EOT>", "<EOT>", "<EOT>", "<EOT>", "<EOT>", "LEASE", "<EOT>", "<EOT>", "<EOT>"], ["<META_START>", "<META_START>", "<META_START>", "<META_START>", "<META_START>", "boards", "<META_START>", "<META_START>", "<META_START>"], ["<SOS>", "<SOS>", "<SOS>", "<SOS>", "<SOS>", "orage", "<SOS>", "<SOS>", "<SOS>"], ["<META_END>", "<META_END>", "<META_END>", "<META_END>", "<META_END>", ")].", "<META_END>", "<META_END>", "<META_END>"]], "top_logit_ablation_values": [[0, 0, 0, 0, 0, 0.1042, 0, 0, 0], [0, 0, 0, 0, 0, 0.09896, 0, 0, 0], [0, 0, 0, 0, 0, 0.0979, 0, 0, 0], [0, 0, 0, 0, 0, 0.09765, 0, 0, 0], [0, 0, 0, 0, 0, 0.09621, 0, 0, 0]], "bottom_logit_ablation_values": [[0, 0, 0, 0, 0, -0.04134, 0, 0, 0], [0, 0, 0, 0, 0, -0.03209, 0, 0, 0], [0, 0, 0, 0, 0, -0.03188, 0, 0, 0], [0, 0, 0, 0, 0, -0.03047, 0, 0, 0], [0, 0, 0, 0, 0, -0.03021, 0, 0, 0]], "residual_loss_ablation": [3.413, 4.123, 1.541, -0.1231, -0.4894, 2.517, 1.188, 1.069, 0]}}, {"tokens_str_list": ["ING", " Right", "MD", "2", ".", "70", "%", "12", " months"], "tokens_acts_list": [0, 0, 0, 0, 0.004995, 0, 0, 0, 0], "train_token_ind": 4, "is_repeated_datapoint": 0, "datapoint_ind": 30016013, "ablations": {"loss_ablation": [0, 0, 0, 0, 0, 0, 0, 0, 0], "top_logit_ablation_tokens_str": [["<META>", "<META>", "<META>", "<META>", "<META>", "<META>", "<META>", "<META>", "<META>"], ["<EOT>", "<EOT>", "<EOT>", "<EOT>", "<EOT>", "<EOT>", "<EOT>", "<EOT>", "<EOT>"], ["<META_START>", "<META_START>", "<META_START>", "<META_START>", "<META_START>", "<META_START>", "<META_START>", "<META_START>", "<META_START>"], ["<SOS>", "<SOS>", "<SOS>", "<SOS>", "<SOS>", "<SOS>", "<SOS>", "<SOS>", "<SOS>"], ["<META_END>", "<META_END>", "<META_END>", "<META_END>", "<META_END>", "<META_END>", "<META_END>", "<META_END>", "<META_END>"]], "bottom_logit_ablation_tokens_str": [["<META>", "<META>", "<META>", "<META>", "<META>", "<META>", "<META>", "<META>", "<META>"], ["<EOT>", "<EOT>", "<EOT>", "<EOT>", "<EOT>", "<EOT>", "<EOT>", "<EOT>", "<EOT>"], ["<META_START>", "<META_START>", "<META_START>", "<META_START>", "<META_START>", "<META_START>", "<META_START>", "<META_START>", "<META_START>"], ["<SOS>", "<SOS>", "<SOS>", "<SOS>", "<SOS>", "<SOS>", "<SOS>", "<SOS>", "<SOS>"], ["<META_END>", "<META_END>", "<META_END>", "<META_END>", "<META_END>", "<META_END>", "<META_END>", "<META_END>", "<META_END>"]], "top_logit_ablation_values": [[0, 0, 0, 0, 0, 0, 0, 0, 0], [0, 0, 0, 0, 0, 0, 0, 0, 0], [0, 0, 0, 0, 0, 0, 0, 0, 0], [0, 0, 0, 0, 0, 0, 0, 0, 0], [0, 0, 0, 0, 0, 0, 0, 0, 0]], "bottom_logit_ablation_values": [[0, 0, 0, 0, 0, 0, 0, 0, 0], [0, 0, 0, 0, 0, 0, 0, 0, 0], [0, 0, 0, 0, 0, 0, 0, 0, 0], [0, 0, 0, 0, 0, 0, 0, 0, 0], [0, 0, 0, 0, 0, 0, 0, 0, 0]], "residual_loss_ablation": [0.3307, 1.913, 9.131, -0.6133, -3.371, -0.2906, 0.7704, 0.62, 0]}}]}], "statistics": {"density_frac": 3e-08, "global_max_act": 0.7029, "abs_max_neuron_weights": [0.1919, -0.1336, 0.1176], "abs_max_neuron_inds": [79, 203, 254], "l1_max_neuron_weights": [0.01062, 0.00739, 0.006505]}, "logit_effects": {"negatives": [["uch", -0.408], [" and", -0.4088], [" who", -0.4098], [" in", -0.4251], ["ics", -0.4272], [" use", -0.4303], ["ically", -0.4306], [" with", -0.4338], ["esis", -0.4358], ["ities", -0.4633]], "positives": [["iration", 0.4026], ["LEASE", 0.3464], ["inement", 0.3441], ["orage", 0.3354], ["boards", 0.3336], [")].", 0.333], ["Kline", 0.3321], ["lasses", 0.3274], ["aint", 0.3211], ["?\u201d", 0.3207]]}}