{"index": 3372, "act_buckets": [0, 0, 0, 0, 0, 0, 0, 0, 0, 0, 0, 0, 0, 0, 0, 0, 0, 0, 0, 0, 0, 0, 0, 0, 0, 0, 0, 0, 0, 0, 0, 0, 0, 0, 0, 0, 0, 0, 0, 1], "act_bucket_edges": [0, 0.001292, 0.002584, 0.003876, 0.005167, 0.006459, 0.007751, 0.009043, 0.01033, 0.01163, 0.01292, 0.01421, 0.0155, 0.01679, 0.01809, 0.01938, 0.02067, 0.02196, 0.02325, 0.02455, 0.02584, 0.02713, 0.02842, 0.02971, 0.031, 0.0323, 0.03359, 0.03488, 0.03617, 0.03746, 0.03876, 0.04005, 0.04134, 0.04263, 0.04392, 0.04521, 0.04651, 0.0478, 0.04909, 0.05038, 0.05167], "logit_buckets": [1, 1, 2, 13, 9, 15, 44, 56, 99, 176, 309, 424, 745, 1213, 1828, 2703, 3927, 5098, 6425, 7271, 10280, 8440, 6236, 4067, 2643, 1569, 929, 465, 248, 148, 75, 40, 18, 11, 6, 1, 0, 0, 0, 1], "logit_bucket_edges": [-0.5193, -0.4937, -0.4682, -0.4426, -0.417, -0.3915, -0.3659, -0.3403, -0.3148, -0.2892, -0.2636, -0.2381, -0.2125, -0.187, -0.1614, -0.1358, -0.1103, -0.0847, -0.05914, -0.03358, -0.008014, 0.01755, 0.04311, 0.06868, 0.09424, 0.1198, 0.1454, 0.1709, 0.1965, 0.2221, 0.2476, 0.2732, 0.2987, 0.3243, 0.3499, 0.3754, 0.401, 0.4266, 0.4521, 0.4777, 0.5033], "examples_quantiles": [{"quantile_name": "Top Activations", "quantile_max_act": 0.05167, "examples": [{"tokens_str_list": ["\\", "bigg", "(\\", "frac", " {\\", "vart", "he", "ta", "_{"], "tokens_acts_list": [0, 0, 0, 0, 0.05167, 0, 0, 0, 0], "train_token_ind": 4, "is_repeated_datapoint": 0, "datapoint_ind": 1954732, "ablations": {"loss_ablation": [0, 0, 0, 0, 0, 0.001383, 0, 0, 0], "top_logit_ablation_tokens_str": [["<META>", "<META>", "<META>", "<META>", "<META>", " is", "<META>", "<META>", "<META>"], ["<EOT>", "<EOT>", "<EOT>", "<EOT>", "<EOT>", " includes", "<EOT>", "<EOT>", "<EOT>"], ["<META_START>", "<META_START>", "<META_START>", "<META_START>", "<META_START>", "ifies", "<META_START>", "<META_START>", "<META_START>"], ["<SOS>", "<SOS>", "<SOS>", "<SOS>", "<SOS>", " has", "<SOS>", "<SOS>", "<SOS>"], ["<META_END>", "<META_END>", "<META_END>", "<META_END>", "<META_END>", " may", "<META_END>", "<META_END>", "<META_END>"]], "bottom_logit_ablation_tokens_str": [["<META>", "<META>", "<META>", "<META>", "<META>", "illator", "<META>", "<META>", "<META>"], ["<EOT>", "<EOT>", "<EOT>", "<EOT>", "<EOT>", "),\"", "<EOT>", "<EOT>", "<EOT>"], ["<META_START>", "<META_START>", "<META_START>", "<META_START>", "<META_START>", "?\u201d", "<META_START>", "<META_START>", "<META_START>"], ["<SOS>", "<SOS>", "<SOS>", "<SOS>", "<SOS>", ".\"),", "<SOS>", "<SOS>", "<SOS>"], ["<META_END>", "<META_END>", "<META_END>", "<META_END>", "<META_END>", " householder", "<META_END>", "<META_END>", "<META_END>"]], "top_logit_ablation_values": [[0, 0, 0, 0, 0, 0.02665, 0, 0, 0], [0, 0, 0, 0, 0, 0.02583, 0, 0, 0], [0, 0, 0, 0, 0, 0.02562, 0, 0, 0], [0, 0, 0, 0, 0, 0.02467, 0, 0, 0], [0, 0, 0, 0, 0, 0.02356, 0, 0, 0]], "bottom_logit_ablation_values": [[0, 0, 0, 0, 0, -0.04967, 0, 0, 0], [0, 0, 0, 0, 0, -0.04346, 0, 0, 0], [0, 0, 0, 0, 0, -0.04229, 0, 0, 0], [0, 0, 0, 0, 0, -0.04128, 0, 0, 0], [0, 0, 0, 0, 0, -0.04126, 0, 0, 0]], "residual_loss_ablation": [-0.8725, 4.317, 1.238, 1.696, 0.1535, 2.122, 5.199, 7.429, 0]}}]}], "statistics": {"density_frac": 1e-08, "global_max_act": 0.05167, "abs_max_neuron_weights": [0.1766, 0.162, 0.1406], "abs_max_neuron_inds": [103, 214, 178], "l1_max_neuron_weights": [0.0106, 0.009719, 0.008437]}, "logit_effects": {"negatives": [["ives", -0.4323], [" extends", -0.4346], [" has", -0.4358], [" include", -0.4363], ["ific", -0.4381], [" is", -0.4405], ["ngthen", -0.4654], [" includes", -0.4654], ["ently", -0.4778], ["ifies", -0.5193]], "positives": [["illator", 0.5033], ["?\u201d", 0.3782], ["),\"", 0.3727], ["))?", 0.3695], [" householder", 0.366], [")?", 0.3649], ["\u201d.", 0.3541], [" bargaining", 0.3521], [".\u201d", 0.3496], [".\")", 0.347]]}}