{"index": 3391, "act_buckets": [0, 0, 0, 0, 0, 0, 0, 0, 0, 0, 0, 0, 0, 0, 0, 0, 0, 0, 0, 0, 0, 0, 0, 0, 0, 0, 0, 0, 0, 0, 0, 0, 0, 0, 0, 0, 0, 0, 0, 1], "act_bucket_edges": [0, 0.001376, 0.002752, 0.004128, 0.005505, 0.006881, 0.008257, 0.009633, 0.01101, 0.01239, 0.01376, 0.01514, 0.01651, 0.01789, 0.01927, 0.02064, 0.02202, 0.02339, 0.02477, 0.02615, 0.02752, 0.0289, 0.03028, 0.03165, 0.03303, 0.0344, 0.03578, 0.03716, 0.03853, 0.03991, 0.04128, 0.04266, 0.04404, 0.04541, 0.04679, 0.04817, 0.04954, 0.05092, 0.05229, 0.05367, 0.05505], "logit_buckets": [1, 4, 5, 7, 8, 9, 23, 23, 44, 74, 100, 180, 263, 406, 604, 931, 1296, 1955, 2796, 6556, 6981, 8375, 9081, 7837, 6088, 4403, 2984, 1879, 1197, 696, 416, 176, 80, 34, 14, 5, 2, 1, 1, 1], "logit_bucket_edges": [-0.5815, -0.5554, -0.5292, -0.5031, -0.4769, -0.4508, -0.4246, -0.3984, -0.3723, -0.3461, -0.32, -0.2938, -0.2676, -0.2415, -0.2153, -0.1892, -0.163, -0.1368, -0.1107, -0.08452, -0.05837, -0.03221, -0.006048, 0.02011, 0.04627, 0.07243, 0.09859, 0.1247, 0.1509, 0.1771, 0.2032, 0.2294, 0.2555, 0.2817, 0.3079, 0.334, 0.3602, 0.3863, 0.4125, 0.4387, 0.4648], "examples_quantiles": [{"quantile_name": "Top Activations", "quantile_max_act": 0.05505, "examples": [{"tokens_str_list": [".", "\n", "\n", "In", " the", " conditions", " of", " Definition", " 2"], "tokens_acts_list": [0, 0, 0, 0, 0.05505, 0, 0, 0, 0], "train_token_ind": 4, "is_repeated_datapoint": 0, "datapoint_ind": 26340538, "ablations": {"loss_ablation": [0, 0, 0, 0, 0, 0.01788, 0, 0, 0], "top_logit_ablation_tokens_str": [["<META>", "<META>", "<META>", "<META>", "<META>", "=======", "<META>", "<META>", "<META>"], ["<EOT>", "<EOT>", "<EOT>", "<EOT>", "<EOT>", "ine", "<EOT>", "<EOT>", "<EOT>"], ["<META_START>", "<META_START>", "<META_START>", "<META_START>", "<META_START>", "ive", "<META_START>", "<META_START>", "<META_START>"], ["<SOS>", "<SOS>", "<SOS>", "<SOS>", "<SOS>", "of", "<SOS>", "<SOS>", "<SOS>"], ["<META_END>", "<META_END>", "<META_END>", "<META_END>", "<META_END>", "ination", "<META_END>", "<META_END>", "<META_END>"]], "bottom_logit_ablation_tokens_str": [["<META>", "<META>", "<META>", "<META>", "<META>", " Aires", "<META>", "<META>", "<META>"], ["<EOT>", "<EOT>", "<EOT>", "<EOT>", "<EOT>", "unnumbered", "<EOT>", "<EOT>", "<EOT>"], ["<META_START>", "<META_START>", "<META_START>", "<META_START>", "<META_START>", " MPs", "<META_START>", "<META_START>", "<META_START>"], ["<SOS>", "<SOS>", "<SOS>", "<SOS>", "<SOS>", " Brexit", "<SOS>", "<SOS>", "<SOS>"], ["<META_END>", "<META_END>", "<META_END>", "<META_END>", "<META_END>", " Ibid", "<META_END>", "<META_END>", "<META_END>"]], "top_logit_ablation_values": [[0, 0, 0, 0, 0, 0.08447, 0, 0, 0], [0, 0, 0, 0, 0, 0.08335, 0, 0, 0], [0, 0, 0, 0, 0, 0.08293, 0, 0, 0], [0, 0, 0, 0, 0, 0.0809, 0, 0, 0], [0, 0, 0, 0, 0, 0.07918, 0, 0, 0]], "bottom_logit_ablation_values": [[0, 0, 0, 0, 0, -0.04998, 0, 0, 0], [0, 0, 0, 0, 0, -0.03875, 0, 0, 0], [0, 0, 0, 0, 0, -0.0366, 0, 0, 0], [0, 0, 0, 0, 0, -0.03522, 0, 0, 0], [0, 0, 0, 0, 0, -0.03479, 0, 0, 0]], "residual_loss_ablation": [2.005, 0.1299, 0.2012, -0.02559, -0.5824, 1.777, 0.3678, 0.1318, 0]}}]}], "statistics": {"density_frac": 1e-08, "global_max_act": 0.05505, "abs_max_neuron_weights": [0.1428, 0.1418, 0.1387], "abs_max_neuron_inds": [248, 286, 30], "l1_max_neuron_weights": [0.008124, 0.008066, 0.007892]}, "logit_effects": {"negatives": [["=======", -0.504], ["ive", -0.5043], ["ination", -0.5057], ["ary", -0.5096], [" to", -0.5212], ["alty", -0.5295], ["on", -0.5296], ["ly", -0.5304], ["of", -0.5349], ["ine", -0.5815]], "positives": [[" Aires", 0.4648], ["unnumbered", 0.4273], [" LICENSE", 0.3876], ["pone", 0.3701], [" MPs", 0.3636], ["\u2044", 0.3554], [" Santos", 0.345], [" ministers", 0.3428], [" Judges", 0.342], [" Ibid", 0.338]]}}