{"index": 3395, "act_buckets": [0, 1, 0, 1, 0, 0, 0, 1, 0, 0, 0, 0, 1, 0, 0, 0, 0, 0, 0, 0, 0, 0, 0, 1, 0, 0, 0, 0, 0, 1, 0, 0, 0, 0, 0, 0, 0, 0, 0, 1], "act_bucket_edges": [0, 0.0132, 0.02639, 0.03959, 0.05278, 0.06598, 0.07917, 0.09237, 0.1056, 0.1188, 0.132, 0.1451, 0.1583, 0.1715, 0.1847, 0.1979, 0.2111, 0.2243, 0.2375, 0.2507, 0.2639, 0.2771, 0.2903, 0.3035, 0.3167, 0.3299, 0.3431, 0.3563, 0.3695, 0.3827, 0.3959, 0.4091, 0.4222, 0.4354, 0.4486, 0.4618, 0.475, 0.4882, 0.5014, 0.5146, 0.5278], "logit_buckets": [2, 5, 8, 22, 38, 49, 108, 152, 255, 368, 586, 940, 1377, 1829, 2421, 3421, 4397, 5473, 6278, 9550, 8128, 6808, 4749, 3287, 2151, 1209, 720, 498, 292, 170, 94, 68, 35, 19, 14, 7, 3, 2, 0, 3], "logit_bucket_edges": [-0.4289, -0.4069, -0.3848, -0.3628, -0.3407, -0.3187, -0.2967, -0.2746, -0.2526, -0.2305, -0.2085, -0.1865, -0.1644, -0.1424, -0.1203, -0.0983, -0.07626, -0.05422, -0.03218, -0.01014, 0.0119, 0.03394, 0.05598, 0.07802, 0.1001, 0.1221, 0.1441, 0.1662, 0.1882, 0.2103, 0.2323, 0.2543, 0.2764, 0.2984, 0.3205, 0.3425, 0.3645, 0.3866, 0.4086, 0.4307, 0.4527], "examples_quantiles": [{"quantile_name": "Top Activations", "quantile_max_act": 0.5278, "examples": [{"tokens_str_list": [" quant", "ized", " Faraday", " rotation", " under", " experimentally", " achie", "vable", " conditions"], "tokens_acts_list": [0, 0, 0, 0, 0.5278, 0, 0, 0, 0], "train_token_ind": 4, "is_repeated_datapoint": 0, "datapoint_ind": 33495810, "ablations": {"loss_ablation": [0, 0, 0, 0, 0, 0.2415, 0, 0, 0], "top_logit_ablation_tokens_str": [["<META>", "<META>", "<META>", "<META>", "<META>", " received", "<META>", "<META>", "<META>"], ["<EOT>", "<EOT>", "<EOT>", "<EOT>", "<EOT>", " the", "<EOT>", "<EOT>", "<EOT>"], ["<META_START>", "<META_START>", "<META_START>", "<META_START>", "<META_START>", " content", "<META_START>", "<META_START>", "<META_START>"], ["<SOS>", "<SOS>", "<SOS>", "<SOS>", "<SOS>", "ics", "<SOS>", "<SOS>", "<SOS>"], ["<META_END>", "<META_END>", "<META_END>", "<META_END>", "<META_END>", " was", "<META_END>", "<META_END>", "<META_END>"]], "bottom_logit_ablation_tokens_str": [["<META>", "<META>", "<META>", "<META>", "<META>", ".\u2019", "<META>", "<META>", "<META>"], ["<EOT>", "<EOT>", "<EOT>", "<EOT>", "<EOT>", "weet", "<EOT>", "<EOT>", "<EOT>"], ["<META_START>", "<META_START>", "<META_START>", "<META_START>", "<META_START>", ",\u2019", "<META_START>", "<META_START>", "<META_START>"], ["<SOS>", "<SOS>", "<SOS>", "<SOS>", "<SOS>", "inceton", "<SOS>", "<SOS>", "<SOS>"], ["<META_END>", "<META_END>", "<META_END>", "<META_END>", "<META_END>", "utenant", "<META_END>", "<META_END>", "<META_END>"]], "top_logit_ablation_values": [[0, 0, 0, 0, 0, 0.5958, 0, 0, 0], [0, 0, 0, 0, 0, 0.5664, 0, 0, 0], [0, 0, 0, 0, 0, 0.5643, 0, 0, 0], [0, 0, 0, 0, 0, 0.5642, 0, 0, 0], [0, 0, 0, 0, 0, 0.564, 0, 0, 0]], "bottom_logit_ablation_values": [[0, 0, 0, 0, 0, -0.2178, 0, 0, 0], [0, 0, 0, 0, 0, -0.2, 0, 0, 0], [0, 0, 0, 0, 0, -0.1988, 0, 0, 0], [0, 0, 0, 0, 0, -0.1627, 0, 0, 0], [0, 0, 0, 0, 0, -0.1541, 0, 0, 0]], "residual_loss_ablation": [0.2969, 5.578, 0.6426, 4.831, 1.033, 1.324, 1.815, 4.211, 0]}}, {"tokens_str_list": [" (-", "8", ")/(-", "12", ")*(-", "145", "66", ")/((-", "7"], "tokens_acts_list": [0, 0, 0, 0, 0.3898, 0, 0, 0, 0], "train_token_ind": 4, "is_repeated_datapoint": 0, "datapoint_ind": 5547788, "ablations": {"loss_ablation": [0, 0, 0, 0, 0, 0.009965, 0, 0, 0], "top_logit_ablation_tokens_str": [["<META>", "<META>", "<META>", "<META>", "<META>", "most", "<META>", "<META>", "<META>"], ["<EOT>", "<EOT>", "<EOT>", "<EOT>", "<EOT>", "java", "<EOT>", "<EOT>", "<EOT>"], ["<META_START>", "<META_START>", "<META_START>", "<META_START>", "<META_START>", "ics", "<META_START>", "<META_START>", "<META_START>"], ["<SOS>", "<SOS>", "<SOS>", "<SOS>", "<SOS>", " opposed", "<SOS>", "<SOS>", "<SOS>"], ["<META_END>", "<META_END>", "<META_END>", "<META_END>", "<META_END>", "ocr", "<META_END>", "<META_END>", "<META_END>"]], "bottom_logit_ablation_tokens_str": [["<META>", "<META>", "<META>", "<META>", "<META>", ".\u2019", "<META>", "<META>", "<META>"], ["<EOT>", "<EOT>", "<EOT>", "<EOT>", "<EOT>", "\n       ", "<EOT>", "<EOT>", "<EOT>"], ["<META_START>", "<META_START>", "<META_START>", "<META_START>", "<META_START>", "utenant", "<META_START>", "<META_START>", "<META_START>"], ["<SOS>", "<SOS>", "<SOS>", "<SOS>", "<SOS>", ",\u2019", "<SOS>", "<SOS>", "<SOS>"], ["<META_END>", "<META_END>", "<META_END>", "<META_END>", "<META_END>", "inceton", "<META_END>", "<META_END>", "<META_END>"]], "top_logit_ablation_values": [[0, 0, 0, 0, 0, 0.2633, 0, 0, 0], [0, 0, 0, 0, 0, 0.2598, 0, 0, 0], [0, 0, 0, 0, 0, 0.2594, 0, 0, 0], [0, 0, 0, 0, 0, 0.2583, 0, 0, 0], [0, 0, 0, 0, 0, 0.2544, 0, 0, 0]], "bottom_logit_ablation_values": [[0, 0, 0, 0, 0, -0.1181, 0, 0, 0], [0, 0, 0, 0, 0, -0.1083, 0, 0, 0], [0, 0, 0, 0, 0, -0.1005, 0, 0, 0], [0, 0, 0, 0, 0, -0.09996, 0, 0, 0], [0, 0, 0, 0, 0, -0.09931, 0, 0, 0]], "residual_loss_ablation": [4.172, -0.1182, 3.626, -0.09521, 0.08316, -0.2478, 2.347, -1.624, 0]}}, {"tokens_str_list": ["combination", " rate", " as", " obtained", " under", " carrier", " saturation", " conditions", " [@"], "tokens_acts_list": [0, 0, 0, 0, 0.3129, 0, 0, 0, 0], "train_token_ind": 4, "is_repeated_datapoint": 0, "datapoint_ind": 33009807, "ablations": {"loss_ablation": [0, 0, 0, 0, 0, 0.07764, 0, 0, 0], "top_logit_ablation_tokens_str": [["<META>", "<META>", "<META>", "<META>", "<META>", " received", "<META>", "<META>", "<META>"], ["<EOT>", "<EOT>", "<EOT>", "<EOT>", "<EOT>", " was", "<EOT>", "<EOT>", "<EOT>"], ["<META_START>", "<META_START>", "<META_START>", "<META_START>", "<META_START>", "ics", "<META_START>", "<META_START>", "<META_START>"], ["<SOS>", "<SOS>", "<SOS>", "<SOS>", "<SOS>", " content", "<SOS>", "<SOS>", "<SOS>"], ["<META_END>", "<META_END>", "<META_END>", "<META_END>", "<META_END>", " with", "<META_END>", "<META_END>", "<META_END>"]], "bottom_logit_ablation_tokens_str": [["<META>", "<META>", "<META>", "<META>", "<META>", ".\u2019", "<META>", "<META>", "<META>"], ["<EOT>", "<EOT>", "<EOT>", "<EOT>", "<EOT>", ",\u2019", "<EOT>", "<EOT>", "<EOT>"], ["<META_START>", "<META_START>", "<META_START>", "<META_START>", "<META_START>", "weet", "<META_START>", "<META_START>", "<META_START>"], ["<SOS>", "<SOS>", "<SOS>", "<SOS>", "<SOS>", "inceton", "<SOS>", "<SOS>", "<SOS>"], ["<META_END>", "<META_END>", "<META_END>", "<META_END>", "<META_END>", ".'\"", "<META_END>", "<META_END>", "<META_END>"]], "top_logit_ablation_values": [[0, 0, 0, 0, 0, 0.3863, 0, 0, 0], [0, 0, 0, 0, 0, 0.3715, 0, 0, 0], [0, 0, 0, 0, 0, 0.3703, 0, 0, 0], [0, 0, 0, 0, 0, 0.3665, 0, 0, 0], [0, 0, 0, 0, 0, 0.3658, 0, 0, 0]], "bottom_logit_ablation_values": [[0, 0, 0, 0, 0, -0.1439, 0, 0, 0], [0, 0, 0, 0, 0, -0.1309, 0, 0, 0], [0, 0, 0, 0, 0, -0.125, 0, 0, 0], [0, 0, 0, 0, 0, -0.1022, 0, 0, 0], [0, 0, 0, 0, 0, -0.09571, 0, 0, 0]], "residual_loss_ablation": [3.265, 3.078, 0.6894, 1.028, 1.405, 2.789, 1.054, 3.378, 0]}}, {"tokens_str_list": [" old", " topic", " (", "not", " entirely", " sure", " why", " thats", " a"], "tokens_acts_list": [0, 0, 0, 0, 0.1699, 0, 0, 0, 0], "train_token_ind": 4, "is_repeated_datapoint": 0, "datapoint_ind": 72925984, "ablations": {"loss_ablation": [0, 0, 0, 0, 0, -0.03278, 0, 0, 0], "top_logit_ablation_tokens_str": [["<META>", "<META>", "<META>", "<META>", "<META>", " received", "<META>", "<META>", "<META>"], ["<EOT>", "<EOT>", "<EOT>", "<EOT>", "<EOT>", "ics", "<EOT>", "<EOT>", "<EOT>"], ["<META_START>", "<META_START>", "<META_START>", "<META_START>", "<META_START>", " the", "<META_START>", "<META_START>", "<META_START>"], ["<SOS>", "<SOS>", "<SOS>", "<SOS>", "<SOS>", " was", "<SOS>", "<SOS>", "<SOS>"], ["<META_END>", "<META_END>", "<META_END>", "<META_END>", "<META_END>", " content", "<META_END>", "<META_END>", "<META_END>"]],