{"index": 3398, "act_buckets": [0, 0, 0, 0, 0, 0, 0, 0, 0, 0, 0, 0, 0, 0, 0, 0, 0, 0, 0, 0, 0, 0, 0, 0, 0, 0, 0, 0, 0, 0, 0, 0, 0, 0, 0, 0, 0, 0, 0, 1], "act_bucket_edges": [0, 0.0002924, 0.0005848, 0.0008773, 0.00117, 0.001462, 0.001755, 0.002047, 0.002339, 0.002632, 0.002924, 0.003217, 0.003509, 0.003801, 0.004094, 0.004386, 0.004679, 0.004971, 0.005264, 0.005556, 0.005848, 0.006141, 0.006433, 0.006726, 0.007018, 0.007311, 0.007603, 0.007895, 0.008188, 0.00848, 0.008773, 0.009065, 0.009357, 0.00965, 0.009942, 0.01023, 0.01053, 0.01082, 0.01111, 0.0114, 0.0117], "logit_buckets": [2, 2, 4, 18, 30, 39, 76, 112, 193, 274, 415, 619, 848, 1176, 1853, 2690, 3832, 5357, 10600, 8355, 7869, 6538, 4906, 3476, 2260, 1507, 1012, 625, 353, 209, 148, 67, 33, 16, 12, 6, 2, 1, 0, 2], "logit_bucket_edges": [-0.491, -0.4659, -0.4408, -0.4157, -0.3905, -0.3654, -0.3403, -0.3152, -0.2901, -0.265, -0.2398, -0.2147, -0.1896, -0.1645, -0.1394, -0.1143, -0.08915, -0.06403, -0.03892, -0.0138, 0.01132, 0.03643, 0.06155, 0.08666, 0.1118, 0.1369, 0.162, 0.1871, 0.2122, 0.2374, 0.2625, 0.2876, 0.3127, 0.3378, 0.3629, 0.3881, 0.4132, 0.4383, 0.4634, 0.4885, 0.5136], "examples_quantiles": [{"quantile_name": "Top Activations", "quantile_max_act": 0.0117, "examples": [{"tokens_str_list": [" ------------------", " ----------------", " --------------", " --------", " ---------------------------", " ------------", "\n ", " AN", "_"], "tokens_acts_list": [0, 0, 0, 0, 0.0117, 0, 0, 0, 0], "train_token_ind": 4, "is_repeated_datapoint": 0, "datapoint_ind": 80200415, "ablations": {"loss_ablation": [0, 0, 0, 0, 0, -0.001431, 0, 0, 0], "top_logit_ablation_tokens_str": [["<META>", "<META>", "<META>", "<META>", "<META>", "ishing", "<META>", "<META>", "<META>"], ["<EOT>", "<EOT>", "<EOT>", "<EOT>", "<EOT>", "MERCHANTABILITY", "<EOT>", "<EOT>", "<EOT>"], ["<META_START>", "<META_START>", "<META_START>", "<META_START>", "<META_START>", "atically", "<META_START>", "<META_START>", "<META_START>"], ["<SOS>", "<SOS>", "<SOS>", "<SOS>", "<SOS>", "ictional", "<SOS>", "<SOS>", "<SOS>"], ["<META_END>", "<META_END>", "<META_END>", "<META_END>", "<META_END>", "atic", "<META_END>", "<META_END>", "<META_END>"]], "bottom_logit_ablation_tokens_str": [["<META>", "<META>", "<META>", "<META>", "<META>", "stry", "<META>", "<META>", "<META>"], ["<EOT>", "<EOT>", "<EOT>", "<EOT>", "<EOT>", "))?", "<EOT>", "<EOT>", "<EOT>"], ["<META_START>", "<META_START>", "<META_START>", "<META_START>", "<META_START>", ")", "<META_START>", "<META_START>", "<META_START>"], ["<SOS>", "<SOS>", "<SOS>", "<SOS>", "<SOS>", ")?", "<SOS>", "<SOS>", "<SOS>"], ["<META_END>", "<META_END>", "<META_END>", "<META_END>", "<META_END>", "?", "<META_END>", "<META_END>", "<META_END>"]], "top_logit_ablation_values": [[0, 0, 0, 0, 0, 0.007013, 0, 0, 0], [0, 0, 0, 0, 0, 0.006886, 0, 0, 0], [0, 0, 0, 0, 0, 0.006721, 0, 0, 0], [0, 0, 0, 0, 0, 0.006721, 0, 0, 0], [0, 0, 0, 0, 0, 0.006598, 0, 0, 0]], "bottom_logit_ablation_values": [[0, 0, 0, 0, 0, -0.003062, 0, 0, 0], [0, 0, 0, 0, 0, -0.002883, 0, 0, 0], [0, 0, 0, 0, 0, -0.002874, 0, 0, 0], [0, 0, 0, 0, 0, -0.002769, 0, 0, 0], [0, 0, 0, 0, 0, -0.002721, 0, 0, 0]], "residual_loss_ablation": [-0.2055, -1.237, 0.1703, -0.3368, -0.8365, -2.3, -0.1125, -1.291, 0]}}]}], "statistics": {"density_frac": 1e-08, "global_max_act": 0.0117, "abs_max_neuron_weights": [-0.2137, -0.1613, -0.1487], "abs_max_neuron_inds": [254, 310, 214], "l1_max_neuron_weights": [0.01232, 0.009299, 0.008572]}, "logit_effects": {"negatives": [["oles", -0.4134], ["ans", -0.4156], ["ocation", -0.4167], ["angled", -0.4177], ["atro", -0.4194], ["acon", -0.4337], ["ales", -0.4491], ["arded", -0.4657], ["veled", -0.4875], ["ments", -0.491]], "positives": [["?'", 0.5136], ["?\u2019", 0.4917], ["?\u201d", 0.4582], ["MOESM", 0.4382], [",\u2019", 0.4162], [",'", 0.4046], ["?\"", 0.404], [" shall", 0.4023], [".'\"", 0.4003], [" FROM", 0.3936]]}}