{"index": 3436, "act_buckets": [0, 0, 0, 1, 0, 0, 0, 0, 0, 0, 0, 0, 0, 0, 0, 0, 0, 0, 0, 0, 0, 0, 0, 0, 0, 0, 0, 0, 0, 0, 0, 0, 0, 1, 0, 0, 0, 0, 0, 1], "act_bucket_edges": [0, 0.004323, 0.008647, 0.01297, 0.01729, 0.02162, 0.02594, 0.03026, 0.03459, 0.03891, 0.04323, 0.04756, 0.05188, 0.0562, 0.06053, 0.06485, 0.06917, 0.0735, 0.07782, 0.08214, 0.08647, 0.09079, 0.09511, 0.09944, 0.1038, 0.1081, 0.1124, 0.1167, 0.1211, 0.1254, 0.1297, 0.134, 0.1383, 0.1427, 0.147, 0.1513, 0.1556, 0.16, 0.1643, 0.1686, 0.1729], "logit_buckets": [1, 0, 0, 3, 3, 6, 12, 20, 48, 49, 100, 176, 241, 460, 659, 1080, 3024, 3367, 4143, 5331, 7044, 8229, 8194, 7079, 5582, 3943, 2717, 1743, 1053, 575, 320, 163, 78, 47, 26, 11, 4, 2, 1, 2], "logit_bucket_edges": [-0.5721, -0.5459, -0.5197, -0.4935, -0.4674, -0.4412, -0.415, -0.3888, -0.3626, -0.3364, -0.3103, -0.2841, -0.2579, -0.2317, -0.2055, -0.1793, -0.1532, -0.127, -0.1008, -0.07462, -0.04843, -0.02225, 0.003932, 0.03012, 0.0563, 0.08248, 0.1087, 0.1348, 0.161, 0.1872, 0.2134, 0.2396, 0.2658, 0.2919, 0.3181, 0.3443, 0.3705, 0.3967, 0.4229, 0.449, 0.4752], "examples_quantiles": [{"quantile_name": "Top Activations", "quantile_max_act": 0.1729, "examples": [{"tokens_str_list": [" conditions", ".", " In", " contrast", ",", " 5", "-", "HT", "~"], "tokens_acts_list": [0, 0, 0, 0, 0.1729, 0, 0, 0, 0], "train_token_ind": 4, "is_repeated_datapoint": 0, "datapoint_ind": 44862297, "ablations": {"loss_ablation": [0, 0, 0, 0, 0, 0.02016, 0, 0, 0], "top_logit_ablation_tokens_str": [["<META>", "<META>", "<META>", "<META>", "<META>", "ument", "<META>", "<META>", "<META>"], ["<EOT>", "<EOT>", "<EOT>", "<EOT>", "<EOT>", "ful", "<EOT>", "<EOT>", "<EOT>"], ["<META_START>", "<META_START>", "<META_START>", "<META_START>", "<META_START>", "ally", "<META_START>", "<META_START>", "<META_START>"], ["<SOS>", "<SOS>", "<SOS>", "<SOS>", "<SOS>", "oned", "<SOS>", "<SOS>", "<SOS>"], ["<META_END>", "<META_END>", "<META_END>", "<META_END>", "<META_END>", "ically", "<META_END>", "<META_END>", "<META_END>"]], "bottom_logit_ablation_tokens_str": [["<META>", "<META>", "<META>", "<META>", "<META>", "unnumbered", "<META>", "<META>", "<META>"], ["<EOT>", "<EOT>", "<EOT>", "<EOT>", "<EOT>", "cm", "<EOT>", "<EOT>", "<EOT>"], ["<META_START>", "<META_START>", "<META_START>", "<META_START>", "<META_START>", "stock", "<META_START>", "<META_START>", "<META_START>"], ["<SOS>", "<SOS>", "<SOS>", "<SOS>", "<SOS>", "\n\f", "<SOS>", "<SOS>", "<SOS>"], ["<META_END>", "<META_END>", "<META_END>", "<META_END>", "<META_END>", " \\xe2\\x99", "<META_END>", "<META_END>", "<META_END>"]], "top_logit_ablation_values": [[0, 0, 0, 0, 0, 0.3694, 0, 0, 0], [0, 0, 0, 0, 0, 0.3409, 0, 0, 0], [0, 0, 0, 0, 0, 0.3406, 0, 0, 0], [0, 0, 0, 0, 0, 0.3357, 0, 0, 0], [0, 0, 0, 0, 0, 0.3312, 0, 0, 0]], "bottom_logit_ablation_values": [[0, 0, 0, 0, 0, 0.004333, 0, 0, 0], [0, 0, 0, 0, 0, 0.01553, 0, 0, 0], [0, 0, 0, 0, 0, 0.0207, 0, 0, 0], [0, 0, 0, 0, 0, 0.0261, 0, 0, 0], [0, 0, 0, 0, 0, 0.02942, 0, 0, 0]], "residual_loss_ablation": [1.046, 0.2116, -0.3119, 0.5894, -0.1229, 2.026, -0.1312, 6.317, 0]}}, {"tokens_str_list": ["bb", "01", "35", "].", " At", " the", " indicated", " time", " points"], "tokens_acts_list": [0, 0, 0, 0, 0.1446, 0, 0, 0, 0], "train_token_ind": 4, "is_repeated_datapoint": 0, "datapoint_ind": 34823406, "ablations": {"loss_ablation": [0, 0, 0, 0, 0, -0.03564, 0, 0, 0], "top_logit_ablation_tokens_str": [["<META>", "<META>", "<META>", "<META>", "<META>", "ument", "<META>", "<META>", "<META>"], ["<EOT>", "<EOT>", "<EOT>", "<EOT>", "<EOT>", "ful", "<EOT>", "<EOT>", "<EOT>"], ["<META_START>", "<META_START>", "<META_START>", "<META_START>", "<META_START>", "ists", "<META_START>", "<META_START>", "<META_START>"], ["<SOS>", "<SOS>", "<SOS>", "<SOS>", "<SOS>", "oned", "<SOS>", "<SOS>", "<SOS>"], ["<META_END>", "<META_END>", "<META_END>", "<META_END>", "<META_END>", "ally", "<META_END>", "<META_END>", "<META_END>"]], "bottom_logit_ablation_tokens_str": [["<META>", "<META>", "<META>", "<META>", "<META>", "unnumbered", "<META>", "<META>", "<META>"], ["<EOT>", "<EOT>", "<EOT>", "<EOT>", "<EOT>", "cm", "<EOT>", "<EOT>", "<EOT>"], ["<META_START>", "<META_START>", "<META_START>", "<META_START>", "<META_START>", "stock", "<META_START>", "<META_START>", "<META_START>"], ["<SOS>", "<SOS>", "<SOS>", "<SOS>", "<SOS>", " \\xe2\\x99", "<SOS>", "<SOS>", "<SOS>"], ["<META_END>", "<META_END>", "<META_END>", "<META_END>", "<META_END>", "\n\f", "<META_END>", "<META_END>", "<META_END>"]], "top_logit_ablation_values": [[0, 0, 0, 0, 0, 0.3192, 0, 0, 0], [0, 0, 0, 0, 0, 0.2929, 0, 0, 0], [0, 0, 0, 0, 0, 0.2909, 0, 0, 0], [0, 0, 0, 0, 0, 0.2907, 0, 0, 0], [0, 0, 0, 0, 0, 0.2882, 0, 0, 0]], "bottom_logit_ablation_values": [[0, 0, 0, 0, 0, 0.02765, 0, 0, 0], [0, 0, 0, 0, 0, 0.02971, 0, 0, 0], [0, 0, 0, 0, 0, 0.03446, 0, 0, 0], [0, 0, 0, 0, 0, 0.04045, 0, 0, 0], [0, 0, 0, 0, 0, 0.04244, 0, 0, 0]], "residual_loss_ablation": [3.143, 2.145, 6.711, -0.7447, 0.01858, -0.5924, 4.147, 5.393, 0]}}, {"tokens_str_list": ["copy", "Value", "2", "]", "\">", "\n", "\n", "Y", "uck"], "tokens_acts_list": [0, 0, 0, 0, 0.0141, 0, 0, 0, 0], "train_token_ind": 4, "is_repeated_datapoint": 0, "datapoint_ind": 82522619, "ablations": {"loss_ablation": [0, 0, 0, 0, 0, 0.0001454, 0, 0, 0], "top_logit_ablation_tokens_str": [["<META>", "<META>", "<META>", "<META>", "<META>", "ments", "<META>", "<META>", "<META>"], ["<EOT>", "<EOT>", "<EOT>", "<EOT>", "<EOT>", "ization", "<EOT>", "<EOT>", "<EOT>"], ["<META_START>", "<META_START>", "<META_START>", "<META_START>", "<META_START>", "important", "<META_START>", "<META_START>", "<META_START>"], ["<SOS>", "<SOS>", "<SOS>", "<SOS>", "<SOS>", " problems", "<SOS>", "<SOS>", "<SOS>"], ["<META_END>", "<META_END>", "<META_END>", "<META_END>", "<META_END>", "ment", "<META_END>", "<META_END>", "<META_END>"]], "bottom_logit_ablation_tokens_str": [["<META>", "<META>", "<META>", "<META>", "<META>", "zial", "<META>", "<META>", "<META>"], ["<EOT>", "<EOT>", "<EOT>", "<EOT>", "<EOT>", "cipe", "<EOT>", "<EOT>", "<EOT>"], ["<META_START>", "<META_START>", "<META_START>", "<META_START>", "<META_START>", "ERS", "<META_START>", "<META_START>", "<META_START>"], ["<SOS>", "<SOS>", "<SOS>", "<SOS>", "<SOS>", "ULAR", "<SOS>", "<SOS>", "<SOS>"], ["<META_END>", "<META_END>", "<META_END>", "<META_END>", "<META_END>", "CIAL", "<META_END>", "<META_END>", "<META_END>"]], "top_logit_ablation_values": [[0, 0, 0, 0, 0, 0.005323, 0, 0, 0], [0, 0, 0, 0, 0, 0.003954, 0, 0, 0], [0, 0, 0, 0, 0, 0.003921, 0, 0, 0], [0, 0, 0, 0, 0, 0.003921, 0, 0, 0], [0, 0, 0, 0, 0, 0.00381, 0, 0, 0]], "bottom_logit_ablation_values": [[0, 0, 0, 0, 0, -0.003942, 0, 0, 0], [0, 0, 0, 0, 0, -0.00359, 0, 0, 0], [0, 0, 0, 0, 0, -0.003513, 0, 0, 0], [0, 0, 0, 0, 0, -0.00351, 0, 0, 0], [0, 0, 0, 0, 0, -0.003454, 0, 0, 0]], "residual_loss_ablation": [0.599, 1.375, 0.3908, 0.9216, 2.406, -0.5787, 0.5897, 0.3944, 0]}}]}], "statistics": {"density_frac": 3e-08, "global_max_act": 0.1729, "abs_max_neuron_weights": [0.1369, 0.1241, 0.1226], "abs_max_neuron_inds": [403, 510, 7], "l1_max_neuron_weights": [0.007633, 0.006919, 0.006833]}, "logit_effects": {"negatives": [[" of", -0.4309], ["ments", -0.4325], [" way", -0.4372], [" limitations", -0.4417], ["ists", -0.4571], ["ically", -0.4624], ["oned", -0.4753], ["ful", -0.4801], ["ally", -0.4843], ["ument", -0.5721]], "positives": [["unnumbered", 0.4752], ["cm", 0.4568], ["stock", 0.4329], ["\n\f", 0.4163], [" \\xe2\\x99", 0.4084], ["]{}]{}", 0.3927], [" Matter", 0.3863], ["\u201d)", 0.3774], ["\u00eancia", 0.3755], ["?\u2019", 0.3699]]}}