{"index": 3438, "act_buckets": [0, 0, 0, 0, 0, 0, 0, 0, 0, 0, 0, 0, 0, 0, 0, 0, 0, 0, 1, 0, 0, 0, 0, 0, 0, 0, 0, 0, 0, 0, 0, 0, 0, 0, 0, 0, 0, 0, 0, 1], "act_bucket_edges": [0, 0.005631, 0.01126, 0.01689, 0.02253, 0.02816, 0.03379, 0.03942, 0.04505, 0.05068, 0.05631, 0.06195, 0.06758, 0.07321, 0.07884, 0.08447, 0.0901, 0.09574, 0.1014, 0.107, 0.1126, 0.1183, 0.1239, 0.1295, 0.1352, 0.1408, 0.1464, 0.1521, 0.1577, 0.1633, 0.1689, 0.1746, 0.1802, 0.1858, 0.1915, 0.1971, 0.2027, 0.2084, 0.214, 0.2196, 0.2253], "logit_buckets": [1, 0, 0, 3, 3, 11, 14, 12, 29, 40, 79, 137, 194, 382, 695, 1178, 1995, 3194, 4623, 6111, 7211, 8067, 8587, 9673, 4830, 3241, 2034, 1295, 796, 511, 285, 145, 72, 38, 23, 13, 8, 3, 1, 2], "logit_bucket_edges": [-0.5985, -0.5712, -0.5438, -0.5164, -0.489, -0.4616, -0.4342, -0.4068, -0.3794, -0.352, -0.3246, -0.2972, -0.2698, -0.2424, -0.2151, -0.1877, -0.1603, -0.1329, -0.1055, -0.0781, -0.0507, -0.02331, 0.00408, 0.03147, 0.05886, 0.08626, 0.1136, 0.141, 0.1684, 0.1958, 0.2232, 0.2506, 0.278, 0.3054, 0.3328, 0.3602, 0.3876, 0.415, 0.4424, 0.4697, 0.4971], "examples_quantiles": [{"quantile_name": "Top Activations", "quantile_max_act": 0.2253, "examples": [{"tokens_str_list": [" (-", "8", ")/(-", "12", ")*(-", "145", "66", ")/((-", "7"], "tokens_acts_list": [0, 0, 0, 0, 0.2253, 0, 0, 0, 0], "train_token_ind": 4, "is_repeated_datapoint": 0, "datapoint_ind": 5547788, "ablations": {"loss_ablation": [0, 0, 0, 0, 0, 0.04591, 0, 0, 0], "top_logit_ablation_tokens_str": [["<META>", "<META>", "<META>", "<META>", "<META>", "ize", "<META>", "<META>", "<META>"], ["<EOT>", "<EOT>", "<EOT>", "<EOT>", "<EOT>", "ise", "<EOT>", "<EOT>", "<EOT>"], ["<META_START>", "<META_START>", "<META_START>", "<META_START>", "<META_START>", "ial", "<META_START>", "<META_START>", "<META_START>"], ["<SOS>", "<SOS>", "<SOS>", "<SOS>", "<SOS>", "istics", "<SOS>", "<SOS>", "<SOS>"], ["<META_END>", "<META_END>", "<META_END>", "<META_END>", "<META_END>", "izer", "<META_END>", "<META_END>", "<META_END>"]], "bottom_logit_ablation_tokens_str": [["<META>", "<META>", "<META>", "<META>", "<META>", "gment", "<META>", "<META>", "<META>"], ["<EOT>", "<EOT>", "<EOT>", "<EOT>", "<EOT>", " Voivodeship", "<EOT>", "<EOT>", "<EOT>"], ["<META_START>", "<META_START>", "<META_START>", "<META_START>", "<META_START>", "\\x8e", "<META_START>", "<META_START>", "<META_START>"], ["<SOS>", "<SOS>", "<SOS>", "<SOS>", "<SOS>", "ging", "<SOS>", "<SOS>", "<SOS>"], ["<META_END>", "<META_END>", "<META_END>", "<META_END>", "<META_END>", " little", "<META_END>", "<META_END>", "<META_END>"]], "top_logit_ablation_values": [[0, 0, 0, 0, 0, 0.1442, 0, 0, 0], [0, 0, 0, 0, 0, 0.1178, 0, 0, 0], [0, 0, 0, 0, 0, 0.1164, 0, 0, 0], [0, 0, 0, 0, 0, 0.1127, 0, 0, 0], [0, 0, 0, 0, 0, 0.1104, 0, 0, 0]], "bottom_logit_ablation_values": [[0, 0, 0, 0, 0, -0.1547, 0, 0, 0], [0, 0, 0, 0, 0, -0.1508, 0, 0, 0], [0, 0, 0, 0, 0, -0.1421, 0, 0, 0], [0, 0, 0, 0, 0, -0.1418, 0, 0, 0], [0, 0, 0, 0, 0, -0.1414, 0, 0, 0]], "residual_loss_ablation": [4.172, -0.1182, 3.626, -0.09521, 0.08316, -0.2478, 2.347, -1.624, 0]}}, {"tokens_str_list": [" it", " take", " for", " a", " bount", "y", " to", " be", " auto"], "tokens_acts_list": [0, 0, 0, 0, 0.1021, 0, 0, 0, 0], "train_token_ind": 4, "is_repeated_datapoint": 0, "datapoint_ind": 82550481, "ablations": {"loss_ablation": [0, 0, 0, 0, 0, 0.001118, 0, 0, 0], "top_logit_ablation_tokens_str": [["<META>", "<META>", "<META>", "<META>", "<META>", "ize", "<META>", "<META>", "<META>"], ["<EOT>", "<EOT>", "<EOT>", "<EOT>", "<EOT>", "ial", "<EOT>", "<EOT>", "<EOT>"], ["<META_START>", "<META_START>", "<META_START>", "<META_START>", "<META_START>", "ise", "<META_START>", "<META_START>", "<META_START>"], ["<SOS>", "<SOS>", "<SOS>", "<SOS>", "<SOS>", "ary", "<SOS>", "<SOS>", "<SOS>"], ["<META_END>", "<META_END>", "<META_END>", "<META_END>", "<META_END>", "ics", "<META_END>", "<META_END>", "<META_END>"]], "bottom_logit_ablation_tokens_str": [["<META>", "<META>", "<META>", "<META>", "<META>", " Voivodeship", "<META>", "<META>", "<META>"], ["<EOT>", "<EOT>", "<EOT>", "<EOT>", "<EOT>", "gment", "<EOT>", "<EOT>", "<EOT>"], ["<META_START>", "<META_START>", "<META_START>", "<META_START>", "<META_START>", " little", "<META_START>", "<META_START>", "<META_START>"], ["<SOS>", "<SOS>", "<SOS>", "<SOS>", "<SOS>", "\\x8e", "<SOS>", "<SOS>", "<SOS>"], ["<META_END>", "<META_END>", "<META_END>", "<META_END>", "<META_END>", "gle", "<META_END>", "<META_END>", "<META_END>"]], "top_logit_ablation_values": [[0, 0, 0, 0, 0, 0.06456, 0, 0, 0], [0, 0, 0, 0, 0, 0.05611, 0, 0, 0], [0, 0, 0, 0, 0, 0.05605, 0, 0, 0], [0, 0, 0, 0, 0, 0.04991, 0, 0, 0], [0, 0, 0, 0, 0, 0.04953, 0, 0, 0]], "bottom_logit_ablation_values": [[0, 0, 0, 0, 0, -0.07052, 0, 0, 0], [0, 0, 0, 0, 0, -0.06459, 0, 0, 0], [0, 0, 0, 0, 0, -0.06145, 0, 0, 0], [0, 0, 0, 0, 0, -0.05906, 0, 0, 0], [0, 0, 0, 0, 0, -0.05857, 0, 0, 0]], "residual_loss_ablation": [0.5495, 1.034, -0.03435, 0.2797, -0.4034, 2.756, -1.464, -2.046, 0]}}]}], "statistics": {"density_frac": 2e-08, "global_max_act": 0.2253, "abs_max_neuron_weights": [0.1775, 0.1572, -0.1286], "abs_max_neuron_inds": [378, 33, 211], "l1_max_neuron_weights": [0.01027, 0.009095, 0.007439]}, "logit_effects": {"negatives": [["arily", -0.4482], ["ized", -0.4542], ["ising", -0.4573], ["ics", -0.4668], [" VIII", -0.4676], ["izer", -0.4859], ["istics", -0.489], ["ial", -0.5123], ["ise", -0.5131], ["ize", -0.5985]], "positives": [["gment", 0.4971], [" Voivodeship", 0.4769], ["ging", 0.4486], ["\\x8e", 0.4409], ["gle", 0.4397], [" little", 0.4331], ["ged", 0.4094], [" moment", 0.404], ["faction", 0.4016], ["clin", 0.3987]]}}