{"index": 3459, "act_buckets": [1, 0, 0, 2, 1, 1, 0, 0, 1, 0, 0, 0, 0, 0, 1, 0, 0, 0, 0, 0, 0, 0, 0, 0, 0, 0, 0, 0, 0, 0, 0, 0, 0, 0, 0, 0, 0, 0, 0, 1], "act_bucket_edges": [0, 0.04224, 0.08448, 0.1267, 0.169, 0.2112, 0.2534, 0.2957, 0.3379, 0.3802, 0.4224, 0.4646, 0.5069, 0.5491, 0.5914, 0.6336, 0.6758, 0.7181, 0.7603, 0.8026, 0.8448, 0.887, 0.9293, 0.9715, 1.014, 1.056, 1.098, 1.14, 1.183, 1.225, 1.267, 1.309, 1.352, 1.394, 1.436, 1.478, 1.521, 1.563, 1.605, 1.647, 1.69], "logit_buckets": [4, 4, 15, 16, 50, 78, 117, 187, 305, 522, 802, 1223, 1795, 2578, 3522, 4662, 5429, 6049, 6450, 6490, 5838, 5312, 4709, 4719, 1765, 1121, 728, 408, 267, 173, 98, 42, 31, 6, 11, 5, 3, 1, 0, 1], "logit_bucket_edges": [-0.4653, -0.4406, -0.4159, -0.3912, -0.3665, -0.3418, -0.3171, -0.2924, -0.2677, -0.243, -0.2184, -0.1937, -0.169, -0.1443, -0.1196, -0.09489, -0.0702, -0.04551, -0.02081, 0.003878, 0.02857, 0.05326, 0.07795, 0.1026, 0.1273, 0.152, 0.1767, 0.2014, 0.2261, 0.2508, 0.2755, 0.3002, 0.3249, 0.3496, 0.3743, 0.399, 0.4236, 0.4483, 0.473, 0.4977, 0.5224], "examples_quantiles": [{"quantile_name": "Top Activations", "quantile_max_act": 1.69, "examples": [{"tokens_str_list": [" mit", "z", "ured", "en", ".\u00ab", "\n", "\n", "\u00bb", "All"], "tokens_acts_list": [0, 0, 0, 0, 1.69, 0, 0, 0, 0], "train_token_ind": 4, "is_repeated_datapoint": 0, "datapoint_ind": 76851631, "ablations": {"loss_ablation": [0, 0, 0, 0, 0, 0.186, 0, 0, 0], "top_logit_ablation_tokens_str": [["<META>", "<META>", "<META>", "<META>", "<META>", "cen", "<META>", "<META>", "<META>"], ["<EOT>", "<EOT>", "<EOT>", "<EOT>", "<EOT>", "aut\u00e9", "<EOT>", "<EOT>", "<EOT>"], ["<META_START>", "<META_START>", "<META_START>", "<META_START>", "<META_START>", "cill", "<META_START>", "<META_START>", "<META_START>"], ["<SOS>", "<SOS>", "<SOS>", "<SOS>", "<SOS>", "auc", "<SOS>", "<SOS>", "<SOS>"], ["<META_END>", "<META_END>", "<META_END>", "<META_END>", "<META_END>", "hrer", "<META_END>", "<META_END>", "<META_END>"]], "bottom_logit_ablation_tokens_str": [["<META>", "<META>", "<META>", "<META>", "<META>", "leness", "<META>", "<META>", "<META>"], ["<EOT>", "<EOT>", "<EOT>", "<EOT>", "<EOT>", "ICATE", "<EOT>", "<EOT>", "<EOT>"], ["<META_START>", "<META_START>", "<META_START>", "<META_START>", "<META_START>", " forth", "<META_START>", "<META_START>", "<META_START>"], ["<SOS>", "<SOS>", "<SOS>", "<SOS>", "<SOS>", "ivable", "<SOS>", "<SOS>", "<SOS>"], ["<META_END>", "<META_END>", "<META_END>", "<META_END>", "<META_END>", " by", "<META_END>", "<META_END>", "<META_END>"]], "top_logit_ablation_values": [[0, 0, 0, 0, 0, 1.082, 0, 0, 0], [0, 0, 0, 0, 0, 1.039, 0, 0, 0], [0, 0, 0, 0, 0, 1.038, 0, 0, 0], [0, 0, 0, 0, 0, 1.019, 0, 0, 0], [0, 0, 0, 0, 0, 1.016, 0, 0, 0]], "bottom_logit_ablation_values": [[0, 0, 0, 0, 0, -1.34, 0, 0, 0], [0, 0, 0, 0, 0, -1.162, 0, 0, 0], [0, 0, 0, 0, 0, -1.15, 0, 0, 0], [0, 0, 0, 0, 0, -1.142, 0, 0, 0], [0, 0, 0, 0, 0, -1.058, 0, 0, 0]], "residual_loss_ablation": [-1.391, 0.6779, 1.498, 2.721, -0.6154, 3.15, 0.161, 5.499, 0]}}, {"tokens_str_list": ["\n", ",", " **", "**,", " ().", "\n", "\n", ",", " **"], "tokens_acts_list": [0, 0, 0, 0, 0.6209, 0, 0, 0, 0], "train_token_ind": 4, "is_repeated_datapoint": 0, "datapoint_ind": 53779, "ablations": {"loss_ablation": [0, 0, 0, 0, 0, 0.1678, 0, 0, 0], "top_logit_ablation_tokens_str": [["<META>", "<META>", "<META>", "<META>", "<META>", "cill", "<META>", "<META>", "<META>"], ["<EOT>", "<EOT>", "<EOT>", "<EOT>", "<EOT>", "aut\u00e9", "<EOT>", "<EOT>", "<EOT>"], ["<META_START>", "<META_START>", "<META_START>", "<META_START>", "<META_START>", "cen", "<META_START>", "<META_START>", "<META_START>"], ["<SOS>", "<SOS>", "<SOS>", "<SOS>", "<SOS>", "auc", "<SOS>", "<SOS>", "<SOS>"], ["<META_END>", "<META_END>", "<META_END>", "<META_END>", "<META_END>", "pillar", "<META_END>", "<META_END>", "<META_END>"]], "bottom_logit_ablation_tokens_str": [["<META>", "<META>", "<META>", "<META>", "<META>", "leness", "<META>", "<META>", "<META>"], ["<EOT>", "<EOT>", "<EOT>", "<EOT>", "<EOT>", "ivable", "<EOT>", "<EOT>", "<EOT>"], ["<META_START>", "<META_START>", "<META_START>", "<META_START>", "<META_START>", " forth", "<META_START>", "<META_START>", "<META_START>"], ["<SOS>", "<SOS>", "<SOS>", "<SOS>", "<SOS>", " by", "<SOS>", "<SOS>", "<SOS>"], ["<META_END>", "<META_END>", "<META_END>", "<META_END>", "<META_END>", "ICATE", "<META_END>", "<META_END>", "<META_END>"]], "top_logit_ablation_values": [[0, 0, 0, 0, 0, 0.4585, 0, 0, 0], [0, 0, 0, 0, 0, 0.4541, 0, 0, 0], [0, 0, 0, 0, 0, 0.4514, 0, 0, 0], [0, 0, 0, 0, 0, 0.4359, 0, 0, 0], [0, 0, 0, 0, 0, 0.4357, 0, 0, 0]], "bottom_logit_ablation_values": [[0, 0, 0, 0, 0, -0.4726, 0, 0, 0], [0, 0, 0, 0, 0, -0.4164, 0, 0, 0], [0, 0, 0, 0, 0, -0.3964, 0, 0, 0], [0, 0, 0, 0, 0, -0.383, 0, 0, 0], [0, 0, 0, 0, 0, -0.3819, 0, 0, 0]], "residual_loss_ablation": [-1.019, 2.532, 6.593, 2.603, 3.239, 3.891, -0.6105, 7.652, 0]}}, {"tokens_str_list": [" Height", " normalized", " spectra", " have", " been", " vertically", " shifted", " for", " clarity"], "tokens_acts_list": [0, 0, 0, 0, 0.3792, 0, 0, 0, 0], "train_token_ind": 4, "is_repeated_datapoint": 0, "datapoint_ind": 58737380, "ablations": {"loss_ablation": [0, 0, 0, 0, 0, 0.02572, 0, 0, 0], "top_logit_ablation_tokens_str": [["<META>", "<META>", "<META>", "<META>", "<META>", "cill", "<META>", "<META>", "<META>"], ["<EOT>", "<EOT>", "<EOT>", "<EOT>", "<EOT>", "cen", "<EOT>", "<EOT>", "<EOT>"], ["<META_START>", "<META_START>", "<META_START>", "<META_START>", "<META_START>", "auc", "<META_START>", "<META_START>", "<META_START>"], ["<SOS>", "<SOS>", "<SOS>", "<SOS>", "<SOS>", "aut\u00e9", "<SOS>", "<SOS>", "<SOS>"], ["<META_END>", "<META_END>", "<META_END>", "<META_END>", "<META_END>", "pillar", "<META_END>", "<META_END>", "<META_END>"]], "bottom_logit_ablation_tokens_str": [["<META>", "<META>", "<META>", "<META>", "<META>", "leness", "<META>", "<META>", "<META>"], ["<EOT>", "<EOT>", "<EOT>", "<EOT>", "<EOT>", "ivable", "<EOT>", "<EOT>", "<EOT>"], ["<META_START>", "<META_START>", "<META_START>", "<META_START>", "<META_START>", " forth", "<META_START>", "<META_START>", "<META_START>"], ["<SOS>", "<SOS>", "<SOS>", "<SOS>", "<SOS>", "ICATE", "<SOS>", "<SOS>", "<SOS>"], ["<META_END>", "<META_END>", "<META_END>", "<META_END>", "<META_END>", "<EOT>", "<META_END>", "<META_END>", "<META_END>"]], "top_logit_ablation_values": [[0, 0, 0, 0, 0, 0.4764, 0, 0, 0], [0, 0, 0, 0, 0, 0.4723, 0, 0, 0], [0, 0, 0, 0, 0, 0.4659, 0, 0, 0], [0, 0, 0, 0, 0, 0.4656, 0, 0, 0], [0, 0, 0, 0, 0, 0.4513, 0, 0, 0]], "bottom_logit_ablation_values": [[0, 0, 0, 0, 0, -0.4495, 0, 0, 0], [0, 0, 0, 0, 0, -0.3767, 0, 0, 0], [0, 0, 0, 0, 0, -0.3662, 0, 0, 0], [0, 0, 0, 0, 0, -0.3644, 0, 0, 0], [0, 0, 0, 0, 0, -0.3576, 0, 0, 0]], "residual_loss_ablation": [1.174, 0.1316, 0.8088, 1.31, -0.3492, -0.2979, 2.943, -1.46, 0]}}, {"tokens_str_list": [" (-", "8", ")/(-", "12", ")*(-", "145", "66", ")/((-", "7"], "tokens_acts_list": [0, 0, 0, 0, 0.251, 0, 0, 0, 0], "train_token_ind": 4, "is_repeated_datapoint": 0, "datapoint_ind": 5547788, "ablations": {"loss_ablation": [0, 0, 0, 0, 0, -0.009386, 0, 0, 0], "top_logit_ablation_tokens_str": [["<META>", "<META>", "<META>", "<META>", "<META>", "cill", "<META>", "<META>", "<META>"], ["<EOT>", "<EOT>", "<EOT>", "<EOT>", "<EOT>", "cen", "<EOT>", "<EOT>", "<EOT>"], ["<META_START>", "<META_START>", "<META_START>", "<META_START>", "<META_START>", "hrer", "<META_START>", "<META_START>", "<META_START>"], ["<SOS>", "<SOS>", "<SOS>", "<SOS>", "<SOS>", "aut\u00e9", "<SOS>", "<SOS>", "<SOS>"], ["<META_END>", "<META_END>", "<META_END>", "<META_END>", "<META_END>", "shadow", "<META_END>", "<META_END>", "<META_END>"]],