{"index": 3473, "act_buckets": [0, 0, 0, 0, 0, 0, 0, 0, 0, 0, 0, 0, 0, 0, 0, 0, 0, 1, 0, 0, 0, 0, 0, 0, 0, 0, 0, 0, 0, 0, 0, 0, 0, 0, 0, 0, 0, 0, 0, 1], "act_bucket_edges": [0, 0.00228, 0.00456, 0.00684, 0.00912, 0.0114, 0.01368, 0.01596, 0.01824, 0.02052, 0.0228, 0.02508, 0.02736, 0.02964, 0.03192, 0.0342, 0.03648, 0.03876, 0.04104, 0.04332, 0.0456, 0.04788, 0.05016, 0.05244, 0.05472, 0.057, 0.05928, 0.06156, 0.06384, 0.06612, 0.0684, 0.07068, 0.07296, 0.07524, 0.07752, 0.0798, 0.08208, 0.08436, 0.08664, 0.08892, 0.0912], "logit_buckets": [2, 2, 6, 6, 11, 27, 54, 59, 71, 128, 196, 307, 2192, 1342, 1505, 1773, 2241, 2935, 3808, 4664, 5522, 6400, 6489, 6346, 5334, 4540, 3323, 2368, 1616, 1009, 623, 314, 174, 78, 41, 18, 6, 4, 1, 1], "logit_bucket_edges": [-0.6046, -0.5771, -0.5495, -0.5219, -0.4943, -0.4668, -0.4392, -0.4116, -0.384, -0.3565, -0.3289, -0.3013, -0.2738, -0.2462, -0.2186, -0.191, -0.1635, -0.1359, -0.1083, -0.08075, -0.05317, -0.0256, 0.001972, 0.02954, 0.05712, 0.08469, 0.1123, 0.1398, 0.1674, 0.195, 0.2226, 0.2501, 0.2777, 0.3053, 0.3328, 0.3604, 0.388, 0.4156, 0.4431, 0.4707, 0.4983], "examples_quantiles": [{"quantile_name": "Top Activations", "quantile_max_act": 0.0912, "examples": [{"tokens_str_list": [" the", " poets", " sings", " his", "/", "her", " part", " in", " the"], "tokens_acts_list": [0, 0, 0, 0, 0.0912, 0, 0, 0, 0], "train_token_ind": 4, "is_repeated_datapoint": 0, "datapoint_ind": 81883066, "ablations": {"loss_ablation": [0, 0, 0, 0, 0, -0.02318, 0, 0, 0], "top_logit_ablation_tokens_str": [["<META>", "<META>", "<META>", "<META>", "<META>", "icated", "<META>", "<META>", "<META>"], ["<EOT>", "<EOT>", "<EOT>", "<EOT>", "<EOT>", "=======", "<EOT>", "<EOT>", "<EOT>"], ["<META_START>", "<META_START>", "<META_START>", "<META_START>", "<META_START>", "acious", "<META_START>", "<META_START>", "<META_START>"], ["<SOS>", "<SOS>", "<SOS>", "<SOS>", "<SOS>", "inated", "<SOS>", "<SOS>", "<SOS>"], ["<META_END>", "<META_END>", "<META_END>", "<META_END>", "<META_END>", "tically", "<META_END>", "<META_END>", "<META_END>"]], "bottom_logit_ablation_tokens_str": [["<META>", "<META>", "<META>", "<META>", "<META>", "\u00e8me", "<META>", "<META>", "<META>"], ["<EOT>", "<EOT>", "<EOT>", "<EOT>", "<EOT>", " Appeal", "<EOT>", "<EOT>", "<EOT>"], ["<META_START>", "<META_START>", "<META_START>", "<META_START>", "<META_START>", " Exchange", "<META_START>", "<META_START>", "<META_START>"], ["<SOS>", "<SOS>", "<SOS>", "<SOS>", "<SOS>", " Athletics", "<SOS>", "<SOS>", "<SOS>"], ["<META_END>", "<META_END>", "<META_END>", "<META_END>", "<META_END>", " Election", "<META_END>", "<META_END>", "<META_END>"]], "top_logit_ablation_values": [[0, 0, 0, 0, 0, 0.1043, 0, 0, 0], [0, 0, 0, 0, 0, 0.09449, 0, 0, 0], [0, 0, 0, 0, 0, 0.09137, 0, 0, 0], [0, 0, 0, 0, 0, 0.09069, 0, 0, 0], [0, 0, 0, 0, 0, 0.08854, 0, 0, 0]], "bottom_logit_ablation_values": [[0, 0, 0, 0, 0, -0.06682, 0, 0, 0], [0, 0, 0, 0, 0, -0.06291, 0, 0, 0], [0, 0, 0, 0, 0, -0.0582, 0, 0, 0], [0, 0, 0, 0, 0, -0.05244, 0, 0, 0], [0, 0, 0, 0, 0, -0.05209, 0, 0, 0]], "residual_loss_ablation": [1.305, 2.598, 4.511, 0.6133, 1.76, 4.289, -0.5972, -0.3388, 0]}}, {"tokens_str_list": ["Value", "=\"#", "{", "javascript", ":@", "Created", "()}", "\">", "\n           "], "tokens_acts_list": [0, 0, 0, 0, 0.03925, 0, 0, 0, 0], "train_token_ind": 4, "is_repeated_datapoint": 0, "datapoint_ind": 89413861, "ablations": {"loss_ablation": [0, 0, 0, 0, 0, 0.00371, 0, 0, 0], "top_logit_ablation_tokens_str": [["<META>", "<META>", "<META>", "<META>", "<META>", "tically", "<META>", "<META>", "<META>"], ["<EOT>", "<EOT>", "<EOT>", "<EOT>", "<EOT>", "icated", "<EOT>", "<EOT>", "<EOT>"], ["<META_START>", "<META_START>", "<META_START>", "<META_START>", "<META_START>", "=======", "<META_START>", "<META_START>", "<META_START>"], ["<SOS>", "<SOS>", "<SOS>", "<SOS>", "<SOS>", " isn", "<SOS>", "<SOS>", "<SOS>"], ["<META_END>", "<META_END>", "<META_END>", "<META_END>", "<META_END>", " is", "<META_END>", "<META_END>", "<META_END>"]], "bottom_logit_ablation_tokens_str": [["<META>", "<META>", "<META>", "<META>", "<META>", "\u00e8me", "<META>", "<META>", "<META>"], ["<EOT>", "<EOT>", "<EOT>", "<EOT>", "<EOT>", " Appeal", "<EOT>", "<EOT>", "<EOT>"], ["<META_START>", "<META_START>", "<META_START>", "<META_START>", "<META_START>", " Exchange", "<META_START>", "<META_START>", "<META_START>"], ["<SOS>", "<SOS>", "<SOS>", "<SOS>", "<SOS>", "itement", "<SOS>", "<SOS>", "<SOS>"], ["<META_END>", "<META_END>", "<META_END>", "<META_END>", "<META_END>", "paper", "<META_END>", "<META_END>", "<META_END>"]], "top_logit_ablation_values": [[0, 0, 0, 0, 0, 0.04471, 0, 0, 0], [0, 0, 0, 0, 0, 0.04348, 0, 0, 0], [0, 0, 0, 0, 0, 0.04037, 0, 0, 0], [0, 0, 0, 0, 0, 0.0401, 0, 0, 0], [0, 0, 0, 0, 0, 0.04005, 0, 0, 0]], "bottom_logit_ablation_values": [[0, 0, 0, 0, 0, -0.05934, 0, 0, 0], [0, 0, 0, 0, 0, -0.05298, 0, 0, 0], [0, 0, 0, 0, 0, -0.05219, 0, 0, 0], [0, 0, 0, 0, 0, -0.04953, 0, 0, 0], [0, 0, 0, 0, 0, -0.04916, 0, 0, 0]], "residual_loss_ablation": [0.8517, 2.095, 7.384, 1.848, -0.9824, -1.045, -2.036, 4.798, 0]}}]}], "statistics": {"density_frac": 2e-08, "global_max_act": 0.0912, "abs_max_neuron_weights": [0.1388, -0.1372, -0.1329], "abs_max_neuron_inds": [485, 463, 487], "l1_max_neuron_weights": [0.007852, 0.007763, 0.007521]}, "logit_effects": {"negatives": [["inated", -0.5247], [" means", -0.5259], ["inating", -0.5351], [" doesn", -0.5355], [" has", -0.5373], [" remains", -0.5376], [" isn", -0.557], ["=======", -0.5754], [" is", -0.5835], ["icated", -0.6046]], "positives": [["\u00e8me", 0.4983], [" Appeal", 0.4609], ["lique", 0.422], ["itement", 0.4209], [" Exchange", 0.4177], ["sender", 0.4173], ["footer", 0.3981], ["FA", 0.3962], ["paper", 0.3922], ["aving", 0.3909]]}}