{"index": 3497, "act_buckets": [0, 0, 0, 0, 0, 0, 1, 0, 0, 0, 0, 0, 0, 0, 0, 0, 0, 0, 0, 0, 0, 0, 0, 0, 0, 0, 0, 0, 0, 0, 0, 0, 0, 0, 0, 0, 0, 0, 0, 1], "act_bucket_edges": [0, 0.006948, 0.0139, 0.02085, 0.02779, 0.03474, 0.04169, 0.04864, 0.05559, 0.06254, 0.06948, 0.07643, 0.08338, 0.09033, 0.09728, 0.1042, 0.1112, 0.1181, 0.1251, 0.132, 0.139, 0.1459, 0.1529, 0.1598, 0.1668, 0.1737, 0.1807, 0.1876, 0.1946, 0.2015, 0.2085, 0.2154, 0.2223, 0.2293, 0.2362, 0.2432, 0.2501, 0.2571, 0.264, 0.271, 0.2779], "logit_buckets": [1, 2, 1, 6, 6, 9, 18, 23, 30, 60, 112, 176, 251, 380, 576, 881, 2386, 2940, 3101, 3850, 5059, 6527, 7534, 7714, 6920, 5603, 4111, 2916, 1854, 1097, 619, 355, 219, 104, 56, 22, 8, 8, 0, 1], "logit_bucket_edges": [-0.5847, -0.5592, -0.5336, -0.508, -0.4824, -0.4568, -0.4312, -0.4056, -0.3801, -0.3545, -0.3289, -0.3033, -0.2777, -0.2521, -0.2265, -0.201, -0.1754, -0.1498, -0.1242, -0.09861, -0.07302, -0.04744, -0.02185, 0.003734, 0.02932, 0.05491, 0.08049, 0.1061, 0.1317, 0.1572, 0.1828, 0.2084, 0.234, 0.2596, 0.2852, 0.3108, 0.3364, 0.3619, 0.3875, 0.4131, 0.4387], "examples_quantiles": [{"quantile_name": "Top Activations", "quantile_max_act": 0.2779, "examples": [{"tokens_str_list": ["\n                                             ", " 6", "\n\f", "<EOT>", "Abbrev", "iations", "\n", "=============", "\n"], "tokens_acts_list": [0, 0, 0, 0, 0.2779, 0, 0, 0, 0], "train_token_ind": 4, "is_repeated_datapoint": 0, "datapoint_ind": 17505211, "ablations": {"loss_ablation": [0, 0, 0, 0, 0, 0.004213, 0, 0, 0], "top_logit_ablation_tokens_str": [["<META>", "<META>", "<META>", "<META>", "<META>", "ists", "<META>", "<META>", "<META>"], ["<EOT>", "<EOT>", "<EOT>", "<EOT>", "<EOT>", "ically", "<EOT>", "<EOT>", "<EOT>"], ["<META_START>", "<META_START>", "<META_START>", "<META_START>", "<META_START>", "ging", "<META_START>", "<META_START>", "<META_START>"], ["<SOS>", "<SOS>", "<SOS>", "<SOS>", "<SOS>", "ism", "<SOS>", "<SOS>", "<SOS>"], ["<META_END>", "<META_END>", "<META_END>", "<META_END>", "<META_END>", "elling", "<META_END>", "<META_END>", "<META_END>"]], "bottom_logit_ablation_tokens_str": [["<META>", "<META>", "<META>", "<META>", "<META>", " COURT", "<META>", "<META>", "<META>"], ["<EOT>", "<EOT>", "<EOT>", "<EOT>", "<EOT>", " Superior", "<EOT>", "<EOT>", "<EOT>"], ["<META_START>", "<META_START>", "<META_START>", "<META_START>", "<META_START>", "berry", "<META_START>", "<META_START>", "<META_START>"], ["<SOS>", "<SOS>", "<SOS>", "<SOS>", "<SOS>", "stry", "<SOS>", "<SOS>", "<SOS>"], ["<META_END>", "<META_END>", "<META_END>", "<META_END>", "<META_END>", "OTA", "<META_END>", "<META_END>", "<META_END>"]], "top_logit_ablation_values": [[0, 0, 0, 0, 0, 0.326, 0, 0, 0], [0, 0, 0, 0, 0, 0.3095, 0, 0, 0], [0, 0, 0, 0, 0, 0.3093, 0, 0, 0], [0, 0, 0, 0, 0, 0.307, 0, 0, 0], [0, 0, 0, 0, 0, 0.3061, 0, 0, 0]], "bottom_logit_ablation_values": [[0, 0, 0, 0, 0, 0.01153, 0, 0, 0], [0, 0, 0, 0, 0, 0.02222, 0, 0, 0], [0, 0, 0, 0, 0, 0.02304, 0, 0, 0], [0, 0, 0, 0, 0, 0.02326, 0, 0, 0], [0, 0, 0, 0, 0, 0.02364, 0, 0, 0]], "residual_loss_ablation": [0.7787, 2.314, 4.341, 1.989, 0.06188, 1.843, -1.845, 4.214, 0]}}, {"tokens_str_list": [".", "\n", "\n", "Advertisement", ":", "\n", "\n", "I", " would"], "tokens_acts_list": [0, 0, 0, 0, 0.04431, 0, 0, 0, 0], "train_token_ind": 4, "is_repeated_datapoint": 0, "datapoint_ind": 9722722, "ablations": {"loss_ablation": [0, 0, 0, 0, 0, -7.726e-05, 0, 0, 0], "top_logit_ablation_tokens_str": [["<META>", "<META>", "<META>", "<META>", "<META>", "ists", "<META>", "<META>", "<META>"], ["<EOT>", "<EOT>", "<EOT>", "<EOT>", "<EOT>", "atically", "<EOT>", "<EOT>", "<EOT>"], ["<META_START>", "<META_START>", "<META_START>", "<META_START>", "<META_START>", "ically", "<META_START>", "<META_START>", "<META_START>"], ["<SOS>", "<SOS>", "<SOS>", "<SOS>", "<SOS>", "ism", "<SOS>", "<SOS>", "<SOS>"], ["<META_END>", "<META_END>", "<META_END>", "<META_END>", "<META_END>", "ities", "<META_END>", "<META_END>", "<META_END>"]], "bottom_logit_ablation_tokens_str": [["<META>", "<META>", "<META>", "<META>", "<META>", "cci\u00f3n", "<META>", "<META>", "<META>"], ["<EOT>", "<EOT>", "<EOT>", "<EOT>", "<EOT>", "OTA", "<EOT>", "<EOT>", "<EOT>"], ["<META_START>", "<META_START>", "<META_START>", "<META_START>", "<META_START>", "ncia", "<META_START>", "<META_START>", "<META_START>"], ["<SOS>", "<SOS>", "<SOS>", "<SOS>", "<SOS>", "GeV", "<SOS>", "<SOS>", "<SOS>"], ["<META_END>", "<META_END>", "<META_END>", "<META_END>", "<META_END>", " ORDER", "<META_END>", "<META_END>", "<META_END>"]], "top_logit_ablation_values": [[0, 0, 0, 0, 0, 0.07741, 0, 0, 0], [0, 0, 0, 0, 0, 0.07471, 0, 0, 0], [0, 0, 0, 0, 0, 0.07294, 0, 0, 0], [0, 0, 0, 0, 0, 0.07202, 0, 0, 0], [0, 0, 0, 0, 0, 0.0719, 0, 0, 0]], "bottom_logit_ablation_values": [[0, 0, 0, 0, 0, -0.003136, 0, 0, 0], [0, 0, 0, 0, 0, 0.0005083, 0, 0, 0], [0, 0, 0, 0, 0, 0.0007563, 0, 0, 0], [0, 0, 0, 0, 0, 0.0008192, 0, 0, 0], [0, 0, 0, 0, 0, 0.001031, 0, 0, 0]], "residual_loss_ablation": [1.021, -0.2279, -0.007597, 3.079, 0.9634, 2.107, 0.0008873, -1.002, 0]}}]}], "statistics": {"density_frac": 2e-08, "global_max_act": 0.2779, "abs_max_neuron_weights": [-0.1516, -0.1285, 0.1235], "abs_max_neuron_inds": [240, 356, 248], "l1_max_neuron_weights": [0.00823, 0.006972, 0.0067]}, "logit_effects": {"negatives": [["ities", -0.489], ["atic", -0.4897], ["ity", -0.496], ["elling", -0.4967], ["roup", -0.5015], ["ging", -0.508], ["ism", -0.5193], ["atically", -0.5508], ["ically", -0.5516], ["ists", -0.5847]], "positives": [["cci\u00f3n", 0.4387], ["OTA", 0.3842], ["\n\f", 0.3806], [" Superior", 0.3797], ["berry", 0.3779], [" COURT", 0.3768], ["GeV", 0.3681], [" ORDER", 0.3654], [" Moin", 0.3641], ["stry", 0.3595]]}}