{"index": 354, "act_buckets": [0, 0, 0, 0, 0, 0, 0, 0, 0, 0, 0, 0, 0, 0, 0, 0, 0, 0, 0, 0, 0, 0, 0, 1, 0, 0, 0, 0, 0, 0, 0, 0, 0, 0, 0, 0, 0, 0, 0, 1], "act_bucket_edges": [0, 0.02781, 0.05562, 0.08344, 0.1112, 0.1391, 0.1669, 0.1947, 0.2225, 0.2503, 0.2781, 0.3059, 0.3337, 0.3616, 0.3894, 0.4172, 0.445, 0.4728, 0.5006, 0.5284, 0.5562, 0.5841, 0.6119, 0.6397, 0.6675, 0.6953, 0.7231, 0.7509, 0.7787, 0.8066, 0.8344, 0.8622, 0.89, 0.9178, 0.9456, 0.9734, 1.001, 1.029, 1.057, 1.085, 1.112], "logit_buckets": [2, 3, 9, 10, 21, 32, 51, 103, 167, 313, 463, 746, 1152, 3624, 3473, 4306, 5666, 6851, 7563, 7532, 6540, 5122, 4024, 2719, 1877, 1228, 821, 449, 301, 170, 105, 40, 26, 12, 6, 6, 0, 0, 2, 1], "logit_bucket_edges": [-0.4417, -0.4182, -0.3947, -0.3711, -0.3476, -0.3241, -0.3006, -0.277, -0.2535, -0.23, -0.2065, -0.1829, -0.1594, -0.1359, -0.1123, -0.08882, -0.06529, -0.04177, -0.01824, 0.005286, 0.02881, 0.05234, 0.07587, 0.09939, 0.1229, 0.1464, 0.17, 0.1935, 0.217, 0.2406, 0.2641, 0.2876, 0.3111, 0.3347, 0.3582, 0.3817, 0.4052, 0.4288, 0.4523, 0.4758, 0.4993], "examples_quantiles": [{"quantile_name": "Top Activations", "quantile_max_act": 1.112, "examples": [{"tokens_str_list": ["\n                                             ", " 6", "\n\f", "<EOT>", "Abbrev", "iations", "\n", "=============", "\n"], "tokens_acts_list": [0, 0, 0, 0, 1.112, 0, 0, 0, 0], "train_token_ind": 4, "is_repeated_datapoint": 0, "datapoint_ind": 17505211, "ablations": {"loss_ablation": [0, 0, 0, 0, 0, -0.005184, 0, 0, 0], "top_logit_ablation_tokens_str": [["<META>", "<META>", "<META>", "<META>", "<META>", " is", "<META>", "<META>", "<META>"], ["<EOT>", "<EOT>", "<EOT>", "<EOT>", "<EOT>", "izes", "<EOT>", "<EOT>", "<EOT>"], ["<META_START>", "<META_START>", "<META_START>", "<META_START>", "<META_START>", "=\"", "<META_START>", "<META_START>", "<META_START>"], ["<SOS>", "<SOS>", "<SOS>", "<SOS>", "<SOS>", " the", "<SOS>", "<SOS>", "<SOS>"], ["<META_END>", "<META_END>", "<META_END>", "<META_END>", "<META_END>", "ifies", "<META_END>", "<META_END>", "<META_END>"]], "bottom_logit_ablation_tokens_str": [["<META>", "<META>", "<META>", "<META>", "<META>", "unnumbered", "<META>", "<META>", "<META>"], ["<EOT>", "<EOT>", "<EOT>", "<EOT>", "<EOT>", "?\u201d", "<EOT>", "<EOT>", "<EOT>"], ["<META_START>", "<META_START>", "<META_START>", "<META_START>", "<META_START>", "?\u2019", "<META_START>", "<META_START>", "<META_START>"], ["<SOS>", "<SOS>", "<SOS>", "<SOS>", "<SOS>", "flower", "<SOS>", "<SOS>", "<SOS>"], ["<META_END>", "<META_END>", "<META_END>", "<META_END>", "<META_END>", "!\u201d", "<META_END>", "<META_END>", "<META_END>"]], "top_logit_ablation_values": [[0, 0, 0, 0, 0, 0.2068, 0, 0, 0], [0, 0, 0, 0, 0, 0.1932, 0, 0, 0], [0, 0, 0, 0, 0, 0.1753, 0, 0, 0], [0, 0, 0, 0, 0, 0.1648, 0, 0, 0], [0, 0, 0, 0, 0, 0.1559, 0, 0, 0]], "bottom_logit_ablation_values": [[0, 0, 0, 0, 0, -0.9979, 0, 0, 0], [0, 0, 0, 0, 0, -0.9732, 0, 0, 0], [0, 0, 0, 0, 0, -0.9666, 0, 0, 0], [0, 0, 0, 0, 0, -0.8792, 0, 0, 0], [0, 0, 0, 0, 0, -0.8773, 0, 0, 0]], "residual_loss_ablation": [0.7787, 2.314, 4.341, 1.989, 0.06188, 1.843, -1.845, 4.214, 0]}}, {"tokens_str_list": [" lower", " cost", ".", "<EOT>", "Abbrev", "iations", "\n", "=============", "\n"], "tokens_acts_list": [0, 0, 0, 0, 0.6667, 0, 0, 0, 0], "train_token_ind": 4, "is_repeated_datapoint": 0, "datapoint_ind": 82998532, "ablations": {"loss_ablation": [0, 0, 0, 0, 0, -0.006464, 0, 0, 0], "top_logit_ablation_tokens_str": [["<META>", "<META>", "<META>", "<META>", "<META>", " is", "<META>", "<META>", "<META>"], ["<EOT>", "<EOT>", "<EOT>", "<EOT>", "<EOT>", " the", "<EOT>", "<EOT>", "<EOT>"], ["<META_START>", "<META_START>", "<META_START>", "<META_START>", "<META_START>", "izes", "<META_START>", "<META_START>", "<META_START>"], ["<SOS>", "<SOS>", "<SOS>", "<SOS>", "<SOS>", "=\"", "<SOS>", "<SOS>", "<SOS>"], ["<META_END>", "<META_END>", "<META_END>", "<META_END>", "<META_END>", " has", "<META_END>", "<META_END>", "<META_END>"]], "bottom_logit_ablation_tokens_str": [["<META>", "<META>", "<META>", "<META>", "<META>", "unnumbered", "<META>", "<META>", "<META>"], ["<EOT>", "<EOT>", "<EOT>", "<EOT>", "<EOT>", "?\u201d", "<EOT>", "<EOT>", "<EOT>"], ["<META_START>", "<META_START>", "<META_START>", "<META_START>", "<META_START>", "?\u2019", "<META_START>", "<META_START>", "<META_START>"], ["<SOS>", "<SOS>", "<SOS>", "<SOS>", "<SOS>", "CADE", "<SOS>", "<SOS>", "<SOS>"], ["<META_END>", "<META_END>", "<META_END>", "<META_END>", "<META_END>", ".\u2019", "<META_END>", "<META_END>", "<META_END>"]], "top_logit_ablation_values": [[0, 0, 0, 0, 0, 0.1497, 0, 0, 0], [0, 0, 0, 0, 0, 0.1249, 0, 0, 0], [0, 0, 0, 0, 0, 0.1245, 0, 0, 0], [0, 0, 0, 0, 0, 0.1206, 0, 0, 0], [0, 0, 0, 0, 0, 0.1149, 0, 0, 0]], "bottom_logit_ablation_values": [[0, 0, 0, 0, 0, -0.7031, 0, 0, 0], [0, 0, 0, 0, 0, -0.671, 0, 0, 0], [0, 0, 0, 0, 0, -0.6694, 0, 0, 0], [0, 0, 0, 0, 0, -0.6116, 0, 0, 0], [0, 0, 0, 0, 0, -0.6041, 0, 0, 0]], "residual_loss_ablation": [5.883, 3.218, -0.346, 0.5796, -0.2728, -0.0514, -0.9989, 5.711, 0]}}]}], "statistics": {"density_frac": 2e-08, "global_max_act": 1.112, "abs_max_neuron_weights": [0.2185, -0.2002, -0.1632], "abs_max_neuron_inds": [286, 142, 487], "l1_max_neuron_weights": [0.01253, 0.01148, 0.009362]}, "logit_effects": {"negatives": [["Ct", -0.3808], [" provides", -0.3815], ["ically", -0.3815], [" allows", -0.3906], ["ifies", -0.3936], [" has", -0.3994], [" the", -0.41], ["=\"", -0.4107], ["izes", -0.4202], [" is", -0.4417]], "positives": [["unnumbered", 0.4993], ["?\u201d", 0.4695], ["?\u2019", 0.4662], ["CADE", 0.3993], ["flower", 0.3988], ["!\u201d", 0.3961], [",\u2019", 0.3924], [".\u2019", 0.3919], ["mail", 0.3837], ["),\"", 0.3771]]}}