{"index": 3566, "act_buckets": [0, 0, 0, 0, 0, 0, 0, 0, 0, 0, 0, 0, 0, 0, 0, 0, 0, 0, 0, 0, 0, 0, 0, 0, 0, 0, 0, 0, 0, 0, 0, 0, 0, 0, 0, 0, 0, 0, 0, 1], "act_bucket_edges": [0, 0.004135, 0.00827, 0.01241, 0.01654, 0.02068, 0.02481, 0.02895, 0.03308, 0.03722, 0.04135, 0.04549, 0.04962, 0.05376, 0.05789, 0.06203, 0.06616, 0.0703, 0.07443, 0.07857, 0.0827, 0.08684, 0.09097, 0.09511, 0.09924, 0.1034, 0.1075, 0.1116, 0.1158, 0.1199, 0.1241, 0.1282, 0.1323, 0.1365, 0.1406, 0.1447, 0.1489, 0.153, 0.1571, 0.1613, 0.1654], "logit_buckets": [1, 0, 2, 1, 4, 1, 8, 13, 24, 48, 76, 123, 229, 356, 499, 729, 1186, 1713, 2757, 5036, 6392, 6978, 7451, 7898, 7001, 5597, 4079, 2811, 1822, 1099, 688, 394, 248, 147, 61, 34, 15, 7, 5, 3], "logit_bucket_edges": [-0.5245, -0.5016, -0.4787, -0.4557, -0.4328, -0.4099, -0.387, -0.3641, -0.3411, -0.3182, -0.2953, -0.2724, -0.2495, -0.2266, -0.2036, -0.1807, -0.1578, -0.1349, -0.112, -0.08905, -0.06613, -0.04322, -0.0203, 0.002621, 0.02554, 0.04846, 0.07137, 0.09429, 0.1172, 0.1401, 0.163, 0.186, 0.2089, 0.2318, 0.2547, 0.2776, 0.3006, 0.3235, 0.3464, 0.3693, 0.3922], "examples_quantiles": [{"quantile_name": "Top Activations", "quantile_max_act": 0.1654, "examples": [{"tokens_str_list": ["Log", "on", " to", " admin", ",", " click", " the", " \"", "content"], "tokens_acts_list": [0, 0, 0, 0, 0.1654, 0, 0, 0, 0], "train_token_ind": 4, "is_repeated_datapoint": 0, "datapoint_ind": 23918010, "ablations": {"loss_ablation": [0, 0, 0, 0, 0, 0.006622, 0, 0, 0], "top_logit_ablation_tokens_str": [["<META>", "<META>", "<META>", "<META>", "<META>", "sed", "<META>", "<META>", "<META>"], ["<EOT>", "<EOT>", "<EOT>", "<EOT>", "<EOT>", "ments", "<EOT>", "<EOT>", "<EOT>"], ["<META_START>", "<META_START>", "<META_START>", "<META_START>", "<META_START>", "ful", "<META_START>", "<META_START>", "<META_START>"], ["<SOS>", "<SOS>", "<SOS>", "<SOS>", "<SOS>", "imony", "<SOS>", "<SOS>", "<SOS>"], ["<META_END>", "<META_END>", "<META_END>", "<META_END>", "<META_END>", "iously", "<META_END>", "<META_END>", "<META_END>"]], "bottom_logit_ablation_tokens_str": [["<META>", "<META>", "<META>", "<META>", "<META>", " arrest", "<META>", "<META>", "<META>"], ["<EOT>", "<EOT>", "<EOT>", "<EOT>", "<EOT>", "orage", "<EOT>", "<EOT>", "<EOT>"], ["<META_START>", "<META_START>", "<META_START>", "<META_START>", "<META_START>", " inbox", "<META_START>", "<META_START>", "<META_START>"], ["<SOS>", "<SOS>", "<SOS>", "<SOS>", "<SOS>", "?\u201d", "<SOS>", "<SOS>", "<SOS>"], ["<META_END>", "<META_END>", "<META_END>", "<META_END>", "<META_END>", " cooker", "<META_END>", "<META_END>", "<META_END>"]], "top_logit_ablation_values": [[0, 0, 0, 0, 0, 0.2161, 0, 0, 0], [0, 0, 0, 0, 0, 0.1982, 0, 0, 0], [0, 0, 0, 0, 0, 0.1937, 0, 0, 0], [0, 0, 0, 0, 0, 0.1874, 0, 0, 0], [0, 0, 0, 0, 0, 0.1867, 0, 0, 0]], "bottom_logit_ablation_values": [[0, 0, 0, 0, 0, -0.07078, 0, 0, 0], [0, 0, 0, 0, 0, -0.06578, 0, 0, 0], [0, 0, 0, 0, 0, -0.06511, 0, 0, 0], [0, 0, 0, 0, 0, -0.06473, 0, 0, 0], [0, 0, 0, 0, 0, -0.06253, 0, 0, 0]], "residual_loss_ablation": [2.489, 1.442, -0.645, 2.411, 0.9693, 0.7548, -0.198, 1.625, 0]}}]}], "statistics": {"density_frac": 1e-08, "global_max_act": 0.1654, "abs_max_neuron_weights": [0.1696, 0.1445, 0.141], "abs_max_neuron_inds": [141, 500, 340], "l1_max_neuron_weights": [0.009445, 0.008044, 0.00785]}, "logit_effects": {"negatives": [["tal", -0.3856], ["converted", -0.3926], ["ped", -0.4112], ["sely", -0.4142], ["inely", -0.4188], ["imony", -0.4312], ["iously", -0.4425], ["ful", -0.462], ["ments", -0.4754], ["sed", -0.5245]], "positives": [[" inbox", 0.3922], [" arrest", 0.3893], ["?\u201d", 0.3734], ["orage", 0.3692], [" cooker", 0.3598], ["\u201d)", 0.3512], ["MOESM", 0.347], ["?\u2019", 0.3467], [" Makeup", 0.3454], ["?'", 0.3331]]}}