{"index": 3571, "act_buckets": [1, 0, 1, 1, 0, 0, 0, 0, 0, 0, 0, 0, 0, 0, 0, 0, 0, 1, 0, 0, 0, 0, 0, 0, 0, 0, 0, 0, 0, 0, 0, 0, 0, 0, 0, 0, 0, 0, 0, 1], "act_bucket_edges": [0, 0.0333, 0.0666, 0.09991, 0.1332, 0.1665, 0.1998, 0.2331, 0.2664, 0.2997, 0.333, 0.3663, 0.3996, 0.4329, 0.4662, 0.4995, 0.5328, 0.5661, 0.5994, 0.6327, 0.666, 0.6994, 0.7327, 0.766, 0.7993, 0.8326, 0.8659, 0.8992, 0.9325, 0.9658, 0.9991, 1.032, 1.066, 1.099, 1.132, 1.166, 1.199, 1.232, 1.265, 1.299, 1.332], "logit_buckets": [1, 0, 1, 5, 1, 9, 7, 23, 24, 58, 96, 180, 328, 519, 840, 1538, 2473, 3858, 5268, 6418, 7150, 7458, 6976, 6189, 8346, 3427, 1873, 1074, 625, 352, 200, 104, 57, 26, 14, 8, 5, 3, 1, 1], "logit_bucket_edges": [-0.4809, -0.4586, -0.4362, -0.4139, -0.3916, -0.3692, -0.3469, -0.3245, -0.3022, -0.2798, -0.2575, -0.2352, -0.2128, -0.1905, -0.1681, -0.1458, -0.1235, -0.1011, -0.07877, -0.05642, -0.03408, -0.01174, 0.0106, 0.03294, 0.05529, 0.07763, 0.09997, 0.1223, 0.1447, 0.167, 0.1893, 0.2117, 0.234, 0.2564, 0.2787, 0.3011, 0.3234, 0.3457, 0.3681, 0.3904, 0.4128], "examples_quantiles": [{"quantile_name": "Top Activations", "quantile_max_act": 1.332, "examples": [{"tokens_str_list": ["\n", "the", " regular", " package", " repos", " as", " well", ".", "\n\n"], "tokens_acts_list": [0, 0, 0, 0, 1.332, 0, 0, 0, 0], "train_token_ind": 4, "is_repeated_datapoint": 0, "datapoint_ind": 4876114, "ablations": {"loss_ablation": [0, 0, 0, 0, 0, 0.0789, 0, 0, 0], "top_logit_ablation_tokens_str": [["<META>", "<META>", "<META>", "<META>", "<META>", "\n", "<META>", "<META>", "<META>"], ["<EOT>", "<EOT>", "<EOT>", "<EOT>", "<EOT>", "gebras", "<EOT>", "<EOT>", "<EOT>"], ["<META_START>", "<META_START>", "<META_START>", "<META_START>", "<META_START>", " WARRANTY", "<META_START>", "<META_START>", "<META_START>"], ["<SOS>", "<SOS>", "<SOS>", "<SOS>", "<SOS>", " freedom", "<SOS>", "<SOS>", "<SOS>"], ["<META_END>", "<META_END>", "<META_END>", "<META_END>", "<META_END>", " INTERRUPTION", "<META_END>", "<META_END>", "<META_END>"]], "bottom_logit_ablation_tokens_str": [["<META>", "<META>", "<META>", "<META>", "<META>", "ennial", "<META>", "<META>", "<META>"], ["<EOT>", "<EOT>", "<EOT>", "<EOT>", "<EOT>", "iated", "<EOT>", "<EOT>", "<EOT>"], ["<META_START>", "<META_START>", "<META_START>", "<META_START>", "<META_START>", " disestablished", "<META_START>", "<META_START>", "<META_START>"], ["<SOS>", "<SOS>", "<SOS>", "<SOS>", "<SOS>", "naissance", "<SOS>", "<SOS>", "<SOS>"], ["<META_END>", "<META_END>", "<META_END>", "<META_END>", "<META_END>", "berries", "<META_END>", "<META_END>", "<META_END>"]], "top_logit_ablation_values": [[0, 0, 0, 0, 0, 0.94, 0, 0, 0], [0, 0, 0, 0, 0, 0.8371, 0, 0, 0], [0, 0, 0, 0, 0, 0.8261, 0, 0, 0], [0, 0, 0, 0, 0, 0.8156, 0, 0, 0], [0, 0, 0, 0, 0, 0.8062, 0, 0, 0]], "bottom_logit_ablation_values": [[0, 0, 0, 0, 0, -0.7888, 0, 0, 0], [0, 0, 0, 0, 0, -0.7639, 0, 0, 0], [0, 0, 0, 0, 0, -0.6942, 0, 0, 0], [0, 0, 0, 0, 0, -0.6817, 0, 0, 0], [0, 0, 0, 0, 0, -0.6811, 0, 0, 0]], "residual_loss_ablation": [3.905, 0.8264, 1.279, 1.71, 1.319, 2.127, 0.6254, 0.9021, 0]}}, {"tokens_str_list": [" who", " recorded", " an", " axial", "/", "equ", "atorial", " tra", "pping"], "tokens_acts_list": [0, 0, 0, 0, 0.5725, 0, 0, 0, 0], "train_token_ind": 4, "is_repeated_datapoint": 0, "datapoint_ind": 24233315, "ablations": {"loss_ablation": [0, 0, 0, 0, 0, 0.01751, 0, 0, 0], "top_logit_ablation_tokens_str": [["<META>", "<META>", "<META>", "<META>", "<META>", "\n", "<META>", "<META>", "<META>"], ["<EOT>", "<EOT>", "<EOT>", "<EOT>", "<EOT>", "gebras", "<EOT>", "<EOT>", "<EOT>"], ["<META_START>", "<META_START>", "<META_START>", "<META_START>", "<META_START>", " WARRANTY", "<META_START>", "<META_START>", "<META_START>"], ["<SOS>", "<SOS>", "<SOS>", "<SOS>", "<SOS>", "==========", "<SOS>", "<SOS>", "<SOS>"], ["<META_END>", "<META_END>", "<META_END>", "<META_END>", "<META_END>", " freedom", "<META_END>", "<META_END>", "<META_END>"]], "bottom_logit_ablation_tokens_str": [["<META>", "<META>", "<META>", "<META>", "<META>", "ennial", "<META>", "<META>", "<META>"], ["<EOT>", "<EOT>", "<EOT>", "<EOT>", "<EOT>", "iated", "<EOT>", "<EOT>", "<EOT>"], ["<META_START>", "<META_START>", "<META_START>", "<META_START>", "<META_START>", " disestablished", "<META_START>", "<META_START>", "<META_START>"], ["<SOS>", "<SOS>", "<SOS>", "<SOS>", "<SOS>", "naissance", "<SOS>", "<SOS>", "<SOS>"], ["<META_END>", "<META_END>", "<META_END>", "<META_END>", "<META_END>", "esty", "<META_END>", "<META_END>", "<META_END>"]], "top_logit_ablation_values": [[0, 0, 0, 0, 0, 0.4794, 0, 0, 0], [0, 0, 0, 0, 0, 0.4339, 0, 0, 0], [0, 0, 0, 0, 0, 0.4267, 0, 0, 0], [0, 0, 0, 0, 0, 0.4255, 0, 0, 0], [0, 0, 0, 0, 0, 0.4135, 0, 0, 0]], "bottom_logit_ablation_values": [[0, 0, 0, 0, 0, -0.3507, 0, 0, 0], [0, 0, 0, 0, 0, -0.3274, 0, 0, 0], [0, 0, 0, 0, 0, -0.2926, 0, 0, 0], [0, 0, 0, 0, 0, -0.2925, 0, 0, 0], [0, 0, 0, 0, 0, -0.2883, 0, 0, 0]], "residual_loss_ablation": [3.296, 1.012, 2.07, 3.446, -0.01147, -0.7091, -1.699, -0.3281, 0]}}, {"tokens_str_list": [".", "\n", "\n", "In", " the", " conditions", " of", " Definition", " 2"], "tokens_acts_list": [0, 0, 0, 0, 0.1201, 0, 0, 0, 0], "train_token_ind": 4, "is_repeated_datapoint": 0, "datapoint_ind": 26340538, "ablations": {"loss_ablation": [0, 0, 0, 0, 0, -0.007974, 0, 0, 0], "top_logit_ablation_tokens_str": [["<META>", "<META>", "<META>", "<META>", "<META>", "\n", "<META>", "<META>", "<META>"], ["<EOT>", "<EOT>", "<EOT>", "<EOT>", "<EOT>", " =", "<EOT>", "<EOT>", "<EOT>"], ["<META_START>", "<META_START>", "<META_START>", "<META_START>", "<META_START>", "gebras", "<META_START>", "<META_START>", "<META_START>"], ["<SOS>", "<SOS>", "<SOS>", "<SOS>", "<SOS>", " freedom", "<SOS>", "<SOS>", "<SOS>"], ["<META_END>", "<META_END>", "<META_END>", "<META_END>", "<META_END>", "\n\n", "<META_END>", "<META_END>", "<META_END>"]], "bottom_logit_ablation_tokens_str": [["<META>", "<META>", "<META>", "<META>", "<META>", "ennial", "<META>", "<META>", "<META>"], ["<EOT>", "<EOT>", "<EOT>", "<EOT>", "<EOT>", "iated", "<EOT>", "<EOT>", "<EOT>"], ["<META_START>", "<META_START>", "<META_START>", "<META_START>", "<META_START>", "naissance", "<META_START>", "<META_START>", "<META_START>"], ["<SOS>", "<SOS>", "<SOS>", "<SOS>", "<SOS>", "berries", "<SOS>", "<SOS>", "<SOS>"], ["<META_END>", "<META_END>", "<META_END>", "<META_END>", "<META_END>", "backer", "<META_END>", "<META_END>", "<META_END>"]], "top_logit_ablation_values": [[0, 0, 0, 0, 0, 0.1549, 0, 0, 0], [0, 0, 0, 0, 0, 0.1374, 0, 0, 0], [0, 0, 0, 0, 0, 0.1326, 0, 0, 0], [0, 0, 0, 0, 0, 0.1321, 0, 0, 0], [0, 0, 0, 0, 0, 0.1312, 0, 0, 0]], "bottom_logit_ablation_values": [[0, 0, 0, 0, 0, -0.1002, 0, 0, 0], [0, 0, 0, 0, 0, -0.09407, 0, 0, 0], [0, 0, 0, 0, 0, -0.08608, 0, 0, 0], [0, 0, 0, 0, 0, -0.08517, 0, 0, 0], [0, 0, 0, 0, 0, -0.08449, 0, 0, 0]], "residual_loss_ablation": [2.005, 0.1299, 0.2012, -0.02559, -0.5824, 1.777, 0.3678, 0.1318, 0]}}, {"tokens_str_list": ["\n                                             ", " 6", "\n\f", "<EOT>", "Abbrev", "iations", "\n", "=============", "\n"], "tokens_acts_list": [0, 0, 0, 0, 0.09744, 0, 0, 0, 0], "train_token_ind": 4, "is_repeated_datapoint": 0, "datapoint_ind": 17505211, "ablations": {"loss_ablation": [0, 0, 0, 0, 0, 0.001538, 0, 0, 0], "top_logit_ablation_tokens_str": [["<META>", "<META>", "<META>", "<META>", "<META>", "gebras", "<META>", "<META>", "<META>"], ["<EOT>", "<EOT>", "<EOT>", "<EOT>", "<EOT>", "\n", "<EOT>", "<EOT>", "<EOT>"], ["<META_START>", "<META_START>", "<META_START>", "<META_START>", "<META_START>", "\n\n", "<META_START>", "<META_START>", "<META_START>"], ["<SOS>", "<SOS>", "<SOS>", "<SOS>", "<SOS>", " WARRANTY", "<SOS>", "<SOS>", "<SOS>"], ["<META_END>", "<META_END>", "<META_END>", "<META_END>", "<META_END>", " INTERRUPTION", "<META_END>", "<META_END>", "<META_END>"]],