{"index": 3575, "act_buckets": [0, 0, 1, 0, 1, 0, 0, 0, 0, 0, 0, 0, 0, 0, 0, 0, 0, 0, 0, 0, 0, 0, 0, 1, 0, 1, 0, 0, 0, 0, 0, 0, 0, 0, 0, 0, 0, 0, 0, 1], "act_bucket_edges": [0, 0.0256, 0.05119, 0.07679, 0.1024, 0.128, 0.1536, 0.1792, 0.2048, 0.2304, 0.256, 0.2815, 0.3071, 0.3327, 0.3583, 0.3839, 0.4095, 0.4351, 0.4607, 0.4863, 0.5119, 0.5375, 0.5631, 0.5887, 0.6143, 0.6399, 0.6655, 0.6911, 0.7167, 0.7423, 0.7679, 0.7935, 0.8191, 0.8446, 0.8702, 0.8958, 0.9214, 0.947, 0.9726, 0.9982, 1.024], "logit_buckets": [1, 1, 2, 3, 6, 7, 19, 38, 62, 91, 162, 259, 384, 682, 1068, 1715, 5378, 5855, 7099, 8137, 8194, 7472, 6100, 4525, 3114, 2059, 1363, 795, 439, 269, 113, 63, 30, 15, 7, 6, 0, 2, 0, 1], "logit_bucket_edges": [-0.5241, -0.4982, -0.4723, -0.4464, -0.4204, -0.3945, -0.3686, -0.3427, -0.3168, -0.2909, -0.2649, -0.239, -0.2131, -0.1872, -0.1613, -0.1354, -0.1095, -0.08354, -0.05762, -0.03171, -0.005791, 0.02012, 0.04604, 0.07195, 0.09787, 0.1238, 0.1497, 0.1756, 0.2015, 0.2274, 0.2534, 0.2793, 0.3052, 0.3311, 0.357, 0.3829, 0.4089, 0.4348, 0.4607, 0.4866, 0.5125], "examples_quantiles": [{"quantile_name": "Top Activations", "quantile_max_act": 1.024, "examples": [{"tokens_str_list": [" old", " topic", " (", "not", " entirely", " sure", " why", " thats", " a"], "tokens_acts_list": [0, 0, 0, 0, 1.024, 0, 0, 0, 0], "train_token_ind": 4, "is_repeated_datapoint": 0, "datapoint_ind": 72925984, "ablations": {"loss_ablation": [0, 0, 0, 0, 0, -0.2569, 0, 0, 0], "top_logit_ablation_tokens_str": [["<META>", "<META>", "<META>", "<META>", "<META>", "ige", "<META>", "<META>", "<META>"], ["<EOT>", "<EOT>", "<EOT>", "<EOT>", "<EOT>", "ices", "<EOT>", "<EOT>", "<EOT>"], ["<META_START>", "<META_START>", "<META_START>", "<META_START>", "<META_START>", "ened", "<META_START>", "<META_START>", "<META_START>"], ["<SOS>", "<SOS>", "<SOS>", "<SOS>", "<SOS>", "aters", "<SOS>", "<SOS>", "<SOS>"], ["<META_END>", "<META_END>", "<META_END>", "<META_END>", "<META_END>", "ening", "<META_END>", "<META_END>", "<META_END>"]], "bottom_logit_ablation_tokens_str": [["<META>", "<META>", "<META>", "<META>", "<META>", "ymmetric", "<META>", "<META>", "<META>"], ["<EOT>", "<EOT>", "<EOT>", "<EOT>", "<EOT>", "ymmetry", "<EOT>", "<EOT>", "<EOT>"], ["<META_START>", "<META_START>", "<META_START>", "<META_START>", "<META_START>", "flies", "<META_START>", "<META_START>", "<META_START>"], ["<SOS>", "<SOS>", "<SOS>", "<SOS>", "<SOS>", "ppers", "<SOS>", "<SOS>", "<SOS>"], ["<META_END>", "<META_END>", "<META_END>", "<META_END>", "<META_END>", "ocial", "<META_END>", "<META_END>", "<META_END>"]], "top_logit_ablation_values": [[0, 0, 0, 0, 0, 0.5895, 0, 0, 0], [0, 0, 0, 0, 0, 0.5041, 0, 0, 0], [0, 0, 0, 0, 0, 0.4685, 0, 0, 0], [0, 0, 0, 0, 0, 0.4684, 0, 0, 0], [0, 0, 0, 0, 0, 0.433, 0, 0, 0]], "bottom_logit_ablation_values": [[0, 0, 0, 0, 0, -1.443, 0, 0, 0], [0, 0, 0, 0, 0, -1.319, 0, 0, 0], [0, 0, 0, 0, 0, -1.287, 0, 0, 0], [0, 0, 0, 0, 0, -1.205, 0, 0, 0], [0, 0, 0, 0, 0, -1.169, 0, 0, 0]], "residual_loss_ablation": [1.649, -0.9952, -0.2815, -0.6566, -1.431, 7.321, -0.4655, 0.3301, 0]}}, {"tokens_str_list": ["oids", ".\\[[@", "CR", "23", "],", " [@", "CR", "25", "]\\]"], "tokens_acts_list": [0, 0, 0, 0, 0.6539, 0, 0, 0, 0], "train_token_ind": 4, "is_repeated_datapoint": 0, "datapoint_ind": 24540605, "ablations": {"loss_ablation": [0, 0, 0, 0, 0, -0.008876, 0, 0, 0], "top_logit_ablation_tokens_str": [["<META>", "<META>", "<META>", "<META>", "<META>", "ige", "<META>", "<META>", "<META>"], ["<EOT>", "<EOT>", "<EOT>", "<EOT>", "<EOT>", "aters", "<EOT>", "<EOT>", "<EOT>"], ["<META_START>", "<META_START>", "<META_START>", "<META_START>", "<META_START>", "ices", "<META_START>", "<META_START>", "<META_START>"], ["<SOS>", "<SOS>", "<SOS>", "<SOS>", "<SOS>", "ened", "<SOS>", "<SOS>", "<SOS>"], ["<META_END>", "<META_END>", "<META_END>", "<META_END>", "<META_END>", "ening", "<META_END>", "<META_END>", "<META_END>"]], "bottom_logit_ablation_tokens_str": [["<META>", "<META>", "<META>", "<META>", "<META>", "ymmetric", "<META>", "<META>", "<META>"], ["<EOT>", "<EOT>", "<EOT>", "<EOT>", "<EOT>", "flies", "<EOT>", "<EOT>", "<EOT>"], ["<META_START>", "<META_START>", "<META_START>", "<META_START>", "<META_START>", "ymmetry", "<META_START>", "<META_START>", "<META_START>"], ["<SOS>", "<SOS>", "<SOS>", "<SOS>", "<SOS>", "?\u201d", "<SOS>", "<SOS>", "<SOS>"], ["<META_END>", "<META_END>", "<META_END>", "<META_END>", "<META_END>", "nap", "<META_END>", "<META_END>", "<META_END>"]], "top_logit_ablation_values": [[0, 0, 0, 0, 0, 0.3399, 0, 0, 0], [0, 0, 0, 0, 0, 0.2811, 0, 0, 0], [0, 0, 0, 0, 0, 0.2673, 0, 0, 0], [0, 0, 0, 0, 0, 0.2595, 0, 0, 0], [0, 0, 0, 0, 0, 0.222, 0, 0, 0]], "bottom_logit_ablation_values": [[0, 0, 0, 0, 0, -0.9013, 0, 0, 0], [0, 0, 0, 0, 0, -0.8183, 0, 0, 0], [0, 0, 0, 0, 0, -0.8151, 0, 0, 0], [0, 0, 0, 0, 0, -0.7599, 0, 0, 0], [0, 0, 0, 0, 0, -0.7541, 0, 0, 0]], "residual_loss_ablation": [4.096, 1.95, -0.3874, -0.3619, -4.063, 0.1594, -0.01477, 0.699, 0]}}, {"tokens_str_list": ["\n", ",", " **", "**,", " ().", "\n", "\n", ",", " **"], "tokens_acts_list": [0, 0, 0, 0, 0.5998, 0, 0, 0, 0], "train_token_ind": 4, "is_repeated_datapoint": 0, "datapoint_ind": 53779, "ablations": {"loss_ablation": [0, 0, 0, 0, 0, 0.0522, 0, 0, 0], "top_logit_ablation_tokens_str": [["<META>", "<META>", "<META>", "<META>", "<META>", "ige", "<META>", "<META>", "<META>"], ["<EOT>", "<EOT>", "<EOT>", "<EOT>", "<EOT>", "ices", "<EOT>", "<EOT>", "<EOT>"], ["<META_START>", "<META_START>", "<META_START>", "<META_START>", "<META_START>", "ened", "<META_START>", "<META_START>", "<META_START>"], ["<SOS>", "<SOS>", "<SOS>", "<SOS>", "<SOS>", "aters", "<SOS>", "<SOS>", "<SOS>"], ["<META_END>", "<META_END>", "<META_END>", "<META_END>", "<META_END>", "ening", "<META_END>", "<META_END>", "<META_END>"]], "bottom_logit_ablation_tokens_str": [["<META>", "<META>", "<META>", "<META>", "<META>", "ymmetric", "<META>", "<META>", "<META>"], ["<EOT>", "<EOT>", "<EOT>", "<EOT>", "<EOT>", "flies", "<EOT>", "<EOT>", "<EOT>"], ["<META_START>", "<META_START>", "<META_START>", "<META_START>", "<META_START>", "ymmetry", "<META_START>", "<META_START>", "<META_START>"], ["<SOS>", "<SOS>", "<SOS>", "<SOS>", "<SOS>", "?\u201d", "<SOS>", "<SOS>", "<SOS>"], ["<META_END>", "<META_END>", "<META_END>", "<META_END>", "<META_END>", "ppers", "<META_END>", "<META_END>", "<META_END>"]], "top_logit_ablation_values": [[0, 0, 0, 0, 0, 0.2858, 0, 0, 0], [0, 0, 0, 0, 0, 0.27, 0, 0, 0], [0, 0, 0, 0, 0, 0.2498, 0, 0, 0], [0, 0, 0, 0, 0, 0.2467, 0, 0, 0], [0, 0, 0, 0, 0, 0.2276, 0, 0, 0]], "bottom_logit_ablation_values": [[0, 0, 0, 0, 0, -0.664, 0, 0, 0], [0, 0, 0, 0, 0, -0.6375, 0, 0, 0], [0, 0, 0, 0, 0, -0.5988, 0, 0, 0], [0, 0, 0, 0, 0, -0.5689, 0, 0, 0], [0, 0, 0, 0, 0, -0.5437, 0, 0, 0]], "residual_loss_ablation": [-1.019, 2.532, 6.593, 2.603, 3.239, 3.891, -0.6105, 7.652, 0]}}, {"tokens_str_list": [" different", " editor", " (", "or", " to", " be", " assigned", " to", " me"], "tokens_acts_list": [0, 0, 0, 0, 0.1087, 0, 0, 0, 0], "train_token_ind": 4, "is_repeated_datapoint": 0, "datapoint_ind": 40976005, "ablations": {"loss_ablation": [0, 0, 0, 0, 0, 0.001879, 0, 0, 0], "top_logit_ablation_tokens_str": [["<META>", "<META>", "<META>", "<META>", "<META>", "ige", "<META>", "<META>", "<META>"], ["<EOT>", "<EOT>", "<EOT>", "<EOT>", "<EOT>", "aters", "<EOT>", "<EOT>", "<EOT>"], ["<META_START>", "<META_START>", "<META_START>", "<META_START>", "<META_START>", "ices", "<META_START>", "<META_START>", "<META_START>"], ["<SOS>", "<SOS>", "<SOS>", "<SOS>", "<SOS>", "ened", "<SOS>", "<SOS>", "<SOS>"], ["<META_END>", "<META_END>", "<META_END>", "<META_END>", "<META_END>", "asily", "<META_END>", "<META_END>", "<META_END>"]],