{"index": 3586, "act_buckets": [0, 0, 0, 0, 0, 0, 0, 0, 0, 0, 0, 0, 0, 0, 0, 0, 0, 1, 0, 0, 0, 0, 0, 0, 0, 0, 0, 0, 0, 0, 1, 0, 0, 0, 0, 0, 0, 0, 0, 1], "act_bucket_edges": [0, 0.006643, 0.01329, 0.01993, 0.02657, 0.03321, 0.03986, 0.0465, 0.05314, 0.05978, 0.06643, 0.07307, 0.07971, 0.08635, 0.093, 0.09964, 0.1063, 0.1129, 0.1196, 0.1262, 0.1329, 0.1395, 0.1461, 0.1528, 0.1594, 0.1661, 0.1727, 0.1793, 0.186, 0.1926, 0.1993, 0.2059, 0.2126, 0.2192, 0.2258, 0.2325, 0.2391, 0.2458, 0.2524, 0.2591, 0.2657], "logit_buckets": [3, 2, 3, 8, 9, 8, 15, 23, 36, 55, 64, 103, 142, 217, 349, 511, 671, 979, 1259, 1855, 2597, 3634, 4978, 6337, 9868, 9153, 8061, 5674, 3702, 2313, 1307, 785, 407, 224, 80, 49, 33, 16, 3, 3], "logit_bucket_edges": [-0.686, -0.6585, -0.6309, -0.6034, -0.5758, -0.5483, -0.5207, -0.4932, -0.4656, -0.4381, -0.4105, -0.3829, -0.3554, -0.3278, -0.3003, -0.2727, -0.2452, -0.2176, -0.1901, -0.1625, -0.1349, -0.1074, -0.07984, -0.05228, -0.02473, 0.002826, 0.03038, 0.05794, 0.08549, 0.113, 0.1406, 0.1682, 0.1957, 0.2233, 0.2508, 0.2784, 0.3059, 0.3335, 0.361, 0.3886, 0.4162], "examples_quantiles": [{"quantile_name": "Top Activations", "quantile_max_act": 0.2657, "examples": [{"tokens_str_list": ["}}}}", "})", "}.\\", "end", "{", "aligned", "}$$", " This", " choice"], "tokens_acts_list": [0, 0, 0, 0, 0.2657, 0, 0, 0, 0], "train_token_ind": 4, "is_repeated_datapoint": 0, "datapoint_ind": 70971648, "ablations": {"loss_ablation": [0, 0, 0, 0, 0, -0.0005333, 0, 0, 0], "top_logit_ablation_tokens_str": [["<META>", "<META>", "<META>", "<META>", "<META>", " the", "<META>", "<META>", "<META>"], ["<EOT>", "<EOT>", "<EOT>", "<EOT>", "<EOT>", " is", "<EOT>", "<EOT>", "<EOT>"], ["<META_START>", "<META_START>", "<META_START>", "<META_START>", "<META_START>", " that", "<META_START>", "<META_START>", "<META_START>"], ["<SOS>", "<SOS>", "<SOS>", "<SOS>", "<SOS>", "izes", "<SOS>", "<SOS>", "<SOS>"], ["<META_END>", "<META_END>", "<META_END>", "<META_END>", "<META_END>", " with", "<META_END>", "<META_END>", "<META_END>"]], "bottom_logit_ablation_tokens_str": [["<META>", "<META>", "<META>", "<META>", "<META>", "rals", "<META>", "<META>", "<META>"], ["<EOT>", "<EOT>", "<EOT>", "<EOT>", "<EOT>", "onc", "<EOT>", "<EOT>", "<EOT>"], ["<META_START>", "<META_START>", "<META_START>", "<META_START>", "<META_START>", "unnumbered", "<META_START>", "<META_START>", "<META_START>"], ["<SOS>", "<SOS>", "<SOS>", "<SOS>", "<SOS>", "stadt", "<SOS>", "<SOS>", "<SOS>"], ["<META_END>", "<META_END>", "<META_END>", "<META_END>", "<META_END>", "urities", "<META_END>", "<META_END>", "<META_END>"]], "top_logit_ablation_values": [[0, 0, 0, 0, 0, 0.3256, 0, 0, 0], [0, 0, 0, 0, 0, 0.32, 0, 0, 0], [0, 0, 0, 0, 0, 0.315, 0, 0, 0], [0, 0, 0, 0, 0, 0.3121, 0, 0, 0], [0, 0, 0, 0, 0, 0.2932, 0, 0, 0]], "bottom_logit_ablation_values": [[0, 0, 0, 0, 0, -0.2409, 0, 0, 0], [0, 0, 0, 0, 0, -0.2362, 0, 0, 0], [0, 0, 0, 0, 0, -0.2345, 0, 0, 0], [0, 0, 0, 0, 0, -0.2324, 0, 0, 0], [0, 0, 0, 0, 0, -0.2311, 0, 0, 0]], "residual_loss_ablation": [3.844, 5.786, 3.216, 3.281, -0.01268, 0.09157, -0.02666, 1.744, 0]}}, {"tokens_str_list": [" ruled", " that", " in", " almost", " every", " case", ",", " a", " firm"], "tokens_acts_list": [0, 0, 0, 0, 0.2036, 0, 0, 0, 0], "train_token_ind": 4, "is_repeated_datapoint": 0, "datapoint_ind": 42268151, "ablations": {"loss_ablation": [0, 0, 0, 0, 0, -0.05429, 0, 0, 0], "top_logit_ablation_tokens_str": [["<META>", "<META>", "<META>", "<META>", "<META>", " the", "<META>", "<META>", "<META>"], ["<EOT>", "<EOT>", "<EOT>", "<EOT>", "<EOT>", " is", "<EOT>", "<EOT>", "<EOT>"], ["<META_START>", "<META_START>", "<META_START>", "<META_START>", "<META_START>", " that", "<META_START>", "<META_START>", "<META_START>"], ["<SOS>", "<SOS>", "<SOS>", "<SOS>", "<SOS>", "izes", "<SOS>", "<SOS>", "<SOS>"], ["<META_END>", "<META_END>", "<META_END>", "<META_END>", "<META_END>", " with", "<META_END>", "<META_END>", "<META_END>"]], "bottom_logit_ablation_tokens_str": [["<META>", "<META>", "<META>", "<META>", "<META>", "unnumbered", "<META>", "<META>", "<META>"], ["<EOT>", "<EOT>", "<EOT>", "<EOT>", "<EOT>", "rals", "<EOT>", "<EOT>", "<EOT>"], ["<META_START>", "<META_START>", "<META_START>", "<META_START>", "<META_START>", "onc", "<META_START>", "<META_START>", "<META_START>"], ["<SOS>", "<SOS>", "<SOS>", "<SOS>", "<SOS>", "urities", "<SOS>", "<SOS>", "<SOS>"], ["<META_END>", "<META_END>", "<META_END>", "<META_END>", "<META_END>", "stadt", "<META_END>", "<META_END>", "<META_END>"]], "top_logit_ablation_values": [[0, 0, 0, 0, 0, 0.2548, 0, 0, 0], [0, 0, 0, 0, 0, 0.2497, 0, 0, 0], [0, 0, 0, 0, 0, 0.2415, 0, 0, 0], [0, 0, 0, 0, 0, 0.2376, 0, 0, 0], [0, 0, 0, 0, 0, 0.2366, 0, 0, 0]], "bottom_logit_ablation_values": [[0, 0, 0, 0, 0, -0.1935, 0, 0, 0], [0, 0, 0, 0, 0, -0.1865, 0, 0, 0], [0, 0, 0, 0, 0, -0.1787, 0, 0, 0], [0, 0, 0, 0, 0, -0.1776, 0, 0, 0], [0, 0, 0, 0, 0, -0.1749, 0, 0, 0]], "residual_loss_ablation": [-0.1682, 2.047, 0.2332, 1.407, 0.5239, 4.075, -0.07689, 0.2786, 0]}}, {"tokens_str_list": ["R", "}}", "),\\", "end", "{", "aligned", "}$$", " where", " the"], "tokens_acts_list": [0, 0, 0, 0, 0.1182, 0, 0, 0, 0], "train_token_ind": 4, "is_repeated_datapoint": 0, "datapoint_ind": 33519460, "ablations": {"loss_ablation": [0, 0, 0, 0, 0, -0.01066, 0, 0, 0], "top_logit_ablation_tokens_str": [["<META>", "<META>", "<META>", "<META>", "<META>", "izes", "<META>", "<META>", "<META>"], ["<EOT>", "<EOT>", "<EOT>", "<EOT>", "<EOT>", " the", "<EOT>", "<EOT>", "<EOT>"], ["<META_START>", "<META_START>", "<META_START>", "<META_START>", "<META_START>", " that", "<META_START>", "<META_START>", "<META_START>"], ["<SOS>", "<SOS>", "<SOS>", "<SOS>", "<SOS>", " is", "<SOS>", "<SOS>", "<SOS>"], ["<META_END>", "<META_END>", "<META_END>", "<META_END>", "<META_END>", " its", "<META_END>", "<META_END>", "<META_END>"]], "bottom_logit_ablation_tokens_str": [["<META>", "<META>", "<META>", "<META>", "<META>", "onc", "<META>", "<META>", "<META>"], ["<EOT>", "<EOT>", "<EOT>", "<EOT>", "<EOT>", "rals", "<EOT>", "<EOT>", "<EOT>"], ["<META_START>", "<META_START>", "<META_START>", "<META_START>", "<META_START>", "urities", "<META_START>", "<META_START>", "<META_START>"], ["<SOS>", "<SOS>", "<SOS>", "<SOS>", "<SOS>", "unnumbered", "<SOS>", "<SOS>", "<SOS>"], ["<META_END>", "<META_END>", "<META_END>", "<META_END>", "<META_END>", "enos", "<META_END>", "<META_END>", "<META_END>"]], "top_logit_ablation_values": [[0, 0, 0, 0, 0, 0.1374, 0, 0, 0], [0, 0, 0, 0, 0, 0.1343, 0, 0, 0], [0, 0, 0, 0, 0, 0.1335, 0, 0, 0], [0, 0, 0, 0, 0, 0.1305, 0, 0, 0], [0, 0, 0, 0, 0, 0.1243, 0, 0, 0]], "bottom_logit_ablation_values": [[0, 0, 0, 0, 0, -0.08579, 0, 0, 0], [0, 0, 0, 0, 0, -0.08327, 0, 0, 0], [0, 0, 0, 0, 0, -0.08266, 0, 0, 0], [0, 0, 0, 0, 0, -0.08212, 0, 0, 0], [0, 0, 0, 0, 0, -0.08199, 0, 0, 0]], "residual_loss_ablation": [0.9155, 0.6338, 3.602, 3.874, -0.007157, -0.1012, 0.007958, 0.3282, 0]}}]}], "statistics": {"density_frac": 3e-08, "global_max_act": 0.2657, "abs_max_neuron_weights": [-0.152, 0.1374, -0.1166], "abs_max_neuron_inds": [105, 510, 142], "l1_max_neuron_weights": [0.008314, 0.00752, 0.006381]}, "logit_effects": {"negatives": [[" in", -0.5897], [" of", -0.5976], [" its", -0.6056], [" to", -0.6107], [" has", -0.6138], ["izes", -0.6369], [" with", -0.6381], [" that", -0.6606], [" is", -0.6725], [" the", -0.686]], "positives": [["unnumbered", 0.4162], ["rals", 0.4059], ["urities", 0.3915], ["onc", 0.3834], ["stadt", 0.3741], ["enos", 0.3634], ["irical", 0.3548], ["town", 0.3535], ["paper", 0.3512], ["lasses", 0.3497]]}}