{"index": 3597, "act_buckets": [0, 0, 0, 0, 0, 0, 1, 1, 0, 1, 0, 0, 1, 0, 0, 0, 0, 0, 0, 1, 0, 0, 0, 1, 0, 0, 0, 0, 0, 0, 0, 0, 0, 0, 0, 0, 1, 0, 0, 1], "act_bucket_edges": [0, 0.009741, 0.01948, 0.02922, 0.03896, 0.0487, 0.05844, 0.06818, 0.07792, 0.08767, 0.09741, 0.1071, 0.1169, 0.1266, 0.1364, 0.1461, 0.1558, 0.1656, 0.1753, 0.1851, 0.1948, 0.2046, 0.2143, 0.224, 0.2338, 0.2435, 0.2533, 0.263, 0.2727, 0.2825, 0.2922, 0.302, 0.3117, 0.3214, 0.3312, 0.3409, 0.3507, 0.3604, 0.3701, 0.3799, 0.3896], "logit_buckets": [2, 2, 1, 3, 7, 5, 13, 22, 24, 51, 96, 161, 232, 447, 704, 1080, 1709, 2693, 5412, 7032, 8226, 9300, 8630, 6758, 4955, 3554, 2111, 1132, 635, 294, 127, 64, 33, 14, 4, 1, 1, 0, 0, 1], "logit_bucket_edges": [-0.5167, -0.4927, -0.4687, -0.4447, -0.4207, -0.3967, -0.3727, -0.3487, -0.3246, -0.3006, -0.2766, -0.2526, -0.2286, -0.2046, -0.1806, -0.1566, -0.1325, -0.1085, -0.08452, -0.0605, -0.03649, -0.01248, 0.01153, 0.03554, 0.05956, 0.08357, 0.1076, 0.1316, 0.1556, 0.1796, 0.2036, 0.2276, 0.2517, 0.2757, 0.2997, 0.3237, 0.3477, 0.3717, 0.3957, 0.4197, 0.4438], "examples_quantiles": [{"quantile_name": "Top Activations", "quantile_max_act": 0.3896, "examples": [{"tokens_str_list": [" old", " topic", " (", "not", " entirely", " sure", " why", " thats", " a"], "tokens_acts_list": [0, 0, 0, 0, 0.3896, 0, 0, 0, 0], "train_token_ind": 4, "is_repeated_datapoint": 0, "datapoint_ind": 72925984, "ablations": {"loss_ablation": [0, 0, 0, 0, 0, -0.0728, 0, 0, 0], "top_logit_ablation_tokens_str": [["<META>", "<META>", "<META>", "<META>", "<META>", "leness", "<META>", "<META>", "<META>"], ["<EOT>", "<EOT>", "<EOT>", "<EOT>", "<EOT>", "atically", "<EOT>", "<EOT>", "<EOT>"], ["<META_START>", "<META_START>", "<META_START>", "<META_START>", "<META_START>", "ful", "<META_START>", "<META_START>", "<META_START>"], ["<SOS>", "<SOS>", "<SOS>", "<SOS>", "<SOS>", "ence", "<SOS>", "<SOS>", "<SOS>"], ["<META_END>", "<META_END>", "<META_END>", "<META_END>", "<META_END>", "uous", "<META_END>", "<META_END>", "<META_END>"]], "bottom_logit_ablation_tokens_str": [["<META>", "<META>", "<META>", "<META>", "<META>", "nore", "<META>", "<META>", "<META>"], ["<EOT>", "<EOT>", "<EOT>", "<EOT>", "<EOT>", "MBER", "<EOT>", "<EOT>", "<EOT>"], ["<META_START>", "<META_START>", "<META_START>", "<META_START>", "<META_START>", "cci\u00f3n", "<META_START>", "<META_START>", "<META_START>"], ["<SOS>", "<SOS>", "<SOS>", "<SOS>", "<SOS>", "GN", "<SOS>", "<SOS>", "<SOS>"], ["<META_END>", "<META_END>", "<META_END>", "<META_END>", "<META_END>", "seeing", "<META_END>", "<META_END>", "<META_END>"]], "top_logit_ablation_values": [[0, 0, 0, 0, 0, 0.5545, 0, 0, 0], [0, 0, 0, 0, 0, 0.5476, 0, 0, 0], [0, 0, 0, 0, 0, 0.5382, 0, 0, 0], [0, 0, 0, 0, 0, 0.51, 0, 0, 0], [0, 0, 0, 0, 0, 0.5001, 0, 0, 0]], "bottom_logit_ablation_values": [[0, 0, 0, 0, 0, -0.1309, 0, 0, 0], [0, 0, 0, 0, 0, -0.06979, 0, 0, 0], [0, 0, 0, 0, 0, -0.05644, 0, 0, 0], [0, 0, 0, 0, 0, -0.03926, 0, 0, 0], [0, 0, 0, 0, 0, -0.03675, 0, 0, 0]], "residual_loss_ablation": [1.649, -0.9952, -0.2815, -0.6566, -1.431, 7.321, -0.4655, 0.3301, 0]}}, {"tokens_str_list": [" I", " still", " have", " a", " full", " charge", "',\"", " he", " said"], "tokens_acts_list": [0, 0, 0, 0, 0.3562, 0, 0, 0, 0], "train_token_ind": 4, "is_repeated_datapoint": 0, "datapoint_ind": 31393223, "ablations": {"loss_ablation": [0, 0, 0, 0, 0, 0.05942, 0, 0, 0], "top_logit_ablation_tokens_str": [["<META>", "<META>", "<META>", "<META>", "<META>", "atically", "<META>", "<META>", "<META>"], ["<EOT>", "<EOT>", "<EOT>", "<EOT>", "<EOT>", "ful", "<EOT>", "<EOT>", "<EOT>"], ["<META_START>", "<META_START>", "<META_START>", "<META_START>", "<META_START>", "uous", "<META_START>", "<META_START>", "<META_START>"], ["<SOS>", "<SOS>", "<SOS>", "<SOS>", "<SOS>", "leness", "<SOS>", "<SOS>", "<SOS>"], ["<META_END>", "<META_END>", "<META_END>", "<META_END>", "<META_END>", "=\"", "<META_END>", "<META_END>", "<META_END>"]], "bottom_logit_ablation_tokens_str": [["<META>", "<META>", "<META>", "<META>", "<META>", "nore", "<META>", "<META>", "<META>"], ["<EOT>", "<EOT>", "<EOT>", "<EOT>", "<EOT>", "MBER", "<EOT>", "<EOT>", "<EOT>"], ["<META_START>", "<META_START>", "<META_START>", "<META_START>", "<META_START>", "GN", "<META_START>", "<META_START>", "<META_START>"], ["<SOS>", "<SOS>", "<SOS>", "<SOS>", "<SOS>", "ssa", "<SOS>", "<SOS>", "<SOS>"], ["<META_END>", "<META_END>", "<META_END>", "<META_END>", "<META_END>", "fn", "<META_END>", "<META_END>", "<META_END>"]], "top_logit_ablation_values": [[0, 0, 0, 0, 0, 0.6094, 0, 0, 0], [0, 0, 0, 0, 0, 0.6023, 0, 0, 0], [0, 0, 0, 0, 0, 0.5754, 0, 0, 0], [0, 0, 0, 0, 0, 0.5752, 0, 0, 0], [0, 0, 0, 0, 0, 0.5573, 0, 0, 0]], "bottom_logit_ablation_values": [[0, 0, 0, 0, 0, -0.1034, 0, 0, 0], [0, 0, 0, 0, 0, -0.02987, 0, 0, 0], [0, 0, 0, 0, 0, -0.02318, 0, 0, 0], [0, 0, 0, 0, 0, -0.01621, 0, 0, 0], [0, 0, 0, 0, 0, -0.006495, 0, 0, 0]], "residual_loss_ablation": [-0.03301, -0.07893, -0.2134, 0.4697, -0.6915, 0.6437, 2.505, -0.09786, 0]}}, {"tokens_str_list": ["\n                                             ", " 6", "\n\f", "<EOT>", "Abbrev", "iations", "\n", "=============", "\n"], "tokens_acts_list": [0, 0, 0, 0, 0.2247, 0, 0, 0, 0], "train_token_ind": 4, "is_repeated_datapoint": 0, "datapoint_ind": 17505211, "ablations": {"loss_ablation": [0, 0, 0, 0, 0, 0.004983, 0, 0, 0], "top_logit_ablation_tokens_str": [["<META>", "<META>", "<META>", "<META>", "<META>", "atically", "<META>", "<META>", "<META>"], ["<EOT>", "<EOT>", "<EOT>", "<EOT>", "<EOT>", "ful", "<EOT>", "<EOT>", "<EOT>"], ["<META_START>", "<META_START>", "<META_START>", "<META_START>", "<META_START>", "uous", "<META_START>", "<META_START>", "<META_START>"], ["<SOS>", "<SOS>", "<SOS>", "<SOS>", "<SOS>", "leness", "<SOS>", "<SOS>", "<SOS>"], ["<META_END>", "<META_END>", "<META_END>", "<META_END>", "<META_END>", "ence", "<META_END>", "<META_END>", "<META_END>"]], "bottom_logit_ablation_tokens_str": [["<META>", "<META>", "<META>", "<META>", "<META>", "nore", "<META>", "<META>", "<META>"], ["<EOT>", "<EOT>", "<EOT>", "<EOT>", "<EOT>", "pple", "<EOT>", "<EOT>", "<EOT>"], ["<META_START>", "<META_START>", "<META_START>", "<META_START>", "<META_START>", "GN", "<META_START>", "<META_START>", "<META_START>"], ["<SOS>", "<SOS>", "<SOS>", "<SOS>", "<SOS>", "MBER", "<SOS>", "<SOS>", "<SOS>"], ["<META_END>", "<META_END>", "<META_END>", "<META_END>", "<META_END>", "quirer", "<META_END>", "<META_END>", "<META_END>"]], "top_logit_ablation_values": [[0, 0, 0, 0, 0, 0.2013, 0, 0, 0], [0, 0, 0, 0, 0, 0.2006, 0, 0, 0], [0, 0, 0, 0, 0, 0.1964, 0, 0, 0], [0, 0, 0, 0, 0, 0.1952, 0, 0, 0], [0, 0, 0, 0, 0, 0.1908, 0, 0, 0]], "bottom_logit_ablation_values": [[0, 0, 0, 0, 0, -0.03167, 0, 0, 0], [0, 0, 0, 0, 0, -0.004045, 0, 0, 0], [0, 0, 0, 0, 0, -0.003713, 0, 0, 0], [0, 0, 0, 0, 0, -0.002047, 0, 0, 0], [0, 0, 0, 0, 0, -0.001247, 0, 0, 0]], "residual_loss_ablation": [0.7787, 2.314, 4.341, 1.989, 0.06188, 1.843, -1.845, 4.214, 0]}}, {"tokens_str_list": ["247", "93", "]^", "                                                                                                                                ", "     ", "\n", "\n", "Abbrev", "iations"], "tokens_acts_list": [0, 0, 0, 0, 0.1861, 0, 0, 0, 0], "train_token_ind": 4, "is_repeated_datapoint": 0, "datapoint_ind": 77151702, "ablations": {"loss_ablation": [0, 0, 0, 0, 0, 0.01952, 0, 0, 0], "top_logit_ablation_tokens_str": [["<META>", "<META>", "<META>", "<META>", "<META>", "atically", "<META>", "<META>", "<META>"], ["<EOT>", "<EOT>", "<EOT>", "<EOT>", "<EOT>", "leness", "<EOT>", "<EOT>", "<EOT>"], ["<META_START>", "<META_START>", "<META_START>", "<META_START>", "<META_START>", "=\"", "<META_START>", "<META_START>", "<META_START>"], ["<SOS>", "<SOS>", "<SOS>", "<SOS>", "<SOS>", "ful", "<SOS>", "<SOS>", "<SOS>"], ["<META_END>", "<META_END>", "<META_END>", "<META_END>", "<META_END>", "uous", "<META_END>", "<META_END>", "<META_END>"]],