{"index": 3602, "act_buckets": [0, 0, 0, 0, 0, 0, 0, 0, 0, 0, 0, 0, 0, 0, 0, 0, 0, 0, 0, 0, 0, 0, 0, 0, 0, 0, 0, 0, 0, 0, 0, 0, 0, 0, 0, 0, 0, 0, 0, 1], "act_bucket_edges": [0, 0.0001847, 0.0003694, 0.0005541, 0.0007388, 0.0009235, 0.001108, 0.001293, 0.001478, 0.001662, 0.001847, 0.002032, 0.002216, 0.002401, 0.002586, 0.00277, 0.002955, 0.00314, 0.003324, 0.003509, 0.003694, 0.003879, 0.004063, 0.004248, 0.004433, 0.004617, 0.004802, 0.004987, 0.005171, 0.005356, 0.005541, 0.005726, 0.00591, 0.006095, 0.00628, 0.006464, 0.006649, 0.006834, 0.007018, 0.007203, 0.007388], "logit_buckets": [3, 0, 1, 3, 2, 5, 5, 20, 28, 68, 106, 224, 370, 617, 1098, 1704, 2816, 3672, 5020, 6459, 11200, 9369, 7135, 5116, 3756, 2595, 1596, 1089, 641, 371, 191, 140, 57, 32, 15, 8, 4, 2, 2, 1], "logit_bucket_edges": [-0.5299, -0.5046, -0.4793, -0.454, -0.4287, -0.4034, -0.3781, -0.3528, -0.3275, -0.3022, -0.2769, -0.2516, -0.2263, -0.201, -0.1757, -0.1504, -0.1251, -0.09976, -0.07446, -0.04916, -0.02386, 0.001443, 0.02674, 0.05204, 0.07734, 0.1026, 0.1279, 0.1532, 0.1785, 0.2038, 0.2291, 0.2544, 0.2797, 0.305, 0.3303, 0.3556, 0.3809, 0.4062, 0.4315, 0.4568, 0.4821], "examples_quantiles": [{"quantile_name": "Top Activations", "quantile_max_act": 0.007388, "examples": [{"tokens_str_list": [" the", " college", " model", " has", " function", "ed", " well", " for", " more"], "tokens_acts_list": [0, 0, 0, 0, 0.007388, 0, 0, 0, 0], "train_token_ind": 4, "is_repeated_datapoint": 0, "datapoint_ind": 37414286, "ablations": {"loss_ablation": [0, 0, 0, 0, 0, 3.004e-05, 0, 0, 0], "top_logit_ablation_tokens_str": [["<META>", "<META>", "<META>", "<META>", "<META>", "acts", "<META>", "<META>", "<META>"], ["<EOT>", "<EOT>", "<EOT>", "<EOT>", "<EOT>", "documentclass", "<EOT>", "<EOT>", "<EOT>"], ["<META_START>", "<META_START>", "<META_START>", "<META_START>", "<META_START>", "iments", "<META_START>", "<META_START>", "<META_START>"], ["<SOS>", "<SOS>", "<SOS>", "<SOS>", "<SOS>", "assing", "<SOS>", "<SOS>", "<SOS>"], ["<META_END>", "<META_END>", "<META_END>", "<META_END>", "<META_END>", "enses", "<META_END>", "<META_END>", "<META_END>"]], "bottom_logit_ablation_tokens_str": [["<META>", "<META>", "<META>", "<META>", "<META>", "\\xb3", "<META>", "<META>", "<META>"], ["<EOT>", "<EOT>", "<EOT>", "<EOT>", "<EOT>", "osph", "<EOT>", "<EOT>", "<EOT>"], ["<META_START>", "<META_START>", "<META_START>", "<META_START>", "<META_START>", "imeter", "<META_START>", "<META_START>", "<META_START>"], ["<SOS>", "<SOS>", "<SOS>", "<SOS>", "<SOS>", "bach", "<SOS>", "<SOS>", "<SOS>"], ["<META_END>", "<META_END>", "<META_END>", "<META_END>", "<META_END>", "$^{-", "<META_END>", "<META_END>", "<META_END>"]], "top_logit_ablation_values": [[0, 0, 0, 0, 0, 0.01015, 0, 0, 0], [0, 0, 0, 0, 0, 0.009949, 0, 0, 0], [0, 0, 0, 0, 0, 0.009474, 0, 0, 0], [0, 0, 0, 0, 0, 0.009471, 0, 0, 0], [0, 0, 0, 0, 0, 0.009342, 0, 0, 0]], "bottom_logit_ablation_values": [[0, 0, 0, 0, 0, -0.005793, 0, 0, 0], [0, 0, 0, 0, 0, -0.005721, 0, 0, 0], [0, 0, 0, 0, 0, -0.005701, 0, 0, 0], [0, 0, 0, 0, 0, -0.005692, 0, 0, 0], [0, 0, 0, 0, 0, -0.005555, 0, 0, 0]], "residual_loss_ablation": [0.413, 1.234, -1.034, 1.637, 1.075, 5.768, -0.4079, 1.401, 0]}}]}], "statistics": {"density_frac": 1e-08, "global_max_act": 0.007388, "abs_max_neuron_weights": [-0.1683, -0.1364, -0.1345], "abs_max_neuron_inds": [299, 142, 320], "l1_max_neuron_weights": [0.009255, 0.007502, 0.007393]}, "logit_effects": {"negatives": [[" limitations", -0.4032], ["antically", -0.406], ["aches", -0.4104], ["dicts", -0.4312], ["ware", -0.4318], ["ment", -0.4432], ["agers", -0.4543], ["ments", -0.5179], ["aged", -0.527], ["aging", -0.5299]], "positives": [["idents", 0.4821], ["osph", 0.4488], ["anmar", 0.4361], ["hores", 0.4223], ["uous", 0.4067], ["arily", 0.4045], ["![", 0.3971], ["asia", 0.396], ["Errno", 0.3846], ["CLC", 0.3744]]}}