{"index": 361, "act_buckets": [0, 0, 0, 0, 2, 1, 0, 0, 0, 1, 0, 0, 1, 1, 0, 0, 0, 0, 0, 0, 1, 0, 0, 0, 0, 0, 0, 0, 1, 0, 0, 0, 0, 0, 0, 0, 0, 0, 0, 1], "act_bucket_edges": [0, 0.008837, 0.01767, 0.02651, 0.03535, 0.04419, 0.05302, 0.06186, 0.0707, 0.07954, 0.08837, 0.09721, 0.106, 0.1149, 0.1237, 0.1326, 0.1414, 0.1502, 0.1591, 0.1679, 0.1767, 0.1856, 0.1944, 0.2033, 0.2121, 0.2209, 0.2298, 0.2386, 0.2474, 0.2563, 0.2651, 0.274, 0.2828, 0.2916, 0.3005, 0.3093, 0.3181, 0.327, 0.3358, 0.3447, 0.3535], "logit_buckets": [1, 0, 0, 0, 4, 1, 4, 6, 18, 18, 28, 55, 93, 134, 212, 366, 571, 798, 1291, 1739, 2672, 6054, 5819, 7067, 7852, 7847, 6898, 5447, 4008, 2655, 1761, 954, 518, 332, 168, 77, 39, 18, 9, 2], "logit_bucket_edges": [-0.6018, -0.5775, -0.5532, -0.5289, -0.5045, -0.4802, -0.4559, -0.4316, -0.4073, -0.3829, -0.3586, -0.3343, -0.31, -0.2857, -0.2613, -0.237, -0.2127, -0.1884, -0.164, -0.1397, -0.1154, -0.09109, -0.06677, -0.04245, -0.01813, 0.006195, 0.03052, 0.05484, 0.07916, 0.1035, 0.1278, 0.1521, 0.1764, 0.2008, 0.2251, 0.2494, 0.2737, 0.298, 0.3224, 0.3467, 0.371], "examples_quantiles": [{"quantile_name": "Top Activations", "quantile_max_act": 0.3535, "examples": [{"tokens_str_list": ["<EOT>", " \"", "You", " are", " a", " damn", " boxer", " not"], "tokens_acts_list": [0, 0, 0, 0.3535, 0, 0, 0, 0], "train_token_ind": 3, "is_repeated_datapoint": 0, "datapoint_ind": 47320779, "ablations": {"loss_ablation": [0, 0, 0, 0, -0.08311, 0, 0, 0], "top_logit_ablation_tokens_str": [["<META>", "<META>", "<META>", "<META>", " with", "<META>", "<META>", "<META>"], ["<EOT>", "<EOT>", "<EOT>", "<EOT>", "ally", "<EOT>", "<EOT>", "<EOT>"], ["<META_START>", "<META_START>", "<META_START>", "<META_START>", " to", "<META_START>", "<META_START>", "<META_START>"], ["<SOS>", "<SOS>", "<SOS>", "<SOS>", " of", "<SOS>", "<SOS>", "<SOS>"], ["<META_END>", "<META_END>", "<META_END>", "<META_END>", " from", "<META_END>", "<META_END>", "<META_END>"]], "bottom_logit_ablation_tokens_str": [["<META>", "<META>", "<META>", "<META>", "ipsis", "<META>", "<META>", "<META>"], ["<EOT>", "<EOT>", "<EOT>", "<EOT>", "],\\", "<EOT>", "<EOT>", "<EOT>"], ["<META_START>", "<META_START>", "<META_START>", "<META_START>", "IMIT", "<META_START>", "<META_START>", "<META_START>"], ["<SOS>", "<SOS>", "<SOS>", "<SOS>", "})$", "<SOS>", "<SOS>", "<SOS>"], ["<META_END>", "<META_END>", "<META_END>", "<META_END>", "starter", "<META_END>", "<META_END>", "<META_END>"]], "top_logit_ablation_values": [[0, 0, 0, 0, 0.4297, 0, 0, 0], [0, 0, 0, 0, 0.4291, 0, 0, 0], [0, 0, 0, 0, 0.4264, 0, 0, 0], [0, 0, 0, 0, 0.4248, 0, 0, 0], [0, 0, 0, 0, 0.405, 0, 0, 0]], "bottom_logit_ablation_values": [[0, 0, 0, 0, -0.1424, 0, 0, 0], [0, 0, 0, 0, -0.1408, 0, 0, 0], [0, 0, 0, 0, -0.124, 0, 0, 0], [0, 0, 0, 0, -0.1236, 0, 0, 0], [0, 0, 0, 0, -0.1224, 0, 0, 0]], "residual_loss_ablation": [0, 0.1953, -0.1026, -0.4368, 0.3657, -0.11, 1.773, 0]}}, {"tokens_str_list": ["}}}}", "})", "}.\\", "end", "{", "aligned", "}$$", " This", " choice"], "tokens_acts_list": [0, 0, 0, 0, 0.2522, 0, 0, 0, 0], "train_token_ind": 4, "is_repeated_datapoint": 0, "datapoint_ind": 70971648, "ablations": {"loss_ablation": [0, 0, 0, 0, 0, -0.0002571, 0, 0, 0], "top_logit_ablation_tokens_str": [["<META>", "<META>", "<META>", "<META>", "<META>", "ally", "<META>", "<META>", "<META>"], ["<EOT>", "<EOT>", "<EOT>", "<EOT>", "<EOT>", " is", "<EOT>", "<EOT>", "<EOT>"], ["<META_START>", "<META_START>", "<META_START>", "<META_START>", "<META_START>", " to", "<META_START>", "<META_START>", "<META_START>"], ["<SOS>", "<SOS>", "<SOS>", "<SOS>", "<SOS>", " with", "<SOS>", "<SOS>", "<SOS>"], ["<META_END>", "<META_END>", "<META_END>", "<META_END>", "<META_END>", " has", "<META_END>", "<META_END>", "<META_END>"]], "bottom_logit_ablation_tokens_str": [["<META>", "<META>", "<META>", "<META>", "<META>", "ipsis", "<META>", "<META>", "<META>"], ["<EOT>", "<EOT>", "<EOT>", "<EOT>", "<EOT>", "],\\", "<EOT>", "<EOT>", "<EOT>"], ["<META_START>", "<META_START>", "<META_START>", "<META_START>", "<META_START>", "i\u00f3n", "<META_START>", "<META_START>", "<META_START>"], ["<SOS>", "<SOS>", "<SOS>", "<SOS>", "<SOS>", " trout", "<SOS>", "<SOS>", "<SOS>"], ["<META_END>", "<META_END>", "<META_END>", "<META_END>", "<META_END>", "ffent", "<META_END>", "<META_END>", "<META_END>"]], "top_logit_ablation_values": [[0, 0, 0, 0, 0, 0.375, 0, 0, 0], [0, 0, 0, 0, 0, 0.336, 0, 0, 0], [0, 0, 0, 0, 0, 0.3334, 0, 0, 0], [0, 0, 0, 0, 0, 0.3269, 0, 0, 0], [0, 0, 0, 0, 0, 0.3235, 0, 0, 0]], "bottom_logit_ablation_values": [[0, 0, 0, 0, 0, -0.07412, 0, 0, 0], [0, 0, 0, 0, 0, -0.06569, 0, 0, 0], [0, 0, 0, 0, 0, -0.06168, 0, 0, 0], [0, 0, 0, 0, 0, -0.06119, 0, 0, 0], [0, 0, 0, 0, 0, -0.061, 0, 0, 0]], "residual_loss_ablation": [3.844, 5.786, 3.216, 3.281, -0.01268, 0.09157, -0.02666, 1.744, 0]}}, {"tokens_str_list": [" everybody", "!", " It", "'s", " your", " girls", ",", " Stefan", "ie"], "tokens_acts_list": [0, 0, 0, 0, 0.1848, 0, 0, 0, 0], "train_token_ind": 4, "is_repeated_datapoint": 0, "datapoint_ind": 99569031, "ablations": {"loss_ablation": [0, 0, 0, 0, 0, 0.02378, 0, 0, 0], "top_logit_ablation_tokens_str": [["<META>", "<META>", "<META>", "<META>", "<META>", "ally", "<META>", "<META>", "<META>"], ["<EOT>", "<EOT>", "<EOT>", "<EOT>", "<EOT>", " to", "<EOT>", "<EOT>", "<EOT>"], ["<META_START>", "<META_START>", "<META_START>", "<META_START>", "<META_START>", " is", "<META_START>", "<META_START>", "<META_START>"], ["<SOS>", "<SOS>", "<SOS>", "<SOS>", "<SOS>", " with", "<SOS>", "<SOS>", "<SOS>"], ["<META_END>", "<META_END>", "<META_END>", "<META_END>", "<META_END>", " as", "<META_END>", "<META_END>", "<META_END>"]], "bottom_logit_ablation_tokens_str": [["<META>", "<META>", "<META>", "<META>", "<META>", "],\\", "<META>", "<META>", "<META>"], ["<EOT>", "<EOT>", "<EOT>", "<EOT>", "<EOT>", "})$", "<EOT>", "<EOT>", "<EOT>"], ["<META_START>", "<META_START>", "<META_START>", "<META_START>", "<META_START>", "isecond", "<META_START>", "<META_START>", "<META_START>"], ["<SOS>", "<SOS>", "<SOS>", "<SOS>", "<SOS>", "forth", "<SOS>", "<SOS>", "<SOS>"], ["<META_END>", "<META_END>", "<META_END>", "<META_END>", "<META_END>", "abeth", "<META_END>", "<META_END>", "<META_END>"]], "top_logit_ablation_values": [[0, 0, 0, 0, 0, 0.2518, 0, 0, 0], [0, 0, 0, 0, 0, 0.2267, 0, 0, 0], [0, 0, 0, 0, 0, 0.2263, 0, 0, 0], [0, 0, 0, 0, 0, 0.2215, 0, 0, 0], [0, 0, 0, 0, 0, 0.2167, 0, 0, 0]], "bottom_logit_ablation_values": [[0, 0, 0, 0, 0, -0.05493, 0, 0, 0], [0, 0, 0, 0, 0, -0.05393, 0, 0, 0], [0, 0, 0, 0, 0, -0.04928, 0, 0, 0], [0, 0, 0, 0, 0, -0.04684, 0, 0, 0], [0, 0, 0, 0, 0, -0.0434, 0, 0, 0]], "residual_loss_ablation": [1.639, 1.518, 0.05225, 0.1345, 0.3196, -0.4167, -0.9508, 1.135, 0]}}, {"tokens_str_list": [".", " This", " one", " has", " a", " little", " bit", " different", " pet"], "tokens_acts_list": [0, 0, 0, 0, 0.1231, 0, 0, 0, 0], "train_token_ind": 4, "is_repeated_datapoint": 0, "datapoint_ind": 33276761, "ablations": {"loss_ablation": [0, 0, 0, 0, 0, -0.02168, 0, 0, 0], "top_logit_ablation_tokens_str": [["<META>", "<META>", "<META>", "<META>", "<META>", "ally", "<META>", "<META>", "<META>"], ["<EOT>", "<EOT>", "<EOT>", "<EOT>", "<EOT>", " to", "<EOT>", "<EOT>", "<EOT>"], ["<META_START>", "<META_START>", "<META_START>", "<META_START>", "<META_START>", " with", "<META_START>", "<META_START>", "<META_START>"], ["<SOS>", "<SOS>", "<SOS>", "<SOS>", "<SOS>", "led", "<SOS>", "<SOS>", "<SOS>"], ["<META_END>", "<META_END>", "<META_END>", "<META_END>", "<META_END>", " of", "<META_END>", "<META_END>", "<META_END>"]],