{"index": 3615, "act_buckets": [0, 0, 0, 0, 0, 0, 1, 0, 0, 0, 0, 1, 0, 0, 0, 0, 0, 0, 0, 1, 1, 0, 0, 0, 0, 0, 0, 0, 0, 0, 0, 0, 0, 0, 0, 0, 0, 0, 0, 1], "act_bucket_edges": [0, 0.02616, 0.05233, 0.07849, 0.1047, 0.1308, 0.157, 0.1832, 0.2093, 0.2355, 0.2616, 0.2878, 0.314, 0.3401, 0.3663, 0.3925, 0.4186, 0.4448, 0.471, 0.4971, 0.5233, 0.5495, 0.5756, 0.6018, 0.628, 0.6541, 0.6803, 0.7064, 0.7326, 0.7588, 0.7849, 0.8111, 0.8373, 0.8634, 0.8896, 0.9158, 0.9419, 0.9681, 0.9943, 1.02, 1.047], "logit_buckets": [2, 1, 3, 10, 15, 15, 36, 52, 109, 120, 197, 326, 486, 730, 1097, 1427, 4338, 3712, 4458, 5181, 5810, 6260, 6441, 6130, 5139, 4025, 3177, 2186, 1575, 1031, 619, 365, 234, 118, 59, 25, 13, 6, 4, 4], "logit_bucket_edges": [-0.4729, -0.4512, -0.4294, -0.4077, -0.3859, -0.3642, -0.3424, -0.3207, -0.2989, -0.2772, -0.2554, -0.2337, -0.2119, -0.1902, -0.1684, -0.1467, -0.1249, -0.1032, -0.0814, -0.05965, -0.0379, -0.01615, 0.005604, 0.02736, 0.04911, 0.07086, 0.09261, 0.1144, 0.1361, 0.1579, 0.1796, 0.2014, 0.2231, 0.2449, 0.2666, 0.2884, 0.3101, 0.3319, 0.3536, 0.3754, 0.3971], "examples_quantiles": [{"quantile_name": "Top Activations", "quantile_max_act": 1.047, "examples": [{"tokens_str_list": [" old", " topic", " (", "not", " entirely", " sure", " why", " thats", " a"], "tokens_acts_list": [0, 0, 0, 0, 1.047, 0, 0, 0, 0], "train_token_ind": 4, "is_repeated_datapoint": 0, "datapoint_ind": 72925984, "ablations": {"loss_ablation": [0, 0, 0, 0, 0, 0.1589, 0, 0, 0], "top_logit_ablation_tokens_str": [["<META>", "<META>", "<META>", "<META>", "<META>", "izes", "<META>", "<META>", "<META>"], ["<EOT>", "<EOT>", "<EOT>", "<EOT>", "<EOT>", "ifies", "<EOT>", "<EOT>", "<EOT>"], ["<META_START>", "<META_START>", "<META_START>", "<META_START>", "<META_START>", " the", "<META_START>", "<META_START>", "<META_START>"], ["<SOS>", "<SOS>", "<SOS>", "<SOS>", "<SOS>", " extent", "<SOS>", "<SOS>", "<SOS>"], ["<META_END>", "<META_END>", "<META_END>", "<META_END>", "<META_END>", "ize", "<META_END>", "<META_END>", "<META_END>"]], "bottom_logit_ablation_tokens_str": [["<META>", "<META>", "<META>", "<META>", "<META>", "sheets", "<META>", "<META>", "<META>"], ["<EOT>", "<EOT>", "<EOT>", "<EOT>", "<EOT>", "]\\", "<EOT>", "<EOT>", "<EOT>"], ["<META_START>", "<META_START>", "<META_START>", "<META_START>", "<META_START>", " Makeup", "<META_START>", "<META_START>", "<META_START>"], ["<SOS>", "<SOS>", "<SOS>", "<SOS>", "<SOS>", " thirties", "<SOS>", "<SOS>", "<SOS>"], ["<META_END>", "<META_END>", "<META_END>", "<META_END>", "<META_END>", "++)", "<META_END>", "<META_END>", "<META_END>"]], "top_logit_ablation_values": [[0, 0, 0, 0, 0, 0.7201, 0, 0, 0], [0, 0, 0, 0, 0, 0.7171, 0, 0, 0], [0, 0, 0, 0, 0, 0.6833, 0, 0, 0], [0, 0, 0, 0, 0, 0.638, 0, 0, 0], [0, 0, 0, 0, 0, 0.6343, 0, 0, 0]], "bottom_logit_ablation_values": [[0, 0, 0, 0, 0, -0.9052, 0, 0, 0], [0, 0, 0, 0, 0, -0.8952, 0, 0, 0], [0, 0, 0, 0, 0, -0.8909, 0, 0, 0], [0, 0, 0, 0, 0, -0.8676, 0, 0, 0], [0, 0, 0, 0, 0, -0.8648, 0, 0, 0]], "residual_loss_ablation": [1.649, -0.9952, -0.2815, -0.6566, -1.431, 7.321, -0.4655, 0.3301, 0]}}, {"tokens_str_list": [" versus", " 7", ".", "3", " in", " JK", "2", ";", " and"], "tokens_acts_list": [0, 0, 0, 0, 0.5466, 0, 0, 0, 0], "train_token_ind": 4, "is_repeated_datapoint": 0, "datapoint_ind": 23681002, "ablations": {"loss_ablation": [0, 0, 0, 0, 0, 0.1059, 0, 0, 0], "top_logit_ablation_tokens_str": [["<META>", "<META>", "<META>", "<META>", "<META>", "ifies", "<META>", "<META>", "<META>"], ["<EOT>", "<EOT>", "<EOT>", "<EOT>", "<EOT>", "izes", "<EOT>", "<EOT>", "<EOT>"], ["<META_START>", "<META_START>", "<META_START>", "<META_START>", "<META_START>", " the", "<META_START>", "<META_START>", "<META_START>"], ["<SOS>", "<SOS>", "<SOS>", "<SOS>", "<SOS>", "ize", "<SOS>", "<SOS>", "<SOS>"], ["<META_END>", "<META_END>", "<META_END>", "<META_END>", "<META_END>", " extent", "<META_END>", "<META_END>", "<META_END>"]], "bottom_logit_ablation_tokens_str": [["<META>", "<META>", "<META>", "<META>", "<META>", " thirties", "<META>", "<META>", "<META>"], ["<EOT>", "<EOT>", "<EOT>", "<EOT>", "<EOT>", " Makeup", "<EOT>", "<EOT>", "<EOT>"], ["<META_START>", "<META_START>", "<META_START>", "<META_START>", "<META_START>", "lace", "<META_START>", "<META_START>", "<META_START>"], ["<SOS>", "<SOS>", "<SOS>", "<SOS>", "<SOS>", "sheets", "<SOS>", "<SOS>", "<SOS>"], ["<META_END>", "<META_END>", "<META_END>", "<META_END>", "<META_END>", "encies", "<META_END>", "<META_END>", "<META_END>"]], "top_logit_ablation_values": [[0, 0, 0, 0, 0, 0.5716, 0, 0, 0], [0, 0, 0, 0, 0, 0.5576, 0, 0, 0], [0, 0, 0, 0, 0, 0.5105, 0, 0, 0], [0, 0, 0, 0, 0, 0.5084, 0, 0, 0], [0, 0, 0, 0, 0, 0.5011, 0, 0, 0]], "bottom_logit_ablation_values": [[0, 0, 0, 0, 0, -0.4408, 0, 0, 0], [0, 0, 0, 0, 0, -0.4406, 0, 0, 0], [0, 0, 0, 0, 0, -0.4364, 0, 0, 0], [0, 0, 0, 0, 0, -0.4301, 0, 0, 0], [0, 0, 0, 0, 0, -0.4269, 0, 0, 0]], "residual_loss_ablation": [0.8272, 1.29, 0.1711, -0.01912, -0.9291, 1.081, 5.571, 2.74, 0]}}, {"tokens_str_list": ["001", "),", "                                                                                                                                                                                                                                                                ", "                                                                                                                                ", "                                                                                                ", "                           ", "\n ", " \\xe2", "\\x86"], "tokens_acts_list": [0, 0, 0, 0, 0.5077, 0, 0, 0, 0], "train_token_ind": 4, "is_repeated_datapoint": 0, "datapoint_ind": 73076370, "ablations": {"loss_ablation": [0, 0, 0, 0, 0, -0.0261, 0, 0, 0], "top_logit_ablation_tokens_str": [["<META>", "<META>", "<META>", "<META>", "<META>", " the", "<META>", "<META>", "<META>"], ["<EOT>", "<EOT>", "<EOT>", "<EOT>", "<EOT>", "ifies", "<EOT>", "<EOT>", "<EOT>"], ["<META_START>", "<META_START>", "<META_START>", "<META_START>", "<META_START>", "izes", "<META_START>", "<META_START>", "<META_START>"], ["<SOS>", "<SOS>", "<SOS>", "<SOS>", "<SOS>", " its", "<SOS>", "<SOS>", "<SOS>"], ["<META_END>", "<META_END>", "<META_END>", "<META_END>", "<META_END>", "ize", "<META_END>", "<META_END>", "<META_END>"]], "bottom_logit_ablation_tokens_str": [["<META>", "<META>", "<META>", "<META>", "<META>", "]\\", "<META>", "<META>", "<META>"], ["<EOT>", "<EOT>", "<EOT>", "<EOT>", "<EOT>", " Makeup", "<EOT>", "<EOT>", "<EOT>"], ["<META_START>", "<META_START>", "<META_START>", "<META_START>", "<META_START>", "sheets", "<META_START>", "<META_START>", "<META_START>"], ["<SOS>", "<SOS>", "<SOS>", "<SOS>", "<SOS>", "++)", "<SOS>", "<SOS>", "<SOS>"], ["<META_END>", "<META_END>", "<META_END>", "<META_END>", "<META_END>", " thirties", "<META_END>", "<META_END>", "<META_END>"]], "top_logit_ablation_values": [[0, 0, 0, 0, 0, 0.36, 0, 0, 0], [0, 0, 0, 0, 0, 0.3586, 0, 0, 0], [0, 0, 0, 0, 0, 0.3439, 0, 0, 0], [0, 0, 0, 0, 0, 0.3253, 0, 0, 0], [0, 0, 0, 0, 0, 0.3157, 0, 0, 0]], "bottom_logit_ablation_values": [[0, 0, 0, 0, 0, -0.4195, 0, 0, 0], [0, 0, 0, 0, 0, -0.4174, 0, 0, 0], [0, 0, 0, 0, 0, -0.411, 0, 0, 0], [0, 0, 0, 0, 0, -0.4102, 0, 0, 0], [0, 0, 0, 0, 0, -0.4101, 0, 0, 0]], "residual_loss_ablation": [6.025, 1.183, 4.037, 1.774, 0.08373, -0.6234, 1.967, 1.519, 0]}}, {"tokens_str_list": ["\n", ",", " **", "**,", " ().", "\n", "\n", ",", " **"], "tokens_acts_list": [0, 0, 0, 0, 0.3015, 0, 0, 0, 0], "train_token_ind": 4, "is_repeated_datapoint": 0, "datapoint_ind": 53779, "ablations": {"loss_ablation": [0, 0, 0, 0, 0, 0.05922, 0, 0, 0],