{"index": 3633, "act_buckets": [0, 0, 0, 0, 0, 0, 0, 0, 0, 0, 0, 0, 0, 0, 0, 0, 0, 0, 0, 0, 0, 0, 0, 0, 0, 0, 0, 0, 0, 0, 0, 0, 0, 0, 0, 0, 0, 0, 0, 1], "act_bucket_edges": [0, 0.005853, 0.01171, 0.01756, 0.02341, 0.02926, 0.03512, 0.04097, 0.04682, 0.05268, 0.05853, 0.06438, 0.07023, 0.07609, 0.08194, 0.08779, 0.09365, 0.0995, 0.1054, 0.1112, 0.1171, 0.1229, 0.1288, 0.1346, 0.1405, 0.1463, 0.1522, 0.158, 0.1639, 0.1697, 0.1756, 0.1814, 0.1873, 0.1931, 0.199, 0.2048, 0.2107, 0.2166, 0.2224, 0.2283, 0.2341], "logit_buckets": [1, 0, 0, 4, 11, 24, 27, 59, 85, 137, 246, 384, 636, 981, 1496, 2041, 2741, 3620, 4843, 5777, 6694, 7395, 9865, 6664, 4134, 2707, 1860, 1183, 780, 497, 289, 149, 96, 45, 35, 11, 11, 4, 2, 2], "logit_bucket_edges": [-0.4439, -0.4232, -0.4025, -0.3817, -0.361, -0.3403, -0.3195, -0.2988, -0.2781, -0.2573, -0.2366, -0.2158, -0.1951, -0.1744, -0.1536, -0.1329, -0.1122, -0.09142, -0.07068, -0.04995, -0.02921, -0.008472, 0.01227, 0.033, 0.05374, 0.07448, 0.09521, 0.1159, 0.1367, 0.1574, 0.1782, 0.1989, 0.2196, 0.2404, 0.2611, 0.2818, 0.3026, 0.3233, 0.3441, 0.3648, 0.3855], "examples_quantiles": [{"quantile_name": "Top Activations", "quantile_max_act": 0.2341, "examples": [{"tokens_str_list": [" old", " topic", " (", "not", " entirely", " sure", " why", " thats", " a"], "tokens_acts_list": [0, 0, 0, 0, 0.2341, 0, 0, 0, 0], "train_token_ind": 4, "is_repeated_datapoint": 0, "datapoint_ind": 72925984, "ablations": {"loss_ablation": [0, 0, 0, 0, 0, -0.03713, 0, 0, 0], "top_logit_ablation_tokens_str": [["<META>", "<META>", "<META>", "<META>", "<META>", "log", "<META>", "<META>", "<META>"], ["<EOT>", "<EOT>", "<EOT>", "<EOT>", "<EOT>", " THEORY", "<EOT>", "<EOT>", "<EOT>"], ["<META_START>", "<META_START>", "<META_START>", "<META_START>", "<META_START>", "DICT", "<META_START>", "<META_START>", "<META_START>"], ["<SOS>", "<SOS>", "<SOS>", "<SOS>", "<SOS>", "iable", "<SOS>", "<SOS>", "<SOS>"], ["<META_END>", "<META_END>", "<META_END>", "<META_END>", "<META_END>", "*-", "<META_END>", "<META_END>", "<META_END>"]], "bottom_logit_ablation_tokens_str": [["<META>", "<META>", "<META>", "<META>", "<META>", "forth", "<META>", "<META>", "<META>"], ["<EOT>", "<EOT>", "<EOT>", "<EOT>", "<EOT>", "berries", "<EOT>", "<EOT>", "<EOT>"], ["<META_START>", "<META_START>", "<META_START>", "<META_START>", "<META_START>", ",\u201d", "<META_START>", "<META_START>", "<META_START>"], ["<SOS>", "<SOS>", "<SOS>", "<SOS>", "<SOS>", "lies", "<SOS>", "<SOS>", "<SOS>"], ["<META_END>", "<META_END>", "<META_END>", "<META_END>", "<META_END>", " Cuba", "<META_END>", "<META_END>", "<META_END>"]], "top_logit_ablation_values": [[0, 0, 0, 0, 0, 0.146, 0, 0, 0], [0, 0, 0, 0, 0, 0.1281, 0, 0, 0], [0, 0, 0, 0, 0, 0.1257, 0, 0, 0], [0, 0, 0, 0, 0, 0.1175, 0, 0, 0], [0, 0, 0, 0, 0, 0.1173, 0, 0, 0]], "bottom_logit_ablation_values": [[0, 0, 0, 0, 0, -0.1823, 0, 0, 0], [0, 0, 0, 0, 0, -0.1753, 0, 0, 0], [0, 0, 0, 0, 0, -0.1726, 0, 0, 0], [0, 0, 0, 0, 0, -0.166, 0, 0, 0], [0, 0, 0, 0, 0, -0.1655, 0, 0, 0]], "residual_loss_ablation": [1.649, -0.9952, -0.2815, -0.6566, -1.431, 7.321, -0.4655, 0.3301, 0]}}]}], "statistics": {"density_frac": 1e-08, "global_max_act": 0.2341, "abs_max_neuron_weights": [0.2294, 0.1611, 0.1543], "abs_max_neuron_inds": [378, 21, 286], "l1_max_neuron_weights": [0.01415, 0.009937, 0.009519]}, "logit_effects": {"negatives": [["max", -0.3506], ["iable", -0.3518], ["ieu", -0.3546], ["DED", -0.3558], ["very", -0.3578], ["*-", -0.3625], ["sum", -0.3665], ["DICT", -0.3786], [" THEORY", -0.3798], ["log", -0.4439]], "positives": [["forth", 0.3855], ["berries", 0.3764], [",\u201d", 0.3546], [" Cuba", 0.3452], ["urlencoded", 0.3277], [" unions", 0.3274], ["lies", 0.3267], [" Barack", 0.3249], ["born", 0.3214], ["pone", 0.3193]]}}