{"index": 3640, "act_buckets": [0, 1, 0, 0, 0, 0, 1, 0, 0, 0, 0, 1, 1, 0, 0, 0, 0, 0, 1, 0, 0, 0, 0, 0, 0, 0, 0, 0, 0, 0, 0, 1, 0, 0, 0, 0, 0, 0, 0, 1], "act_bucket_edges": [0, 0.008214, 0.01643, 0.02464, 0.03286, 0.04107, 0.04929, 0.0575, 0.06571, 0.07393, 0.08214, 0.09036, 0.09857, 0.1068, 0.115, 0.1232, 0.1314, 0.1396, 0.1479, 0.1561, 0.1643, 0.1725, 0.1807, 0.1889, 0.1971, 0.2054, 0.2136, 0.2218, 0.23, 0.2382, 0.2464, 0.2546, 0.2629, 0.2711, 0.2793, 0.2875, 0.2957, 0.3039, 0.3121, 0.3204, 0.3286], "logit_buckets": [1, 0, 1, 0, 3, 3, 3, 4, 8, 13, 26, 80, 122, 199, 359, 655, 1093, 1709, 2577, 3592, 4752, 5941, 6784, 7079, 10360, 7250, 4841, 3169, 2008, 1201, 716, 416, 259, 144, 88, 32, 23, 15, 9, 3], "logit_bucket_edges": [-0.5569, -0.5334, -0.5099, -0.4864, -0.4629, -0.4393, -0.4158, -0.3923, -0.3688, -0.3453, -0.3218, -0.2983, -0.2748, -0.2512, -0.2277, -0.2042, -0.1807, -0.1572, -0.1337, -0.1102, -0.08665, -0.06314, -0.03962, -0.01611, 0.007402, 0.03092, 0.05443, 0.07794, 0.1015, 0.125, 0.1485, 0.172, 0.1955, 0.219, 0.2425, 0.266, 0.2896, 0.3131, 0.3366, 0.3601, 0.3836], "examples_quantiles": [{"quantile_name": "Top Activations", "quantile_max_act": 0.3286, "examples": [{"tokens_str_list": ["from", "(", "input", "_,", " subs", "):", "\n   ", " input", "_="], "tokens_acts_list": [0, 0, 0, 0, 0.3286, 0, 0, 0, 0], "train_token_ind": 4, "is_repeated_datapoint": 0, "datapoint_ind": 13028980, "ablations": {"loss_ablation": [0, 0, 0, 0, 0, 0.02464, 0, 0, 0], "top_logit_ablation_tokens_str": [["<META>", "<META>", "<META>", "<META>", "<META>", "ments", "<META>", "<META>", "<META>"], ["<EOT>", "<EOT>", "<EOT>", "<EOT>", "<EOT>", "=\"", "<EOT>", "<EOT>", "<EOT>"], ["<META_START>", "<META_START>", "<META_START>", "<META_START>", "<META_START>", " =", "<META_START>", "<META_START>", "<META_START>"], ["<SOS>", "<SOS>", "<SOS>", "<SOS>", "<SOS>", "iveness", "<SOS>", "<SOS>", "<SOS>"], ["<META_END>", "<META_END>", "<META_END>", "<META_END>", "<META_END>", "ination", "<META_END>", "<META_END>", "<META_END>"]], "bottom_logit_ablation_tokens_str": [["<META>", "<META>", "<META>", "<META>", "<META>", "berries", "<META>", "<META>", "<META>"], ["<EOT>", "<EOT>", "<EOT>", "<EOT>", "<EOT>", "berry", "<EOT>", "<EOT>", "<EOT>"], ["<META_START>", "<META_START>", "<META_START>", "<META_START>", "<META_START>", "bulb", "<META_START>", "<META_START>", "<META_START>"], ["<SOS>", "<SOS>", "<SOS>", "<SOS>", "<SOS>", "borne", "<SOS>", "<SOS>", "<SOS>"], ["<META_END>", "<META_END>", "<META_END>", "<META_END>", "<META_END>", "ceived", "<META_END>", "<META_END>", "<META_END>"]], "top_logit_ablation_values": [[0, 0, 0, 0, 0, 0.1926, 0, 0, 0], [0, 0, 0, 0, 0, 0.1637, 0, 0, 0], [0, 0, 0, 0, 0, 0.1482, 0, 0, 0], [0, 0, 0, 0, 0, 0.1404, 0, 0, 0], [0, 0, 0, 0, 0, 0.1342, 0, 0, 0]], "bottom_logit_ablation_values": [[0, 0, 0, 0, 0, -0.2634, 0, 0, 0], [0, 0, 0, 0, 0, -0.2564, 0, 0, 0], [0, 0, 0, 0, 0, -0.2542, 0, 0, 0], [0, 0, 0, 0, 0, -0.2506, 0, 0, 0], [0, 0, 0, 0, 0, -0.2459, 0, 0, 0]], "residual_loss_ablation": [-1.378, 0.5203, 2.029, 6.404, -0.9696, 1.255, 4.022, 3.823, 0]}}, {"tokens_str_list": ["float", "2", "int", " float", "-", "to", "-", "int", " conversion"], "tokens_acts_list": [0, 0, 0, 0, 0.2551, 0, 0, 0, 0], "train_token_ind": 4, "is_repeated_datapoint": 0, "datapoint_ind": 25738325, "ablations": {"loss_ablation": [0, 0, 0, 0, 0, -0.008472, 0, 0, 0], "top_logit_ablation_tokens_str": [["<META>", "<META>", "<META>", "<META>", "<META>", "ments", "<META>", "<META>", "<META>"], ["<EOT>", "<EOT>", "<EOT>", "<EOT>", "<EOT>", "=\"", "<EOT>", "<EOT>", "<EOT>"], ["<META_START>", "<META_START>", "<META_START>", "<META_START>", "<META_START>", " =", "<META_START>", "<META_START>", "<META_START>"], ["<SOS>", "<SOS>", "<SOS>", "<SOS>", "<SOS>", "ination", "<SOS>", "<SOS>", "<SOS>"], ["<META_END>", "<META_END>", "<META_END>", "<META_END>", "<META_END>", "iveness", "<META_END>", "<META_END>", "<META_END>"]], "bottom_logit_ablation_tokens_str": [["<META>", "<META>", "<META>", "<META>", "<META>", "IRC", "<META>", "<META>", "<META>"], ["<EOT>", "<EOT>", "<EOT>", "<EOT>", "<EOT>", "berry", "<EOT>", "<EOT>", "<EOT>"], ["<META_START>", "<META_START>", "<META_START>", "<META_START>", "<META_START>", "bulb", "<META_START>", "<META_START>", "<META_START>"], ["<SOS>", "<SOS>", "<SOS>", "<SOS>", "<SOS>", "eding", "<SOS>", "<SOS>", "<SOS>"], ["<META_END>", "<META_END>", "<META_END>", "<META_END>", "<META_END>", "ught", "<META_END>", "<META_END>", "<META_END>"]], "top_logit_ablation_values": [[0, 0, 0, 0, 0, 0.2003, 0, 0, 0], [0, 0, 0, 0, 0, 0.1688, 0, 0, 0], [0, 0, 0, 0, 0, 0.1685, 0, 0, 0], [0, 0, 0, 0, 0, 0.1671, 0, 0, 0], [0, 0, 0, 0, 0, 0.1605, 0, 0, 0]], "bottom_logit_ablation_values": [[0, 0, 0, 0, 0, -0.168, 0, 0, 0], [0, 0, 0, 0, 0, -0.1632, 0, 0, 0], [0, 0, 0, 0, 0, -0.1623, 0, 0, 0], [0, 0, 0, 0, 0, -0.1603, 0, 0, 0], [0, 0, 0, 0, 0, -0.1595, 0, 0, 0]], "residual_loss_ablation": [-1.603, -1.165, -0.8536, -1.983, 2.499, 2.27, 1.924, 1.425, 0]}}, {"tokens_str_list": [" (!", "Read", "Var", "int", "<", "uint", "32", "_", "t"], "tokens_acts_list": [0, 0, 0, 0, 0.1533, 0, 0, 0, 0], "train_token_ind": 4, "is_repeated_datapoint": 0, "datapoint_ind": 12369585, "ablations": {"loss_ablation": [0, 0, 0, 0, 0, 0.03879, 0, 0, 0], "top_logit_ablation_tokens_str": [["<META>", "<META>", "<META>", "<META>", "<META>", "ments", "<META>", "<META>", "<META>"], ["<EOT>", "<EOT>", "<EOT>", "<EOT>", "<EOT>", "iveness", "<EOT>", "<EOT>", "<EOT>"], ["<META_START>", "<META_START>", "<META_START>", "<META_START>", "<META_START>", " =", "<META_START>", "<META_START>", "<META_START>"], ["<SOS>", "<SOS>", "<SOS>", "<SOS>", "<SOS>", "=\"", "<SOS>", "<SOS>", "<SOS>"], ["<META_END>", "<META_END>", "<META_END>", "<META_END>", "<META_END>", "uration", "<META_END>", "<META_END>", "<META_END>"]], "bottom_logit_ablation_tokens_str": [["<META>", "<META>", "<META>", "<META>", "<META>", "eding", "<META>", "<META>", "<META>"], ["<EOT>", "<EOT>", "<EOT>", "<EOT>", "<EOT>", "berry", "<EOT>", "<EOT>", "<EOT>"], ["<META_START>", "<META_START>", "<META_START>", "<META_START>", "<META_START>", "berries", "<META_START>", "<META_START>", "<META_START>"], ["<SOS>", "<SOS>", "<SOS>", "<SOS>", "<SOS>", "brew", "<SOS>", "<SOS>", "<SOS>"], ["<META_END>", "<META_END>", "<META_END>", "<META_END>", "<META_END>", "unnumbered", "<META_END>", "<META_END>", "<META_END>"]], "top_logit_ablation_values": [[0, 0, 0, 0, 0, 0.1157, 0, 0, 0], [0, 0, 0, 0, 0, 0.1134, 0, 0, 0], [0, 0, 0, 0, 0, 0.1023, 0, 0, 0], [0, 0, 0, 0, 0, 0.09257, 0, 0, 0], [0, 0, 0, 0, 0, 0.0896, 0, 0, 0]], "bottom_logit_ablation_values": [[0, 0, 0, 0, 0, -0.1533, 0, 0, 0], [0, 0, 0, 0, 0, -0.1487, 0, 0, 0], [0, 0, 0, 0, 0, -0.1448, 0, 0, 0], [0, 0, 0, 0, 0, -0.1427, 0, 0, 0], [0, 0, 0, 0, 0, -0.141, 0, 0, 0]], "residual_loss_ablation": [0.7521, -0.2437, -0.2252, 4.221, -0.9047, 2.639, 0.05191, -0.1434, 0]}}, {"tokens_str_list": ["\n                                             ", " 6", "\n\f", "<EOT>", "Abbrev", "iations", "\n", "=============", "\n"], "tokens_acts_list": [0, 0, 0, 0, 0.1021, 0, 0, 0, 0], "train_token_ind": 4, "is_repeated_datapoint": 0, "datapoint_ind": 17505211, "ablations": {"loss_ablation": [0, 0, 0, 0, 0, -0.0007564, 0, 0, 0], "top_logit_ablation_tokens_str": [["<META>", "<META>", "<META>", "<META>", "<META>", "ments", "<META>", "<META>", "<META>"], ["<EOT>", "<EOT>", "<EOT>", "<EOT>", "<EOT>", "=\"", "<EOT>", "<EOT>", "<EOT>"], ["<META_START>", "<META_START>", "<META_START>", "<META_START>", "<META_START>", "encies", "<META_START>", "<META_START>", "<META_START>"], ["<SOS>", "<SOS>", "<SOS>", "<SOS>", "<SOS>", "iveness", "<SOS>", "<SOS>", "<SOS>"], ["<META_END>", "<META_END>", "<META_END>", "<META_END>", "<META_END>", " =", "<META_END>", "<META_END>", "<META_END>"]],