{"index": 3686, "act_buckets": [0, 0, 0, 0, 0, 0, 0, 0, 0, 0, 0, 0, 0, 0, 0, 0, 0, 0, 0, 0, 0, 0, 0, 0, 0, 0, 0, 0, 0, 0, 0, 0, 0, 0, 0, 0, 0, 0, 0, 1], "act_bucket_edges": [0, 0.004591, 0.009181, 0.01377, 0.01836, 0.02295, 0.02754, 0.03213, 0.03673, 0.04132, 0.04591, 0.0505, 0.05509, 0.05968, 0.06427, 0.06886, 0.07345, 0.07804, 0.08263, 0.08722, 0.09181, 0.0964, 0.101, 0.1056, 0.1102, 0.1148, 0.1194, 0.1239, 0.1285, 0.1331, 0.1377, 0.1423, 0.1469, 0.1515, 0.1561, 0.1607, 0.1653, 0.1699, 0.1744, 0.179, 0.1836], "logit_buckets": [1, 0, 1, 2, 2, 0, 5, 5, 20, 18, 35, 61, 113, 217, 367, 638, 1134, 1832, 2941, 4503, 6308, 10230, 10420, 9073, 6758, 4506, 2781, 1640, 890, 483, 255, 158, 64, 37, 18, 13, 6, 3, 0, 1], "logit_bucket_edges": [-0.6842, -0.6537, -0.6232, -0.5926, -0.5621, -0.5316, -0.501, -0.4705, -0.44, -0.4094, -0.3789, -0.3484, -0.3178, -0.2873, -0.2568, -0.2262, -0.1957, -0.1652, -0.1346, -0.1041, -0.07356, -0.04303, -0.01249, 0.01804, 0.04857, 0.07911, 0.1096, 0.1402, 0.1707, 0.2012, 0.2318, 0.2623, 0.2928, 0.3234, 0.3539, 0.3845, 0.415, 0.4455, 0.4761, 0.5066, 0.5371], "examples_quantiles": [{"quantile_name": "Top Activations", "quantile_max_act": 0.1836, "examples": [{"tokens_str_list": ["\\", "bigg", "(\\", "frac", " {\\", "vart", "he", "ta", "_{"], "tokens_acts_list": [0, 0, 0, 0, 0.1836, 0, 0, 0, 0], "train_token_ind": 4, "is_repeated_datapoint": 0, "datapoint_ind": 1954732, "ablations": {"loss_ablation": [0, 0, 0, 0, 0, 0.00133, 0, 0, 0], "top_logit_ablation_tokens_str": [["<META>", "<META>", "<META>", "<META>", "<META>", "\"}.", "<META>", "<META>", "<META>"], ["<EOT>", "<EOT>", "<EOT>", "<EOT>", "<EOT>", " {", "<EOT>", "<EOT>", "<EOT>"], ["<META_START>", "<META_START>", "<META_START>", "<META_START>", "<META_START>", " to", "<META_START>", "<META_START>", "<META_START>"], ["<SOS>", "<SOS>", "<SOS>", "<SOS>", "<SOS>", "ists", "<SOS>", "<SOS>", "<SOS>"], ["<META_END>", "<META_END>", "<META_END>", "<META_END>", "<META_END>", " with", "<META_END>", "<META_END>", "<META_END>"]], "bottom_logit_ablation_tokens_str": [["<META>", "<META>", "<META>", "<META>", "<META>", "caster", "<META>", "<META>", "<META>"], ["<EOT>", "<EOT>", "<EOT>", "<EOT>", "<EOT>", "ste", "<EOT>", "<EOT>", "<EOT>"], ["<META_START>", "<META_START>", "<META_START>", "<META_START>", "<META_START>", "sten", "<META_START>", "<META_START>", "<META_START>"], ["<SOS>", "<SOS>", "<SOS>", "<SOS>", "<SOS>", "umberland", "<SOS>", "<SOS>", "<SOS>"], ["<META_END>", "<META_END>", "<META_END>", "<META_END>", "<META_END>", "\\xbd", "<META_END>", "<META_END>", "<META_END>"]], "top_logit_ablation_values": [[0, 0, 0, 0, 0, 0.2127, 0, 0, 0], [0, 0, 0, 0, 0, 0.1903, 0, 0, 0], [0, 0, 0, 0, 0, 0.189, 0, 0, 0], [0, 0, 0, 0, 0, 0.1754, 0, 0, 0], [0, 0, 0, 0, 0, 0.1751, 0, 0, 0]], "bottom_logit_ablation_values": [[0, 0, 0, 0, 0, -0.1724, 0, 0, 0], [0, 0, 0, 0, 0, -0.1577, 0, 0, 0], [0, 0, 0, 0, 0, -0.1535, 0, 0, 0], [0, 0, 0, 0, 0, -0.1508, 0, 0, 0], [0, 0, 0, 0, 0, -0.1475, 0, 0, 0]], "residual_loss_ablation": [-0.8725, 4.317, 1.238, 1.696, 0.1535, 2.122, 5.199, 7.429, 0]}}]}], "statistics": {"density_frac": 1e-08, "global_max_act": 0.1836, "abs_max_neuron_weights": [0.1347, 0.134, 0.1255], "abs_max_neuron_inds": [310, 154, 500], "l1_max_neuron_weights": [0.007631, 0.007589, 0.007106]}, "logit_effects": {"negatives": [[" which", -0.4716], ["ays", -0.4762], [" using", -0.4788], ["\"}", -0.5008], [" way", -0.5522], ["ists", -0.5602], [" {", -0.5663], [" with", -0.5789], [" to", -0.5993], ["\"}.", -0.6842]], "positives": [["caster", 0.5371], ["ste", 0.4734], ["\\xbd", 0.452], ["umberland", 0.4462], ["sten", 0.441], ["brook", 0.4332], ["wood", 0.4324], ["tect", 0.4324], ["\\xa4", 0.427], [" avail", 0.4238]]}}