{"index": 3695, "act_buckets": [1, 0, 1, 0, 1, 0, 0, 0, 1, 0, 0, 0, 0, 0, 0, 0, 0, 0, 0, 0, 0, 0, 1, 0, 0, 0, 0, 0, 0, 0, 0, 0, 0, 0, 0, 0, 0, 0, 0, 1], "act_bucket_edges": [0, 0.04281, 0.08562, 0.1284, 0.1712, 0.214, 0.2569, 0.2997, 0.3425, 0.3853, 0.4281, 0.4709, 0.5137, 0.5565, 0.5993, 0.6421, 0.685, 0.7278, 0.7706, 0.8134, 0.8562, 0.899, 0.9418, 0.9846, 1.027, 1.07, 1.113, 1.156, 1.199, 1.241, 1.284, 1.327, 1.37, 1.413, 1.456, 1.498, 1.541, 1.584, 1.627, 1.67, 1.712], "logit_buckets": [1, 2, 2, 1, 3, 9, 9, 12, 34, 38, 76, 131, 238, 454, 703, 1232, 2035, 2889, 4037, 5531, 6713, 7486, 8009, 10320, 5778, 3520, 2351, 1653, 940, 569, 346, 216, 95, 53, 22, 13, 7, 7, 1, 1], "logit_bucket_edges": [-0.5727, -0.5468, -0.5209, -0.4951, -0.4692, -0.4434, -0.4175, -0.3916, -0.3658, -0.3399, -0.3141, -0.2882, -0.2624, -0.2365, -0.2106, -0.1848, -0.1589, -0.1331, -0.1072, -0.08135, -0.05549, -0.02963, -0.003772, 0.02209, 0.04794, 0.0738, 0.09966, 0.1255, 0.1514, 0.1772, 0.2031, 0.229, 0.2548, 0.2807, 0.3065, 0.3324, 0.3582, 0.3841, 0.41, 0.4358, 0.4617], "examples_quantiles": [{"quantile_name": "Top Activations", "quantile_max_act": 1.712, "examples": [{"tokens_str_list": [" mit", "z", "ured", "en", ".\u00ab", "\n", "\n", "\u00bb", "All"], "tokens_acts_list": [0, 0, 0, 0, 1.712, 0, 0, 0, 0], "train_token_ind": 4, "is_repeated_datapoint": 0, "datapoint_ind": 76851631, "ablations": {"loss_ablation": [0, 0, 0, 0, 0, -0.01965, 0, 0, 0], "top_logit_ablation_tokens_str": [["<META>", "<META>", "<META>", "<META>", "<META>", "ously", "<META>", "<META>", "<META>"], ["<EOT>", "<EOT>", "<EOT>", "<EOT>", "<EOT>", "ized", "<EOT>", "<EOT>", "<EOT>"], ["<META_START>", "<META_START>", "<META_START>", "<META_START>", "<META_START>", "\\xbc", "<META_START>", "<META_START>", "<META_START>"], ["<SOS>", "<SOS>", "<SOS>", "<SOS>", "<SOS>", "IBUT", "<SOS>", "<SOS>", "<SOS>"], ["<META_END>", "<META_END>", "<META_END>", "<META_END>", "<META_END>", "cible", "<META_END>", "<META_END>", "<META_END>"]], "bottom_logit_ablation_tokens_str": [["<META>", "<META>", "<META>", "<META>", "<META>", "wives", "<META>", "<META>", "<META>"], ["<EOT>", "<EOT>", "<EOT>", "<EOT>", "<EOT>", "mond", "<EOT>", "<EOT>", "<EOT>"], ["<META_START>", "<META_START>", "<META_START>", "<META_START>", "<META_START>", "arity", "<META_START>", "<META_START>", "<META_START>"], ["<SOS>", "<SOS>", "<SOS>", "<SOS>", "<SOS>", "standing", "<SOS>", "<SOS>", "<SOS>"], ["<META_END>", "<META_END>", "<META_END>", "<META_END>", "<META_END>", " ago", "<META_END>", "<META_END>", "<META_END>"]], "top_logit_ablation_values": [[0, 0, 0, 0, 0, 0.0315, 0, 0, 0], [0, 0, 0, 0, 0, -0.05626, 0, 0, 0], [0, 0, 0, 0, 0, -0.1204, 0, 0, 0], [0, 0, 0, 0, 0, -0.1384, 0, 0, 0], [0, 0, 0, 0, 0, -0.1747, 0, 0, 0]], "bottom_logit_ablation_values": [[0, 0, 0, 0, 0, -2.523, 0, 0, 0], [0, 0, 0, 0, 0, -2.375, 0, 0, 0], [0, 0, 0, 0, 0, -2.338, 0, 0, 0], [0, 0, 0, 0, 0, -2.321, 0, 0, 0], [0, 0, 0, 0, 0, -2.313, 0, 0, 0]], "residual_loss_ablation": [-1.391, 0.6779, 1.498, 2.721, -0.6154, 3.15, 0.161, 5.499, 0]}}, {"tokens_str_list": ["\n", ",", " **", "**,", " ().", "\n", "\n", ",", " **"], "tokens_acts_list": [0, 0, 0, 0, 0.9479, 0, 0, 0, 0], "train_token_ind": 4, "is_repeated_datapoint": 0, "datapoint_ind": 53779, "ablations": {"loss_ablation": [0, 0, 0, 0, 0, 0.01833, 0, 0, 0], "top_logit_ablation_tokens_str": [["<META>", "<META>", "<META>", "<META>", "<META>", "ously", "<META>", "<META>", "<META>"], ["<EOT>", "<EOT>", "<EOT>", "<EOT>", "<EOT>", "ized", "<EOT>", "<EOT>", "<EOT>"], ["<META_START>", "<META_START>", "<META_START>", "<META_START>", "<META_START>", "\\xbc", "<META_START>", "<META_START>", "<META_START>"], ["<SOS>", "<SOS>", "<SOS>", "<SOS>", "<SOS>", "IBUT", "<SOS>", "<SOS>", "<SOS>"], ["<META_END>", "<META_END>", "<META_END>", "<META_END>", "<META_END>", "\\x9e", "<META_END>", "<META_END>", "<META_END>"]], "bottom_logit_ablation_tokens_str": [["<META>", "<META>", "<META>", "<META>", "<META>", "wives", "<META>", "<META>", "<META>"], ["<EOT>", "<EOT>", "<EOT>", "<EOT>", "<EOT>", "mond", "<EOT>", "<EOT>", "<EOT>"], ["<META_START>", "<META_START>", "<META_START>", "<META_START>", "<META_START>", "arity", "<META_START>", "<META_START>", "<META_START>"], ["<SOS>", "<SOS>", "<SOS>", "<SOS>", "<SOS>", "standing", "<SOS>", "<SOS>", "<SOS>"], ["<META_END>", "<META_END>", "<META_END>", "<META_END>", "<META_END>", "\"}.", "<META_END>", "<META_END>", "<META_END>"]], "top_logit_ablation_values": [[0, 0, 0, 0, 0, -0.01227, 0, 0, 0], [0, 0, 0, 0, 0, -0.07641, 0, 0, 0], [0, 0, 0, 0, 0, -0.08887, 0, 0, 0], [0, 0, 0, 0, 0, -0.1014, 0, 0, 0], [0, 0, 0, 0, 0, -0.1282, 0, 0, 0]], "bottom_logit_ablation_values": [[0, 0, 0, 0, 0, -1.515, 0, 0, 0], [0, 0, 0, 0, 0, -1.467, 0, 0, 0], [0, 0, 0, 0, 0, -1.437, 0, 0, 0], [0, 0, 0, 0, 0, -1.431, 0, 0, 0], [0, 0, 0, 0, 0, -1.427, 0, 0, 0]], "residual_loss_ablation": [-1.019, 2.532, 6.593, 2.603, 3.239, 3.891, -0.6105, 7.652, 0]}}, {"tokens_str_list": [".", "\n", "\n", "In", " the", " conditions", " of", " Definition", " 2"], "tokens_acts_list": [0, 0, 0, 0, 0.3804, 0, 0, 0, 0], "train_token_ind": 4, "is_repeated_datapoint": 0, "datapoint_ind": 26340538, "ablations": {"loss_ablation": [0, 0, 0, 0, 0, -0.07224, 0, 0, 0], "top_logit_ablation_tokens_str": [["<META>", "<META>", "<META>", "<META>", "<META>", "ously", "<META>", "<META>", "<META>"], ["<EOT>", "<EOT>", "<EOT>", "<EOT>", "<EOT>", "\\xbc", "<EOT>", "<EOT>", "<EOT>"], ["<META_START>", "<META_START>", "<META_START>", "<META_START>", "<META_START>", "ized", "<META_START>", "<META_START>", "<META_START>"], ["<SOS>", "<SOS>", "<SOS>", "<SOS>", "<SOS>", "IBUT", "<SOS>", "<SOS>", "<SOS>"], ["<META_END>", "<META_END>", "<META_END>", "<META_END>", "<META_END>", "\\x9e", "<META_END>", "<META_END>", "<META_END>"]], "bottom_logit_ablation_tokens_str": [["<META>", "<META>", "<META>", "<META>", "<META>", "wives", "<META>", "<META>", "<META>"], ["<EOT>", "<EOT>", "<EOT>", "<EOT>", "<EOT>", "mond", "<EOT>", "<EOT>", "<EOT>"], ["<META_START>", "<META_START>", "<META_START>", "<META_START>", "<META_START>", "arity", "<META_START>", "<META_START>", "<META_START>"], ["<SOS>", "<SOS>", "<SOS>", "<SOS>", "<SOS>", "standing", "<SOS>", "<SOS>", "<SOS>"], ["<META_END>", "<META_END>", "<META_END>", "<META_END>", "<META_END>", " ago", "<META_END>", "<META_END>", "<META_END>"]], "top_logit_ablation_values": [[0, 0, 0, 0, 0, 0.007841, 0, 0, 0], [0, 0, 0, 0, 0, -0.03065, 0, 0, 0], [0, 0, 0, 0, 0, -0.03343, 0, 0, 0], [0, 0, 0, 0, 0, -0.04809, 0, 0, 0], [0, 0, 0, 0, 0, -0.0512, 0, 0, 0]], "bottom_logit_ablation_values": [[0, 0, 0, 0, 0, -0.8608, 0, 0, 0], [0, 0, 0, 0, 0, -0.8447, 0, 0, 0], [0, 0, 0, 0, 0, -0.8237, 0, 0, 0], [0, 0, 0, 0, 0, -0.8234, 0, 0, 0], [0, 0, 0, 0, 0, -0.8119, 0, 0, 0]], "residual_loss_ablation": [2.005, 0.1299, 0.2012, -0.02559, -0.5824, 1.777, 0.3678, 0.1318, 0]}}, {"tokens_str_list": ["\\", "bigg", "(\\", "frac", " {\\", "vart", "he", "ta", "_{"], "tokens_acts_list": [0, 0, 0, 0, 0.2065, 0, 0, 0, 0], "train_token_ind": 4, "is_repeated_datapoint": 0, "datapoint_ind": 1954732, "ablations": {"loss_ablation": [0, 0, 0, 0, 0, -0.0005813, 0, 0, 0], "top_logit_ablation_tokens_str": [["<META>", "<META>", "<META>", "<META>", "<META>", "ously", "<META>", "<META>", "<META>"], ["<EOT>", "<EOT>", "<EOT>", "<EOT>", "<EOT>", "\\xbc", "<EOT>", "<EOT>", "<EOT>"], ["<META_START>", "<META_START>", "<META_START>", "<META_START>", "<META_START>", "ized", "<META_START>", "<META_START>", "<META_START>"], ["<SOS>", "<SOS>", "<SOS>", "<SOS>", "<SOS>", "IBUT", "<SOS>", "<SOS>", "<SOS>"], ["<META_END>", "<META_END>", "<META_END>", "<META_END>", "<META_END>", "\\x9e", "<META_END>", "<META_END>", "<META_END>"]],