{"index": 37, "act_buckets": [0, 0, 0, 0, 0, 0, 0, 0, 0, 0, 0, 0, 0, 0, 1, 0, 0, 0, 0, 0, 0, 0, 0, 0, 0, 0, 0, 0, 0, 0, 0, 0, 0, 0, 0, 0, 0, 0, 0, 1], "act_bucket_edges": [0, 0.01379, 0.02758, 0.04138, 0.05517, 0.06896, 0.08275, 0.09654, 0.1103, 0.1241, 0.1379, 0.1517, 0.1655, 0.1793, 0.1931, 0.2069, 0.2207, 0.2345, 0.2483, 0.262, 0.2758, 0.2896, 0.3034, 0.3172, 0.331, 0.3448, 0.3586, 0.3724, 0.3862, 0.4, 0.4138, 0.4276, 0.4413, 0.4551, 0.4689, 0.4827, 0.4965, 0.5103, 0.5241, 0.5379, 0.5517], "logit_buckets": [2, 0, 1, 1, 0, 2, 4, 5, 6, 10, 13, 27, 48, 69, 144, 230, 436, 758, 3439, 2694, 3526, 4512, 5863, 7546, 8826, 8965, 7431, 4989, 2816, 1554, 804, 399, 223, 95, 52, 30, 10, 5, 0, 1], "logit_bucket_edges": [-0.7385, -0.7082, -0.6779, -0.6477, -0.6174, -0.5872, -0.5569, -0.5266, -0.4964, -0.4661, -0.4359, -0.4056, -0.3753, -0.3451, -0.3148, -0.2846, -0.2543, -0.2241, -0.1938, -0.1635, -0.1333, -0.103, -0.07276, -0.0425, -0.01224, 0.01802, 0.04828, 0.07854, 0.1088, 0.1391, 0.1693, 0.1996, 0.2298, 0.2601, 0.2904, 0.3206, 0.3509, 0.3811, 0.4114, 0.4417, 0.4719], "examples_quantiles": [{"quantile_name": "Top Activations", "quantile_max_act": 0.5517, "examples": [{"tokens_str_list": ["\\x9d", "\\xe1\\x83", "\\x93", " \\xe1\\x83", "\\xac", "\u10d8\\xe1\\x83", "\\x9c", "\u10d0\\xe1\\x83", "\\xa1"], "tokens_acts_list": [0, 0, 0, 0, 0.5517, 0, 0, 0, 0], "train_token_ind": 4, "is_repeated_datapoint": 0, "datapoint_ind": 54671983, "ablations": {"loss_ablation": [0, 0, 0, 0, 0, -0.01377, 0, 0, 0], "top_logit_ablation_tokens_str": [["<META>", "<META>", "<META>", "<META>", "<META>", "ing", "<META>", "<META>", "<META>"], ["<EOT>", "<EOT>", "<EOT>", "<EOT>", "<EOT>", "ments", "<EOT>", "<EOT>", "<EOT>"], ["<META_START>", "<META_START>", "<META_START>", "<META_START>", "<META_START>", "ly", "<META_START>", "<META_START>", "<META_START>"], ["<SOS>", "<SOS>", "<SOS>", "<SOS>", "<SOS>", "ment", "<SOS>", "<SOS>", "<SOS>"], ["<META_END>", "<META_END>", "<META_END>", "<META_END>", "<META_END>", "s", "<META_END>", "<META_END>", "<META_END>"]], "bottom_logit_ablation_tokens_str": [["<META>", "<META>", "<META>", "<META>", "<META>", "\n\n   ", "<META>", "<META>", "<META>"], ["<EOT>", "<EOT>", "<EOT>", "<EOT>", "<EOT>", "\n       ", "<EOT>", "<EOT>", "<EOT>"], ["<META_START>", "<META_START>", "<META_START>", "<META_START>", "<META_START>", "\u00f1a", "<META_START>", "<META_START>", "<META_START>"], ["<SOS>", "<SOS>", "<SOS>", "<SOS>", "<SOS>", "lete", "<SOS>", "<SOS>", "<SOS>"], ["<META_END>", "<META_END>", "<META_END>", "<META_END>", "<META_END>", "\n\n       ", "<META_END>", "<META_END>", "<META_END>"]], "top_logit_ablation_values": [[0, 0, 0, 0, 0, 1.069, 0, 0, 0], [0, 0, 0, 0, 0, 1.018, 0, 0, 0], [0, 0, 0, 0, 0, 1.002, 0, 0, 0], [0, 0, 0, 0, 0, 0.982, 0, 0, 0], [0, 0, 0, 0, 0, 0.935, 0, 0, 0]], "bottom_logit_ablation_values": [[0, 0, 0, 0, 0, 0.1331, 0, 0, 0], [0, 0, 0, 0, 0, 0.1645, 0, 0, 0], [0, 0, 0, 0, 0, 0.1696, 0, 0, 0], [0, 0, 0, 0, 0, 0.1729, 0, 0, 0], [0, 0, 0, 0, 0, 0.177, 0, 0, 0]], "residual_loss_ablation": [1.262, -0.07189, 1.003, -0.7419, 1.176, 0.2246, 0.1431, 0.2026, 0]}}, {"tokens_str_list": [".", "\n", "\n", "In", " the", " conditions", " of", " Definition", " 2"], "tokens_acts_list": [0, 0, 0, 0, 0.2057, 0, 0, 0, 0], "train_token_ind": 4, "is_repeated_datapoint": 0, "datapoint_ind": 26340538, "ablations": {"loss_ablation": [0, 0, 0, 0, 0, -0.08242, 0, 0, 0], "top_logit_ablation_tokens_str": [["<META>", "<META>", "<META>", "<META>", "<META>", "ing", "<META>", "<META>", "<META>"], ["<EOT>", "<EOT>", "<EOT>", "<EOT>", "<EOT>", "ments", "<EOT>", "<EOT>", "<EOT>"], ["<META_START>", "<META_START>", "<META_START>", "<META_START>", "<META_START>", "ment", "<META_START>", "<META_START>", "<META_START>"], ["<SOS>", "<SOS>", "<SOS>", "<SOS>", "<SOS>", "ly", "<SOS>", "<SOS>", "<SOS>"], ["<META_END>", "<META_END>", "<META_END>", "<META_END>", "<META_END>", "ive", "<META_END>", "<META_END>", "<META_END>"]], "bottom_logit_ablation_tokens_str": [["<META>", "<META>", "<META>", "<META>", "<META>", "\n\n   ", "<META>", "<META>", "<META>"], ["<EOT>", "<EOT>", "<EOT>", "<EOT>", "<EOT>", "\n       ", "<EOT>", "<EOT>", "<EOT>"], ["<META_START>", "<META_START>", "<META_START>", "<META_START>", "<META_START>", "\n\n       ", "<META_START>", "<META_START>", "<META_START>"], ["<SOS>", "<SOS>", "<SOS>", "<SOS>", "<SOS>", "\n   ", "<SOS>", "<SOS>", "<SOS>"], ["<META_END>", "<META_END>", "<META_END>", "<META_END>", "<META_END>", "\n", "<META_END>", "<META_END>", "<META_END>"]], "top_logit_ablation_values": [[0, 0, 0, 0, 0, 0.555, 0, 0, 0], [0, 0, 0, 0, 0, 0.5457, 0, 0, 0], [0, 0, 0, 0, 0, 0.5152, 0, 0, 0], [0, 0, 0, 0, 0, 0.4928, 0, 0, 0], [0, 0, 0, 0, 0, 0.4786, 0, 0, 0]], "bottom_logit_ablation_values": [[0, 0, 0, 0, 0, 0.003813, 0, 0, 0], [0, 0, 0, 0, 0, 0.01973, 0, 0, 0], [0, 0, 0, 0, 0, 0.03055, 0, 0, 0], [0, 0, 0, 0, 0, 0.03725, 0, 0, 0], [0, 0, 0, 0, 0, 0.04067, 0, 0, 0]], "residual_loss_ablation": [2.005, 0.1299, 0.2012, -0.02559, -0.5824, 1.777, 0.3678, 0.1318, 0]}}]}], "statistics": {"density_frac": 2e-08, "global_max_act": 0.5517, "abs_max_neuron_weights": [-0.1742, 0.1599, 0.1368], "abs_max_neuron_inds": [299, 316, 58], "l1_max_neuron_weights": [0.009646, 0.008853, 0.007574]}, "logit_effects": {"negatives": [["ization", -0.5278], ["ances", -0.5302], ["fully", -0.5307], ["s", -0.5535], ["ive", -0.5615], ["ful", -0.5619], ["ly", -0.6218], ["ment", -0.6627], ["ments", -0.7134], ["ing", -0.7385]], "positives": [["\n\n   ", 0.4719], ["\n       ", 0.41], ["unnumbered", 0.4051], ["\n\n\n\n", 0.3889], ["\n", 0.3888], ["\n\n       ", 0.3886], ["\n   ", 0.3731], ["\n               ", 0.3644], ["\n           ", 0.3639], ["<!--", 0.3613]]}}