{"index": 3714, "act_buckets": [0, 1, 0, 0, 0, 0, 0, 0, 0, 0, 0, 0, 0, 0, 0, 0, 0, 0, 0, 0, 0, 0, 0, 0, 0, 0, 0, 0, 0, 0, 0, 0, 0, 0, 0, 0, 0, 0, 0, 1], "act_bucket_edges": [0, 0.003751, 0.007503, 0.01125, 0.01501, 0.01876, 0.02251, 0.02626, 0.03001, 0.03376, 0.03751, 0.04126, 0.04502, 0.04877, 0.05252, 0.05627, 0.06002, 0.06377, 0.06752, 0.07127, 0.07503, 0.07878, 0.08253, 0.08628, 0.09003, 0.09378, 0.09753, 0.1013, 0.105, 0.1088, 0.1125, 0.1163, 0.12, 0.1238, 0.1275, 0.1313, 0.135, 0.1388, 0.1425, 0.1463, 0.1501], "logit_buckets": [1, 0, 1, 4, 6, 7, 9, 9, 31, 51, 59, 78, 161, 2030, 1078, 1202, 1468, 1844, 2468, 3349, 4387, 5882, 6918, 7461, 7325, 6078, 5004, 3524, 2246, 1178, 785, 395, 239, 114, 74, 39, 18, 9, 3, 1], "logit_bucket_edges": [-0.6465, -0.6187, -0.5909, -0.563, -0.5352, -0.5074, -0.4795, -0.4517, -0.4239, -0.3961, -0.3682, -0.3404, -0.3126, -0.2847, -0.2569, -0.2291, -0.2013, -0.1734, -0.1456, -0.1178, -0.08995, -0.06212, -0.03429, -0.00646, 0.02137, 0.0492, 0.07702, 0.1049, 0.1327, 0.1605, 0.1883, 0.2162, 0.244, 0.2718, 0.2997, 0.3275, 0.3553, 0.3831, 0.411, 0.4388, 0.4666], "examples_quantiles": [{"quantile_name": "Top Activations", "quantile_max_act": 0.1501, "examples": [{"tokens_str_list": ["\n                                             ", " 6", "\n\f", "<EOT>", "Abbrev", "iations", "\n", "=============", "\n"], "tokens_acts_list": [0, 0, 0, 0, 0.1501, 0, 0, 0, 0], "train_token_ind": 4, "is_repeated_datapoint": 0, "datapoint_ind": 17505211, "ablations": {"loss_ablation": [0, 0, 0, 0, 0, -5.862e-05, 0, 0, 0], "top_logit_ablation_tokens_str": [["<META>", "<META>", "<META>", "<META>", "<META>", "ize", "<META>", "<META>", "<META>"], ["<EOT>", "<EOT>", "<EOT>", "<EOT>", "<EOT>", "ly", "<EOT>", "<EOT>", "<EOT>"], ["<META_START>", "<META_START>", "<META_START>", "<META_START>", "<META_START>", "izes", "<META_START>", "<META_START>", "<META_START>"], ["<SOS>", "<SOS>", "<SOS>", "<SOS>", "<SOS>", " with", "<SOS>", "<SOS>", "<SOS>"], ["<META_END>", "<META_END>", "<META_END>", "<META_END>", "<META_END>", "izing", "<META_END>", "<META_END>", "<META_END>"]], "bottom_logit_ablation_tokens_str": [["<META>", "<META>", "<META>", "<META>", "<META>", "\n      ", "<META>", "<META>", "<META>"], ["<EOT>", "<EOT>", "<EOT>", "<EOT>", "<EOT>", "\n", "<EOT>", "<EOT>", "<EOT>"], ["<META_START>", "<META_START>", "<META_START>", "<META_START>", "<META_START>", "\r", "<META_START>", "<META_START>", "<META_START>"], ["<SOS>", "<SOS>", "<SOS>", "<SOS>", "<SOS>", "\n                                             ", "<SOS>", "<SOS>", "<SOS>"], ["<META_END>", "<META_END>", "<META_END>", "<META_END>", "<META_END>", "\n                                              ", "<META_END>", "<META_END>", "<META_END>"]], "top_logit_ablation_values": [[0, 0, 0, 0, 0, 0.1765, 0, 0, 0], [0, 0, 0, 0, 0, 0.1668, 0, 0, 0], [0, 0, 0, 0, 0, 0.1625, 0, 0, 0], [0, 0, 0, 0, 0, 0.159, 0, 0, 0], [0, 0, 0, 0, 0, 0.1581, 0, 0, 0]], "bottom_logit_ablation_values": [[0, 0, 0, 0, 0, -0.01077, 0, 0, 0], [0, 0, 0, 0, 0, -0.006185, 0, 0, 0], [0, 0, 0, 0, 0, -0.004845, 0, 0, 0], [0, 0, 0, 0, 0, -0.0002284, 0, 0, 0], [0, 0, 0, 0, 0, 0.0002146, 0, 0, 0]], "residual_loss_ablation": [0.7787, 2.314, 4.341, 1.989, 0.06188, 1.843, -1.845, 4.214, 0]}}, {"tokens_str_list": ["\\x9d", "\\xe1\\x83", "\\x93", " \\xe1\\x83", "\\xac", "\u10d8\\xe1\\x83", "\\x9c", "\u10d0\\xe1\\x83", "\\xa1"], "tokens_acts_list": [0, 0, 0, 0, 0.005778, 0, 0, 0, 0], "train_token_ind": 4, "is_repeated_datapoint": 0, "datapoint_ind": 54671983, "ablations": {"loss_ablation": [0, 0, 0, 0, 0, 0.0005615, 0, 0, 0], "top_logit_ablation_tokens_str": [["<META>", "<META>", "<META>", "<META>", "<META>", ",", "<META>", "<META>", "<META>"], ["<EOT>", "<EOT>", "<EOT>", "<EOT>", "<EOT>", ".", "<EOT>", "<EOT>", "<EOT>"], ["<META_START>", "<META_START>", "<META_START>", "<META_START>", "<META_START>", " is", "<META_START>", "<META_START>", "<META_START>"], ["<SOS>", "<SOS>", "<SOS>", "<SOS>", "<SOS>", " by", "<SOS>", "<SOS>", "<SOS>"], ["<META_END>", "<META_END>", "<META_END>", "<META_END>", "<META_END>", " for", "<META_END>", "<META_END>", "<META_END>"]], "bottom_logit_ablation_tokens_str": [["<META>", "<META>", "<META>", "<META>", "<META>", "etary", "<META>", "<META>", "<META>"], ["<EOT>", "<EOT>", "<EOT>", "<EOT>", "<EOT>", "acreon", "<EOT>", "<EOT>", "<EOT>"], ["<META_START>", "<META_START>", "<META_START>", "<META_START>", "<META_START>", " sublicense", "<META_START>", "<META_START>", "<META_START>"], ["<SOS>", "<SOS>", "<SOS>", "<SOS>", "<SOS>", "\n\t\t\n\t\t", "<SOS>", "<SOS>", "<SOS>"], ["<META_END>", "<META_END>", "<META_END>", "<META_END>", "<META_END>", "DictReader", "<META_END>", "<META_END>", "<META_END>"]], "top_logit_ablation_values": [[0, 0, 0, 0, 0, 0.00428, 0, 0, 0], [0, 0, 0, 0, 0, 0.004106, 0, 0, 0], [0, 0, 0, 0, 0, 0.003471, 0, 0, 0], [0, 0, 0, 0, 0, 0.003022, 0, 0, 0], [0, 0, 0, 0, 0, 0.003001, 0, 0, 0]], "bottom_logit_ablation_values": [[0, 0, 0, 0, 0, -0.005698, 0, 0, 0], [0, 0, 0, 0, 0, -0.00556, 0, 0, 0], [0, 0, 0, 0, 0, -0.005558, 0, 0, 0], [0, 0, 0, 0, 0, -0.005364, 0, 0, 0], [0, 0, 0, 0, 0, -0.00534, 0, 0, 0]], "residual_loss_ablation": [1.262, -0.07189, 1.003, -0.7419, 1.176, 0.2246, 0.1431, 0.2026, 0]}}]}], "statistics": {"density_frac": 2e-08, "global_max_act": 0.1501, "abs_max_neuron_weights": [0.133, 0.1323, 0.1268], "abs_max_neuron_inds": [112, 58, 102], "l1_max_neuron_weights": [0.007139, 0.007104, 0.006809]}, "logit_effects": {"negatives": [["led", -0.5213], [" of", -0.5218], ["urally", -0.5245], ["ful", -0.5302], [" with", -0.5429], ["izes", -0.5467], ["ments", -0.5485], ["atic", -0.5571], ["ly", -0.5789], ["ize", -0.6465]], "positives": [["\n      ", 0.4666], ["\r", 0.4224], ["\n\f", 0.4164], ["\n", 0.4149], ["abeth", 0.4075], ["IRC", 0.4073], ["\n                                             ", 0.3975], ["\n                                              ", 0.3947], ["\n\n ", 0.3924], ["\n                       ", 0.3917]]}}