{"index": 3724, "act_buckets": [0, 0, 0, 0, 0, 0, 0, 0, 0, 0, 1, 1, 0, 1, 0, 0, 0, 0, 0, 0, 0, 0, 0, 0, 0, 0, 0, 0, 0, 0, 0, 0, 0, 0, 0, 0, 0, 0, 0, 1], "act_bucket_edges": [0, 0.01146, 0.02293, 0.03439, 0.04585, 0.05732, 0.06878, 0.08025, 0.09171, 0.1032, 0.1146, 0.1261, 0.1376, 0.149, 0.1605, 0.172, 0.1834, 0.1949, 0.2063, 0.2178, 0.2293, 0.2407, 0.2522, 0.2637, 0.2751, 0.2866, 0.2981, 0.3095, 0.321, 0.3324, 0.3439, 0.3554, 0.3668, 0.3783, 0.3898, 0.4012, 0.4127, 0.4242, 0.4356, 0.4471, 0.4585], "logit_buckets": [1, 6, 10, 10, 14, 33, 48, 84, 172, 267, 450, 735, 1208, 1804, 2384, 3301, 4461, 7320, 8691, 8404, 7556, 5848, 4046, 2805, 1955, 1349, 898, 605, 400, 267, 163, 107, 48, 34, 25, 13, 6, 1, 5, 2], "logit_bucket_edges": [-0.4199, -0.398, -0.3762, -0.3543, -0.3325, -0.3106, -0.2887, -0.2669, -0.245, -0.2232, -0.2013, -0.1795, -0.1576, -0.1358, -0.1139, -0.09208, -0.07022, -0.04837, -0.02652, -0.004667, 0.01719, 0.03904, 0.06089, 0.08274, 0.1046, 0.1264, 0.1483, 0.1702, 0.192, 0.2139, 0.2357, 0.2576, 0.2794, 0.3013, 0.3231, 0.345, 0.3668, 0.3887, 0.4105, 0.4324, 0.4542], "examples_quantiles": [{"quantile_name": "Top Activations", "quantile_max_act": 0.4585, "examples": [{"tokens_str_list": ["<EOT>", "An", " Or", "gas", "mic", " S", "eder", "\n", "\n"], "tokens_acts_list": [0, 0, 0, 0, 0.4585, 0, 0, 0, 0], "train_token_ind": 4, "is_repeated_datapoint": 0, "datapoint_ind": 21159699, "ablations": {"loss_ablation": [0, 0, 0, 0, 0, -0.03432, 0, 0, 0], "top_logit_ablation_tokens_str": [["<META>", "<META>", "<META>", "<META>", "<META>", "=====", "<META>", "<META>", "<META>"], ["<EOT>", "<EOT>", "<EOT>", "<EOT>", "<EOT>", "culating", "<EOT>", "<EOT>", "<EOT>"], ["<META_START>", "<META_START>", "<META_START>", "<META_START>", "<META_START>", "==========", "<META_START>", "<META_START>", "<META_START>"], ["<SOS>", "<SOS>", "<SOS>", "<SOS>", "<SOS>", "===============", "<SOS>", "<SOS>", "<SOS>"], ["<META_END>", "<META_END>", "<META_END>", "<META_END>", "<META_END>", "EMENT", "<META_END>", "<META_END>", "<META_END>"]], "bottom_logit_ablation_tokens_str": [["<META>", "<META>", "<META>", "<META>", "<META>", "unnumbered", "<META>", "<META>", "<META>"], ["<EOT>", "<EOT>", "<EOT>", "<EOT>", "<EOT>", "ighed", "<EOT>", "<EOT>", "<EOT>"], ["<META_START>", "<META_START>", "<META_START>", "<META_START>", "<META_START>", "stry", "<META_START>", "<META_START>", "<META_START>"], ["<SOS>", "<SOS>", "<SOS>", "<SOS>", "<SOS>", "buch", "<SOS>", "<SOS>", "<SOS>"], ["<META_END>", "<META_END>", "<META_END>", "<META_END>", "<META_END>", "antry", "<META_END>", "<META_END>", "<META_END>"]], "top_logit_ablation_values": [[0, 0, 0, 0, 0, 0.3255, 0, 0, 0], [0, 0, 0, 0, 0, 0.3117, 0, 0, 0], [0, 0, 0, 0, 0, 0.3059, 0, 0, 0], [0, 0, 0, 0, 0, 0.3048, 0, 0, 0], [0, 0, 0, 0, 0, 0.3021, 0, 0, 0]], "bottom_logit_ablation_values": [[0, 0, 0, 0, 0, -0.2311, 0, 0, 0], [0, 0, 0, 0, 0, -0.23, 0, 0, 0], [0, 0, 0, 0, 0, -0.2209, 0, 0, 0], [0, 0, 0, 0, 0, -0.2159, 0, 0, 0], [0, 0, 0, 0, 0, -0.2101, 0, 0, 0]], "residual_loss_ablation": [1.927, -0.1663, -0.6211, -0.4359, 3.095, 0.2773, 0.886, -0.7355, 0]}}, {"tokens_str_list": [" conditions", ".", " In", " contrast", ",", " 5", "-", "HT", "~"], "tokens_acts_list": [0, 0, 0, 0, 0.1524, 0, 0, 0, 0], "train_token_ind": 4, "is_repeated_datapoint": 0, "datapoint_ind": 44862297, "ablations": {"loss_ablation": [0, 0, 0, 0, 0, -0.002535, 0, 0, 0], "top_logit_ablation_tokens_str": [["<META>", "<META>", "<META>", "<META>", "<META>", "culating", "<META>", "<META>", "<META>"], ["<EOT>", "<EOT>", "<EOT>", "<EOT>", "<EOT>", "=====", "<EOT>", "<EOT>", "<EOT>"], ["<META_START>", "<META_START>", "<META_START>", "<META_START>", "<META_START>", "===============", "<META_START>", "<META_START>", "<META_START>"], ["<SOS>", "<SOS>", "<SOS>", "<SOS>", "<SOS>", "ates", "<SOS>", "<SOS>", "<SOS>"], ["<META_END>", "<META_END>", "<META_END>", "<META_END>", "<META_END>", "leness", "<META_END>", "<META_END>", "<META_END>"]], "bottom_logit_ablation_tokens_str": [["<META>", "<META>", "<META>", "<META>", "<META>", "unnumbered", "<META>", "<META>", "<META>"], ["<EOT>", "<EOT>", "<EOT>", "<EOT>", "<EOT>", "buch", "<EOT>", "<EOT>", "<EOT>"], ["<META_START>", "<META_START>", "<META_START>", "<META_START>", "<META_START>", "stry", "<META_START>", "<META_START>", "<META_START>"], ["<SOS>", "<SOS>", "<SOS>", "<SOS>", "<SOS>", "antry", "<SOS>", "<SOS>", "<SOS>"], ["<META_END>", "<META_END>", "<META_END>", "<META_END>", "<META_END>", "ighed", "<META_END>", "<META_END>", "<META_END>"]], "top_logit_ablation_values": [[0, 0, 0, 0, 0, 0.1239, 0, 0, 0], [0, 0, 0, 0, 0, 0.1229, 0, 0, 0], [0, 0, 0, 0, 0, 0.1185, 0, 0, 0], [0, 0, 0, 0, 0, 0.1174, 0, 0, 0], [0, 0, 0, 0, 0, 0.1173, 0, 0, 0]], "bottom_logit_ablation_values": [[0, 0, 0, 0, 0, -0.1397, 0, 0, 0], [0, 0, 0, 0, 0, -0.1364, 0, 0, 0], [0, 0, 0, 0, 0, -0.1358, 0, 0, 0], [0, 0, 0, 0, 0, -0.1338, 0, 0, 0], [0, 0, 0, 0, 0, -0.1321, 0, 0, 0]], "residual_loss_ablation": [1.046, 0.2116, -0.3119, 0.5894, -0.1229, 2.026, -0.1312, 6.317, 0]}}, {"tokens_str_list": ["ular", " ev", "oked", " my", "ogenic", " potential", "\",", " \"", "Men"], "tokens_acts_list": [0, 0, 0, 0, 0.1357, 0, 0, 0, 0], "train_token_ind": 4, "is_repeated_datapoint": 0, "datapoint_ind": 58011447, "ablations": {"loss_ablation": [0, 0, 0, 0, 0, 0.003605, 0, 0, 0], "top_logit_ablation_tokens_str": [["<META>", "<META>", "<META>", "<META>", "<META>", "=====", "<META>", "<META>", "<META>"], ["<EOT>", "<EOT>", "<EOT>", "<EOT>", "<EOT>", "ates", "<EOT>", "<EOT>", "<EOT>"], ["<META_START>", "<META_START>", "<META_START>", "<META_START>", "<META_START>", "fully", "<META_START>", "<META_START>", "<META_START>"], ["<SOS>", "<SOS>", "<SOS>", "<SOS>", "<SOS>", "culating", "<SOS>", "<SOS>", "<SOS>"], ["<META_END>", "<META_END>", "<META_END>", "<META_END>", "<META_END>", "===============", "<META_END>", "<META_END>", "<META_END>"]], "bottom_logit_ablation_tokens_str": [["<META>", "<META>", "<META>", "<META>", "<META>", "stry", "<META>", "<META>", "<META>"], ["<EOT>", "<EOT>", "<EOT>", "<EOT>", "<EOT>", "unnumbered", "<EOT>", "<EOT>", "<EOT>"], ["<META_START>", "<META_START>", "<META_START>", "<META_START>", "<META_START>", "berry", "<META_START>", "<META_START>", "<META_START>"], ["<SOS>", "<SOS>", "<SOS>", "<SOS>", "<SOS>", "antry", "<SOS>", "<SOS>", "<SOS>"], ["<META_END>", "<META_END>", "<META_END>", "<META_END>", "<META_END>", "ighed", "<META_END>", "<META_END>", "<META_END>"]], "top_logit_ablation_values": [[0, 0, 0, 0, 0, 0.133, 0, 0, 0], [0, 0, 0, 0, 0, 0.1276, 0, 0, 0], [0, 0, 0, 0, 0, 0.1273, 0, 0, 0], [0, 0, 0, 0, 0, 0.1243, 0, 0, 0], [0, 0, 0, 0, 0, 0.1233, 0, 0, 0]], "bottom_logit_ablation_values": [[0, 0, 0, 0, 0, -0.09673, 0, 0, 0], [0, 0, 0, 0, 0, -0.09559, 0, 0, 0], [0, 0, 0, 0, 0, -0.0939, 0, 0, 0], [0, 0, 0, 0, 0, -0.09163, 0, 0, 0], [0, 0, 0, 0, 0, -0.09107, 0, 0, 0]], "residual_loss_ablation": [0.8364, 1.099, -0.03656, 0.8382, 6.167, 1.934, 11.64, 5.197, 0]}}, {"tokens_str_list": [" vir", "ulent", " c", "ari", "ogenic", " pathogen", ",", " was", " used"], "tokens_acts_list": [0, 0, 0, 0, 0.1162, 0, 0, 0, 0], "train_token_ind": 4, "is_repeated_datapoint": 0, "datapoint_ind": 7949378, "ablations": {"loss_ablation": [0, 0, 0, 0, 0, 0.01214, 0, 0, 0], "top_logit_ablation_tokens_str": [["<META>", "<META>", "<META>", "<META>", "<META>", "=====", "<META>", "<META>", "<META>"], ["<EOT>", "<EOT>", "<EOT>", "<EOT>", "<EOT>", "EMENT", "<EOT>", "<EOT>", "<EOT>"], ["<META_START>", "<META_START>", "<META_START>", "<META_START>", "<META_START>", "===============", "<META_START>", "<META_START>", "<META_START>"], ["<SOS>", "<SOS>", "<SOS>", "<SOS>", "<SOS>", " PROFITS", "<SOS>", "<SOS>", "<SOS>"], ["<META_END>", "<META_END>", "<META_END>", "<META_END>", "<META_END>", "==========", "<META_END>", "<META_END>", "<META_END>"]],