{"index": 3731, "act_buckets": [0, 0, 0, 0, 0, 0, 0, 0, 0, 0, 0, 0, 0, 0, 0, 0, 0, 0, 0, 0, 0, 0, 0, 0, 0, 0, 0, 0, 0, 0, 0, 0, 0, 0, 0, 0, 0, 0, 0, 1], "act_bucket_edges": [0, 0.0004337, 0.0008675, 0.001301, 0.001735, 0.002169, 0.002602, 0.003036, 0.00347, 0.003904, 0.004337, 0.004771, 0.005205, 0.005639, 0.006072, 0.006506, 0.00694, 0.007373, 0.007807, 0.008241, 0.008675, 0.009108, 0.009542, 0.009976, 0.01041, 0.01084, 0.01128, 0.01171, 0.01214, 0.01258, 0.01301, 0.01345, 0.01388, 0.01431, 0.01475, 0.01518, 0.01561, 0.01605, 0.01648, 0.01692, 0.01735], "logit_buckets": [1, 0, 0, 1, 7, 2, 5, 16, 53, 79, 162, 305, 491, 899, 1537, 2563, 3979, 8281, 8572, 9212, 8361, 6905, 5241, 3699, 2384, 1265, 709, 386, 187, 101, 72, 31, 15, 5, 7, 2, 0, 0, 0, 1], "logit_bucket_edges": [-0.482, -0.4574, -0.4329, -0.4083, -0.3837, -0.3592, -0.3346, -0.3101, -0.2855, -0.2609, -0.2364, -0.2118, -0.1872, -0.1627, -0.1381, -0.1136, -0.08899, -0.06443, -0.03986, -0.0153, 0.009261, 0.03382, 0.05839, 0.08295, 0.1075, 0.1321, 0.1566, 0.1812, 0.2058, 0.2303, 0.2549, 0.2795, 0.304, 0.3286, 0.3531, 0.3777, 0.4023, 0.4268, 0.4514, 0.476, 0.5005], "examples_quantiles": [{"quantile_name": "Top Activations", "quantile_max_act": 0.01735, "examples": [{"tokens_str_list": ["esy", ",", " but", " accurate", ").", "\n", "\n", "The", " W"], "tokens_acts_list": [0, 0, 0, 0, 0.01735, 0, 0, 0, 0], "train_token_ind": 4, "is_repeated_datapoint": 0, "datapoint_ind": 22147069, "ablations": {"loss_ablation": [0, 0, 0, 0, 0, 0.004474, 0, 0, 0], "top_logit_ablation_tokens_str": [["<META>", "<META>", "<META>", "<META>", "<META>", "=\"", "<META>", "<META>", "<META>"], ["<EOT>", "<EOT>", "<EOT>", "<EOT>", "<EOT>", "ogy", "<EOT>", "<EOT>", "<EOT>"], ["<META_START>", "<META_START>", "<META_START>", "<META_START>", "<META_START>", "ige", "<META_START>", "<META_START>", "<META_START>"], ["<SOS>", "<SOS>", "<SOS>", "<SOS>", "<SOS>", "ization", "<SOS>", "<SOS>", "<SOS>"], ["<META_END>", "<META_END>", "<META_END>", "<META_END>", "<META_END>", "igen", "<META_END>", "<META_END>", "<META_END>"]], "bottom_logit_ablation_tokens_str": [["<META>", "<META>", "<META>", "<META>", "<META>", "weet", "<META>", "<META>", "<META>"], ["<EOT>", "<EOT>", "<EOT>", "<EOT>", "<EOT>", "\"\u2014", "<EOT>", "<EOT>", "<EOT>"], ["<META_START>", "<META_START>", "<META_START>", "<META_START>", "<META_START>", "i\u00f3n", "<META_START>", "<META_START>", "<META_START>"], ["<SOS>", "<SOS>", "<SOS>", "<SOS>", "<SOS>", "\"?", "<SOS>", "<SOS>", "<SOS>"], ["<META_END>", "<META_END>", "<META_END>", "<META_END>", "<META_END>", "\".", "<META_END>", "<META_END>", "<META_END>"]], "top_logit_ablation_values": [[0, 0, 0, 0, 0, 0.009687, 0, 0, 0], [0, 0, 0, 0, 0, 0.009449, 0, 0, 0], [0, 0, 0, 0, 0, 0.008385, 0, 0, 0], [0, 0, 0, 0, 0, 0.007913, 0, 0, 0], [0, 0, 0, 0, 0, 0.007428, 0, 0, 0]], "bottom_logit_ablation_values": [[0, 0, 0, 0, 0, -0.01949, 0, 0, 0], [0, 0, 0, 0, 0, -0.01649, 0, 0, 0], [0, 0, 0, 0, 0, -0.0163, 0, 0, 0], [0, 0, 0, 0, 0, -0.01585, 0, 0, 0], [0, 0, 0, 0, 0, -0.01572, 0, 0, 0]], "residual_loss_ablation": [3.068, -0.7268, -0.7964, 0.3911, 6.244, 0.01212, 0.007852, -0.3733, 0]}}]}], "statistics": {"density_frac": 1e-08, "global_max_act": 0.01735, "abs_max_neuron_weights": [0.1764, 0.1613, 0.1415], "abs_max_neuron_inds": [21, 214, 443], "l1_max_neuron_weights": [0.01039, 0.009505, 0.008338]}, "logit_effects": {"negatives": [["ische", -0.3551], ["iet", -0.3606], ["=\"", -0.3639], ["Ct", -0.3644], ["ically", -0.3646], ["ize", -0.3671], ["igen", -0.3682], ["ization", -0.3748], ["ige", -0.4056], ["ogy", -0.482]], "positives": [["weet", 0.5005], ["i\u00f3n", 0.3909], ["),\"", 0.3848], ["\".", 0.3757], ["CADE", 0.3691], ["\n\f", 0.3688], ["\u201d.", 0.3608], ["\".'", 0.3601], ["cript", 0.3549], ["\"?", 0.3533]]}}