{"index": 3764, "act_buckets": [0, 0, 1, 0, 0, 0, 0, 1, 0, 0, 0, 0, 0, 0, 0, 0, 0, 0, 0, 0, 0, 0, 0, 0, 0, 0, 0, 0, 0, 0, 0, 0, 0, 0, 0, 0, 0, 0, 0, 1], "act_bucket_edges": [0, 0.01639, 0.03278, 0.04917, 0.06556, 0.08194, 0.09833, 0.1147, 0.1311, 0.1475, 0.1639, 0.1803, 0.1967, 0.2131, 0.2294, 0.2458, 0.2622, 0.2786, 0.295, 0.3114, 0.3278, 0.3442, 0.3606, 0.3769, 0.3933, 0.4097, 0.4261, 0.4425, 0.4589, 0.4753, 0.4917, 0.5081, 0.5244, 0.5408, 0.5572, 0.5736, 0.59, 0.6064, 0.6228, 0.6392, 0.6556], "logit_buckets": [1, 0, 0, 0, 3, 2, 4, 18, 40, 97, 165, 278, 461, 702, 1138, 1702, 2336, 3173, 3866, 4907, 5924, 6792, 7302, 10520, 5902, 3789, 2479, 1598, 943, 573, 299, 246, 126, 72, 31, 23, 7, 6, 5, 2], "logit_bucket_edges": [-0.4959, -0.4735, -0.4512, -0.4288, -0.4064, -0.384, -0.3617, -0.3393, -0.3169, -0.2945, -0.2722, -0.2498, -0.2274, -0.205, -0.1827, -0.1603, -0.1379, -0.1155, -0.09316, -0.07079, -0.04841, -0.02604, -0.003662, 0.01871, 0.04109, 0.06346, 0.08584, 0.1082, 0.1306, 0.153, 0.1753, 0.1977, 0.2201, 0.2425, 0.2648, 0.2872, 0.3096, 0.332, 0.3543, 0.3767, 0.3991], "examples_quantiles": [{"quantile_name": "Top Activations", "quantile_max_act": 0.6556, "examples": [{"tokens_str_list": ["\\", "bigg", "(\\", "frac", " {\\", "vart", "he", "ta", "_{"], "tokens_acts_list": [0, 0, 0, 0, 0.6556, 0, 0, 0, 0], "train_token_ind": 4, "is_repeated_datapoint": 0, "datapoint_ind": 1954732, "ablations": {"loss_ablation": [0, 0, 0, 0, 0, -0.04036, 0, 0, 0], "top_logit_ablation_tokens_str": [["<META>", "<META>", "<META>", "<META>", "<META>", "ifies", "<META>", "<META>", "<META>"], ["<EOT>", "<EOT>", "<EOT>", "<EOT>", "<EOT>", "=\"", "<EOT>", "<EOT>", "<EOT>"], ["<META_START>", "<META_START>", "<META_START>", "<META_START>", "<META_START>", " extends", "<META_START>", "<META_START>", "<META_START>"], ["<SOS>", "<SOS>", "<SOS>", "<SOS>", "<SOS>", "ifying", "<SOS>", "<SOS>", "<SOS>"], ["<META_END>", "<META_END>", "<META_END>", "<META_END>", "<META_END>", " of", "<META_END>", "<META_END>", "<META_END>"]], "bottom_logit_ablation_tokens_str": [["<META>", "<META>", "<META>", "<META>", "<META>", "monary", "<META>", "<META>", "<META>"], ["<EOT>", "<EOT>", "<EOT>", "<EOT>", "<EOT>", "sted", "<EOT>", "<EOT>", "<EOT>"], ["<META_START>", "<META_START>", "<META_START>", "<META_START>", "<META_START>", "gue", "<META_START>", "<META_START>", "<META_START>"], ["<SOS>", "<SOS>", "<SOS>", "<SOS>", "<SOS>", "ited", "<SOS>", "<SOS>", "<SOS>"], ["<META_END>", "<META_END>", "<META_END>", "<META_END>", "<META_END>", "eto", "<META_END>", "<META_END>", "<META_END>"]], "top_logit_ablation_values": [[0, 0, 0, 0, 0, 0.1327, 0, 0, 0], [0, 0, 0, 0, 0, 0.02359, 0, 0, 0], [0, 0, 0, 0, 0, 0.02, 0, 0, 0], [0, 0, 0, 0, 0, 0.01127, 0, 0, 0], [0, 0, 0, 0, 0, 0.001627, 0, 0, 0]], "bottom_logit_ablation_values": [[0, 0, 0, 0, 0, -0.909, 0, 0, 0], [0, 0, 0, 0, 0, -0.8947, 0, 0, 0], [0, 0, 0, 0, 0, -0.8783, 0, 0, 0], [0, 0, 0, 0, 0, -0.8711, 0, 0, 0], [0, 0, 0, 0, 0, -0.8699, 0, 0, 0]], "residual_loss_ablation": [-0.8725, 4.317, 1.238, 1.696, 0.1535, 2.122, 5.199, 7.429, 0]}}, {"tokens_str_list": ["Value", "=\"#", "{", "javascript", ":@", "Created", "()}", "\">", "\n           "], "tokens_acts_list": [0, 0, 0, 0, 0.1272, 0, 0, 0, 0], "train_token_ind": 4, "is_repeated_datapoint": 0, "datapoint_ind": 89413861, "ablations": {"loss_ablation": [0, 0, 0, 0, 0, -0.04005, 0, 0, 0], "top_logit_ablation_tokens_str": [["<META>", "<META>", "<META>", "<META>", "<META>", "ifies", "<META>", "<META>", "<META>"], ["<EOT>", "<EOT>", "<EOT>", "<EOT>", "<EOT>", "ifying", "<EOT>", "<EOT>", "<EOT>"], ["<META_START>", "<META_START>", "<META_START>", "<META_START>", "<META_START>", " of", "<META_START>", "<META_START>", "<META_START>"], ["<SOS>", "<SOS>", "<SOS>", "<SOS>", "<SOS>", "=\"", "<SOS>", "<SOS>", "<SOS>"], ["<META_END>", "<META_END>", "<META_END>", "<META_END>", "<META_END>", " extends", "<META_END>", "<META_END>", "<META_END>"]], "bottom_logit_ablation_tokens_str": [["<META>", "<META>", "<META>", "<META>", "<META>", "monary", "<META>", "<META>", "<META>"], ["<EOT>", "<EOT>", "<EOT>", "<EOT>", "<EOT>", "sted", "<EOT>", "<EOT>", "<EOT>"], ["<META_START>", "<META_START>", "<META_START>", "<META_START>", "<META_START>", "ited", "<META_START>", "<META_START>", "<META_START>"], ["<SOS>", "<SOS>", "<SOS>", "<SOS>", "<SOS>", "eto", "<SOS>", "<SOS>", "<SOS>"], ["<META_END>", "<META_END>", "<META_END>", "<META_END>", "<META_END>", "clerosis", "<META_END>", "<META_END>", "<META_END>"]], "top_logit_ablation_values": [[0, 0, 0, 0, 0, 0.04796, 0, 0, 0], [0, 0, 0, 0, 0, 0.02472, 0, 0, 0], [0, 0, 0, 0, 0, 0.01713, 0, 0, 0], [0, 0, 0, 0, 0, 0.01652, 0, 0, 0], [0, 0, 0, 0, 0, 0.0121, 0, 0, 0]], "bottom_logit_ablation_values": [[0, 0, 0, 0, 0, -0.1947, 0, 0, 0], [0, 0, 0, 0, 0, -0.1932, 0, 0, 0], [0, 0, 0, 0, 0, -0.1929, 0, 0, 0], [0, 0, 0, 0, 0, -0.1905, 0, 0, 0], [0, 0, 0, 0, 0, -0.1892, 0, 0, 0]], "residual_loss_ablation": [0.8517, 2.095, 7.384, 1.848, -0.9824, -1.045, -2.036, 4.798, 0]}}, {"tokens_str_list": [" time", " than", " it", " has", " taken", "\n", "to", " tell", "."], "tokens_acts_list": [0, 0, 0, 0, 0.04649, 0, 0, 0, 0], "train_token_ind": 4, "is_repeated_datapoint": 0, "datapoint_ind": 89318935, "ablations": {"loss_ablation": [0, 0, 0, 0, 0, 0.004647, 0, 0, 0], "top_logit_ablation_tokens_str": [["<META>", "<META>", "<META>", "<META>", "<META>", "ifies", "<META>", "<META>", "<META>"], ["<EOT>", "<EOT>", "<EOT>", "<EOT>", "<EOT>", " of", "<EOT>", "<EOT>", "<EOT>"], ["<META_START>", "<META_START>", "<META_START>", "<META_START>", "<META_START>", "=\"", "<META_START>", "<META_START>", "<META_START>"], ["<SOS>", "<SOS>", "<SOS>", "<SOS>", "<SOS>", "ifying", "<SOS>", "<SOS>", "<SOS>"], ["<META_END>", "<META_END>", "<META_END>", "<META_END>", "<META_END>", " as", "<META_END>", "<META_END>", "<META_END>"]], "bottom_logit_ablation_tokens_str": [["<META>", "<META>", "<META>", "<META>", "<META>", "sted", "<META>", "<META>", "<META>"], ["<EOT>", "<EOT>", "<EOT>", "<EOT>", "<EOT>", "ited", "<EOT>", "<EOT>", "<EOT>"], ["<META_START>", "<META_START>", "<META_START>", "<META_START>", "<META_START>", "nell", "<META_START>", "<META_START>", "<META_START>"], ["<SOS>", "<SOS>", "<SOS>", "<SOS>", "<SOS>", "monary", "<SOS>", "<SOS>", "<SOS>"], ["<META_END>", "<META_END>", "<META_END>", "<META_END>", "<META_END>", "eto", "<META_END>", "<META_END>", "<META_END>"]], "top_logit_ablation_values": [[0, 0, 0, 0, 0, 0.004042, 0, 0, 0], [0, 0, 0, 0, 0, 0.003144, 0, 0, 0], [0, 0, 0, 0, 0, 0.001761, 0, 0, 0], [0, 0, 0, 0, 0, -0.0007563, 0, 0, 0], [0, 0, 0, 0, 0, -0.0008175, 0, 0, 0]], "bottom_logit_ablation_values": [[0, 0, 0, 0, 0, -0.04894, 0, 0, 0], [0, 0, 0, 0, 0, -0.0485, 0, 0, 0], [0, 0, 0, 0, 0, -0.04673, 0, 0, 0], [0, 0, 0, 0, 0, -0.04664, 0, 0, 0], [0, 0, 0, 0, 0, -0.0458, 0, 0, 0]], "residual_loss_ablation": [-0.5372, 1.499, -0.02444, -1.379, -0.9319, 4.721, 0.9951, 1.281, 0]}}]}], "statistics": {"density_frac": 3e-08, "global_max_act": 0.6556, "abs_max_neuron_weights": [0.1718, 0.1622, 0.1501], "abs_max_neuron_inds": [109, 161, 386], "l1_max_neuron_weights": [0.01013, 0.009563, 0.008848]}, "logit_effects": {"negatives": [["liography", -0.3402], [" behind", -0.3509], ["-,", -0.3528], [" shown", -0.3538], [" as", -0.3737], [" of", -0.3823], ["ifying", -0.3917], [" extends", -0.3974], ["=\"", -0.4021], ["ifies", -0.4959]], "positives": [["monary", 0.3991], ["sted", 0.3852], ["gue", 0.374], ["ited", 0.3647], ["eto", 0.3643], ["clerosis", 0.3612], ["borough", 0.3585], ["creen", 0.3501], ["ectomy", 0.3483], ["odore", 0.3413]]}}