{"index": 3770, "act_buckets": [0, 0, 0, 0, 0, 0, 0, 0, 0, 0, 0, 0, 0, 0, 0, 0, 0, 0, 0, 0, 0, 0, 0, 0, 0, 0, 0, 0, 0, 0, 0, 0, 0, 0, 0, 1, 0, 0, 0, 1], "act_bucket_edges": [0, 0.003791, 0.007583, 0.01137, 0.01517, 0.01896, 0.02275, 0.02654, 0.03033, 0.03412, 0.03791, 0.0417, 0.0455, 0.04929, 0.05308, 0.05687, 0.06066, 0.06445, 0.06824, 0.07204, 0.07583, 0.07962, 0.08341, 0.0872, 0.09099, 0.09478, 0.09858, 0.1024, 0.1062, 0.1099, 0.1137, 0.1175, 0.1213, 0.1251, 0.1289, 0.1327, 0.1365, 0.1403, 0.1441, 0.1479, 0.1517], "logit_buckets": [2, 1, 3, 11, 12, 10, 13, 30, 36, 79, 104, 205, 303, 410, 706, 1001, 1630, 2170, 3029, 4086, 5109, 8207, 8305, 8161, 6850, 5300, 3644, 2557, 1623, 902, 483, 278, 132, 66, 45, 18, 9, 1, 3, 2], "logit_bucket_edges": [-0.6305, -0.6027, -0.5749, -0.5471, -0.5193, -0.4915, -0.4637, -0.4359, -0.4081, -0.3803, -0.3525, -0.3247, -0.2969, -0.2691, -0.2413, -0.2135, -0.1857, -0.1579, -0.1301, -0.1023, -0.07454, -0.04675, -0.01895, 0.008851, 0.03665, 0.06445, 0.09225, 0.12, 0.1478, 0.1756, 0.2034, 0.2312, 0.259, 0.2868, 0.3146, 0.3424, 0.3702, 0.398, 0.4258, 0.4536, 0.4814], "examples_quantiles": [{"quantile_name": "Top Activations", "quantile_max_act": 0.1517, "examples": [{"tokens_str_list": [".", "47", "]", " },", "\r", "\n", "{", " num", ":"], "tokens_acts_list": [0, 0, 0, 0, 0.1517, 0, 0, 0, 0], "train_token_ind": 4, "is_repeated_datapoint": 0, "datapoint_ind": 1055134, "ablations": {"loss_ablation": [0, 0, 0, 0, 0, -9.484e-05, 0, 0, 0], "top_logit_ablation_tokens_str": [["<META>", "<META>", "<META>", "<META>", "<META>", " is", "<META>", "<META>", "<META>"], ["<EOT>", "<EOT>", "<EOT>", "<EOT>", "<EOT>", " the", "<EOT>", "<EOT>", "<EOT>"], ["<META_START>", "<META_START>", "<META_START>", "<META_START>", "<META_START>", " a", "<META_START>", "<META_START>", "<META_START>"], ["<SOS>", "<SOS>", "<SOS>", "<SOS>", "<SOS>", " what", "<SOS>", "<SOS>", "<SOS>"], ["<META_END>", "<META_END>", "<META_END>", "<META_END>", "<META_END>", " it", "<META_END>", "<META_END>", "<META_END>"]], "bottom_logit_ablation_tokens_str": [["<META>", "<META>", "<META>", "<META>", "<META>", "\u00e8res", "<META>", "<META>", "<META>"], ["<EOT>", "<EOT>", "<EOT>", "<EOT>", "<EOT>", "ERS", "<EOT>", "<EOT>", "<EOT>"], ["<META_START>", "<META_START>", "<META_START>", "<META_START>", "<META_START>", ".),", "<META_START>", "<META_START>", "<META_START>"], ["<SOS>", "<SOS>", "<SOS>", "<SOS>", "<SOS>", "ipation", "<SOS>", "<SOS>", "<SOS>"], ["<META_END>", "<META_END>", "<META_END>", "<META_END>", "<META_END>", "Kline", "<META_END>", "<META_END>", "<META_END>"]], "top_logit_ablation_values": [[0, 0, 0, 0, 0, 0.1502, 0, 0, 0], [0, 0, 0, 0, 0, 0.15, 0, 0, 0], [0, 0, 0, 0, 0, 0.1443, 0, 0, 0], [0, 0, 0, 0, 0, 0.1421, 0, 0, 0], [0, 0, 0, 0, 0, 0.141, 0, 0, 0]], "bottom_logit_ablation_values": [[0, 0, 0, 0, 0, -0.06216, 0, 0, 0], [0, 0, 0, 0, 0, -0.05563, 0, 0, 0], [0, 0, 0, 0, 0, -0.05134, 0, 0, 0], [0, 0, 0, 0, 0, -0.05106, 0, 0, 0], [0, 0, 0, 0, 0, -0.0455, 0, 0, 0]], "residual_loss_ablation": [-0.2159, -0.3314, 4.427, 4.14, 2.24, 0.009761, 2.618, 0.7561, 0]}}, {"tokens_str_list": ["\n                                             ", " 6", "\n\f", "<EOT>", "Abbrev", "iations", "\n", "=============", "\n"], "tokens_acts_list": [0, 0, 0, 0, 0.1338, 0, 0, 0, 0], "train_token_ind": 4, "is_repeated_datapoint": 0, "datapoint_ind": 17505211, "ablations": {"loss_ablation": [0, 0, 0, 0, 0, 0.00167, 0, 0, 0], "top_logit_ablation_tokens_str": [["<META>", "<META>", "<META>", "<META>", "<META>", " example", "<META>", "<META>", "<META>"], ["<EOT>", "<EOT>", "<EOT>", "<EOT>", "<EOT>", " what", "<EOT>", "<EOT>", "<EOT>"], ["<META_START>", "<META_START>", "<META_START>", "<META_START>", "<META_START>", " the", "<META_START>", "<META_START>", "<META_START>"], ["<SOS>", "<SOS>", "<SOS>", "<SOS>", "<SOS>", " is", "<SOS>", "<SOS>", "<SOS>"], ["<META_END>", "<META_END>", "<META_END>", "<META_END>", "<META_END>", "ful", "<META_END>", "<META_END>", "<META_END>"]], "bottom_logit_ablation_tokens_str": [["<META>", "<META>", "<META>", "<META>", "<META>", "\u00e8res", "<META>", "<META>", "<META>"], ["<EOT>", "<EOT>", "<EOT>", "<EOT>", "<EOT>", "Kline", "<EOT>", "<EOT>", "<EOT>"], ["<META_START>", "<META_START>", "<META_START>", "<META_START>", "<META_START>", "ERS", "<META_START>", "<META_START>", "<META_START>"], ["<SOS>", "<SOS>", "<SOS>", "<SOS>", "<SOS>", "ampton", "<SOS>", "<SOS>", "<SOS>"], ["<META_END>", "<META_END>", "<META_END>", "<META_END>", "<META_END>", "){#", "<META_END>", "<META_END>", "<META_END>"]], "top_logit_ablation_values": [[0, 0, 0, 0, 0, 0.1297, 0, 0, 0], [0, 0, 0, 0, 0, 0.1203, 0, 0, 0], [0, 0, 0, 0, 0, 0.1199, 0, 0, 0], [0, 0, 0, 0, 0, 0.1187, 0, 0, 0], [0, 0, 0, 0, 0, 0.1184, 0, 0, 0]], "bottom_logit_ablation_values": [[0, 0, 0, 0, 0, -0.02102, 0, 0, 0], [0, 0, 0, 0, 0, -0.01614, 0, 0, 0], [0, 0, 0, 0, 0, -0.01486, 0, 0, 0], [0, 0, 0, 0, 0, -0.01461, 0, 0, 0], [0, 0, 0, 0, 0, -0.01167, 0, 0, 0]], "residual_loss_ablation": [0.7787, 2.314, 4.341, 1.989, 0.06188, 1.843, -1.845, 4.214, 0]}}]}], "statistics": {"density_frac": 2e-08, "global_max_act": 0.1517, "abs_max_neuron_weights": [-0.1886, 0.1434, 0.142], "abs_max_neuron_inds": [356, 276, 290], "l1_max_neuron_weights": [0.01059, 0.008048, 0.007969]}, "logit_effects": {"negatives": [[" what", -0.5373], ["ful", -0.5424], [" itself", -0.5428], [" this", -0.5453], [" an", -0.5523], [" these", -0.557], [" it", -0.562], [" a", -0.5897], [" is", -0.6072], [" the", -0.6305]], "positives": [["\u00e8res", 0.4814], ["ERS", 0.4653], [".),", 0.4518], ["ipation", 0.4505], ["Kline", 0.4464], ["Vert", 0.3996], ["ERIC", 0.3937], ["olesterol", 0.3927], ["AAF", 0.389], ["LES", 0.3823]]}}