{"index": 3775, "act_buckets": [0, 0, 0, 0, 0, 0, 0, 0, 0, 0, 0, 0, 0, 0, 0, 0, 0, 0, 0, 0, 0, 0, 0, 0, 0, 0, 0, 0, 0, 1, 0, 0, 0, 0, 0, 0, 0, 0, 0, 1], "act_bucket_edges": [0, 0.002245, 0.004489, 0.006734, 0.008978, 0.01122, 0.01347, 0.01571, 0.01796, 0.0202, 0.02245, 0.02469, 0.02693, 0.02918, 0.03142, 0.03367, 0.03591, 0.03816, 0.0404, 0.04265, 0.04489, 0.04713, 0.04938, 0.05162, 0.05387, 0.05611, 0.05836, 0.0606, 0.06285, 0.06509, 0.06734, 0.06958, 0.07182, 0.07407, 0.07631, 0.07856, 0.0808, 0.08305, 0.08529, 0.08754, 0.08978], "logit_buckets": [2, 4, 3, 6, 8, 21, 30, 42, 84, 117, 181, 283, 450, 708, 1029, 1470, 2199, 5152, 5108, 6118, 6785, 6835, 6223, 5656, 4789, 4022, 2997, 1909, 1274, 817, 514, 335, 172, 89, 44, 30, 18, 9, 2, 1], "logit_bucket_edges": [-0.478, -0.4557, -0.4334, -0.4111, -0.3887, -0.3664, -0.3441, -0.3218, -0.2995, -0.2772, -0.2549, -0.2326, -0.2103, -0.188, -0.1657, -0.1434, -0.121, -0.09873, -0.07642, -0.05411, -0.03181, -0.009497, 0.01281, 0.03512, 0.05743, 0.07974, 0.102, 0.1244, 0.1467, 0.169, 0.1913, 0.2136, 0.2359, 0.2582, 0.2805, 0.3028, 0.3251, 0.3474, 0.3698, 0.3921, 0.4144], "examples_quantiles": [{"quantile_name": "Top Activations", "quantile_max_act": 0.08978, "examples": [{"tokens_str_list": [" federal", " income", " tax", " as", " contributions", " to", " capital", " within", " the"], "tokens_acts_list": [0, 0, 0, 0, 0.08978, 0, 0, 0, 0], "train_token_ind": 4, "is_repeated_datapoint": 0, "datapoint_ind": 95322708, "ablations": {"loss_ablation": [0, 0, 0, 0, 0, -0.01044, 0, 0, 0], "top_logit_ablation_tokens_str": [["<META>", "<META>", "<META>", "<META>", "<META>", " and", "<META>", "<META>", "<META>"], ["<EOT>", "<EOT>", "<EOT>", "<EOT>", "<EOT>", " is", "<EOT>", "<EOT>", "<EOT>"], ["<META_START>", "<META_START>", "<META_START>", "<META_START>", "<META_START>", "inal", "<META_START>", "<META_START>", "<META_START>"], ["<SOS>", "<SOS>", "<SOS>", "<SOS>", "<SOS>", "=\"", "<SOS>", "<SOS>", "<SOS>"], ["<META_END>", "<META_END>", "<META_END>", "<META_END>", "<META_END>", "=======", "<META_END>", "<META_END>", "<META_END>"]], "bottom_logit_ablation_tokens_str": [["<META>", "<META>", "<META>", "<META>", "<META>", " towels", "<META>", "<META>", "<META>"], ["<EOT>", "<EOT>", "<EOT>", "<EOT>", "<EOT>", " ministers", "<EOT>", "<EOT>", "<EOT>"], ["<META_START>", "<META_START>", "<META_START>", "<META_START>", "<META_START>", "ptons", "<META_START>", "<META_START>", "<META_START>"], ["<SOS>", "<SOS>", "<SOS>", "<SOS>", "<SOS>", " contractors", "<SOS>", "<SOS>", "<SOS>"], ["<META_END>", "<META_END>", "<META_END>", "<META_END>", "<META_END>", "boards", "<META_END>", "<META_END>", "<META_END>"]], "top_logit_ablation_values": [[0, 0, 0, 0, 0, 0.03953, 0, 0, 0], [0, 0, 0, 0, 0, 0.03917, 0, 0, 0], [0, 0, 0, 0, 0, 0.03807, 0, 0, 0], [0, 0, 0, 0, 0, 0.03672, 0, 0, 0], [0, 0, 0, 0, 0, 0.03506, 0, 0, 0]], "bottom_logit_ablation_values": [[0, 0, 0, 0, 0, -0.08372, 0, 0, 0], [0, 0, 0, 0, 0, -0.0807, 0, 0, 0], [0, 0, 0, 0, 0, -0.08031, 0, 0, 0], [0, 0, 0, 0, 0, -0.07888, 0, 0, 0], [0, 0, 0, 0, 0, -0.07876, 0, 0, 0]], "residual_loss_ablation": [3.377, 4.717, 4.745, 0.7656, 2.958, 2.006, -0.1413, -0.9867, 0]}}, {"tokens_str_list": ["[\\", "%]", "$\\", "\n", "$\\", "phantom", "{", "1", "}"], "tokens_acts_list": [0, 0, 0, 0, 0.0673, 0, 0, 0, 0], "train_token_ind": 4, "is_repeated_datapoint": 0, "datapoint_ind": 49519702, "ablations": {"loss_ablation": [0, 0, 0, 0, 0, 0.01036, 0, 0, 0], "top_logit_ablation_tokens_str": [["<META>", "<META>", "<META>", "<META>", "<META>", "=\"", "<META>", "<META>", "<META>"], ["<EOT>", "<EOT>", "<EOT>", "<EOT>", "<EOT>", "ability", "<EOT>", "<EOT>", "<EOT>"], ["<META_START>", "<META_START>", "<META_START>", "<META_START>", "<META_START>", " and", "<META_START>", "<META_START>", "<META_START>"], ["<SOS>", "<SOS>", "<SOS>", "<SOS>", "<SOS>", " is", "<SOS>", "<SOS>", "<SOS>"], ["<META_END>", "<META_END>", "<META_END>", "<META_END>", "<META_END>", "=======", "<META_END>", "<META_END>", "<META_END>"]], "bottom_logit_ablation_tokens_str": [["<META>", "<META>", "<META>", "<META>", "<META>", " towels", "<META>", "<META>", "<META>"], ["<EOT>", "<EOT>", "<EOT>", "<EOT>", "<EOT>", " ministers", "<EOT>", "<EOT>", "<EOT>"], ["<META_START>", "<META_START>", "<META_START>", "<META_START>", "<META_START>", "idents", "<META_START>", "<META_START>", "<META_START>"], ["<SOS>", "<SOS>", "<SOS>", "<SOS>", "<SOS>", " contractors", "<SOS>", "<SOS>", "<SOS>"], ["<META_END>", "<META_END>", "<META_END>", "<META_END>", "<META_END>", " Representatives", "<META_END>", "<META_END>", "<META_END>"]], "top_logit_ablation_values": [[0, 0, 0, 0, 0, 0.03584, 0, 0, 0], [0, 0, 0, 0, 0, 0.03496, 0, 0, 0], [0, 0, 0, 0, 0, 0.03457, 0, 0, 0], [0, 0, 0, 0, 0, 0.03266, 0, 0, 0], [0, 0, 0, 0, 0, 0.03263, 0, 0, 0]], "bottom_logit_ablation_values": [[0, 0, 0, 0, 0, -0.04537, 0, 0, 0], [0, 0, 0, 0, 0, -0.04109, 0, 0, 0], [0, 0, 0, 0, 0, -0.04001, 0, 0, 0], [0, 0, 0, 0, 0, -0.03938, 0, 0, 0], [0, 0, 0, 0, 0, -0.03912, 0, 0, 0]], "residual_loss_ablation": [0.2643, 4.077, -1.098, 3.838, 1.504, 3.389, 1.14, -1.361, 0]}}]}], "statistics": {"density_frac": 2e-08, "global_max_act": 0.08978, "abs_max_neuron_weights": [0.1356, 0.1346, 0.1225], "abs_max_neuron_inds": [239, 199, 504], "l1_max_neuron_weights": [0.007654, 0.007599, 0.006915]}, "logit_effects": {"negatives": [[" than", -0.4082], ["inent", -0.4245], ["ability", -0.4273], ["ence", -0.4296], ["ious", -0.4351], ["=======", -0.4379], ["inal", -0.4513], [" and", -0.453], [" is", -0.4608], ["=\"", -0.478]], "positives": [[" towels", 0.4144], [" ministers", 0.3839], [" contractors", 0.3771], ["ptons", 0.3646], [" secretaries", 0.3641], ["writers", 0.3596], [" Representatives", 0.3577], ["boards", 0.3541], ["?\u2019", 0.3532], ["ppers", 0.3503]]}}