{"index": 3786, "act_buckets": [0, 0, 0, 0, 0, 0, 0, 0, 0, 0, 0, 0, 0, 1, 0, 0, 0, 0, 0, 0, 0, 0, 0, 0, 0, 0, 0, 0, 0, 0, 0, 0, 0, 0, 0, 0, 0, 0, 0, 1], "act_bucket_edges": [0, 0.002084, 0.004168, 0.006252, 0.008336, 0.01042, 0.0125, 0.01459, 0.01667, 0.01876, 0.02084, 0.02292, 0.02501, 0.02709, 0.02918, 0.03126, 0.03334, 0.03543, 0.03751, 0.0396, 0.04168, 0.04376, 0.04585, 0.04793, 0.05001, 0.0521, 0.05418, 0.05627, 0.05835, 0.06043, 0.06252, 0.0646, 0.06669, 0.06877, 0.07085, 0.07294, 0.07502, 0.07711, 0.07919, 0.08127, 0.08336], "logit_buckets": [2, 1, 3, 3, 3, 10, 18, 7, 32, 55, 90, 153, 238, 410, 749, 1167, 1812, 2421, 5486, 5350, 6366, 7423, 7652, 7226, 5953, 4719, 3349, 2117, 1218, 709, 342, 201, 129, 60, 37, 16, 2, 5, 1, 1], "logit_bucket_edges": [-0.5128, -0.4896, -0.4664, -0.4433, -0.4201, -0.3969, -0.3737, -0.3506, -0.3274, -0.3042, -0.281, -0.2579, -0.2347, -0.2115, -0.1883, -0.1652, -0.142, -0.1188, -0.09563, -0.07245, -0.04927, -0.0261, -0.002921, 0.02026, 0.04343, 0.06661, 0.08978, 0.113, 0.1361, 0.1593, 0.1825, 0.2057, 0.2288, 0.252, 0.2752, 0.2984, 0.3215, 0.3447, 0.3679, 0.3911, 0.4143], "examples_quantiles": [{"quantile_name": "Top Activations", "quantile_max_act": 0.08336, "examples": [{"tokens_str_list": ["\n                                             ", " 6", "\n\f", "<EOT>", "Abbrev", "iations", "\n", "=============", "\n"], "tokens_acts_list": [0, 0, 0, 0, 0.08336, 0, 0, 0, 0], "train_token_ind": 4, "is_repeated_datapoint": 0, "datapoint_ind": 17505211, "ablations": {"loss_ablation": [0, 0, 0, 0, 0, -0.0003417, 0, 0, 0], "top_logit_ablation_tokens_str": [["<META>", "<META>", "<META>", "<META>", "<META>", "ize", "<META>", "<META>", "<META>"], ["<EOT>", "<EOT>", "<EOT>", "<EOT>", "<EOT>", " the", "<EOT>", "<EOT>", "<EOT>"], ["<META_START>", "<META_START>", "<META_START>", "<META_START>", "<META_START>", "izes", "<META_START>", "<META_START>", "<META_START>"], ["<SOS>", "<SOS>", "<SOS>", "<SOS>", "<SOS>", "ly", "<SOS>", "<SOS>", "<SOS>"], ["<META_END>", "<META_END>", "<META_END>", "<META_END>", "<META_END>", " its", "<META_END>", "<META_END>", "<META_END>"]], "bottom_logit_ablation_tokens_str": [["<META>", "<META>", "<META>", "<META>", "<META>", "\n\f", "<META>", "<META>", "<META>"], ["<EOT>", "<EOT>", "<EOT>", "<EOT>", "<EOT>", "\n              ", "<EOT>", "<EOT>", "<EOT>"], ["<META_START>", "<META_START>", "<META_START>", "<META_START>", "<META_START>", "?\u201d", "<META_START>", "<META_START>", "<META_START>"], ["<SOS>", "<SOS>", "<SOS>", "<SOS>", "<SOS>", "?\u2019", "<SOS>", "<SOS>", "<SOS>"], ["<META_END>", "<META_END>", "<META_END>", "<META_END>", "<META_END>", "\n               ", "<META_END>", "<META_END>", "<META_END>"]], "top_logit_ablation_values": [[0, 0, 0, 0, 0, 0.07168, 0, 0, 0], [0, 0, 0, 0, 0, 0.06918, 0, 0, 0], [0, 0, 0, 0, 0, 0.06842, 0, 0, 0], [0, 0, 0, 0, 0, 0.06737, 0, 0, 0], [0, 0, 0, 0, 0, 0.06694, 0, 0, 0]], "bottom_logit_ablation_values": [[0, 0, 0, 0, 0, -0.007924, 0, 0, 0], [0, 0, 0, 0, 0, -0.00615, 0, 0, 0], [0, 0, 0, 0, 0, -0.006134, 0, 0, 0], [0, 0, 0, 0, 0, -0.004361, 0, 0, 0], [0, 0, 0, 0, 0, -0.004073, 0, 0, 0]], "residual_loss_ablation": [0.7787, 2.314, 4.341, 1.989, 0.06188, 1.843, -1.845, 4.214, 0]}}, {"tokens_str_list": [" (-", "8", ")/(-", "12", ")*(-", "145", "66", ")/((-", "7"], "tokens_acts_list": [0, 0, 0, 0, 0.0275, 0, 0, 0, 0], "train_token_ind": 4, "is_repeated_datapoint": 0, "datapoint_ind": 5547788, "ablations": {"loss_ablation": [0, 0, 0, 0, 0, -0.001231, 0, 0, 0], "top_logit_ablation_tokens_str": [["<META>", "<META>", "<META>", "<META>", "<META>", "ize", "<META>", "<META>", "<META>"], ["<EOT>", "<EOT>", "<EOT>", "<EOT>", "<EOT>", "lemen", "<EOT>", "<EOT>", "<EOT>"], ["<META_START>", "<META_START>", "<META_START>", "<META_START>", "<META_START>", " INTERRUPTION", "<META_START>", "<META_START>", "<META_START>"], ["<SOS>", "<SOS>", "<SOS>", "<SOS>", "<SOS>", " LIABLE", "<SOS>", "<SOS>", "<SOS>"], ["<META_END>", "<META_END>", "<META_END>", "<META_END>", "<META_END>", "inent", "<META_END>", "<META_END>", "<META_END>"]], "bottom_logit_ablation_tokens_str": [["<META>", "<META>", "<META>", "<META>", "<META>", "\n       ", "<META>", "<META>", "<META>"], ["<EOT>", "<EOT>", "<EOT>", "<EOT>", "<EOT>", "\n     ", "<EOT>", "<EOT>", "<EOT>"], ["<META_START>", "<META_START>", "<META_START>", "<META_START>", "<META_START>", "\n   ", "<META_START>", "<META_START>", "<META_START>"], ["<SOS>", "<SOS>", "<SOS>", "<SOS>", "<SOS>", "\n      ", "<SOS>", "<SOS>", "<SOS>"], ["<META_END>", "<META_END>", "<META_END>", "<META_END>", "<META_END>", "\n           ", "<META_END>", "<META_END>", "<META_END>"]], "top_logit_ablation_values": [[0, 0, 0, 0, 0, 0.02481, 0, 0, 0], [0, 0, 0, 0, 0, 0.02437, 0, 0, 0], [0, 0, 0, 0, 0, 0.02433, 0, 0, 0], [0, 0, 0, 0, 0, 0.02422, 0, 0, 0], [0, 0, 0, 0, 0, 0.02332, 0, 0, 0]], "bottom_logit_ablation_values": [[0, 0, 0, 0, 0, -0.006114, 0, 0, 0], [0, 0, 0, 0, 0, -0.005953, 0, 0, 0], [0, 0, 0, 0, 0, -0.005734, 0, 0, 0], [0, 0, 0, 0, 0, -0.004963, 0, 0, 0], [0, 0, 0, 0, 0, -0.004484, 0, 0, 0]], "residual_loss_ablation": [4.172, -0.1182, 3.626, -0.09521, 0.08316, -0.2478, 2.347, -1.624, 0]}}]}], "statistics": {"density_frac": 2e-08, "global_max_act": 0.08336, "abs_max_neuron_weights": [0.1529, 0.1392, 0.1313], "abs_max_neuron_inds": [446, 319, 248], "l1_max_neuron_weights": [0.008593, 0.007821, 0.007378]}, "logit_effects": {"negatives": [[" our", -0.4201], ["lemen", -0.423], [" their", -0.4252], [" this", -0.4395], ["izes", -0.4445], ["ly", -0.4477], [" these", -0.4555], [" its", -0.4743], ["ize", -0.5116], [" the", -0.5128]], "positives": [["\n\f", 0.4143], ["?\u201d", 0.382], ["SQL", 0.3672], ["?\u2019", 0.3644], ["\n              ", 0.3635], ["CADE", 0.3594], ["\u201d.", 0.3536], ["\n      ", 0.3395], ["\".'", 0.3384], ["\n               ", 0.3194]]}}