{"index": 383, "act_buckets": [0, 0, 0, 0, 0, 0, 0, 0, 0, 0, 0, 0, 0, 0, 0, 0, 0, 0, 0, 0, 0, 0, 0, 0, 0, 0, 0, 0, 0, 0, 0, 0, 0, 0, 0, 0, 0, 0, 0, 1], "act_bucket_edges": [0, 0.002479, 0.004959, 0.007438, 0.009918, 0.0124, 0.01488, 0.01736, 0.01984, 0.02232, 0.02479, 0.02727, 0.02975, 0.03223, 0.03471, 0.03719, 0.03967, 0.04215, 0.04463, 0.04711, 0.04959, 0.05207, 0.05455, 0.05703, 0.05951, 0.06199, 0.06447, 0.06695, 0.06942, 0.0719, 0.07438, 0.07686, 0.07934, 0.08182, 0.0843, 0.08678, 0.08926, 0.09174, 0.09422, 0.0967, 0.09918], "logit_buckets": [1, 1, 1, 4, 5, 7, 17, 38, 59, 120, 181, 273, 464, 639, 938, 1351, 1810, 2547, 3391, 6327, 7266, 7925, 8106, 7432, 5857, 4120, 2708, 1670, 1020, 559, 317, 181, 105, 50, 22, 14, 4, 3, 1, 2], "logit_bucket_edges": [-0.4428, -0.4226, -0.4024, -0.3822, -0.362, -0.3418, -0.3216, -0.3014, -0.2812, -0.261, -0.2408, -0.2206, -0.2004, -0.1803, -0.1601, -0.1399, -0.1197, -0.09948, -0.07928, -0.05909, -0.0389, -0.0187, 0.001491, 0.02168, 0.04188, 0.06207, 0.08227, 0.1025, 0.1227, 0.1428, 0.163, 0.1832, 0.2034, 0.2236, 0.2438, 0.264, 0.2842, 0.3044, 0.3246, 0.3448, 0.365], "examples_quantiles": [{"quantile_name": "Top Activations", "quantile_max_act": 0.09918, "examples": [{"tokens_str_list": [" mit", "z", "ured", "en", ".\u00ab", "\n", "\n", "\u00bb", "All"], "tokens_acts_list": [0, 0, 0, 0, 0.09918, 0, 0, 0, 0], "train_token_ind": 4, "is_repeated_datapoint": 0, "datapoint_ind": 76851631, "ablations": {"loss_ablation": [0, 0, 0, 0, 0, -0.004093, 0, 0, 0], "top_logit_ablation_tokens_str": [["<META>", "<META>", "<META>", "<META>", "<META>", "elling", "<META>", "<META>", "<META>"], ["<EOT>", "<EOT>", "<EOT>", "<EOT>", "<EOT>", "uring", "<EOT>", "<EOT>", "<EOT>"], ["<META_START>", "<META_START>", "<META_START>", "<META_START>", "<META_START>", " between", "<META_START>", "<META_START>", "<META_START>"], ["<SOS>", "<SOS>", "<SOS>", "<SOS>", "<SOS>", " which", "<SOS>", "<SOS>", "<SOS>"], ["<META_END>", "<META_END>", "<META_END>", "<META_END>", "<META_END>", " =", "<META_END>", "<META_END>", "<META_END>"]], "bottom_logit_ablation_tokens_str": [["<META>", "<META>", "<META>", "<META>", "<META>", "berry", "<META>", "<META>", "<META>"], ["<EOT>", "<EOT>", "<EOT>", "<EOT>", "<EOT>", "cci\u00f3n", "<EOT>", "<EOT>", "<EOT>"], ["<META_START>", "<META_START>", "<META_START>", "<META_START>", "<META_START>", "notations", "<META_START>", "<META_START>", "<META_START>"], ["<SOS>", "<SOS>", "<SOS>", "<SOS>", "<SOS>", "soles", "<SOS>", "<SOS>", "<SOS>"], ["<META_END>", "<META_END>", "<META_END>", "<META_END>", "<META_END>", "flt", "<META_END>", "<META_END>", "<META_END>"]], "top_logit_ablation_values": [[0, 0, 0, 0, 0, 0.02653, 0, 0, 0], [0, 0, 0, 0, 0, 0.02337, 0, 0, 0], [0, 0, 0, 0, 0, 0.02285, 0, 0, 0], [0, 0, 0, 0, 0, 0.0217, 0, 0, 0], [0, 0, 0, 0, 0, 0.02169, 0, 0, 0]], "bottom_logit_ablation_values": [[0, 0, 0, 0, 0, -0.07246, 0, 0, 0], [0, 0, 0, 0, 0, -0.07125, 0, 0, 0], [0, 0, 0, 0, 0, -0.07123, 0, 0, 0], [0, 0, 0, 0, 0, -0.06924, 0, 0, 0], [0, 0, 0, 0, 0, -0.06769, 0, 0, 0]], "residual_loss_ablation": [-1.391, 0.6779, 1.498, 2.721, -0.6154, 3.15, 0.161, 5.499, 0]}}]}], "statistics": {"density_frac": 1e-08, "global_max_act": 0.09918, "abs_max_neuron_weights": [0.1417, 0.1416, -0.1392], "abs_max_neuron_inds": [214, 109, 428], "l1_max_neuron_weights": [0.007982, 0.007977, 0.007843]}, "logit_effects": {"negatives": [[" with", -0.346], ["inct", -0.346], [" respectively", -0.3618], ["uration", -0.3666], [" =", -0.3673], [" resulting", -0.369], [" between", -0.375], [" which", -0.3856], ["elling", -0.4098], ["uring", -0.4428]], "positives": [["cci\u00f3n", 0.365], ["berry", 0.3522], ["soles", 0.3341], ["notations", 0.321], ["flt", 0.3123], ["idad", 0.311], ["caster", 0.2935], [" UFC", 0.2914], [" Appeal", 0.2854], [" Olympics", 0.2847]]}}