{"index": 3862, "act_buckets": [0, 0, 0, 0, 1, 0, 1, 0, 0, 0, 0, 0, 0, 0, 0, 0, 1, 0, 0, 0, 0, 0, 0, 0, 0, 0, 0, 0, 0, 0, 0, 0, 0, 0, 0, 0, 0, 0, 0, 1], "act_bucket_edges": [0, 0.004498, 0.008997, 0.0135, 0.01799, 0.02249, 0.02699, 0.03149, 0.03599, 0.04049, 0.04498, 0.04948, 0.05398, 0.05848, 0.06298, 0.06748, 0.07198, 0.07647, 0.08097, 0.08547, 0.08997, 0.09447, 0.09897, 0.1035, 0.108, 0.1125, 0.117, 0.1215, 0.126, 0.1305, 0.135, 0.1395, 0.144, 0.1484, 0.1529, 0.1574, 0.1619, 0.1664, 0.1709, 0.1754, 0.1799], "logit_buckets": [1, 2, 1, 1, 2, 19, 33, 31, 81, 107, 188, 288, 474, 754, 1122, 1574, 2289, 3243, 4444, 5765, 9460, 9645, 8273, 6364, 4457, 2880, 1776, 1022, 571, 349, 153, 88, 32, 18, 14, 5, 5, 4, 0, 1], "logit_bucket_edges": [-0.4821, -0.4594, -0.4368, -0.4141, -0.3915, -0.3688, -0.3462, -0.3235, -0.3009, -0.2782, -0.2556, -0.233, -0.2103, -0.1877, -0.165, -0.1424, -0.1197, -0.09708, -0.07443, -0.05179, -0.02914, -0.006496, 0.01615, 0.03879, 0.06144, 0.08409, 0.1067, 0.1294, 0.152, 0.1747, 0.1973, 0.22, 0.2426, 0.2653, 0.2879, 0.3105, 0.3332, 0.3558, 0.3785, 0.4011, 0.4238], "examples_quantiles": [{"quantile_name": "Top Activations", "quantile_max_act": 0.1799, "examples": [{"tokens_str_list": ["T", "   ", " (", "input", "/", "output", ")", " INTEGER", " array"], "tokens_acts_list": [0, 0, 0, 0, 0.1799, 0, 0, 0, 0], "train_token_ind": 4, "is_repeated_datapoint": 0, "datapoint_ind": 82750852, "ablations": {"loss_ablation": [0, 0, 0, 0, 0, 0.004253, 0, 0, 0], "top_logit_ablation_tokens_str": [["<META>", "<META>", "<META>", "<META>", "<META>", "fully", "<META>", "<META>", "<META>"], ["<EOT>", "<EOT>", "<EOT>", "<EOT>", "<EOT>", "if", "<EOT>", "<EOT>", "<EOT>"], ["<META_START>", "<META_START>", "<META_START>", "<META_START>", "<META_START>", "oting", "<META_START>", "<META_START>", "<META_START>"], ["<SOS>", "<SOS>", "<SOS>", "<SOS>", "<SOS>", "ful", "<SOS>", "<SOS>", "<SOS>"], ["<META_END>", "<META_END>", "<META_END>", "<META_END>", "<META_END>", "olds", "<META_END>", "<META_END>", "<META_END>"]], "bottom_logit_ablation_tokens_str": [["<META>", "<META>", "<META>", "<META>", "<META>", "?\u201d", "<META>", "<META>", "<META>"], ["<EOT>", "<EOT>", "<EOT>", "<EOT>", "<EOT>", ",\u201d", "<EOT>", "<EOT>", "<EOT>"], ["<META_START>", "<META_START>", "<META_START>", "<META_START>", "<META_START>", "?\u2019", "<META_START>", "<META_START>", "<META_START>"], ["<SOS>", "<SOS>", "<SOS>", "<SOS>", "<SOS>", "\u00e7\u00e3o", "<SOS>", "<SOS>", "<SOS>"], ["<META_END>", "<META_END>", "<META_END>", "<META_END>", "<META_END>", "?\"", "<META_END>", "<META_END>", "<META_END>"]], "top_logit_ablation_values": [[0, 0, 0, 0, 0, 0.1468, 0, 0, 0], [0, 0, 0, 0, 0, 0.1384, 0, 0, 0], [0, 0, 0, 0, 0, 0.1368, 0, 0, 0], [0, 0, 0, 0, 0, 0.1307, 0, 0, 0], [0, 0, 0, 0, 0, 0.1278, 0, 0, 0]], "bottom_logit_ablation_values": [[0, 0, 0, 0, 0, -0.1447, 0, 0, 0], [0, 0, 0, 0, 0, -0.123, 0, 0, 0], [0, 0, 0, 0, 0, -0.1162, 0, 0, 0], [0, 0, 0, 0, 0, -0.116, 0, 0, 0], [0, 0, 0, 0, 0, -0.1122, 0, 0, 0]], "residual_loss_ablation": [2.361, 1.989, -0.2278, 1.069, 1.446, 3.261, 3.157, 4.377, 0]}}, {"tokens_str_list": [" he", " may", " have", " unle", "ashed", " the", " quick", " fury", " of"], "tokens_acts_list": [0, 0, 0, 0, 0.07643, 0, 0, 0, 0], "train_token_ind": 4, "is_repeated_datapoint": 0, "datapoint_ind": 90195119, "ablations": {"loss_ablation": [0, 0, 0, 0, 0, -0.006893, 0, 0, 0], "top_logit_ablation_tokens_str": [["<META>", "<META>", "<META>", "<META>", "<META>", "fully", "<META>", "<META>", "<META>"], ["<EOT>", "<EOT>", "<EOT>", "<EOT>", "<EOT>", "ful", "<EOT>", "<EOT>", "<EOT>"], ["<META_START>", "<META_START>", "<META_START>", "<META_START>", "<META_START>", "ly", "<META_START>", "<META_START>", "<META_START>"], ["<SOS>", "<SOS>", "<SOS>", "<SOS>", "<SOS>", "oting", "<SOS>", "<SOS>", "<SOS>"], ["<META_END>", "<META_END>", "<META_END>", "<META_END>", "<META_END>", "ishly", "<META_END>", "<META_END>", "<META_END>"]], "bottom_logit_ablation_tokens_str": [["<META>", "<META>", "<META>", "<META>", "<META>", "?\u201d", "<META>", "<META>", "<META>"], ["<EOT>", "<EOT>", "<EOT>", "<EOT>", "<EOT>", "\u00e7\u00e3o", "<EOT>", "<EOT>", "<EOT>"], ["<META_START>", "<META_START>", "<META_START>", "<META_START>", "<META_START>", "ci\u00f3n", "<META_START>", "<META_START>", "<META_START>"], ["<SOS>", "<SOS>", "<SOS>", "<SOS>", "<SOS>", "),\"", "<SOS>", "<SOS>", "<SOS>"], ["<META_END>", "<META_END>", "<META_END>", "<META_END>", "<META_END>", "?\u2019", "<META_END>", "<META_END>", "<META_END>"]], "top_logit_ablation_values": [[0, 0, 0, 0, 0, 0.08043, 0, 0, 0], [0, 0, 0, 0, 0, 0.07093, 0, 0, 0], [0, 0, 0, 0, 0, 0.06749, 0, 0, 0], [0, 0, 0, 0, 0, 0.06382, 0, 0, 0], [0, 0, 0, 0, 0, 0.06361, 0, 0, 0]], "bottom_logit_ablation_values": [[0, 0, 0, 0, 0, -0.04498, 0, 0, 0], [0, 0, 0, 0, 0, -0.04341, 0, 0, 0], [0, 0, 0, 0, 0, -0.03983, 0, 0, 0], [0, 0, 0, 0, 0, -0.03797, 0, 0, 0], [0, 0, 0, 0, 0, -0.03759, 0, 0, 0]], "residual_loss_ablation": [-0.1105, 0.6938, 0.197, 1.368, 4.551, 0.8549, -0.1594, 2.711, 0]}}, {"tokens_str_list": ["Node", " os", "Node", ",", "\n                                    ", " boolean", " install", ")", " {"], "tokens_acts_list": [0, 0, 0, 0, 0.0282, 0, 0, 0, 0], "train_token_ind": 4, "is_repeated_datapoint": 0, "datapoint_ind": 66081359, "ablations": {"loss_ablation": [0, 0, 0, 0, 0, -0.00973, 0, 0, 0], "top_logit_ablation_tokens_str": [["<META>", "<META>", "<META>", "<META>", "<META>", "fully", "<META>", "<META>", "<META>"], ["<EOT>", "<EOT>", "<EOT>", "<EOT>", "<EOT>", "oting", "<EOT>", "<EOT>", "<EOT>"], ["<META_START>", "<META_START>", "<META_START>", "<META_START>", "<META_START>", "if", "<META_START>", "<META_START>", "<META_START>"], ["<SOS>", "<SOS>", "<SOS>", "<SOS>", "<SOS>", "ful", "<SOS>", "<SOS>", "<SOS>"], ["<META_END>", "<META_END>", "<META_END>", "<META_END>", "<META_END>", "y", "<META_END>", "<META_END>", "<META_END>"]], "bottom_logit_ablation_tokens_str": [["<META>", "<META>", "<META>", "<META>", "<META>", "?\u201d", "<META>", "<META>", "<META>"], ["<EOT>", "<EOT>", "<EOT>", "<EOT>", "<EOT>", "?'", "<EOT>", "<EOT>", "<EOT>"], ["<META_START>", "<META_START>", "<META_START>", "<META_START>", "<META_START>", "?\"", "<META_START>", "<META_START>", "<META_START>"], ["<SOS>", "<SOS>", "<SOS>", "<SOS>", "<SOS>", "\u00e7\u00e3o", "<SOS>", "<SOS>", "<SOS>"], ["<META_END>", "<META_END>", "<META_END>", "<META_END>", "<META_END>", ".'\"", "<META_END>", "<META_END>", "<META_END>"]], "top_logit_ablation_values": [[0, 0, 0, 0, 0, 0.03168, 0, 0, 0], [0, 0, 0, 0, 0, 0.03008, 0, 0, 0], [0, 0, 0, 0, 0, 0.02988, 0, 0, 0], [0, 0, 0, 0, 0, 0.02943, 0, 0, 0], [0, 0, 0, 0, 0, 0.02494, 0, 0, 0]], "bottom_logit_ablation_values": [[0, 0, 0, 0, 0, -0.02475, 0, 0, 0], [0, 0, 0, 0, 0, -0.02284, 0, 0, 0], [0, 0, 0, 0, 0, -0.02279, 0, 0, 0], [0, 0, 0, 0, 0, -0.02119, 0, 0, 0], [0, 0, 0, 0, 0, -0.02116, 0, 0, 0]], "residual_loss_ablation": [0.3718, -0.351, 1.135, 1.134, 5.484, 1.544, 1.914, 4.925, 0]}}, {"tokens_str_list": [",", " via", " Ad", "S", "/", "C", "FT", ",", " to"], "tokens_acts_list": [0, 0, 0, 0, 0.01831, 0, 0, 0, 0], "train_token_ind": 4, "is_repeated_datapoint": 0, "datapoint_ind": 90065984, "ablations": {"loss_ablation": [0, 0, 0, 0, 0, -0.001017, 0, 0, 0], "top_logit_ablation_tokens_str": [["<META>", "<META>", "<META>", "<META>", "<META>", "if", "<META>", "<META>", "<META>"], ["<EOT>", "<EOT>", "<EOT>", "<EOT>", "<EOT>", "all", "<EOT>", "<EOT>", "<EOT>"], ["<META_START>", "<META_START>", "<META_START>", "<META_START>", "<META_START>", "one", "<META_START>", "<META_START>", "<META_START>"], ["<SOS>", "<SOS>", "<SOS>", "<SOS>", "<SOS>", "ins", "<SOS>", "<SOS>", "<SOS>"], ["<META_END>", "<META_END>", "<META_END>", "<META_END>", "<META_END>", "or", "<META_END>", "<META_END>", "<META_END>"]],