{"index": 3867, "act_buckets": [0, 0, 0, 0, 0, 0, 0, 0, 1, 0, 0, 1, 0, 0, 0, 0, 0, 1, 0, 0, 0, 0, 0, 0, 0, 0, 0, 0, 0, 0, 0, 0, 0, 0, 0, 0, 0, 0, 0, 1], "act_bucket_edges": [0, 0.00906, 0.01812, 0.02718, 0.03624, 0.0453, 0.05436, 0.06342, 0.07248, 0.08154, 0.0906, 0.09966, 0.1087, 0.1178, 0.1268, 0.1359, 0.145, 0.154, 0.1631, 0.1721, 0.1812, 0.1903, 0.1993, 0.2084, 0.2174, 0.2265, 0.2356, 0.2446, 0.2537, 0.2627, 0.2718, 0.2809, 0.2899, 0.299, 0.308, 0.3171, 0.3262, 0.3352, 0.3443, 0.3533, 0.3624], "logit_buckets": [5, 4, 9, 8, 18, 39, 38, 56, 104, 173, 1649, 1374, 1428, 1834, 2568, 3433, 4382, 5425, 6437, 6953, 6694, 5699, 4584, 3591, 2582, 1906, 1411, 1025, 693, 472, 319, 224, 129, 103, 61, 45, 29, 13, 6, 13], "logit_bucket_edges": [-0.3986, -0.3782, -0.3578, -0.3374, -0.317, -0.2966, -0.2762, -0.2558, -0.2354, -0.215, -0.1946, -0.1742, -0.1538, -0.1334, -0.113, -0.09258, -0.07218, -0.05178, -0.03137, -0.01097, 0.009433, 0.02984, 0.05024, 0.07064, 0.09105, 0.1114, 0.1319, 0.1523, 0.1727, 0.1931, 0.2135, 0.2339, 0.2543, 0.2747, 0.2951, 0.3155, 0.3359, 0.3563, 0.3767, 0.3971, 0.4175], "examples_quantiles": [{"quantile_name": "Top Activations", "quantile_max_act": 0.3624, "examples": [{"tokens_str_list": [" also", " authored", " the", " \u201c", "Greater", " View", " Series", ",\u201d", " 20"], "tokens_acts_list": [0, 0, 0, 0, 0.3624, 0, 0, 0, 0], "train_token_ind": 4, "is_repeated_datapoint": 0, "datapoint_ind": 49427812, "ablations": {"loss_ablation": [0, 0, 0, 0, 0, -0.01891, 0, 0, 0], "top_logit_ablation_tokens_str": [["<META>", "<META>", "<META>", "<META>", "<META>", " respectively", "<META>", "<META>", "<META>"], ["<EOT>", "<EOT>", "<EOT>", "<EOT>", "<EOT>", "---", "<EOT>", "<EOT>", "<EOT>"], ["<META_START>", "<META_START>", "<META_START>", "<META_START>", "<META_START>", "=============", "<META_START>", "<META_START>", "<META_START>"], ["<SOS>", "<SOS>", "<SOS>", "<SOS>", "<SOS>", "\\].", "<SOS>", "<SOS>", "<SOS>"], ["<META_END>", "<META_END>", "<META_END>", "<META_END>", "<META_END>", " to", "<META_END>", "<META_END>", "<META_END>"]], "bottom_logit_ablation_tokens_str": [["<META>", "<META>", "<META>", "<META>", "<META>", "tres", "<META>", "<META>", "<META>"], ["<EOT>", "<EOT>", "<EOT>", "<EOT>", "<EOT>", "aching", "<EOT>", "<EOT>", "<EOT>"], ["<META_START>", "<META_START>", "<META_START>", "<META_START>", "<META_START>", "mmas", "<META_START>", "<META_START>", "<META_START>"], ["<SOS>", "<SOS>", "<SOS>", "<SOS>", "<SOS>", "born", "<SOS>", "<SOS>", "<SOS>"], ["<META_END>", "<META_END>", "<META_END>", "<META_END>", "<META_END>", "tis", "<META_END>", "<META_END>", "<META_END>"]], "top_logit_ablation_values": [[0, 0, 0, 0, 0, -0.06676, 0, 0, 0], [0, 0, 0, 0, 0, -0.06771, 0, 0, 0], [0, 0, 0, 0, 0, -0.07258, 0, 0, 0], [0, 0, 0, 0, 0, -0.0726, 0, 0, 0], [0, 0, 0, 0, 0, -0.08497, 0, 0, 0]], "bottom_logit_ablation_values": [[0, 0, 0, 0, 0, -0.5913, 0, 0, 0], [0, 0, 0, 0, 0, -0.5909, 0, 0, 0], [0, 0, 0, 0, 0, -0.5892, 0, 0, 0], [0, 0, 0, 0, 0, -0.5891, 0, 0, 0], [0, 0, 0, 0, 0, -0.5877, 0, 0, 0]], "residual_loss_ablation": [1.393, 5.88, -0.6024, 1.025, -0.2184, 3.298, -1.513, -0.009114, 0]}}, {"tokens_str_list": [" conditions", ".", " In", " contrast", ",", " 5", "-", "HT", "~"], "tokens_acts_list": [0, 0, 0, 0, 0.1555, 0, 0, 0, 0], "train_token_ind": 4, "is_repeated_datapoint": 0, "datapoint_ind": 44862297, "ablations": {"loss_ablation": [0, 0, 0, 0, 0, -0.04273, 0, 0, 0], "top_logit_ablation_tokens_str": [["<META>", "<META>", "<META>", "<META>", "<META>", "---", "<META>", "<META>", "<META>"], ["<EOT>", "<EOT>", "<EOT>", "<EOT>", "<EOT>", "\\].", "<EOT>", "<EOT>", "<EOT>"], ["<META_START>", "<META_START>", "<META_START>", "<META_START>", "<META_START>", "=============", "<META_START>", "<META_START>", "<META_START>"], ["<SOS>", "<SOS>", "<SOS>", "<SOS>", "<SOS>", " respectively", "<SOS>", "<SOS>", "<SOS>"], ["<META_END>", "<META_END>", "<META_END>", "<META_END>", "<META_END>", " to", "<META_END>", "<META_END>", "<META_END>"]], "bottom_logit_ablation_tokens_str": [["<META>", "<META>", "<META>", "<META>", "<META>", "aching", "<META>", "<META>", "<META>"], ["<EOT>", "<EOT>", "<EOT>", "<EOT>", "<EOT>", "tres", "<EOT>", "<EOT>", "<EOT>"], ["<META_START>", "<META_START>", "<META_START>", "<META_START>", "<META_START>", "tis", "<META_START>", "<META_START>", "<META_START>"], ["<SOS>", "<SOS>", "<SOS>", "<SOS>", "<SOS>", "mmas", "<SOS>", "<SOS>", "<SOS>"], ["<META_END>", "<META_END>", "<META_END>", "<META_END>", "<META_END>", "\u0440", "<META_END>", "<META_END>", "<META_END>"]], "top_logit_ablation_values": [[0, 0, 0, 0, 0, -0.03331, 0, 0, 0], [0, 0, 0, 0, 0, -0.03449, 0, 0, 0], [0, 0, 0, 0, 0, -0.03644, 0, 0, 0], [0, 0, 0, 0, 0, -0.03807, 0, 0, 0], [0, 0, 0, 0, 0, -0.03868, 0, 0, 0]], "bottom_logit_ablation_values": [[0, 0, 0, 0, 0, -0.2919, 0, 0, 0], [0, 0, 0, 0, 0, -0.2899, 0, 0, 0], [0, 0, 0, 0, 0, -0.2889, 0, 0, 0], [0, 0, 0, 0, 0, -0.2888, 0, 0, 0], [0, 0, 0, 0, 0, -0.288, 0, 0, 0]], "residual_loss_ablation": [1.046, 0.2116, -0.3119, 0.5894, -0.1229, 2.026, -0.1312, 6.317, 0]}}, {"tokens_str_list": [")", "[@", "R", "133", "]^,", "^[@", "R", "134", "]"], "tokens_acts_list": [0, 0, 0, 0, 0.1023, 0, 0, 0, 0], "train_token_ind": 4, "is_repeated_datapoint": 0, "datapoint_ind": 68263343, "ablations": {"loss_ablation": [0, 0, 0, 0, 0, -0.01124, 0, 0, 0], "top_logit_ablation_tokens_str": [["<META>", "<META>", "<META>", "<META>", "<META>", "(", "<META>", "<META>", "<META>"], ["<EOT>", "<EOT>", "<EOT>", "<EOT>", "<EOT>", "---", "<EOT>", "<EOT>", "<EOT>"], ["<META_START>", "<META_START>", "<META_START>", "<META_START>", "<META_START>", " to", "<META_START>", "<META_START>", "<META_START>"], ["<SOS>", "<SOS>", "<SOS>", "<SOS>", "<SOS>", ",", "<SOS>", "<SOS>", "<SOS>"], ["<META_END>", "<META_END>", "<META_END>", "<META_END>", "<META_END>", "\\].", "<META_END>", "<META_END>", "<META_END>"]], "bottom_logit_ablation_tokens_str": [["<META>", "<META>", "<META>", "<META>", "<META>", "mpt", "<META>", "<META>", "<META>"], ["<EOT>", "<EOT>", "<EOT>", "<EOT>", "<EOT>", "tres", "<EOT>", "<EOT>", "<EOT>"], ["<META_START>", "<META_START>", "<META_START>", "<META_START>", "<META_START>", "tis", "<META_START>", "<META_START>", "<META_START>"], ["<SOS>", "<SOS>", "<SOS>", "<SOS>", "<SOS>", "mmas", "<SOS>", "<SOS>", "<SOS>"], ["<META_END>", "<META_END>", "<META_END>", "<META_END>", "<META_END>", "gres", "<META_END>", "<META_END>", "<META_END>"]], "top_logit_ablation_values": [[0, 0, 0, 0, 0, 0.000618, 0, 0, 0], [0, 0, 0, 0, 0, -0.0004797, 0, 0, 0], [0, 0, 0, 0, 0, -0.0005159, 0, 0, 0], [0, 0, 0, 0, 0, -0.0007925, 0, 0, 0], [0, 0, 0, 0, 0, -0.001102, 0, 0, 0]], "bottom_logit_ablation_values": [[0, 0, 0, 0, 0, -0.1171, 0, 0, 0], [0, 0, 0, 0, 0, -0.1162, 0, 0, 0], [0, 0, 0, 0, 0, -0.1158, 0, 0, 0], [0, 0, 0, 0, 0, -0.1144, 0, 0, 0], [0, 0, 0, 0, 0, -0.1142, 0, 0, 0]], "residual_loss_ablation": [3.413, 4.123, 1.541, -0.1231, -0.4894, 2.517, 1.188, 1.069, 0]}}, {"tokens_str_list": [" versus", " 7", ".", "3", " in", " JK", "2", ";", " and"], "tokens_acts_list": [0, 0, 0, 0, 0.07521, 0, 0, 0, 0], "train_token_ind": 4, "is_repeated_datapoint": 0, "datapoint_ind": 23681002, "ablations": {"loss_ablation": [0, 0, 0, 0, 0, 0.003431, 0, 0, 0], "top_logit_ablation_tokens_str": [["<META>", "<META>", "<META>", "<META>", "<META>", "=============", "<META>", "<META>", "<META>"], ["<EOT>", "<EOT>", "<EOT>", "<EOT>", "<EOT>", "\\].", "<EOT>", "<EOT>", "<EOT>"], ["<META_START>", "<META_START>", "<META_START>", "<META_START>", "<META_START>", " respectively", "<META_START>", "<META_START>", "<META_START>"], ["<SOS>", "<SOS>", "<SOS>", "<SOS>", "<SOS>", "---", "<SOS>", "<SOS>", "<SOS>"], ["<META_END>", "<META_END>", "<META_END>", "<META_END>", "<META_END>", " according", "<META_END>", "<META_END>", "<META_END>"]],