{"index": 387, "act_buckets": [1, 0, 1, 0, 0, 0, 0, 0, 0, 0, 0, 0, 0, 1, 0, 0, 0, 0, 0, 0, 0, 1, 0, 0, 0, 0, 0, 0, 1, 1, 0, 0, 0, 0, 0, 0, 0, 0, 0, 1], "act_bucket_edges": [0, 0.007816, 0.01563, 0.02345, 0.03126, 0.03908, 0.04689, 0.05471, 0.06253, 0.07034, 0.07816, 0.08597, 0.09379, 0.1016, 0.1094, 0.1172, 0.1251, 0.1329, 0.1407, 0.1485, 0.1563, 0.1641, 0.1719, 0.1798, 0.1876, 0.1954, 0.2032, 0.211, 0.2188, 0.2267, 0.2345, 0.2423, 0.2501, 0.2579, 0.2657, 0.2736, 0.2814, 0.2892, 0.297, 0.3048, 0.3126], "logit_buckets": [2, 3, 1, 4, 5, 4, 4, 7, 7, 16, 26, 37, 56, 80, 149, 213, 290, 435, 2117, 2289, 2542, 3396, 4706, 6502, 7842, 8290, 7670, 6221, 4627, 3291, 2054, 1230, 718, 391, 181, 82, 30, 12, 4, 2], "logit_bucket_edges": [-0.7796, -0.7487, -0.7178, -0.687, -0.6561, -0.6252, -0.5943, -0.5634, -0.5325, -0.5017, -0.4708, -0.4399, -0.409, -0.3781, -0.3473, -0.3164, -0.2855, -0.2546, -0.2237, -0.1928, -0.162, -0.1311, -0.1002, -0.06932, -0.03844, -0.007554, 0.02333, 0.05421, 0.08509, 0.116, 0.1469, 0.1777, 0.2086, 0.2395, 0.2704, 0.3013, 0.3321, 0.363, 0.3939, 0.4248, 0.4557], "examples_quantiles": [{"quantile_name": "Top Activations", "quantile_max_act": 0.3126, "examples": [{"tokens_str_list": [" to", " red", "shifted", " regions", " in", " the", " Doppler", "gram", "."], "tokens_acts_list": [0, 0, 0, 0, 0.3126, 0, 0, 0, 0], "train_token_ind": 4, "is_repeated_datapoint": 0, "datapoint_ind": 71131784, "ablations": {"loss_ablation": [0, 0, 0, 0, 0, -0.1054, 0, 0, 0], "top_logit_ablation_tokens_str": [["<META>", "<META>", "<META>", "<META>", "<META>", "ized", "<META>", "<META>", "<META>"], ["<EOT>", "<EOT>", "<EOT>", "<EOT>", "<EOT>", "oned", "<EOT>", "<EOT>", "<EOT>"], ["<META_START>", "<META_START>", "<META_START>", "<META_START>", "<META_START>", "ments", "<META_START>", "<META_START>", "<META_START>"], ["<SOS>", "<SOS>", "<SOS>", "<SOS>", "<SOS>", "ence", "<SOS>", "<SOS>", "<SOS>"], ["<META_END>", "<META_END>", "<META_END>", "<META_END>", "<META_END>", "ization", "<META_END>", "<META_END>", "<META_END>"]], "bottom_logit_ablation_tokens_str": [["<META>", "<META>", "<META>", "<META>", "<META>", "GE", "<META>", "<META>", "<META>"], ["<EOT>", "<EOT>", "<EOT>", "<EOT>", "<EOT>", "STC", "<EOT>", "<EOT>", "<EOT>"], ["<META_START>", "<META_START>", "<META_START>", "<META_START>", "<META_START>", "ROS", "<META_START>", "<META_START>", "<META_START>"], ["<SOS>", "<SOS>", "<SOS>", "<SOS>", "<SOS>", "KER", "<SOS>", "<SOS>", "<SOS>"], ["<META_END>", "<META_END>", "<META_END>", "<META_END>", "<META_END>", "SHIP", "<META_END>", "<META_END>", "<META_END>"]], "top_logit_ablation_values": [[0, 0, 0, 0, 0, 0.6536, 0, 0, 0], [0, 0, 0, 0, 0, 0.6485, 0, 0, 0], [0, 0, 0, 0, 0, 0.6341, 0, 0, 0], [0, 0, 0, 0, 0, 0.6207, 0, 0, 0], [0, 0, 0, 0, 0, 0.6164, 0, 0, 0]], "bottom_logit_ablation_values": [[0, 0, 0, 0, 0, -0.06775, 0, 0, 0], [0, 0, 0, 0, 0, -0.05679, 0, 0, 0], [0, 0, 0, 0, 0, -0.04357, 0, 0, 0], [0, 0, 0, 0, 0, -0.03281, 0, 0, 0], [0, 0, 0, 0, 0, -0.03159, 0, 0, 0]], "residual_loss_ablation": [0.06344, 1.481, 6.119, 1.577, -0.4111, -0.3944, 0.2455, 2.793, 0]}}, {"tokens_str_list": [" rat", " after", " lung", " contamination", " with", " different", " pl", "ut", "on"], "tokens_acts_list": [0, 0, 0, 0, 0.2297, 0, 0, 0, 0], "train_token_ind": 4, "is_repeated_datapoint": 0, "datapoint_ind": 7622056, "ablations": {"loss_ablation": [0, 0, 0, 0, 0, 0.01697, 0, 0, 0], "top_logit_ablation_tokens_str": [["<META>", "<META>", "<META>", "<META>", "<META>", "oned", "<META>", "<META>", "<META>"], ["<EOT>", "<EOT>", "<EOT>", "<EOT>", "<EOT>", "ized", "<EOT>", "<EOT>", "<EOT>"], ["<META_START>", "<META_START>", "<META_START>", "<META_START>", "<META_START>", "ments", "<META_START>", "<META_START>", "<META_START>"], ["<SOS>", "<SOS>", "<SOS>", "<SOS>", "<SOS>", "ence", "<SOS>", "<SOS>", "<SOS>"], ["<META_END>", "<META_END>", "<META_END>", "<META_END>", "<META_END>", "ization", "<META_END>", "<META_END>", "<META_END>"]], "bottom_logit_ablation_tokens_str": [["<META>", "<META>", "<META>", "<META>", "<META>", "GE", "<META>", "<META>", "<META>"], ["<EOT>", "<EOT>", "<EOT>", "<EOT>", "<EOT>", "STC", "<EOT>", "<EOT>", "<EOT>"], ["<META_START>", "<META_START>", "<META_START>", "<META_START>", "<META_START>", "DS", "<META_START>", "<META_START>", "<META_START>"], ["<SOS>", "<SOS>", "<SOS>", "<SOS>", "<SOS>", "ROS", "<SOS>", "<SOS>", "<SOS>"], ["<META_END>", "<META_END>", "<META_END>", "<META_END>", "<META_END>", "KER", "<META_END>", "<META_END>", "<META_END>"]], "top_logit_ablation_values": [[0, 0, 0, 0, 0, 0.4239, 0, 0, 0], [0, 0, 0, 0, 0, 0.4188, 0, 0, 0], [0, 0, 0, 0, 0, 0.4183, 0, 0, 0], [0, 0, 0, 0, 0, 0.4007, 0, 0, 0], [0, 0, 0, 0, 0, 0.3946, 0, 0, 0]], "bottom_logit_ablation_values": [[0, 0, 0, 0, 0, -0.04807, 0, 0, 0], [0, 0, 0, 0, 0, -0.02885, 0, 0, 0], [0, 0, 0, 0, 0, -0.02365, 0, 0, 0], [0, 0, 0, 0, 0, -0.02329, 0, 0, 0], [0, 0, 0, 0, 0, -0.02185, 0, 0, 0]], "residual_loss_ablation": [2.706, 0.4912, 5.949, -0.5415, 1.139, -2.024, 0.7999, 1.098, 0]}}, {"tokens_str_list": [".", "\n", "\n", "Before", " departure", " from", " Stockholm", ",", " at"], "tokens_acts_list": [0, 0, 0, 0, 0.2189, 0, 0, 0, 0], "train_token_ind": 4, "is_repeated_datapoint": 0, "datapoint_ind": 79185273, "ablations": {"loss_ablation": [0, 0, 0, 0, 0, -0.05175, 0, 0, 0], "top_logit_ablation_tokens_str": [["<META>", "<META>", "<META>", "<META>", "<META>", "ized", "<META>", "<META>", "<META>"], ["<EOT>", "<EOT>", "<EOT>", "<EOT>", "<EOT>", "oned", "<EOT>", "<EOT>", "<EOT>"], ["<META_START>", "<META_START>", "<META_START>", "<META_START>", "<META_START>", "ments", "<META_START>", "<META_START>", "<META_START>"], ["<SOS>", "<SOS>", "<SOS>", "<SOS>", "<SOS>", "ization", "<SOS>", "<SOS>", "<SOS>"], ["<META_END>", "<META_END>", "<META_END>", "<META_END>", "<META_END>", "ence", "<META_END>", "<META_END>", "<META_END>"]], "bottom_logit_ablation_tokens_str": [["<META>", "<META>", "<META>", "<META>", "<META>", "GE", "<META>", "<META>", "<META>"], ["<EOT>", "<EOT>", "<EOT>", "<EOT>", "<EOT>", "STC", "<EOT>", "<EOT>", "<EOT>"], ["<META_START>", "<META_START>", "<META_START>", "<META_START>", "<META_START>", "ROS", "<META_START>", "<META_START>", "<META_START>"], ["<SOS>", "<SOS>", "<SOS>", "<SOS>", "<SOS>", "ptide", "<SOS>", "<SOS>", "<SOS>"], ["<META_END>", "<META_END>", "<META_END>", "<META_END>", "<META_END>", "KER", "<META_END>", "<META_END>", "<META_END>"]], "top_logit_ablation_values": [[0, 0, 0, 0, 0, 0.4205, 0, 0, 0], [0, 0, 0, 0, 0, 0.416, 0, 0, 0], [0, 0, 0, 0, 0, 0.4028, 0, 0, 0], [0, 0, 0, 0, 0, 0.3955, 0, 0, 0], [0, 0, 0, 0, 0, 0.3952, 0, 0, 0]], "bottom_logit_ablation_values": [[0, 0, 0, 0, 0, -0.04369, 0, 0, 0], [0, 0, 0, 0, 0, -0.03698, 0, 0, 0], [0, 0, 0, 0, 0, -0.02954, 0, 0, 0], [0, 0, 0, 0, 0, -0.02645, 0, 0, 0], [0, 0, 0, 0, 0, -0.02644, 0, 0, 0]], "residual_loss_ablation": [-0.1486, -0.1393, -0.002485, -0.6322, 1.433, 2.658, 2.64, 0.08047, 0]}}, {"tokens_str_list": [" This", " ex", "cur", "sion", " departure", " is", " from", " our", " office"], "tokens_acts_list": [0, 0, 0, 0, 0.1685, 0, 0, 0, 0], "train_token_ind": 4, "is_repeated_datapoint": 0, "datapoint_ind": 63562008, "ablations": {"loss_ablation": [0, 0, 0, 0, 0, -0.03255, 0, 0, 0], "top_logit_ablation_tokens_str": [["<META>", "<META>", "<META>", "<META>", "<META>", "oned", "<META>", "<META>", "<META>"], ["<EOT>", "<EOT>", "<EOT>", "<EOT>", "<EOT>", "ized", "<EOT>", "<EOT>", "<EOT>"], ["<META_START>", "<META_START>", "<META_START>", "<META_START>", "<META_START>", "ments", "<META_START>", "<META_START>", "<META_START>"], ["<SOS>", "<SOS>", "<SOS>", "<SOS>", "<SOS>", "ence", "<SOS>", "<SOS>", "<SOS>"], ["<META_END>", "<META_END>", "<META_END>", "<META_END>", "<META_END>", "ization", "<META_END>", "<META_END>", "<META_END>"]],