{"index": 3896, "act_buckets": [0, 0, 0, 0, 0, 0, 0, 0, 0, 0, 0, 0, 0, 0, 0, 0, 0, 0, 0, 0, 0, 0, 0, 0, 0, 0, 0, 0, 0, 0, 0, 0, 0, 0, 0, 0, 0, 0, 0, 1], "act_bucket_edges": [0, 0.0007791, 0.001558, 0.002337, 0.003116, 0.003895, 0.004674, 0.005453, 0.006233, 0.007012, 0.007791, 0.00857, 0.009349, 0.01013, 0.01091, 0.01169, 0.01247, 0.01324, 0.01402, 0.0148, 0.01558, 0.01636, 0.01714, 0.01792, 0.0187, 0.01948, 0.02026, 0.02103, 0.02181, 0.02259, 0.02337, 0.02415, 0.02493, 0.02571, 0.02649, 0.02727, 0.02805, 0.02883, 0.0296, 0.03038, 0.03116], "logit_buckets": [3, 2, 1, 2, 9, 11, 24, 46, 50, 101, 134, 196, 327, 460, 654, 897, 1317, 1904, 5406, 4774, 5582, 6437, 7154, 7083, 6484, 5369, 3995, 2723, 1721, 1167, 657, 401, 228, 125, 42, 24, 16, 3, 4, 3], "logit_bucket_edges": [-0.5382, -0.5144, -0.4906, -0.4668, -0.4431, -0.4193, -0.3955, -0.3717, -0.348, -0.3242, -0.3004, -0.2766, -0.2528, -0.2291, -0.2053, -0.1815, -0.1577, -0.134, -0.1102, -0.0864, -0.06262, -0.03884, -0.01507, 0.008713, 0.03249, 0.05627, 0.08005, 0.1038, 0.1276, 0.1514, 0.1752, 0.1989, 0.2227, 0.2465, 0.2703, 0.294, 0.3178, 0.3416, 0.3654, 0.3892, 0.4129], "examples_quantiles": [{"quantile_name": "Top Activations", "quantile_max_act": 0.03116, "examples": [{"tokens_str_list": ["\u2013", "le", "aving", " a", " reluctant", " contingent", " to", " guard", " houses"], "tokens_acts_list": [0, 0, 0, 0, 0.03116, 0, 0, 0, 0], "train_token_ind": 4, "is_repeated_datapoint": 0, "datapoint_ind": 99063302, "ablations": {"loss_ablation": [0, 0, 0, 0, 0, -0.0001297, 0, 0, 0], "top_logit_ablation_tokens_str": [["<META>", "<META>", "<META>", "<META>", "<META>", "ously", "<META>", "<META>", "<META>"], ["<EOT>", "<EOT>", "<EOT>", "<EOT>", "<EOT>", "ous", "<EOT>", "<EOT>", "<EOT>"], ["<META_START>", "<META_START>", "<META_START>", "<META_START>", "<META_START>", "ment", "<META_START>", "<META_START>", "<META_START>"], ["<SOS>", "<SOS>", "<SOS>", "<SOS>", "<SOS>", "ans", "<SOS>", "<SOS>", "<SOS>"], ["<META_END>", "<META_END>", "<META_END>", "<META_END>", "<META_END>", "ments", "<META_END>", "<META_END>", "<META_END>"]], "bottom_logit_ablation_tokens_str": [["<META>", "<META>", "<META>", "<META>", "<META>", " ain", "<META>", "<META>", "<META>"], ["<EOT>", "<EOT>", "<EOT>", "<EOT>", "<EOT>", "======================", "<EOT>", "<EOT>", "<EOT>"], ["<META_START>", "<META_START>", "<META_START>", "<META_START>", "<META_START>", "===============", "<META_START>", "<META_START>", "<META_START>"], ["<SOS>", "<SOS>", "<SOS>", "<SOS>", "<SOS>", " ett", "<SOS>", "<SOS>", "<SOS>"], ["<META_END>", "<META_END>", "<META_END>", "<META_END>", "<META_END>", " remand", "<META_END>", "<META_END>", "<META_END>"]], "top_logit_ablation_values": [[0, 0, 0, 0, 0, 0.05294, 0, 0, 0], [0, 0, 0, 0, 0, 0.05125, 0, 0, 0], [0, 0, 0, 0, 0, 0.04993, 0, 0, 0], [0, 0, 0, 0, 0, 0.04964, 0, 0, 0], [0, 0, 0, 0, 0, 0.04946, 0, 0, 0]], "bottom_logit_ablation_values": [[0, 0, 0, 0, 0, -0.0134, 0, 0, 0], [0, 0, 0, 0, 0, -0.01119, 0, 0, 0], [0, 0, 0, 0, 0, -0.0108, 0, 0, 0], [0, 0, 0, 0, 0, -0.01065, 0, 0, 0], [0, 0, 0, 0, 0, -0.0105, 0, 0, 0]], "residual_loss_ablation": [-0.437, -0.3963, 2.946, -0.5609, 0.1732, -0.1595, 0.4579, 1.35, 0]}}]}], "statistics": {"density_frac": 1e-08, "global_max_act": 0.03116, "abs_max_neuron_weights": [-0.1821, -0.1698, -0.1303], "abs_max_neuron_inds": [388, 86, 299], "l1_max_neuron_weights": [0.01028, 0.009585, 0.007355]}, "logit_effects": {"negatives": [["ally", -0.4409], ["aned", -0.4427], ["ites", -0.4432], ["ists", -0.459], ["acon", -0.4706], ["ans", -0.5], ["ment", -0.5107], ["ous", -0.5204], ["ously", -0.5229], ["ments", -0.5382]], "positives": [["======================", 0.4129], [" ain", 0.4127], ["===============", 0.4103], ["-------", 0.3854], [" remand", 0.3808], [" ett", 0.3766], [" habeas", 0.3665], ["----------------------", 0.3544], [" stare", 0.3443], ["dater", 0.3441]]}}