{"index": 393, "act_buckets": [0, 0, 0, 0, 0, 1, 0, 0, 0, 0, 1, 0, 0, 0, 0, 0, 0, 0, 0, 0, 0, 1, 0, 0, 0, 0, 0, 1, 0, 0, 0, 0, 1, 0, 0, 0, 0, 0, 0, 1], "act_bucket_edges": [0, 0.007052, 0.0141, 0.02116, 0.02821, 0.03526, 0.04231, 0.04936, 0.05642, 0.06347, 0.07052, 0.07757, 0.08463, 0.09168, 0.09873, 0.1058, 0.1128, 0.1199, 0.1269, 0.134, 0.141, 0.1481, 0.1551, 0.1622, 0.1693, 0.1763, 0.1834, 0.1904, 0.1975, 0.2045, 0.2116, 0.2186, 0.2257, 0.2327, 0.2398, 0.2468, 0.2539, 0.2609, 0.268, 0.275, 0.2821], "logit_buckets": [1, 1, 3, 3, 5, 21, 38, 52, 116, 168, 272, 483, 792, 1258, 2084, 3255, 4410, 5781, 7483, 11680, 9400, 6410, 4303, 2965, 1839, 1175, 659, 394, 233, 103, 62, 31, 25, 17, 7, 5, 2, 0, 0, 1], "logit_bucket_edges": [-0.531, -0.5041, -0.4771, -0.4502, -0.4232, -0.3963, -0.3693, -0.3424, -0.3154, -0.2885, -0.2615, -0.2346, -0.2076, -0.1806, -0.1537, -0.1267, -0.09979, -0.07284, -0.04589, -0.01893, 0.008019, 0.03497, 0.06192, 0.08888, 0.1158, 0.1428, 0.1697, 0.1967, 0.2236, 0.2506, 0.2775, 0.3045, 0.3314, 0.3584, 0.3854, 0.4123, 0.4393, 0.4662, 0.4932, 0.5201, 0.5471], "examples_quantiles": [{"quantile_name": "Top Activations", "quantile_max_act": 0.2821, "examples": [{"tokens_str_list": [" it", " take", " for", " a", " bount", "y", " to", " be", " auto"], "tokens_acts_list": [0, 0, 0, 0, 0.2821, 0, 0, 0, 0], "train_token_ind": 4, "is_repeated_datapoint": 0, "datapoint_ind": 82550481, "ablations": {"loss_ablation": [0, 0, 0, 0, 0, 0.008441, 0, 0, 0], "top_logit_ablation_tokens_str": [["<META>", "<META>", "<META>", "<META>", "<META>", "eds", "<META>", "<META>", "<META>"], ["<EOT>", "<EOT>", "<EOT>", "<EOT>", "<EOT>", "odo", "<EOT>", "<EOT>", "<EOT>"], ["<META_START>", "<META_START>", "<META_START>", "<META_START>", "<META_START>", "wood", "<META_START>", "<META_START>", "<META_START>"], ["<SOS>", "<SOS>", "<SOS>", "<SOS>", "<SOS>", "born", "<SOS>", "<SOS>", "<SOS>"], ["<META_END>", "<META_END>", "<META_END>", "<META_END>", "<META_END>", "ste", "<META_END>", "<META_END>", "<META_END>"]], "bottom_logit_ablation_tokens_str": [["<META>", "<META>", "<META>", "<META>", "<META>", "=============", "<META>", "<META>", "<META>"], ["<EOT>", "<EOT>", "<EOT>", "<EOT>", "<EOT>", " foregoing", "<EOT>", "<EOT>", "<EOT>"], ["<META_START>", "<META_START>", "<META_START>", "<META_START>", "<META_START>", " sake", "<META_START>", "<META_START>", "<META_START>"], ["<SOS>", "<SOS>", "<SOS>", "<SOS>", "<SOS>", "--------------------", "<SOS>", "<SOS>", "<SOS>"], ["<META_END>", "<META_END>", "<META_END>", "<META_END>", "<META_END>", " reasons", "<META_END>", "<META_END>", "<META_END>"]], "top_logit_ablation_values": [[0, 0, 0, 0, 0, 0.1004, 0, 0, 0], [0, 0, 0, 0, 0, 0.08466, 0, 0, 0], [0, 0, 0, 0, 0, 0.06941, 0, 0, 0], [0, 0, 0, 0, 0, 0.06638, 0, 0, 0], [0, 0, 0, 0, 0, 0.0655, 0, 0, 0]], "bottom_logit_ablation_values": [[0, 0, 0, 0, 0, -0.307, 0, 0, 0], [0, 0, 0, 0, 0, -0.2618, 0, 0, 0], [0, 0, 0, 0, 0, -0.259, 0, 0, 0], [0, 0, 0, 0, 0, -0.2584, 0, 0, 0], [0, 0, 0, 0, 0, -0.2572, 0, 0, 0]], "residual_loss_ablation": [0.5495, 1.034, -0.03435, 0.2797, -0.4034, 2.756, -1.464, -2.046, 0]}}, {"tokens_str_list": [" (", "10", " mM", ").", " At", " day", " 21", ",", " cells"], "tokens_acts_list": [0, 0, 0, 0, 0.2263, 0, 0, 0, 0], "train_token_ind": 4, "is_repeated_datapoint": 0, "datapoint_ind": 79185551, "ablations": {"loss_ablation": [0, 0, 0, 0, 0, -0.005094, 0, 0, 0], "top_logit_ablation_tokens_str": [["<META>", "<META>", "<META>", "<META>", "<META>", "eds", "<META>", "<META>", "<META>"], ["<EOT>", "<EOT>", "<EOT>", "<EOT>", "<EOT>", "odo", "<EOT>", "<EOT>", "<EOT>"], ["<META_START>", "<META_START>", "<META_START>", "<META_START>", "<META_START>", "des", "<META_START>", "<META_START>", "<META_START>"], ["<SOS>", "<SOS>", "<SOS>", "<SOS>", "<SOS>", "wer", "<SOS>", "<SOS>", "<SOS>"], ["<META_END>", "<META_END>", "<META_END>", "<META_END>", "<META_END>", "born", "<META_END>", "<META_END>", "<META_END>"]], "bottom_logit_ablation_tokens_str": [["<META>", "<META>", "<META>", "<META>", "<META>", "=============", "<META>", "<META>", "<META>"], ["<EOT>", "<EOT>", "<EOT>", "<EOT>", "<EOT>", " foregoing", "<EOT>", "<EOT>", "<EOT>"], ["<META_START>", "<META_START>", "<META_START>", "<META_START>", "<META_START>", "itionally", "<META_START>", "<META_START>", "<META_START>"], ["<SOS>", "<SOS>", "<SOS>", "<SOS>", "<SOS>", " reasons", "<SOS>", "<SOS>", "<SOS>"], ["<META_END>", "<META_END>", "<META_END>", "<META_END>", "<META_END>", " sake", "<META_END>", "<META_END>", "<META_END>"]], "top_logit_ablation_values": [[0, 0, 0, 0, 0, 0.1729, 0, 0, 0], [0, 0, 0, 0, 0, 0.1492, 0, 0, 0], [0, 0, 0, 0, 0, 0.1416, 0, 0, 0], [0, 0, 0, 0, 0, 0.1336, 0, 0, 0], [0, 0, 0, 0, 0, 0.1305, 0, 0, 0]], "bottom_logit_ablation_values": [[0, 0, 0, 0, 0, -0.3574, 0, 0, 0], [0, 0, 0, 0, 0, -0.2947, 0, 0, 0], [0, 0, 0, 0, 0, -0.294, 0, 0, 0], [0, 0, 0, 0, 0, -0.2902, 0, 0, 0], [0, 0, 0, 0, 0, -0.2846, 0, 0, 0]], "residual_loss_ablation": [0.5869, 0.5549, 5.908, 2.157, 0.3277, 2.198, 8.754, 0.027, 0]}}, {"tokens_str_list": [" at", " day", " 4", " with", " 79", "%", " of", " cells", " expressing"], "tokens_acts_list": [0, 0, 0, 0, 0.1952, 0, 0, 0, 0], "train_token_ind": 4, "is_repeated_datapoint": 0, "datapoint_ind": 88415182, "ablations": {"loss_ablation": [0, 0, 0, 0, 0, 0.01808, 0, 0, 0], "top_logit_ablation_tokens_str": [["<META>", "<META>", "<META>", "<META>", "<META>", "eds", "<META>", "<META>", "<META>"], ["<EOT>", "<EOT>", "<EOT>", "<EOT>", "<EOT>", "odo", "<EOT>", "<EOT>", "<EOT>"], ["<META_START>", "<META_START>", "<META_START>", "<META_START>", "<META_START>", "wer", "<META_START>", "<META_START>", "<META_START>"], ["<SOS>", "<SOS>", "<SOS>", "<SOS>", "<SOS>", "wood", "<SOS>", "<SOS>", "<SOS>"], ["<META_END>", "<META_END>", "<META_END>", "<META_END>", "<META_END>", "born", "<META_END>", "<META_END>", "<META_END>"]], "bottom_logit_ablation_tokens_str": [["<META>", "<META>", "<META>", "<META>", "<META>", "=============", "<META>", "<META>", "<META>"], ["<EOT>", "<EOT>", "<EOT>", "<EOT>", "<EOT>", " sake", "<EOT>", "<EOT>", "<EOT>"], ["<META_START>", "<META_START>", "<META_START>", "<META_START>", "<META_START>", " foregoing", "<META_START>", "<META_START>", "<META_START>"], ["<SOS>", "<SOS>", "<SOS>", "<SOS>", "<SOS>", " reasons", "<SOS>", "<SOS>", "<SOS>"], ["<META_END>", "<META_END>", "<META_END>", "<META_END>", "<META_END>", "itionally", "<META_END>", "<META_END>", "<META_END>"]], "top_logit_ablation_values": [[0, 0, 0, 0, 0, 0.1348, 0, 0, 0], [0, 0, 0, 0, 0, 0.1231, 0, 0, 0], [0, 0, 0, 0, 0, 0.1104, 0, 0, 0], [0, 0, 0, 0, 0, 0.1078, 0, 0, 0], [0, 0, 0, 0, 0, 0.1062, 0, 0, 0]], "bottom_logit_ablation_values": [[0, 0, 0, 0, 0, -0.2958, 0, 0, 0], [0, 0, 0, 0, 0, -0.2646, 0, 0, 0], [0, 0, 0, 0, 0, -0.2589, 0, 0, 0], [0, 0, 0, 0, 0, -0.2553, 0, 0, 0], [0, 0, 0, 0, 0, -0.2536, 0, 0, 0]], "residual_loss_ablation": [0.09867, 1.699, 7.695, 0.9872, 0.787, 0.582, -1.925, 1.141, 0]}}, {"tokens_str_list": ["\n                                             ", " 6", "\n\f", "<EOT>", "Abbrev", "iations", "\n", "=============", "\n"], "tokens_acts_list": [0, 0, 0, 0, 0.1492, 0, 0, 0, 0], "train_token_ind": 4, "is_repeated_datapoint": 0, "datapoint_ind": 17505211, "ablations": {"loss_ablation": [0, 0, 0, 0, 0, 0.002294, 0, 0, 0], "top_logit_ablation_tokens_str": [["<META>", "<META>", "<META>", "<META>", "<META>", "eds", "<META>", "<META>", "<META>"], ["<EOT>", "<EOT>", "<EOT>", "<EOT>", "<EOT>", "odo", "<EOT>", "<EOT>", "<EOT>"], ["<META_START>", "<META_START>", "<META_START>", "<META_START>", "<META_START>", "wood", "<META_START>", "<META_START>", "<META_START>"], ["<SOS>", "<SOS>", "<SOS>", "<SOS>", "<SOS>", "born", "<SOS>", "<SOS>", "<SOS>"], ["<META_END>", "<META_END>", "<META_END>", "<META_END>", "<META_END>", "ste", "<META_END>", "<META_END>", "<META_END>"]],