{"index": 3935, "act_buckets": [0, 0, 0, 0, 0, 0, 0, 0, 0, 0, 0, 0, 0, 0, 1, 0, 0, 0, 0, 0, 0, 1, 0, 0, 0, 0, 0, 0, 0, 0, 0, 0, 0, 0, 0, 0, 0, 0, 1, 1], "act_bucket_edges": [0, 0.007949, 0.0159, 0.02385, 0.0318, 0.03975, 0.0477, 0.05565, 0.0636, 0.07154, 0.07949, 0.08744, 0.09539, 0.1033, 0.1113, 0.1192, 0.1272, 0.1351, 0.1431, 0.151, 0.159, 0.1669, 0.1749, 0.1828, 0.1908, 0.1987, 0.2067, 0.2146, 0.2226, 0.2305, 0.2385, 0.2464, 0.2544, 0.2623, 0.2703, 0.2782, 0.2862, 0.2941, 0.3021, 0.31, 0.318], "logit_buckets": [5, 4, 6, 10, 13, 24, 58, 123, 188, 1619, 1295, 1379, 1815, 2437, 3445, 4683, 6142, 7324, 7848, 7299, 6144, 4674, 3332, 2204, 1410, 886, 519, 281, 148, 96, 52, 23, 22, 10, 10, 3, 3, 1, 0, 1], "logit_bucket_edges": [-0.4248, -0.4016, -0.3783, -0.3551, -0.3318, -0.3086, -0.2854, -0.2621, -0.2389, -0.2157, -0.1924, -0.1692, -0.146, -0.1227, -0.09948, -0.07624, -0.05301, -0.02977, -0.006532, 0.0167, 0.03994, 0.06318, 0.08641, 0.1097, 0.1329, 0.1561, 0.1794, 0.2026, 0.2258, 0.2491, 0.2723, 0.2955, 0.3188, 0.342, 0.3653, 0.3885, 0.4117, 0.435, 0.4582, 0.4814, 0.5047], "examples_quantiles": [{"quantile_name": "Top Activations", "quantile_max_act": 0.318, "examples": [{"tokens_str_list": [".", "\n", "\n", "In", " the", " conditions", " of", " Definition", " 2"], "tokens_acts_list": [0, 0, 0, 0, 0.318, 0, 0, 0, 0], "train_token_ind": 4, "is_repeated_datapoint": 0, "datapoint_ind": 26340538, "ablations": {"loss_ablation": [0, 0, 0, 0, 0, -0.04103, 0, 0, 0], "top_logit_ablation_tokens_str": [["<META>", "<META>", "<META>", "<META>", "<META>", "eral", "<META>", "<META>", "<META>"], ["<EOT>", "<EOT>", "<EOT>", "<EOT>", "<EOT>", "fully", "<EOT>", "<EOT>", "<EOT>"], ["<META_START>", "<META_START>", "<META_START>", "<META_START>", "<META_START>", "ization", "<META_START>", "<META_START>", "<META_START>"], ["<SOS>", "<SOS>", "<SOS>", "<SOS>", "<SOS>", "\u0442\u0430", "<SOS>", "<SOS>", "<SOS>"], ["<META_END>", "<META_END>", "<META_END>", "<META_END>", "<META_END>", "ment", "<META_END>", "<META_END>", "<META_END>"]], "bottom_logit_ablation_tokens_str": [["<META>", "<META>", "<META>", "<META>", "<META>", "?\u201d", "<META>", "<META>", "<META>"], ["<EOT>", "<EOT>", "<EOT>", "<EOT>", "<EOT>", ")...", "<EOT>", "<EOT>", "<EOT>"], ["<META_START>", "<META_START>", "<META_START>", "<META_START>", "<META_START>", ")?", "<META_START>", "<META_START>", "<META_START>"], ["<SOS>", "<SOS>", "<SOS>", "<SOS>", "<SOS>", ")\"", "<SOS>", "<SOS>", "<SOS>"], ["<META_END>", "<META_END>", "<META_END>", "<META_END>", "<META_END>", "?)", "<META_END>", "<META_END>", "<META_END>"]], "top_logit_ablation_values": [[0, 0, 0, 0, 0, 0.3021, 0, 0, 0], [0, 0, 0, 0, 0, 0.2978, 0, 0, 0], [0, 0, 0, 0, 0, 0.2967, 0, 0, 0], [0, 0, 0, 0, 0, 0.2901, 0, 0, 0], [0, 0, 0, 0, 0, 0.2901, 0, 0, 0]], "bottom_logit_ablation_values": [[0, 0, 0, 0, 0, -0.3563, 0, 0, 0], [0, 0, 0, 0, 0, -0.3081, 0, 0, 0], [0, 0, 0, 0, 0, -0.308, 0, 0, 0], [0, 0, 0, 0, 0, -0.2952, 0, 0, 0], [0, 0, 0, 0, 0, -0.294, 0, 0, 0]], "residual_loss_ablation": [2.005, 0.1299, 0.2012, -0.02559, -0.5824, 1.777, 0.3678, 0.1318, 0]}}, {"tokens_str_list": ["_", "30", "_", " Lest", " we", " remember", " still", " that", " we"], "tokens_acts_list": [0, 0, 0, 0, 0.3058, 0, 0, 0, 0], "train_token_ind": 4, "is_repeated_datapoint": 0, "datapoint_ind": 82678079, "ablations": {"loss_ablation": [0, 0, 0, 0, 0, -0.0202, 0, 0, 0], "top_logit_ablation_tokens_str": [["<META>", "<META>", "<META>", "<META>", "<META>", "eral", "<META>", "<META>", "<META>"], ["<EOT>", "<EOT>", "<EOT>", "<EOT>", "<EOT>", "fully", "<EOT>", "<EOT>", "<EOT>"], ["<META_START>", "<META_START>", "<META_START>", "<META_START>", "<META_START>", "ization", "<META_START>", "<META_START>", "<META_START>"], ["<SOS>", "<SOS>", "<SOS>", "<SOS>", "<SOS>", "ment", "<SOS>", "<SOS>", "<SOS>"], ["<META_END>", "<META_END>", "<META_END>", "<META_END>", "<META_END>", "\u0442\u0430", "<META_END>", "<META_END>", "<META_END>"]], "bottom_logit_ablation_tokens_str": [["<META>", "<META>", "<META>", "<META>", "<META>", "?\u201d", "<META>", "<META>", "<META>"], ["<EOT>", "<EOT>", "<EOT>", "<EOT>", "<EOT>", ")...", "<EOT>", "<EOT>", "<EOT>"], ["<META_START>", "<META_START>", "<META_START>", "<META_START>", "<META_START>", ")?", "<META_START>", "<META_START>", "<META_START>"], ["<SOS>", "<SOS>", "<SOS>", "<SOS>", "<SOS>", "))?", "<SOS>", "<SOS>", "<SOS>"], ["<META_END>", "<META_END>", "<META_END>", "<META_END>", "<META_END>", "googleapis", "<META_END>", "<META_END>", "<META_END>"]], "top_logit_ablation_values": [[0, 0, 0, 0, 0, 0.2183, 0, 0, 0], [0, 0, 0, 0, 0, 0.2156, 0, 0, 0], [0, 0, 0, 0, 0, 0.2118, 0, 0, 0], [0, 0, 0, 0, 0, 0.2087, 0, 0, 0], [0, 0, 0, 0, 0, 0.2058, 0, 0, 0]], "bottom_logit_ablation_values": [[0, 0, 0, 0, 0, -0.2544, 0, 0, 0], [0, 0, 0, 0, 0, -0.2182, 0, 0, 0], [0, 0, 0, 0, 0, -0.2166, 0, 0, 0], [0, 0, 0, 0, 0, -0.2097, 0, 0, 0], [0, 0, 0, 0, 0, -0.2066, 0, 0, 0]], "residual_loss_ablation": [1.433, -0.03789, 3.167, -2.117, 3.35, -0.2296, 1.607, -0.02608, 0]}}, {"tokens_str_list": ["\n", ",", " **", "**,", " ().", "\n", "\n", ",", " **"], "tokens_acts_list": [0, 0, 0, 0, 0.1739, 0, 0, 0, 0], "train_token_ind": 4, "is_repeated_datapoint": 0, "datapoint_ind": 53779, "ablations": {"loss_ablation": [0, 0, 0, 0, 0, 0.02258, 0, 0, 0], "top_logit_ablation_tokens_str": [["<META>", "<META>", "<META>", "<META>", "<META>", "ization", "<META>", "<META>", "<META>"], ["<EOT>", "<EOT>", "<EOT>", "<EOT>", "<EOT>", "ed", "<EOT>", "<EOT>", "<EOT>"], ["<META_START>", "<META_START>", "<META_START>", "<META_START>", "<META_START>", "ing", "<META_START>", "<META_START>", "<META_START>"], ["<SOS>", "<SOS>", "<SOS>", "<SOS>", "<SOS>", "ation", "<SOS>", "<SOS>", "<SOS>"], ["<META_END>", "<META_END>", "<META_END>", "<META_END>", "<META_END>", "\u0442\u0430", "<META_END>", "<META_END>", "<META_END>"]], "bottom_logit_ablation_tokens_str": [["<META>", "<META>", "<META>", "<META>", "<META>", "?\u201d", "<META>", "<META>", "<META>"], ["<EOT>", "<EOT>", "<EOT>", "<EOT>", "<EOT>", "))?", "<EOT>", "<EOT>", "<EOT>"], ["<META_START>", "<META_START>", "<META_START>", "<META_START>", "<META_START>", ")?", "<META_START>", "<META_START>", "<META_START>"], ["<SOS>", "<SOS>", "<SOS>", "<SOS>", "<SOS>", ")...", "<SOS>", "<SOS>", "<SOS>"], ["<META_END>", "<META_END>", "<META_END>", "<META_END>", "<META_END>", "googleapis", "<META_END>", "<META_END>", "<META_END>"]], "top_logit_ablation_values": [[0, 0, 0, 0, 0, 0.08445, 0, 0, 0], [0, 0, 0, 0, 0, 0.0828, 0, 0, 0], [0, 0, 0, 0, 0, 0.08189, 0, 0, 0], [0, 0, 0, 0, 0, 0.07931, 0, 0, 0], [0, 0, 0, 0, 0, 0.07852, 0, 0, 0]], "bottom_logit_ablation_values": [[0, 0, 0, 0, 0, -0.1376, 0, 0, 0], [0, 0, 0, 0, 0, -0.1192, 0, 0, 0], [0, 0, 0, 0, 0, -0.1148, 0, 0, 0], [0, 0, 0, 0, 0, -0.1103, 0, 0, 0], [0, 0, 0, 0, 0, -0.1062, 0, 0, 0]], "residual_loss_ablation": [-1.019, 2.532, 6.593, 2.603, 3.239, 3.891, -0.6105, 7.652, 0]}}, {"tokens_str_list": [" paid", " vacation", ".", " (", "Which", " is", " being", " described", " as"], "tokens_acts_list": [0, 0, 0, 0, 0.1187, 0, 0, 0, 0], "train_token_ind": 4, "is_repeated_datapoint": 0, "datapoint_ind": 31270525, "ablations": {"loss_ablation": [0, 0, 0, 0, 0, -0.03037, 0, 0, 0], "top_logit_ablation_tokens_str": [["<META>", "<META>", "<META>", "<META>", "<META>", "eral", "<META>", "<META>", "<META>"], ["<EOT>", "<EOT>", "<EOT>", "<EOT>", "<EOT>", "ization", "<EOT>", "<EOT>", "<EOT>"], ["<META_START>", "<META_START>", "<META_START>", "<META_START>", "<META_START>", "fully", "<META_START>", "<META_START>", "<META_START>"], ["<SOS>", "<SOS>", "<SOS>", "<SOS>", "<SOS>", "ment", "<SOS>", "<SOS>", "<SOS>"], ["<META_END>", "<META_END>", "<META_END>", "<META_END>", "<META_END>", "\u0442\u0430", "<META_END>", "<META_END>", "<META_END>"]],