{"index": 3943, "act_buckets": [0, 0, 0, 0, 0, 0, 1, 0, 0, 0, 0, 1, 0, 0, 0, 0, 0, 0, 1, 0, 0, 0, 0, 0, 0, 0, 0, 0, 0, 0, 0, 0, 0, 0, 0, 0, 0, 0, 0, 1], "act_bucket_edges": [0, 0.0155, 0.031, 0.04649, 0.06199, 0.07749, 0.09299, 0.1085, 0.124, 0.1395, 0.155, 0.1705, 0.186, 0.2015, 0.217, 0.2325, 0.248, 0.2635, 0.279, 0.2945, 0.31, 0.3255, 0.341, 0.3565, 0.3719, 0.3874, 0.4029, 0.4184, 0.4339, 0.4494, 0.4649, 0.4804, 0.4959, 0.5114, 0.5269, 0.5424, 0.5579, 0.5734, 0.5889, 0.6044, 0.6199], "logit_buckets": [7, 2, 16, 21, 40, 65, 102, 153, 256, 341, 541, 768, 1049, 1407, 1985, 2847, 3841, 5227, 6641, 7870, 9605, 7399, 4885, 3761, 2634, 1712, 1081, 622, 327, 173, 81, 33, 24, 12, 4, 3, 0, 0, 0, 1], "logit_bucket_edges": [-0.4233, -0.4021, -0.3809, -0.3597, -0.3385, -0.3172, -0.296, -0.2748, -0.2536, -0.2324, -0.2112, -0.1899, -0.1687, -0.1475, -0.1263, -0.1051, -0.08387, -0.06265, -0.04143, -0.02022, 0.0009967, 0.02221, 0.04343, 0.06464, 0.08586, 0.1071, 0.1283, 0.1495, 0.1707, 0.1919, 0.2132, 0.2344, 0.2556, 0.2768, 0.298, 0.3192, 0.3404, 0.3617, 0.3829, 0.4041, 0.4253], "examples_quantiles": [{"quantile_name": "Top Activations", "quantile_max_act": 0.6199, "examples": [{"tokens_str_list": ["oids", ".\\[[@", "CR", "23", "],", " [@", "CR", "25", "]\\]"], "tokens_acts_list": [0, 0, 0, 0, 0.6199, 0, 0, 0, 0], "train_token_ind": 4, "is_repeated_datapoint": 0, "datapoint_ind": 24540605, "ablations": {"loss_ablation": [0, 0, 0, 0, 0, -0.01512, 0, 0, 0], "top_logit_ablation_tokens_str": [["<META>", "<META>", "<META>", "<META>", "<META>", "uchi", "<META>", "<META>", "<META>"], ["<EOT>", "<EOT>", "<EOT>", "<EOT>", "<EOT>", "end", "<EOT>", "<EOT>", "<EOT>"], ["<META_START>", "<META_START>", "<META_START>", "<META_START>", "<META_START>", "reed", "<META_START>", "<META_START>", "<META_START>"], ["<SOS>", "<SOS>", "<SOS>", "<SOS>", "<SOS>", "uration", "<SOS>", "<SOS>", "<SOS>"], ["<META_END>", "<META_END>", "<META_END>", "<META_END>", "<META_END>", "loys", "<META_END>", "<META_END>", "<META_END>"]], "bottom_logit_ablation_tokens_str": [["<META>", "<META>", "<META>", "<META>", "<META>", "cci\u00f3n", "<META>", "<META>", "<META>"], ["<EOT>", "<EOT>", "<EOT>", "<EOT>", "<EOT>", "nce", "<EOT>", "<EOT>", "<EOT>"], ["<META_START>", "<META_START>", "<META_START>", "<META_START>", "<META_START>", "xception", "<META_START>", "<META_START>", "<META_START>"], ["<SOS>", "<SOS>", "<SOS>", "<SOS>", "<SOS>", " here", "<SOS>", "<SOS>", "<SOS>"], ["<META_END>", "<META_END>", "<META_END>", "<META_END>", "<META_END>", "ccion", "<META_END>", "<META_END>", "<META_END>"]], "top_logit_ablation_values": [[0, 0, 0, 0, 0, 0.9612, 0, 0, 0], [0, 0, 0, 0, 0, 0.94, 0, 0, 0], [0, 0, 0, 0, 0, 0.9387, 0, 0, 0], [0, 0, 0, 0, 0, 0.9372, 0, 0, 0], [0, 0, 0, 0, 0, 0.9339, 0, 0, 0]], "bottom_logit_ablation_values": [[0, 0, 0, 0, 0, -0.0287, 0, 0, 0], [0, 0, 0, 0, 0, 0.06544, 0, 0, 0], [0, 0, 0, 0, 0, 0.0722, 0, 0, 0], [0, 0, 0, 0, 0, 0.0955, 0, 0, 0], [0, 0, 0, 0, 0, 0.09587, 0, 0, 0]], "residual_loss_ablation": [4.096, 1.95, -0.3874, -0.3619, -4.063, 0.1594, -0.01477, 0.699, 0]}}, {"tokens_str_list": [" mit", "z", "ured", "en", ".\u00ab", "\n", "\n", "\u00bb", "All"], "tokens_acts_list": [0, 0, 0, 0, 0.2811, 0, 0, 0, 0], "train_token_ind": 4, "is_repeated_datapoint": 0, "datapoint_ind": 76851631, "ablations": {"loss_ablation": [0, 0, 0, 0, 0, -0.005964, 0, 0, 0], "top_logit_ablation_tokens_str": [["<META>", "<META>", "<META>", "<META>", "<META>", "to", "<META>", "<META>", "<META>"], ["<EOT>", "<EOT>", "<EOT>", "<EOT>", "<EOT>", "end", "<EOT>", "<EOT>", "<EOT>"], ["<META_START>", "<META_START>", "<META_START>", "<META_START>", "<META_START>", "\\x86", "<META_START>", "<META_START>", "<META_START>"], ["<SOS>", "<SOS>", "<SOS>", "<SOS>", "<SOS>", "==========", "<SOS>", "<SOS>", "<SOS>"], ["<META_END>", "<META_END>", "<META_END>", "<META_END>", "<META_END>", "rem", "<META_END>", "<META_END>", "<META_END>"]], "bottom_logit_ablation_tokens_str": [["<META>", "<META>", "<META>", "<META>", "<META>", "cci\u00f3n", "<META>", "<META>", "<META>"], ["<EOT>", "<EOT>", "<EOT>", "<EOT>", "<EOT>", " here", "<EOT>", "<EOT>", "<EOT>"], ["<META_START>", "<META_START>", "<META_START>", "<META_START>", "<META_START>", "nce", "<META_START>", "<META_START>", "<META_START>"], ["<SOS>", "<SOS>", "<SOS>", "<SOS>", "<SOS>", " ours", "<SOS>", "<SOS>", "<SOS>"], ["<META_END>", "<META_END>", "<META_END>", "<META_END>", "<META_END>", " with", "<META_END>", "<META_END>", "<META_END>"]], "top_logit_ablation_values": [[0, 0, 0, 0, 0, 0.3485, 0, 0, 0], [0, 0, 0, 0, 0, 0.348, 0, 0, 0], [0, 0, 0, 0, 0, 0.3455, 0, 0, 0], [0, 0, 0, 0, 0, 0.3448, 0, 0, 0], [0, 0, 0, 0, 0, 0.3425, 0, 0, 0]], "bottom_logit_ablation_values": [[0, 0, 0, 0, 0, 0.03103, 0, 0, 0], [0, 0, 0, 0, 0, 0.05386, 0, 0, 0], [0, 0, 0, 0, 0, 0.06009, 0, 0, 0], [0, 0, 0, 0, 0, 0.06174, 0, 0, 0], [0, 0, 0, 0, 0, 0.06486, 0, 0, 0]], "residual_loss_ablation": [-1.391, 0.6779, 1.498, 2.721, -0.6154, 3.15, 0.161, 5.499, 0]}}, {"tokens_str_list": [" old", " topic", " (", "not", " entirely", " sure", " why", " thats", " a"], "tokens_acts_list": [0, 0, 0, 0, 0.1732, 0, 0, 0, 0], "train_token_ind": 4, "is_repeated_datapoint": 0, "datapoint_ind": 72925984, "ablations": {"loss_ablation": [0, 0, 0, 0, 0, -0.07364, 0, 0, 0], "top_logit_ablation_tokens_str": [["<META>", "<META>", "<META>", "<META>", "<META>", "\\x86", "<META>", "<META>", "<META>"], ["<EOT>", "<EOT>", "<EOT>", "<EOT>", "<EOT>", "rem", "<EOT>", "<EOT>", "<EOT>"], ["<META_START>", "<META_START>", "<META_START>", "<META_START>", "<META_START>", "uid", "<META_START>", "<META_START>", "<META_START>"], ["<SOS>", "<SOS>", "<SOS>", "<SOS>", "<SOS>", "==========", "<SOS>", "<SOS>", "<SOS>"], ["<META_END>", "<META_END>", "<META_END>", "<META_END>", "<META_END>", "rene", "<META_END>", "<META_END>", "<META_END>"]], "bottom_logit_ablation_tokens_str": [["<META>", "<META>", "<META>", "<META>", "<META>", "cci\u00f3n", "<META>", "<META>", "<META>"], ["<EOT>", "<EOT>", "<EOT>", "<EOT>", "<EOT>", " Field", "<EOT>", "<EOT>", "<EOT>"], ["<META_START>", "<META_START>", "<META_START>", "<META_START>", "<META_START>", " surgery", "<META_START>", "<META_START>", "<META_START>"], ["<SOS>", "<SOS>", "<SOS>", "<SOS>", "<SOS>", " in", "<SOS>", "<SOS>", "<SOS>"], ["<META_END>", "<META_END>", "<META_END>", "<META_END>", "<META_END>", " Manning", "<META_END>", "<META_END>", "<META_END>"]], "top_logit_ablation_values": [[0, 0, 0, 0, 0, 0.3159, 0, 0, 0], [0, 0, 0, 0, 0, 0.313, 0, 0, 0], [0, 0, 0, 0, 0, 0.3127, 0, 0, 0], [0, 0, 0, 0, 0, 0.31, 0, 0, 0], [0, 0, 0, 0, 0, 0.3024, 0, 0, 0]], "bottom_logit_ablation_values": [[0, 0, 0, 0, 0, 0.08291, 0, 0, 0], [0, 0, 0, 0, 0, 0.09977, 0, 0, 0], [0, 0, 0, 0, 0, 0.1001, 0, 0, 0], [0, 0, 0, 0, 0, 0.1065, 0, 0, 0], [0, 0, 0, 0, 0, 0.1093, 0, 0, 0]], "residual_loss_ablation": [1.649, -0.9952, -0.2815, -0.6566, -1.431, 7.321, -0.4655, 0.3301, 0]}}, {"tokens_str_list": [",", " since", " ${\\", "Vert", " T", "^", "3", "_{", "j"], "tokens_acts_list": [0, 0, 0, 0, 0.106, 0, 0, 0, 0], "train_token_ind": 4, "is_repeated_datapoint": 0, "datapoint_ind": 96942065, "ablations": {"loss_ablation": [0, 0, 0, 0, 0, -0.02016, 0, 0, 0], "top_logit_ablation_tokens_str": [["<META>", "<META>", "<META>", "<META>", "<META>", "==========", "<META>", "<META>", "<META>"], ["<EOT>", "<EOT>", "<EOT>", "<EOT>", "<EOT>", "rene", "<EOT>", "<EOT>", "<EOT>"], ["<META_START>", "<META_START>", "<META_START>", "<META_START>", "<META_START>", "uration", "<META_START>", "<META_START>", "<META_START>"], ["<SOS>", "<SOS>", "<SOS>", "<SOS>", "<SOS>", "rem", "<SOS>", "<SOS>", "<SOS>"], ["<META_END>", "<META_END>", "<META_END>", "<META_END>", "<META_END>", "end", "<META_END>", "<META_END>", "<META_END>"]],