{"index": 3951, "act_buckets": [1, 0, 0, 0, 0, 0, 1, 1, 0, 0, 0, 0, 0, 0, 0, 0, 0, 0, 0, 0, 0, 0, 0, 0, 0, 0, 0, 0, 0, 0, 0, 0, 0, 0, 0, 0, 0, 0, 0, 2], "act_bucket_edges": [0, 0.008371, 0.01674, 0.02511, 0.03348, 0.04185, 0.05023, 0.0586, 0.06697, 0.07534, 0.08371, 0.09208, 0.1005, 0.1088, 0.1172, 0.1256, 0.1339, 0.1423, 0.1507, 0.159, 0.1674, 0.1758, 0.1842, 0.1925, 0.2009, 0.2093, 0.2176, 0.226, 0.2344, 0.2428, 0.2511, 0.2595, 0.2679, 0.2762, 0.2846, 0.293, 0.3014, 0.3097, 0.3181, 0.3265, 0.3348], "logit_buckets": [4, 5, 14, 16, 35, 48, 106, 135, 263, 436, 756, 1128, 1666, 2471, 5917, 5628, 6371, 6724, 6484, 5875, 5425, 4468, 3686, 2877, 1870, 1276, 799, 447, 293, 157, 80, 32, 26, 11, 4, 0, 0, 0, 1, 2], "logit_bucket_edges": [-0.3638, -0.3438, -0.3238, -0.3037, -0.2837, -0.2637, -0.2437, -0.2236, -0.2036, -0.1836, -0.1636, -0.1435, -0.1235, -0.1035, -0.08346, -0.06343, -0.04341, -0.02338, -0.003355, 0.01667, 0.0367, 0.05672, 0.07675, 0.09677, 0.1168, 0.1368, 0.1568, 0.1769, 0.1969, 0.2169, 0.2369, 0.257, 0.277, 0.297, 0.3171, 0.3371, 0.3571, 0.3771, 0.3972, 0.4172, 0.4372], "examples_quantiles": [{"quantile_name": "Top Activations", "quantile_max_act": 0.3348, "examples": [{"tokens_str_list": ["\n", "\n", "typedef", " struct", " _", "WINDOWS", "_", "IR", "DA"], "tokens_acts_list": [0, 0, 0, 0, 0.3348, 0, 0, 0, 0], "train_token_ind": 4, "is_repeated_datapoint": 0, "datapoint_ind": 5150718, "ablations": {"loss_ablation": [0, 0, 0, 0, 0, 0.0262, 0, 0, 0], "top_logit_ablation_tokens_str": [["<META>", "<META>", "<META>", "<META>", "<META>", "4", "<META>", "<META>", "<META>"], ["<EOT>", "<EOT>", "<EOT>", "<EOT>", "<EOT>", "=\"", "<EOT>", "<EOT>", "<EOT>"], ["<META_START>", "<META_START>", "<META_START>", "<META_START>", "<META_START>", "ided", "<META_START>", "<META_START>", "<META_START>"], ["<SOS>", "<SOS>", "<SOS>", "<SOS>", "<SOS>", "\\]", "<SOS>", "<SOS>", "<SOS>"], ["<META_END>", "<META_END>", "<META_END>", "<META_END>", "<META_END>", ">", "<META_END>", "<META_END>", "<META_END>"]], "bottom_logit_ablation_tokens_str": [["<META>", "<META>", "<META>", "<META>", "<META>", "manship", "<META>", "<META>", "<META>"], ["<EOT>", "<EOT>", "<EOT>", "<EOT>", "<EOT>", "stones", "<EOT>", "<EOT>", "<EOT>"], ["<META_START>", "<META_START>", "<META_START>", "<META_START>", "<META_START>", "pone", "<META_START>", "<META_START>", "<META_START>"], ["<SOS>", "<SOS>", "<SOS>", "<SOS>", "<SOS>", "piece", "<SOS>", "<SOS>", "<SOS>"], ["<META_END>", "<META_END>", "<META_END>", "<META_END>", "<META_END>", "naissance", "<META_END>", "<META_END>", "<META_END>"]], "top_logit_ablation_values": [[0, 0, 0, 0, 0, 0.1054, 0, 0, 0], [0, 0, 0, 0, 0, 0.1034, 0, 0, 0], [0, 0, 0, 0, 0, 0.09732, 0, 0, 0], [0, 0, 0, 0, 0, 0.09277, 0, 0, 0], [0, 0, 0, 0, 0, 0.08954, 0, 0, 0]], "bottom_logit_ablation_values": [[0, 0, 0, 0, 0, -0.3827, 0, 0, 0], [0, 0, 0, 0, 0, -0.3712, 0, 0, 0], [0, 0, 0, 0, 0, -0.3656, 0, 0, 0], [0, 0, 0, 0, 0, -0.3144, 0, 0, 0], [0, 0, 0, 0, 0, -0.3143, 0, 0, 0]], "residual_loss_ablation": [-0.4006, -0.4191, 8.321, 1.396, 3.352, 1.195, -0.5276, 1.926, 0]}}, {"tokens_str_list": [" =", " cell", "2", "struct", "(...", "\n   ", " [", "names", ";"], "tokens_acts_list": [0, 0, 0, 0, 0.3314, 0, 0, 0, 0], "train_token_ind": 4, "is_repeated_datapoint": 0, "datapoint_ind": 52723683, "ablations": {"loss_ablation": [0, 0, 0, 0, 0, -0.00545, 0, 0, 0], "top_logit_ablation_tokens_str": [["<META>", "<META>", "<META>", "<META>", "<META>", "=\"", "<META>", "<META>", "<META>"], ["<EOT>", "<EOT>", "<EOT>", "<EOT>", "<EOT>", "4", "<EOT>", "<EOT>", "<EOT>"], ["<META_START>", "<META_START>", "<META_START>", "<META_START>", "<META_START>", "ided", "<META_START>", "<META_START>", "<META_START>"], ["<SOS>", "<SOS>", "<SOS>", "<SOS>", "<SOS>", "\\]", "<SOS>", "<SOS>", "<SOS>"], ["<META_END>", "<META_END>", "<META_END>", "<META_END>", "<META_END>", ">", "<META_END>", "<META_END>", "<META_END>"]], "bottom_logit_ablation_tokens_str": [["<META>", "<META>", "<META>", "<META>", "<META>", "manship", "<META>", "<META>", "<META>"], ["<EOT>", "<EOT>", "<EOT>", "<EOT>", "<EOT>", "stones", "<EOT>", "<EOT>", "<EOT>"], ["<META_START>", "<META_START>", "<META_START>", "<META_START>", "<META_START>", "pone", "<META_START>", "<META_START>", "<META_START>"], ["<SOS>", "<SOS>", "<SOS>", "<SOS>", "<SOS>", "piece", "<SOS>", "<SOS>", "<SOS>"], ["<META_END>", "<META_END>", "<META_END>", "<META_END>", "<META_END>", "naissance", "<META_END>", "<META_END>", "<META_END>"]], "top_logit_ablation_values": [[0, 0, 0, 0, 0, 0.1391, 0, 0, 0], [0, 0, 0, 0, 0, 0.1331, 0, 0, 0], [0, 0, 0, 0, 0, 0.1276, 0, 0, 0], [0, 0, 0, 0, 0, 0.1218, 0, 0, 0], [0, 0, 0, 0, 0, 0.1131, 0, 0, 0]], "bottom_logit_ablation_values": [[0, 0, 0, 0, 0, -0.4813, 0, 0, 0], [0, 0, 0, 0, 0, -0.4712, 0, 0, 0], [0, 0, 0, 0, 0, -0.4543, 0, 0, 0], [0, 0, 0, 0, 0, -0.4029, 0, 0, 0], [0, 0, 0, 0, 0, -0.3978, 0, 0, 0]], "residual_loss_ablation": [-0.7462, 1.418, 2.038, 0.5917, 0.04911, -1.531, 0.2593, 0.8351, 0]}}, {"tokens_str_list": [" (*", ")(", "void", "),", " _", "test", "_", "stop", "_"], "tokens_acts_list": [0, 0, 0, 0, 0.06004, 0, 0, 0, 0], "train_token_ind": 4, "is_repeated_datapoint": 0, "datapoint_ind": 17688083, "ablations": {"loss_ablation": [0, 0, 0, 0, 0, 0.01548, 0, 0, 0], "top_logit_ablation_tokens_str": [["<META>", "<META>", "<META>", "<META>", "<META>", "4", "<META>", "<META>", "<META>"], ["<EOT>", "<EOT>", "<EOT>", "<EOT>", "<EOT>", "=\"", "<EOT>", "<EOT>", "<EOT>"], ["<META_START>", "<META_START>", "<META_START>", "<META_START>", "<META_START>", "ided", "<META_START>", "<META_START>", "<META_START>"], ["<SOS>", "<SOS>", "<SOS>", "<SOS>", "<SOS>", "amssymb", "<SOS>", "<SOS>", "<SOS>"], ["<META_END>", "<META_END>", "<META_END>", "<META_END>", "<META_END>", ">", "<META_END>", "<META_END>", "<META_END>"]], "bottom_logit_ablation_tokens_str": [["<META>", "<META>", "<META>", "<META>", "<META>", "manship", "<META>", "<META>", "<META>"], ["<EOT>", "<EOT>", "<EOT>", "<EOT>", "<EOT>", "stones", "<EOT>", "<EOT>", "<EOT>"], ["<META_START>", "<META_START>", "<META_START>", "<META_START>", "<META_START>", "pone", "<META_START>", "<META_START>", "<META_START>"], ["<SOS>", "<SOS>", "<SOS>", "<SOS>", "<SOS>", "piece", "<SOS>", "<SOS>", "<SOS>"], ["<META_END>", "<META_END>", "<META_END>", "<META_END>", "<META_END>", "naissance", "<META_END>", "<META_END>", "<META_END>"]], "top_logit_ablation_values": [[0, 0, 0, 0, 0, 0.01676, 0, 0, 0], [0, 0, 0, 0, 0, 0.01621, 0, 0, 0], [0, 0, 0, 0, 0, 0.01596, 0, 0, 0], [0, 0, 0, 0, 0, 0.01551, 0, 0, 0], [0, 0, 0, 0, 0, 0.01396, 0, 0, 0]], "bottom_logit_ablation_values": [[0, 0, 0, 0, 0, -0.07166, 0, 0, 0], [0, 0, 0, 0, 0, -0.06729, 0, 0, 0], [0, 0, 0, 0, 0, -0.06654, 0, 0, 0], [0, 0, 0, 0, 0, -0.05927, 0, 0, 0], [0, 0, 0, 0, 0, -0.05867, 0, 0, 0]], "residual_loss_ablation": [1.233, -0.08224, -0.01859, 1.427, 1.273, -0.689, -0.192, 0.8213, 0]}}, {"tokens_str_list": [" *)", "__", "func", "__),", "((", "void", " *)", "0", "));"], "tokens_acts_list": [0, 0, 0, 0, 0.05189, 0, 0, 0, 0], "train_token_ind": 4, "is_repeated_datapoint": 0, "datapoint_ind": 63429520, "ablations": {"loss_ablation": [0, 0, 0, 0, 0, -0.00276, 0, 0, 0], "top_logit_ablation_tokens_str": [["<META>", "<META>", "<META>", "<META>", "<META>", "amssymb", "<META>", "<META>", "<META>"], ["<EOT>", "<EOT>", "<EOT>", "<EOT>", "<EOT>", " WARRANTY", "<EOT>", "<EOT>", "<EOT>"], ["<META_START>", "<META_START>", "<META_START>", "<META_START>", "<META_START>", "ided", "<META_START>", "<META_START>", "<META_START>"], ["<SOS>", "<SOS>", "<SOS>", "<SOS>", "<SOS>", "Xiv", "<SOS>", "<SOS>", "<SOS>"], ["<META_END>", "<META_END>", "<META_END>", "<META_END>", "<META_END>", "atche", "<META_END>", "<META_END>", "<META_END>"]],