{"index": 3959, "act_buckets": [2, 1, 0, 0, 1, 1, 1, 0, 0, 0, 0, 0, 1, 0, 0, 0, 0, 0, 0, 0, 0, 0, 0, 1, 0, 0, 0, 0, 0, 0, 0, 0, 0, 0, 0, 0, 0, 0, 0, 1], "act_bucket_edges": [0, 0.01802, 0.03604, 0.05407, 0.07209, 0.09011, 0.1081, 0.1262, 0.1442, 0.1622, 0.1802, 0.1982, 0.2163, 0.2343, 0.2523, 0.2703, 0.2884, 0.3064, 0.3244, 0.3424, 0.3604, 0.3785, 0.3965, 0.4145, 0.4325, 0.4505, 0.4686, 0.4866, 0.5046, 0.5226, 0.5407, 0.5587, 0.5767, 0.5947, 0.6127, 0.6308, 0.6488, 0.6668, 0.6848, 0.7029, 0.7209], "logit_buckets": [2, 1, 0, 2, 4, 17, 18, 34, 46, 93, 139, 226, 378, 669, 939, 1561, 5177, 5238, 6380, 7642, 7939, 7456, 6114, 5005, 3747, 2571, 1766, 1089, 609, 365, 158, 71, 40, 21, 11, 5, 1, 1, 0, 1], "logit_bucket_edges": [-0.5139, -0.4888, -0.4638, -0.4387, -0.4137, -0.3887, -0.3636, -0.3386, -0.3136, -0.2885, -0.2635, -0.2384, -0.2134, -0.1884, -0.1633, -0.1383, -0.1133, -0.08822, -0.06318, -0.03815, -0.01311, 0.01193, 0.03697, 0.06201, 0.08704, 0.1121, 0.1371, 0.1622, 0.1872, 0.2122, 0.2373, 0.2623, 0.2873, 0.3124, 0.3374, 0.3625, 0.3875, 0.4125, 0.4376, 0.4626, 0.4876], "examples_quantiles": [{"quantile_name": "Top Activations", "quantile_max_act": 0.7209, "examples": [{"tokens_str_list": [" a", " compilation", " of", " \u00e2", "\\xc2", "\\x80", "\\xc2", "\\x9c", "wer"], "tokens_acts_list": [0, 0, 0, 0, 0.7209, 0, 0, 0, 0], "train_token_ind": 4, "is_repeated_datapoint": 0, "datapoint_ind": 30436283, "ablations": {"loss_ablation": [0, 0, 0, 0, 0, 0.01418, 0, 0, 0], "top_logit_ablation_tokens_str": [["<META>", "<META>", "<META>", "<META>", "<META>", "eled", "<META>", "<META>", "<META>"], ["<EOT>", "<EOT>", "<EOT>", "<EOT>", "<EOT>", "phrine", "<EOT>", "<EOT>", "<EOT>"], ["<META_START>", "<META_START>", "<META_START>", "<META_START>", "<META_START>", "ity", "<META_START>", "<META_START>", "<META_START>"], ["<SOS>", "<SOS>", "<SOS>", "<SOS>", "<SOS>", "suppl", "<SOS>", "<SOS>", "<SOS>"], ["<META_END>", "<META_END>", "<META_END>", "<META_END>", "<META_END>", "mbre", "<META_END>", "<META_END>", "<META_END>"]], "bottom_logit_ablation_tokens_str": [["<META>", "<META>", "<META>", "<META>", "<META>", ".\u2019", "<META>", "<META>", "<META>"], ["<EOT>", "<EOT>", "<EOT>", "<EOT>", "<EOT>", ".'", "<EOT>", "<EOT>", "<EOT>"], ["<META_START>", "<META_START>", "<META_START>", "<META_START>", "<META_START>", "erable", "<META_START>", "<META_START>", "<META_START>"], ["<SOS>", "<SOS>", "<SOS>", "<SOS>", "<SOS>", ",\u2019", "<SOS>", "<SOS>", "<SOS>"], ["<META_END>", "<META_END>", "<META_END>", "<META_END>", "<META_END>", ".[@", "<META_END>", "<META_END>", "<META_END>"]], "top_logit_ablation_values": [[0, 0, 0, 0, 0, 0.5054, 0, 0, 0], [0, 0, 0, 0, 0, 0.4899, 0, 0, 0], [0, 0, 0, 0, 0, 0.4869, 0, 0, 0], [0, 0, 0, 0, 0, 0.4188, 0, 0, 0], [0, 0, 0, 0, 0, 0.4005, 0, 0, 0]], "bottom_logit_ablation_values": [[0, 0, 0, 0, 0, -0.5868, 0, 0, 0], [0, 0, 0, 0, 0, -0.5421, 0, 0, 0], [0, 0, 0, 0, 0, -0.4712, 0, 0, 0], [0, 0, 0, 0, 0, -0.4707, 0, 0, 0], [0, 0, 0, 0, 0, -0.469, 0, 0, 0]], "residual_loss_ablation": [-0.4937, 2.783, -0.5001, 1.822, 0.5316, 0.03188, -0.13, -0.6521, 0]}}, {"tokens_str_list": ["<EOT>", " d\u00e9", "pas", "ser", " les", " 120"], "tokens_acts_list": [0, 0.4147, 0, 0, 0, 0], "train_token_ind": 1, "is_repeated_datapoint": 0, "datapoint_ind": 33464340, "ablations": {"loss_ablation": [0, 0, 0.06297, 0, 0, 0], "top_logit_ablation_tokens_str": [["<META>", "<META>", "eled", "<META>", "<META>", "<META>"], ["<EOT>", "<EOT>", "ity", "<EOT>", "<EOT>", "<EOT>"], ["<META_START>", "<META_START>", "phrine", "<META_START>", "<META_START>", "<META_START>"], ["<SOS>", "<SOS>", " sublicense", "<SOS>", "<SOS>", "<SOS>"], ["<META_END>", "<META_END>", "suppl", "<META_END>", "<META_END>", "<META_END>"]], "bottom_logit_ablation_tokens_str": [["<META>", "<META>", ".\u2019", "<META>", "<META>", "<META>"], ["<EOT>", "<EOT>", ".'", "<EOT>", "<EOT>", "<EOT>"], ["<META_START>", "<META_START>", ",\u2019", "<META_START>", "<META_START>", "<META_START>"], ["<SOS>", "<SOS>", "lace", "<SOS>", "<SOS>", "<SOS>"], ["<META_END>", "<META_END>", ".'\"", "<META_END>", "<META_END>", "<META_END>"]], "top_logit_ablation_values": [[0, 0, 0.2227, 0, 0, 0], [0, 0, 0.2226, 0, 0, 0], [0, 0, 0.2026, 0, 0, 0], [0, 0, 0.1756, 0, 0, 0], [0, 0, 0.175, 0, 0, 0]], "bottom_logit_ablation_values": [[0, 0, -0.332, 0, 0, 0], [0, 0, -0.298, 0, 0, 0], [0, 0, -0.2794, 0, 0, 0], [0, 0, -0.2669, 0, 0, 0], [0, 0, -0.2657, 0, 0, 0]], "residual_loss_ablation": [0, -0.1216, -2.386, 4.357, 3.145, 0]}}, {"tokens_str_list": [" 14", ".", "10", " \u00e2", "\\xc2", "\\x80", "\u00a2", " Ubuntu", " 14"], "tokens_acts_list": [0, 0, 0, 0, 0.2216, 0, 0, 0, 0], "train_token_ind": 4, "is_repeated_datapoint": 0, "datapoint_ind": 36596596, "ablations": {"loss_ablation": [0, 0, 0, 0, 0, 0.00674, 0, 0, 0], "top_logit_ablation_tokens_str": [["<META>", "<META>", "<META>", "<META>", "<META>", "phrine", "<META>", "<META>", "<META>"], ["<EOT>", "<EOT>", "<EOT>", "<EOT>", "<EOT>", "ity", "<EOT>", "<EOT>", "<EOT>"], ["<META_START>", "<META_START>", "<META_START>", "<META_START>", "<META_START>", "eled", "<META_START>", "<META_START>", "<META_START>"], ["<SOS>", "<SOS>", "<SOS>", "<SOS>", "<SOS>", "suppl", "<SOS>", "<SOS>", "<SOS>"], ["<META_END>", "<META_END>", "<META_END>", "<META_END>", "<META_END>", "mbre", "<META_END>", "<META_END>", "<META_END>"]], "bottom_logit_ablation_tokens_str": [["<META>", "<META>", "<META>", "<META>", "<META>", ".\u2019", "<META>", "<META>", "<META>"], ["<EOT>", "<EOT>", "<EOT>", "<EOT>", "<EOT>", ".'", "<EOT>", "<EOT>", "<EOT>"], ["<META_START>", "<META_START>", "<META_START>", "<META_START>", "<META_START>", "erable", "<META_START>", "<META_START>", "<META_START>"], ["<SOS>", "<SOS>", "<SOS>", "<SOS>", "<SOS>", ",\u2019", "<SOS>", "<SOS>", "<SOS>"], ["<META_END>", "<META_END>", "<META_END>", "<META_END>", "<META_END>", ".[@", "<META_END>", "<META_END>", "<META_END>"]], "top_logit_ablation_values": [[0, 0, 0, 0, 0, 0.1242, 0, 0, 0], [0, 0, 0, 0, 0, 0.122, 0, 0, 0], [0, 0, 0, 0, 0, 0.1211, 0, 0, 0], [0, 0, 0, 0, 0, 0.1049, 0, 0, 0], [0, 0, 0, 0, 0, 0.09827, 0, 0, 0]], "bottom_logit_ablation_values": [[0, 0, 0, 0, 0, -0.1407, 0, 0, 0], [0, 0, 0, 0, 0, -0.1306, 0, 0, 0], [0, 0, 0, 0, 0, -0.1134, 0, 0, 0], [0, 0, 0, 0, 0, -0.111, 0, 0, 0], [0, 0, 0, 0, 0, -0.1107, 0, 0, 0]], "residual_loss_ablation": [5.399, 0.9165, 3.375, 0.1549, 0.21, 0.2104, 0.562, 0.5514, 0]}}, {"tokens_str_list": ["\\x9c", "\\xc2", "\\xac", " \u00e2", "\\xc2", "\\x80", "\u00a2", " awk", "\u00e7"], "tokens_acts_list": [0, 0, 0, 0, 0.1219, 0, 0, 0, 0], "train_token_ind": 4, "is_repeated_datapoint": 0, "datapoint_ind": 36897708, "ablations": {"loss_ablation": [0, 0, 0, 0, 0, 0.004166, 0, 0, 0], "top_logit_ablation_tokens_str": [["<META>", "<META>", "<META>", "<META>", "<META>", "ity", "<META>", "<META>", "<META>"], ["<EOT>", "<EOT>", "<EOT>", "<EOT>", "<EOT>", "phrine", "<EOT>", "<EOT>", "<EOT>"], ["<META_START>", "<META_START>", "<META_START>", "<META_START>", "<META_START>", "eled", "<META_START>", "<META_START>", "<META_START>"], ["<SOS>", "<SOS>", "<SOS>", "<SOS>", "<SOS>", "suppl", "<SOS>", "<SOS>", "<SOS>"], ["<META_END>", "<META_END>", "<META_END>", "<META_END>", "<META_END>", "ziel", "<META_END>", "<META_END>", "<META_END>"]], "bottom_logit_ablation_tokens_str": [["<META>", "<META>", "<META>", "<META>", "<META>", ".\u2019", "<META>", "<META>", "<META>"], ["<EOT>", "<EOT>", "<EOT>", "<EOT>", "<EOT>", ".'", "<EOT>", "<EOT>", "<EOT>"], ["<META_START>", "<META_START>", "<META_START>", "<META_START>", "<META_START>", "erable", "<META_START>", "<META_START>", "<META_START>"], ["<SOS>", "<SOS>", "<SOS>", "<SOS>", "<SOS>", ".[@", "<SOS>", "<SOS>", "<SOS>"], ["<META_END>", "<META_END>", "<META_END>", "<META_END>", "<META_END>", ",\u2019", "<META_END>", "<META_END>", "<META_END>"]],