{"index": 3971, "act_buckets": [0, 0, 0, 0, 0, 0, 1, 0, 0, 0, 0, 0, 0, 0, 0, 0, 0, 0, 0, 0, 0, 0, 0, 0, 0, 0, 0, 0, 0, 0, 0, 0, 0, 0, 0, 0, 1, 0, 0, 1], "act_bucket_edges": [0, 0.002117, 0.004233, 0.00635, 0.008467, 0.01058, 0.0127, 0.01482, 0.01693, 0.01905, 0.02117, 0.02328, 0.0254, 0.02752, 0.02963, 0.03175, 0.03387, 0.03598, 0.0381, 0.04022, 0.04233, 0.04445, 0.04657, 0.04868, 0.0508, 0.05292, 0.05503, 0.05715, 0.05927, 0.06138, 0.0635, 0.06562, 0.06773, 0.06985, 0.07197, 0.07408, 0.0762, 0.07832, 0.08043, 0.08255, 0.08467], "logit_buckets": [1, 0, 1, 1, 0, 5, 12, 21, 25, 51, 85, 151, 272, 398, 789, 4436, 3538, 4458, 5877, 7164, 7989, 7858, 6866, 5498, 3998, 2629, 1565, 896, 443, 248, 126, 71, 34, 21, 4, 3, 0, 0, 1, 1], "logit_bucket_edges": [-0.6273, -0.597, -0.5667, -0.5363, -0.506, -0.4757, -0.4454, -0.415, -0.3847, -0.3544, -0.3241, -0.2937, -0.2634, -0.2331, -0.2028, -0.1725, -0.1421, -0.1118, -0.08148, -0.05116, -0.02083, 0.00949, 0.03981, 0.07014, 0.1005, 0.1308, 0.1611, 0.1914, 0.2218, 0.2521, 0.2824, 0.3127, 0.3431, 0.3734, 0.4037, 0.434, 0.4644, 0.4947, 0.525, 0.5553, 0.5856], "examples_quantiles": [{"quantile_name": "Top Activations", "quantile_max_act": 0.08467, "examples": [{"tokens_str_list": [" Didn", "'t", " Get", " A", " Rose", "\n", "\n", "The", " whole"], "tokens_acts_list": [0, 0, 0, 0, 0.08467, 0, 0, 0, 0], "train_token_ind": 4, "is_repeated_datapoint": 0, "datapoint_ind": 17184729, "ablations": {"loss_ablation": [0, 0, 0, 0, 0, 0.008981, 0, 0, 0], "top_logit_ablation_tokens_str": [["<META>", "<META>", "<META>", "<META>", "<META>", "IOUS", "<META>", "<META>", "<META>"], ["<EOT>", "<EOT>", "<EOT>", "<EOT>", "<EOT>", "IONS", "<EOT>", "<EOT>", "<EOT>"], ["<META_START>", "<META_START>", "<META_START>", "<META_START>", "<META_START>", "tically", "<META_START>", "<META_START>", "<META_START>"], ["<SOS>", "<SOS>", "<SOS>", "<SOS>", "<SOS>", "haviour", "<SOS>", "<SOS>", "<SOS>"], ["<META_END>", "<META_END>", "<META_END>", "<META_END>", "<META_END>", "ious", "<META_END>", "<META_END>", "<META_END>"]], "bottom_logit_ablation_tokens_str": [["<META>", "<META>", "<META>", "<META>", "<META>", "rug", "<META>", "<META>", "<META>"], ["<EOT>", "<EOT>", "<EOT>", "<EOT>", "<EOT>", "forth", "<EOT>", "<EOT>", "<EOT>"], ["<META_START>", "<META_START>", "<META_START>", "<META_START>", "<META_START>", "algo", "<META_START>", "<META_START>", "<META_START>"], ["<SOS>", "<SOS>", "<SOS>", "<SOS>", "<SOS>", "anded", "<SOS>", "<SOS>", "<SOS>"], ["<META_END>", "<META_END>", "<META_END>", "<META_END>", "<META_END>", "rom", "<META_END>", "<META_END>", "<META_END>"]], "top_logit_ablation_values": [[0, 0, 0, 0, 0, 0.09826, 0, 0, 0], [0, 0, 0, 0, 0, 0.08684, 0, 0, 0], [0, 0, 0, 0, 0, 0.08275, 0, 0, 0], [0, 0, 0, 0, 0, 0.08099, 0, 0, 0], [0, 0, 0, 0, 0, 0.07748, 0, 0, 0]], "bottom_logit_ablation_values": [[0, 0, 0, 0, 0, -0.06355, 0, 0, 0], [0, 0, 0, 0, 0, -0.05047, 0, 0, 0], [0, 0, 0, 0, 0, -0.04439, 0, 0, 0], [0, 0, 0, 0, 0, -0.04398, 0, 0, 0], [0, 0, 0, 0, 0, -0.0415, 0, 0, 0]], "residual_loss_ablation": [4.417, -0.4574, 2.845, 0.8105, -0.2965, 0.1577, -0.7967, 0.164, 0]}}, {"tokens_str_list": [" what", " had", " happened", " to", " Clare", ".", "\n", "\n", "Twice"], "tokens_acts_list": [0, 0, 0, 0, 0.07768, 0, 0, 0, 0], "train_token_ind": 4, "is_repeated_datapoint": 0, "datapoint_ind": 10692611, "ablations": {"loss_ablation": [0, 0, 0, 0, 0, 0.0184, 0, 0, 0], "top_logit_ablation_tokens_str": [["<META>", "<META>", "<META>", "<META>", "<META>", "IOUS", "<META>", "<META>", "<META>"], ["<EOT>", "<EOT>", "<EOT>", "<EOT>", "<EOT>", "IONS", "<EOT>", "<EOT>", "<EOT>"], ["<META_START>", "<META_START>", "<META_START>", "<META_START>", "<META_START>", "tically", "<META_START>", "<META_START>", "<META_START>"], ["<SOS>", "<SOS>", "<SOS>", "<SOS>", "<SOS>", "oons", "<SOS>", "<SOS>", "<SOS>"], ["<META_END>", "<META_END>", "<META_END>", "<META_END>", "<META_END>", "INATION", "<META_END>", "<META_END>", "<META_END>"]], "bottom_logit_ablation_tokens_str": [["<META>", "<META>", "<META>", "<META>", "<META>", "rug", "<META>", "<META>", "<META>"], ["<EOT>", "<EOT>", "<EOT>", "<EOT>", "<EOT>", "forth", "<EOT>", "<EOT>", "<EOT>"], ["<META_START>", "<META_START>", "<META_START>", "<META_START>", "<META_START>", "mina", "<META_START>", "<META_START>", "<META_START>"], ["<SOS>", "<SOS>", "<SOS>", "<SOS>", "<SOS>", "algo", "<SOS>", "<SOS>", "<SOS>"], ["<META_END>", "<META_END>", "<META_END>", "<META_END>", "<META_END>", "\u00f6s", "<META_END>", "<META_END>", "<META_END>"]], "top_logit_ablation_values": [[0, 0, 0, 0, 0, 0.09107, 0, 0, 0], [0, 0, 0, 0, 0, 0.07474, 0, 0, 0], [0, 0, 0, 0, 0, 0.06844, 0, 0, 0], [0, 0, 0, 0, 0, 0.06581, 0, 0, 0], [0, 0, 0, 0, 0, 0.06563, 0, 0, 0]], "bottom_logit_ablation_values": [[0, 0, 0, 0, 0, -0.07645, 0, 0, 0], [0, 0, 0, 0, 0, -0.06457, 0, 0, 0], [0, 0, 0, 0, 0, -0.05699, 0, 0, 0], [0, 0, 0, 0, 0, -0.05625, 0, 0, 0], [0, 0, 0, 0, 0, -0.05475, 0, 0, 0]], "residual_loss_ablation": [3.279, 0.9112, 3.567, -0.1276, -0.2324, -0.2467, 0.1161, 0.003213, 0]}}, {"tokens_str_list": [" the", " union", " had", " a", " full", "-", "f", "ledged", " \""], "tokens_acts_list": [0, 0, 0, 0, 0.01373, 0, 0, 0, 0], "train_token_ind": 4, "is_repeated_datapoint": 0, "datapoint_ind": 62513647, "ablations": {"loss_ablation": [0, 0, 0, 0, 0, -0.003877, 0, 0, 0], "top_logit_ablation_tokens_str": [["<META>", "<META>", "<META>", "<META>", "<META>", "\"}.", "<META>", "<META>", "<META>"], ["<EOT>", "<EOT>", "<EOT>", "<EOT>", "<EOT>", "IONS", "<EOT>", "<EOT>", "<EOT>"], ["<META_START>", "<META_START>", "<META_START>", "<META_START>", "<META_START>", "ishment", "<META_START>", "<META_START>", "<META_START>"], ["<SOS>", "<SOS>", "<SOS>", "<SOS>", "<SOS>", "ENCY", "<SOS>", "<SOS>", "<SOS>"], ["<META_END>", "<META_END>", "<META_END>", "<META_END>", "<META_END>", "ishers", "<META_END>", "<META_END>", "<META_END>"]], "bottom_logit_ablation_tokens_str": [["<META>", "<META>", "<META>", "<META>", "<META>", "forth", "<META>", "<META>", "<META>"], ["<EOT>", "<EOT>", "<EOT>", "<EOT>", "<EOT>", "leton", "<EOT>", "<EOT>", "<EOT>"], ["<META_START>", "<META_START>", "<META_START>", "<META_START>", "<META_START>", "aligned", "<META_START>", "<META_START>", "<META_START>"], ["<SOS>", "<SOS>", "<SOS>", "<SOS>", "<SOS>", "phrine", "<SOS>", "<SOS>", "<SOS>"], ["<META_END>", "<META_END>", "<META_END>", "<META_END>", "<META_END>", " *)", "<META_END>", "<META_END>", "<META_END>"]], "top_logit_ablation_values": [[0, 0, 0, 0, 0, 0.01439, 0, 0, 0], [0, 0, 0, 0, 0, 0.0137, 0, 0, 0], [0, 0, 0, 0, 0, 0.01356, 0, 0, 0], [0, 0, 0, 0, 0, 0.01262, 0, 0, 0], [0, 0, 0, 0, 0, 0.01248, 0, 0, 0]], "bottom_logit_ablation_values": [[0, 0, 0, 0, 0, -0.008459, 0, 0, 0], [0, 0, 0, 0, 0, -0.006717, 0, 0, 0], [0, 0, 0, 0, 0, -0.006698, 0, 0, 0], [0, 0, 0, 0, 0, -0.006657, 0, 0, 0], [0, 0, 0, 0, 0, -0.006034, 0, 0, 0]], "residual_loss_ablation": [-0.2571, -0.3161, 1.942, -0.5358, -0.3847, -0.6549, 3.963, 5.559, 0]}}]}], "statistics": {"density_frac": 3e-08, "global_max_act": 0.08467, "abs_max_neuron_weights": [0.2008, 0.1821, -0.1539], "abs_max_neuron_inds": [338, 317, 269], "l1_max_neuron_weights": [0.01118, 0.01014, 0.008568]}, "logit_effects": {"negatives": [[" cref", -0.4366], ["ives", -0.4386], ["IENT", -0.4464], ["INATION", -0.4531], ["oons", -0.458], ["haviour", -0.4603], ["ious", -0.4612], ["tically", -0.5072], ["IONS", -0.5483], ["IOUS", -0.6273]], "positives": [["rug", 0.5856], ["forth", 0.5328], ["leton", 0.4471], ["mina", 0.4456], ["anded", 0.4394], ["algo", 0.4331], ["\u00f6s", 0.4261], ["st", 0.4243], ["rom", 0.4121], ["stock", 0.4032]]}}