{"index": 4002, "act_buckets": [0, 0, 0, 0, 0, 0, 0, 0, 0, 0, 0, 0, 0, 0, 0, 1, 0, 0, 0, 0, 0, 0, 0, 0, 0, 0, 0, 0, 0, 0, 0, 0, 0, 0, 0, 0, 0, 0, 0, 1], "act_bucket_edges": [0, 0.004981, 0.009962, 0.01494, 0.01992, 0.0249, 0.02989, 0.03487, 0.03985, 0.04483, 0.04981, 0.05479, 0.05977, 0.06475, 0.06973, 0.07471, 0.0797, 0.08468, 0.08966, 0.09464, 0.09962, 0.1046, 0.1096, 0.1146, 0.1195, 0.1245, 0.1295, 0.1345, 0.1395, 0.1444, 0.1494, 0.1544, 0.1594, 0.1644, 0.1694, 0.1743, 0.1793, 0.1843, 0.1893, 0.1943, 0.1992], "logit_buckets": [1, 0, 0, 0, 0, 1, 5, 12, 9, 38, 70, 149, 268, 516, 914, 1400, 4128, 4571, 5973, 7615, 8745, 8277, 6945, 5487, 4012, 2535, 1686, 997, 593, 287, 151, 82, 34, 19, 10, 3, 0, 2, 0, 1], "logit_bucket_edges": [-0.4784, -0.4554, -0.4324, -0.4094, -0.3864, -0.3634, -0.3405, -0.3175, -0.2945, -0.2715, -0.2485, -0.2255, -0.2026, -0.1796, -0.1566, -0.1336, -0.1106, -0.08765, -0.06466, -0.04168, -0.0187, 0.004284, 0.02727, 0.05025, 0.07323, 0.09621, 0.1192, 0.1422, 0.1652, 0.1881, 0.2111, 0.2341, 0.2571, 0.2801, 0.3031, 0.326, 0.349, 0.372, 0.395, 0.418, 0.441], "examples_quantiles": [{"quantile_name": "Top Activations", "quantile_max_act": 0.1992, "examples": [{"tokens_str_list": ["\\x9d", "\\xe1\\x83", "\\x93", " \\xe1\\x83", "\\xac", "\u10d8\\xe1\\x83", "\\x9c", "\u10d0\\xe1\\x83", "\\xa1"], "tokens_acts_list": [0, 0, 0, 0, 0.1992, 0, 0, 0, 0], "train_token_ind": 4, "is_repeated_datapoint": 0, "datapoint_ind": 54671983, "ablations": {"loss_ablation": [0, 0, 0, 0, 0, 0.000618, 0, 0, 0], "top_logit_ablation_tokens_str": [["<META>", "<META>", "<META>", "<META>", "<META>", "inent", "<META>", "<META>", "<META>"], ["<EOT>", "<EOT>", "<EOT>", "<EOT>", "<EOT>", "azine", "<EOT>", "<EOT>", "<EOT>"], ["<META_START>", "<META_START>", "<META_START>", "<META_START>", "<META_START>", " LIABLE", "<META_START>", "<META_START>", "<META_START>"], ["<SOS>", "<SOS>", "<SOS>", "<SOS>", "<SOS>", "reatest", "<SOS>", "<SOS>", "<SOS>"], ["<META_END>", "<META_END>", "<META_END>", "<META_END>", "<META_END>", "ocyan", "<META_END>", "<META_END>", "<META_END>"]], "bottom_logit_ablation_tokens_str": [["<META>", "<META>", "<META>", "<META>", "<META>", ".),", "<META>", "<META>", "<META>"], ["<EOT>", "<EOT>", "<EOT>", "<EOT>", "<EOT>", "$)", "<EOT>", "<EOT>", "<EOT>"], ["<META_START>", "<META_START>", "<META_START>", "<META_START>", "<META_START>", ".).", "<META_START>", "<META_START>", "<META_START>"], ["<SOS>", "<SOS>", "<SOS>", "<SOS>", "<SOS>", " Kubernetes", "<SOS>", "<SOS>", "<SOS>"], ["<META_END>", "<META_END>", "<META_END>", "<META_END>", "<META_END>", ".)", "<META_END>", "<META_END>", "<META_END>"]], "top_logit_ablation_values": [[0, 0, 0, 0, 0, 0.1045, 0, 0, 0], [0, 0, 0, 0, 0, 0.06412, 0, 0, 0], [0, 0, 0, 0, 0, 0.06365, 0, 0, 0], [0, 0, 0, 0, 0, 0.06364, 0, 0, 0], [0, 0, 0, 0, 0, 0.06042, 0, 0, 0]], "bottom_logit_ablation_values": [[0, 0, 0, 0, 0, -0.1624, 0, 0, 0], [0, 0, 0, 0, 0, -0.1471, 0, 0, 0], [0, 0, 0, 0, 0, -0.1465, 0, 0, 0], [0, 0, 0, 0, 0, -0.1337, 0, 0, 0], [0, 0, 0, 0, 0, -0.132, 0, 0, 0]], "residual_loss_ablation": [1.262, -0.07189, 1.003, -0.7419, 1.176, 0.2246, 0.1431, 0.2026, 0]}}, {"tokens_str_list": [" showed", " an", " approximately", " 300", "%", " increase", " in", " perfor", "in"], "tokens_acts_list": [0, 0, 0, 0, 0.07583, 0, 0, 0, 0], "train_token_ind": 4, "is_repeated_datapoint": 0, "datapoint_ind": 58063630, "ablations": {"loss_ablation": [0, 0, 0, 0, 0, -0.009017, 0, 0, 0], "top_logit_ablation_tokens_str": [["<META>", "<META>", "<META>", "<META>", "<META>", "inent", "<META>", "<META>", "<META>"], ["<EOT>", "<EOT>", "<EOT>", "<EOT>", "<EOT>", "ocyan", "<EOT>", "<EOT>", "<EOT>"], ["<META_START>", "<META_START>", "<META_START>", "<META_START>", "<META_START>", "reatest", "<META_START>", "<META_START>", "<META_START>"], ["<SOS>", "<SOS>", "<SOS>", "<SOS>", "<SOS>", "azine", "<SOS>", "<SOS>", "<SOS>"], ["<META_END>", "<META_END>", "<META_END>", "<META_END>", "<META_END>", "azeera", "<META_END>", "<META_END>", "<META_END>"]], "bottom_logit_ablation_tokens_str": [["<META>", "<META>", "<META>", "<META>", "<META>", ".),", "<META>", "<META>", "<META>"], ["<EOT>", "<EOT>", "<EOT>", "<EOT>", "<EOT>", "$)", "<EOT>", "<EOT>", "<EOT>"], ["<META_START>", "<META_START>", "<META_START>", "<META_START>", "<META_START>", ".).", "<META_START>", "<META_START>", "<META_START>"], ["<SOS>", "<SOS>", "<SOS>", "<SOS>", "<SOS>", "$),", "<SOS>", "<SOS>", "<SOS>"], ["<META_END>", "<META_END>", "<META_END>", "<META_END>", "<META_END>", ".)", "<META_END>", "<META_END>", "<META_END>"]], "top_logit_ablation_values": [[0, 0, 0, 0, 0, 0.05138, 0, 0, 0], [0, 0, 0, 0, 0, 0.03146, 0, 0, 0], [0, 0, 0, 0, 0, 0.0286, 0, 0, 0], [0, 0, 0, 0, 0, 0.02691, 0, 0, 0], [0, 0, 0, 0, 0, 0.02531, 0, 0, 0]], "bottom_logit_ablation_values": [[0, 0, 0, 0, 0, -0.1027, 0, 0, 0], [0, 0, 0, 0, 0, -0.09773, 0, 0, 0], [0, 0, 0, 0, 0, -0.09457, 0, 0, 0], [0, 0, 0, 0, 0, -0.08872, 0, 0, 0], [0, 0, 0, 0, 0, -0.08859, 0, 0, 0]], "residual_loss_ablation": [0.5591, 0.05092, 0.5676, 5.151, 0.2431, 1.93, 0.4682, -0.5138, 0]}}]}], "statistics": {"density_frac": 2e-08, "global_max_act": 0.1992, "abs_max_neuron_weights": [0.1635, 0.1489, 0.1428], "abs_max_neuron_inds": [369, 103, 112], "l1_max_neuron_weights": [0.009152, 0.008336, 0.007992]}, "logit_effects": {"negatives": [["ochem", -0.3092], [" IMPLIED", -0.31], ["\"}.", -0.3138], ["'s", -0.3209], ["ertain", -0.3275], ["azine", -0.3291], [" LIABLE", -0.3341], ["ocyan", -0.3351], ["reatest", -0.3422], ["inent", -0.4784]], "positives": [[".),", 0.441], [".).", 0.3866], ["$)", 0.3806], [" Kubernetes", 0.3441], [".)", 0.3343], [" tea", 0.3274], ["$),", 0.325], ["gathered", 0.3242], ["quoting", 0.3233], ["forth", 0.322]]}}