{"index": 4009, "act_buckets": [0, 0, 1, 1, 0, 0, 0, 0, 0, 0, 0, 0, 0, 0, 0, 0, 0, 0, 0, 1, 0, 1, 0, 0, 0, 0, 0, 0, 0, 0, 0, 0, 0, 0, 0, 0, 0, 0, 0, 1], "act_bucket_edges": [0, 0.01169, 0.02339, 0.03508, 0.04677, 0.05847, 0.07016, 0.08186, 0.09355, 0.1052, 0.1169, 0.1286, 0.1403, 0.152, 0.1637, 0.1754, 0.1871, 0.1988, 0.2105, 0.2222, 0.2339, 0.2456, 0.2573, 0.269, 0.2806, 0.2923, 0.304, 0.3157, 0.3274, 0.3391, 0.3508, 0.3625, 0.3742, 0.3859, 0.3976, 0.4093, 0.421, 0.4327, 0.4444, 0.4561, 0.4677], "logit_buckets": [1, 0, 1, 4, 5, 10, 18, 26, 23, 56, 79, 156, 206, 356, 489, 865, 1372, 2157, 4914, 5139, 6068, 7386, 7932, 7544, 6224, 4830, 3619, 2401, 1561, 936, 554, 301, 157, 84, 35, 10, 7, 6, 2, 2], "logit_bucket_edges": [-0.5279, -0.5044, -0.4809, -0.4573, -0.4338, -0.4103, -0.3868, -0.3632, -0.3397, -0.3162, -0.2927, -0.2691, -0.2456, -0.2221, -0.1985, -0.175, -0.1515, -0.128, -0.1044, -0.08091, -0.05738, -0.03385, -0.01033, 0.0132, 0.03673, 0.06026, 0.08378, 0.1073, 0.1308, 0.1544, 0.1779, 0.2014, 0.2249, 0.2485, 0.272, 0.2955, 0.3191, 0.3426, 0.3661, 0.3896, 0.4132], "examples_quantiles": [{"quantile_name": "Top Activations", "quantile_max_act": 0.4677, "examples": [{"tokens_str_list": ["oids", ".\\[[@", "CR", "23", "],", " [@", "CR", "25", "]\\]"], "tokens_acts_list": [0, 0, 0, 0, 0.4677, 0, 0, 0, 0], "train_token_ind": 4, "is_repeated_datapoint": 0, "datapoint_ind": 24540605, "ablations": {"loss_ablation": [0, 0, 0, 0, 0, -0.0486, 0, 0, 0], "top_logit_ablation_tokens_str": [["<META>", "<META>", "<META>", "<META>", "<META>", ">", "<META>", "<META>", "<META>"], ["<EOT>", "<EOT>", "<EOT>", "<EOT>", "<EOT>", " which", "<EOT>", "<EOT>", "<EOT>"], ["<META_START>", "<META_START>", "<META_START>", "<META_START>", "<META_START>", "ment", "<META_START>", "<META_START>", "<META_START>"], ["<SOS>", "<SOS>", "<SOS>", "<SOS>", "<SOS>", "aline", "<SOS>", "<SOS>", "<SOS>"], ["<META_END>", "<META_END>", "<META_END>", "<META_END>", "<META_END>", "'s", "<META_END>", "<META_END>", "<META_END>"]], "bottom_logit_ablation_tokens_str": [["<META>", "<META>", "<META>", "<META>", "<META>", "warded", "<META>", "<META>", "<META>"], ["<EOT>", "<EOT>", "<EOT>", "<EOT>", "<EOT>", " fiduc", "<EOT>", "<EOT>", "<EOT>"], ["<META_START>", "<META_START>", "<META_START>", "<META_START>", "<META_START>", "itors", "<META_START>", "<META_START>", "<META_START>"], ["<SOS>", "<SOS>", "<SOS>", "<SOS>", "<SOS>", "\u00e7\u00e3o", "<SOS>", "<SOS>", "<SOS>"], ["<META_END>", "<META_END>", "<META_END>", "<META_END>", "<META_END>", "backer", "<META_END>", "<META_END>", "<META_END>"]], "top_logit_ablation_values": [[0, 0, 0, 0, 0, 0.5046, 0, 0, 0], [0, 0, 0, 0, 0, 0.4625, 0, 0, 0], [0, 0, 0, 0, 0, 0.4426, 0, 0, 0], [0, 0, 0, 0, 0, 0.4384, 0, 0, 0], [0, 0, 0, 0, 0, 0.437, 0, 0, 0]], "bottom_logit_ablation_values": [[0, 0, 0, 0, 0, -0.2934, 0, 0, 0], [0, 0, 0, 0, 0, -0.2626, 0, 0, 0], [0, 0, 0, 0, 0, -0.2564, 0, 0, 0], [0, 0, 0, 0, 0, -0.2548, 0, 0, 0], [0, 0, 0, 0, 0, -0.2501, 0, 0, 0]], "residual_loss_ablation": [4.096, 1.95, -0.3874, -0.3619, -4.063, 0.1594, -0.01477, 0.699, 0]}}, {"tokens_str_list": [" to", " anti", "-", "neut", "roph", "il", " cytoplas", "mic", " antibody"], "tokens_acts_list": [0, 0, 0, 0, 0.255, 0, 0, 0, 0], "train_token_ind": 4, "is_repeated_datapoint": 0, "datapoint_ind": 73401006, "ablations": {"loss_ablation": [0, 0, 0, 0, 0, -0.004482, 0, 0, 0], "top_logit_ablation_tokens_str": [["<META>", "<META>", "<META>", "<META>", "<META>", ">", "<META>", "<META>", "<META>"], ["<EOT>", "<EOT>", "<EOT>", "<EOT>", "<EOT>", "aline", "<EOT>", "<EOT>", "<EOT>"], ["<META_START>", "<META_START>", "<META_START>", "<META_START>", "<META_START>", "ment", "<META_START>", "<META_START>", "<META_START>"], ["<SOS>", "<SOS>", "<SOS>", "<SOS>", "<SOS>", " which", "<SOS>", "<SOS>", "<SOS>"], ["<META_END>", "<META_END>", "<META_END>", "<META_END>", "<META_END>", "ous", "<META_END>", "<META_END>", "<META_END>"]], "bottom_logit_ablation_tokens_str": [["<META>", "<META>", "<META>", "<META>", "<META>", "warded", "<META>", "<META>", "<META>"], ["<EOT>", "<EOT>", "<EOT>", "<EOT>", "<EOT>", " fiduc", "<EOT>", "<EOT>", "<EOT>"], ["<META_START>", "<META_START>", "<META_START>", "<META_START>", "<META_START>", "\u00e7\u00e3o", "<META_START>", "<META_START>", "<META_START>"], ["<SOS>", "<SOS>", "<SOS>", "<SOS>", "<SOS>", "itors", "<SOS>", "<SOS>", "<SOS>"], ["<META_END>", "<META_END>", "<META_END>", "<META_END>", "<META_END>", "earned", "<META_END>", "<META_END>", "<META_END>"]], "top_logit_ablation_values": [[0, 0, 0, 0, 0, 0.3266, 0, 0, 0], [0, 0, 0, 0, 0, 0.2966, 0, 0, 0], [0, 0, 0, 0, 0, 0.2919, 0, 0, 0], [0, 0, 0, 0, 0, 0.2916, 0, 0, 0], [0, 0, 0, 0, 0, 0.2856, 0, 0, 0]], "bottom_logit_ablation_values": [[0, 0, 0, 0, 0, -0.1549, 0, 0, 0], [0, 0, 0, 0, 0, -0.1459, 0, 0, 0], [0, 0, 0, 0, 0, -0.1382, 0, 0, 0], [0, 0, 0, 0, 0, -0.1381, 0, 0, 0], [0, 0, 0, 0, 0, -0.1271, 0, 0, 0]], "residual_loss_ablation": [-0.1104, 2.754, -0.1269, 0.976, 0.9819, -0.1366, 5.869, 1.93, 0]}}, {"tokens_str_list": ["]:", " In", " [@", "Ri", "],", " R", "iv", "in", " claims"], "tokens_acts_list": [0, 0, 0, 0, 0.2323, 0, 0, 0, 0], "train_token_ind": 4, "is_repeated_datapoint": 0, "datapoint_ind": 56999835, "ablations": {"loss_ablation": [0, 0, 0, 0, 0, 0.00984, 0, 0, 0], "top_logit_ablation_tokens_str": [["<META>", "<META>", "<META>", "<META>", "<META>", ">", "<META>", "<META>", "<META>"], ["<EOT>", "<EOT>", "<EOT>", "<EOT>", "<EOT>", " which", "<EOT>", "<EOT>", "<EOT>"], ["<META_START>", "<META_START>", "<META_START>", "<META_START>", "<META_START>", "aline", "<META_START>", "<META_START>", "<META_START>"], ["<SOS>", "<SOS>", "<SOS>", "<SOS>", "<SOS>", "'s", "<SOS>", "<SOS>", "<SOS>"], ["<META_END>", "<META_END>", "<META_END>", "<META_END>", "<META_END>", "ment", "<META_END>", "<META_END>", "<META_END>"]], "bottom_logit_ablation_tokens_str": [["<META>", "<META>", "<META>", "<META>", "<META>", "warded", "<META>", "<META>", "<META>"], ["<EOT>", "<EOT>", "<EOT>", "<EOT>", "<EOT>", " fiduc", "<EOT>", "<EOT>", "<EOT>"], ["<META_START>", "<META_START>", "<META_START>", "<META_START>", "<META_START>", "\u00e7\u00e3o", "<META_START>", "<META_START>", "<META_START>"], ["<SOS>", "<SOS>", "<SOS>", "<SOS>", "<SOS>", "itors", "<SOS>", "<SOS>", "<SOS>"], ["<META_END>", "<META_END>", "<META_END>", "<META_END>", "<META_END>", "backer", "<META_END>", "<META_END>", "<META_END>"]], "top_logit_ablation_values": [[0, 0, 0, 0, 0, 0.2422, 0, 0, 0], [0, 0, 0, 0, 0, 0.2245, 0, 0, 0], [0, 0, 0, 0, 0, 0.2186, 0, 0, 0], [0, 0, 0, 0, 0, 0.216, 0, 0, 0], [0, 0, 0, 0, 0, 0.2133, 0, 0, 0]], "bottom_logit_ablation_values": [[0, 0, 0, 0, 0, -0.1276, 0, 0, 0], [0, 0, 0, 0, 0, -0.1188, 0, 0, 0], [0, 0, 0, 0, 0, -0.1127, 0, 0, 0], [0, 0, 0, 0, 0, -0.1125, 0, 0, 0], [0, 0, 0, 0, 0, -0.1034, 0, 0, 0]], "residual_loss_ablation": [1.106, 1.598, 3.774, -1.005, -2.273, 0.1844, 1.176, -1.128, 0]}}, {"tokens_str_list": [" calculations", "[@", "bib", "43", "],", " [@", "bib", "44", "],"], "tokens_acts_list": [0, 0, 0, 0, 0.04073, 0, 0, 0, 0], "train_token_ind": 4, "is_repeated_datapoint": 0, "datapoint_ind": 48648181, "ablations": {"loss_ablation": [0, 0, 0, 0, 0, -0.002282, 0, 0, 0], "top_logit_ablation_tokens_str": [["<META>", "<META>", "<META>", "<META>", "<META>", " which", "<META>", "<META>", "<META>"], ["<EOT>", "<EOT>", "<EOT>", "<EOT>", "<EOT>", ">", "<EOT>", "<EOT>", "<EOT>"], ["<META_START>", "<META_START>", "<META_START>", "<META_START>", "<META_START>", " of", "<META_START>", "<META_START>", "<META_START>"], ["<SOS>", "<SOS>", "<SOS>", "<SOS>", "<SOS>", " and", "<SOS>", "<SOS>", "<SOS>"], ["<META_END>", "<META_END>", "<META_END>", "<META_END>", "<META_END>", " the", "<META_END>", "<META_END>", "<META_END>"]],