{"index": 4017, "act_buckets": [0, 0, 0, 0, 0, 0, 0, 0, 0, 0, 0, 0, 0, 0, 0, 0, 0, 0, 0, 0, 0, 0, 0, 0, 0, 0, 0, 0, 0, 0, 0, 0, 0, 1, 0, 0, 0, 0, 0, 1], "act_bucket_edges": [0, 0.001572, 0.003144, 0.004715, 0.006287, 0.007859, 0.009431, 0.011, 0.01257, 0.01415, 0.01572, 0.01729, 0.01886, 0.02043, 0.022, 0.02358, 0.02515, 0.02672, 0.02829, 0.02986, 0.03144, 0.03301, 0.03458, 0.03615, 0.03772, 0.03929, 0.04087, 0.04244, 0.04401, 0.04558, 0.04715, 0.04872, 0.0503, 0.05187, 0.05344, 0.05501, 0.05658, 0.05815, 0.05973, 0.0613, 0.06287], "logit_buckets": [1, 1, 3, 3, 2, 12, 5, 14, 23, 24, 43, 59, 118, 1215, 1317, 1076, 1233, 1579, 2019, 2870, 4134, 5531, 6883, 7658, 7646, 6730, 5089, 3801, 2643, 1589, 947, 546, 325, 192, 114, 54, 23, 9, 4, 1], "logit_bucket_edges": [-0.5077, -0.4862, -0.4647, -0.4432, -0.4217, -0.4002, -0.3787, -0.3571, -0.3356, -0.3141, -0.2926, -0.2711, -0.2496, -0.2281, -0.2066, -0.1851, -0.1636, -0.1421, -0.1206, -0.09909, -0.07758, -0.05608, -0.03457, -0.01307, 0.008436, 0.02994, 0.05145, 0.07295, 0.09446, 0.116, 0.1375, 0.159, 0.1805, 0.202, 0.2235, 0.245, 0.2665, 0.288, 0.3095, 0.331, 0.3525], "examples_quantiles": [{"quantile_name": "Top Activations", "quantile_max_act": 0.06287, "examples": [{"tokens_str_list": ["an", "ches", " ($", "1", "/", "t", "_{\\", "rm", " a"], "tokens_acts_list": [0, 0, 0, 0, 0.06287, 0, 0, 0, 0], "train_token_ind": 4, "is_repeated_datapoint": 0, "datapoint_ind": 24950251, "ablations": {"loss_ablation": [0, 0, 0, 0, 0, 0.01332, 0, 0, 0], "top_logit_ablation_tokens_str": [["<META>", "<META>", "<META>", "<META>", "<META>", "ments", "<META>", "<META>", "<META>"], ["<EOT>", "<EOT>", "<EOT>", "<EOT>", "<EOT>", "iously", "<EOT>", "<EOT>", "<EOT>"], ["<META_START>", "<META_START>", "<META_START>", "<META_START>", "<META_START>", "ize", "<META_START>", "<META_START>", "<META_START>"], ["<SOS>", "<SOS>", "<SOS>", "<SOS>", "<SOS>", " between", "<SOS>", "<SOS>", "<SOS>"], ["<META_END>", "<META_END>", "<META_END>", "<META_END>", "<META_END>", "ially", "<META_END>", "<META_END>", "<META_END>"]], "bottom_logit_ablation_tokens_str": [["<META>", "<META>", "<META>", "<META>", "<META>", "gathered", "<META>", "<META>", "<META>"], ["<EOT>", "<EOT>", "<EOT>", "<EOT>", "<EOT>", "Vert", "<EOT>", "<EOT>", "<EOT>"], ["<META_START>", "<META_START>", "<META_START>", "<META_START>", "<META_START>", "\n     ", "<META_START>", "<META_START>", "<META_START>"], ["<SOS>", "<SOS>", "<SOS>", "<SOS>", "<SOS>", "\n                       ", "<SOS>", "<SOS>", "<SOS>"], ["<META_END>", "<META_END>", "<META_END>", "<META_END>", "<META_END>", "osph", "<META_END>", "<META_END>", "<META_END>"]], "top_logit_ablation_values": [[0, 0, 0, 0, 0, 0.04343, 0, 0, 0], [0, 0, 0, 0, 0, 0.04042, 0, 0, 0], [0, 0, 0, 0, 0, 0.03698, 0, 0, 0], [0, 0, 0, 0, 0, 0.03511, 0, 0, 0], [0, 0, 0, 0, 0, 0.03282, 0, 0, 0]], "bottom_logit_ablation_values": [[0, 0, 0, 0, 0, -0.04677, 0, 0, 0], [0, 0, 0, 0, 0, -0.045, 0, 0, 0], [0, 0, 0, 0, 0, -0.04373, 0, 0, 0], [0, 0, 0, 0, 0, -0.04299, 0, 0, 0], [0, 0, 0, 0, 0, -0.04291, 0, 0, 0]], "residual_loss_ablation": [1.572, 8.519, 3.394, -0.3003, 1.264, 3.78, 0.1551, 0.7362, 0]}}, {"tokens_str_list": ["_", "h", "=-", "1", "/", "{\\", "bar", " r", "}_"], "tokens_acts_list": [0, 0, 0, 0, 0.05288, 0, 0, 0, 0], "train_token_ind": 4, "is_repeated_datapoint": 0, "datapoint_ind": 26787133, "ablations": {"loss_ablation": [0, 0, 0, 0, 0, 0.004974, 0, 0, 0], "top_logit_ablation_tokens_str": [["<META>", "<META>", "<META>", "<META>", "<META>", " with", "<META>", "<META>", "<META>"], ["<EOT>", "<EOT>", "<EOT>", "<EOT>", "<EOT>", " as", "<EOT>", "<EOT>", "<EOT>"], ["<META_START>", "<META_START>", "<META_START>", "<META_START>", "<META_START>", " between", "<META_START>", "<META_START>", "<META_START>"], ["<SOS>", "<SOS>", "<SOS>", "<SOS>", "<SOS>", "ments", "<SOS>", "<SOS>", "<SOS>"], ["<META_END>", "<META_END>", "<META_END>", "<META_END>", "<META_END>", " to", "<META_END>", "<META_END>", "<META_END>"]], "bottom_logit_ablation_tokens_str": [["<META>", "<META>", "<META>", "<META>", "<META>", "romagnetic", "<META>", "<META>", "<META>"], ["<EOT>", "<EOT>", "<EOT>", "<EOT>", "<EOT>", "otonic", "<EOT>", "<EOT>", "<EOT>"], ["<META_START>", "<META_START>", "<META_START>", "<META_START>", "<META_START>", "anmar", "<META_START>", "<META_START>", "<META_START>"], ["<SOS>", "<SOS>", "<SOS>", "<SOS>", "<SOS>", "\u00eancia", "<SOS>", "<SOS>", "<SOS>"], ["<META_END>", "<META_END>", "<META_END>", "<META_END>", "<META_END>", "raiser", "<META_END>", "<META_END>", "<META_END>"]], "top_logit_ablation_values": [[0, 0, 0, 0, 0, 0.02798, 0, 0, 0], [0, 0, 0, 0, 0, 0.02495, 0, 0, 0], [0, 0, 0, 0, 0, 0.02451, 0, 0, 0], [0, 0, 0, 0, 0, 0.02247, 0, 0, 0], [0, 0, 0, 0, 0, 0.02231, 0, 0, 0]], "bottom_logit_ablation_values": [[0, 0, 0, 0, 0, -0.05567, 0, 0, 0], [0, 0, 0, 0, 0, -0.05439, 0, 0, 0], [0, 0, 0, 0, 0, -0.05392, 0, 0, 0], [0, 0, 0, 0, 0, -0.05372, 0, 0, 0], [0, 0, 0, 0, 0, -0.05331, 0, 0, 0]], "residual_loss_ablation": [2.655, 0.702, 1.282, 0.1137, 0.8983, 2.077, 0.1657, 2.696, 0]}}]}], "statistics": {"density_frac": 2e-08, "global_max_act": 0.06287, "abs_max_neuron_weights": [-0.177, -0.1478, -0.1289], "abs_max_neuron_inds": [254, 142, 356], "l1_max_neuron_weights": [0.009943, 0.008301, 0.007243]}, "logit_effects": {"negatives": [["'s", -0.4078], [" with", -0.4208], ["ized", -0.4229], ["ious", -0.4313], ["ially", -0.4406], ["ization", -0.4506], [" between", -0.4556], ["ments", -0.4613], ["ize", -0.4843], ["iously", -0.5077]], "positives": [["gathered", 0.3525], ["romagnetic", 0.3223], ["sten", 0.3124], ["aque", 0.3117], ["osph", 0.3096], ["\n     ", 0.3086], ["Vert", 0.3028], ["ocard", 0.2983], ["enos", 0.2968], ["cm", 0.2955]]}}