{"index": 4021, "act_buckets": [2, 0, 0, 0, 0, 0, 0, 0, 0, 0, 0, 0, 0, 0, 0, 0, 1, 0, 0, 0, 0, 0, 0, 0, 1, 0, 0, 0, 0, 0, 0, 0, 0, 0, 0, 0, 0, 0, 0, 1], "act_bucket_edges": [0, 0.01556, 0.03111, 0.04667, 0.06223, 0.07779, 0.09334, 0.1089, 0.1245, 0.14, 0.1556, 0.1711, 0.1867, 0.2022, 0.2178, 0.2334, 0.2489, 0.2645, 0.28, 0.2956, 0.3111, 0.3267, 0.3423, 0.3578, 0.3734, 0.3889, 0.4045, 0.42, 0.4356, 0.4512, 0.4667, 0.4823, 0.4978, 0.5134, 0.5289, 0.5445, 0.5601, 0.5756, 0.5912, 0.6067, 0.6223], "logit_buckets": [1, 0, 0, 1, 0, 3, 12, 10, 20, 41, 78, 111, 196, 270, 479, 749, 1154, 4080, 3873, 4640, 5993, 7314, 8446, 8076, 6806, 5140, 3387, 2143, 1253, 613, 337, 151, 78, 43, 19, 6, 8, 0, 1, 4], "logit_bucket_edges": [-0.6204, -0.5927, -0.5651, -0.5375, -0.5099, -0.4822, -0.4546, -0.427, -0.3994, -0.3717, -0.3441, -0.3165, -0.2889, -0.2612, -0.2336, -0.206, -0.1784, -0.1507, -0.1231, -0.09549, -0.06787, -0.04024, -0.01262, 0.01501, 0.04263, 0.07026, 0.09788, 0.1255, 0.1531, 0.1808, 0.2084, 0.236, 0.2636, 0.2913, 0.3189, 0.3465, 0.3741, 0.4017, 0.4294, 0.457, 0.4846], "examples_quantiles": [{"quantile_name": "Top Activations", "quantile_max_act": 0.6223, "examples": [{"tokens_str_list": [" mit", "z", "ured", "en", ".\u00ab", "\n", "\n", "\u00bb", "All"], "tokens_acts_list": [0, 0, 0, 0, 0.6223, 0, 0, 0, 0], "train_token_ind": 4, "is_repeated_datapoint": 0, "datapoint_ind": 76851631, "ablations": {"loss_ablation": [0, 0, 0, 0, 0, 0.03493, 0, 0, 0], "top_logit_ablation_tokens_str": [["<META>", "<META>", "<META>", "<META>", "<META>", "sely", "<META>", "<META>", "<META>"], ["<EOT>", "<EOT>", "<EOT>", "<EOT>", "<EOT>", "reme", "<EOT>", "<EOT>", "<EOT>"], ["<META_START>", "<META_START>", "<META_START>", "<META_START>", "<META_START>", "psum", "<META_START>", "<META_START>", "<META_START>"], ["<SOS>", "<SOS>", "<SOS>", "<SOS>", "<SOS>", "orable", "<SOS>", "<SOS>", "<SOS>"], ["<META_END>", "<META_END>", "<META_END>", "<META_END>", "<META_END>", "rored", "<META_END>", "<META_END>", "<META_END>"]], "bottom_logit_ablation_tokens_str": [["<META>", "<META>", "<META>", "<META>", "<META>", "$^{-", "<META>", "<META>", "<META>"], ["<EOT>", "<EOT>", "<EOT>", "<EOT>", "<EOT>", "iture", "<EOT>", "<EOT>", "<EOT>"], ["<META_START>", "<META_START>", "<META_START>", "<META_START>", "<META_START>", "ipelago", "<META_START>", "<META_START>", "<META_START>"], ["<SOS>", "<SOS>", "<SOS>", "<SOS>", "<SOS>", "imals", "<SOS>", "<SOS>", "<SOS>"], ["<META_END>", "<META_END>", "<META_END>", "<META_END>", "<META_END>", "ality", "<META_END>", "<META_END>", "<META_END>"]], "top_logit_ablation_values": [[0, 0, 0, 0, 0, 0.7461, 0, 0, 0], [0, 0, 0, 0, 0, 0.6206, 0, 0, 0], [0, 0, 0, 0, 0, 0.6202, 0, 0, 0], [0, 0, 0, 0, 0, 0.6079, 0, 0, 0], [0, 0, 0, 0, 0, 0.6043, 0, 0, 0]], "bottom_logit_ablation_values": [[0, 0, 0, 0, 0, -0.2162, 0, 0, 0], [0, 0, 0, 0, 0, -0.193, 0, 0, 0], [0, 0, 0, 0, 0, -0.1863, 0, 0, 0], [0, 0, 0, 0, 0, -0.1851, 0, 0, 0], [0, 0, 0, 0, 0, -0.1816, 0, 0, 0]], "residual_loss_ablation": [-1.391, 0.6779, 1.498, 2.721, -0.6154, 3.15, 0.161, 5.499, 0]}}, {"tokens_str_list": [" grateful", " that", " Del", "a", "unay", "'s", " training", " allowed", " me"], "tokens_acts_list": [0, 0, 0, 0, 0.3769, 0, 0, 0, 0], "train_token_ind": 4, "is_repeated_datapoint": 0, "datapoint_ind": 29235856, "ablations": {"loss_ablation": [0, 0, 0, 0, 0, -0.1455, 0, 0, 0], "top_logit_ablation_tokens_str": [["<META>", "<META>", "<META>", "<META>", "<META>", "sely", "<META>", "<META>", "<META>"], ["<EOT>", "<EOT>", "<EOT>", "<EOT>", "<EOT>", "psum", "<EOT>", "<EOT>", "<EOT>"], ["<META_START>", "<META_START>", "<META_START>", "<META_START>", "<META_START>", "reme", "<META_START>", "<META_START>", "<META_START>"], ["<SOS>", "<SOS>", "<SOS>", "<SOS>", "<SOS>", "inent", "<SOS>", "<SOS>", "<SOS>"], ["<META_END>", "<META_END>", "<META_END>", "<META_END>", "<META_END>", "erous", "<META_END>", "<META_END>", "<META_END>"]], "bottom_logit_ablation_tokens_str": [["<META>", "<META>", "<META>", "<META>", "<META>", "iture", "<META>", "<META>", "<META>"], ["<EOT>", "<EOT>", "<EOT>", "<EOT>", "<EOT>", "$^{-", "<EOT>", "<EOT>", "<EOT>"], ["<META_START>", "<META_START>", "<META_START>", "<META_START>", "<META_START>", " Filed", "<META_START>", "<META_START>", "<META_START>"], ["<SOS>", "<SOS>", "<SOS>", "<SOS>", "<SOS>", "imals", "<SOS>", "<SOS>", "<SOS>"], ["<META_END>", "<META_END>", "<META_END>", "<META_END>", "<META_END>", "ipelago", "<META_END>", "<META_END>", "<META_END>"]], "top_logit_ablation_values": [[0, 0, 0, 0, 0, 0.5361, 0, 0, 0], [0, 0, 0, 0, 0, 0.4742, 0, 0, 0], [0, 0, 0, 0, 0, 0.4574, 0, 0, 0], [0, 0, 0, 0, 0, 0.4557, 0, 0, 0], [0, 0, 0, 0, 0, 0.4423, 0, 0, 0]], "bottom_logit_ablation_values": [[0, 0, 0, 0, 0, -0.1053, 0, 0, 0], [0, 0, 0, 0, 0, -0.1002, 0, 0, 0], [0, 0, 0, 0, 0, -0.09423, 0, 0, 0], [0, 0, 0, 0, 0, -0.09402, 0, 0, 0], [0, 0, 0, 0, 0, -0.08355, 0, 0, 0]], "residual_loss_ablation": [1.346, 2.374, 0.8463, 0.2737, 9.755, 0.009402, 0.05745, 3.386, 0]}}, {"tokens_str_list": [" a", " mystery", ",", " as", " does", " the", " fate", " of", " W"], "tokens_acts_list": [0, 0, 0, 0, 0.2504, 0, 0, 0, 0], "train_token_ind": 4, "is_repeated_datapoint": 0, "datapoint_ind": 67180469, "ablations": {"loss_ablation": [0, 0, 0, 0, 0, -0.00742, 0, 0, 0], "top_logit_ablation_tokens_str": [["<META>", "<META>", "<META>", "<META>", "<META>", "sely", "<META>", "<META>", "<META>"], ["<EOT>", "<EOT>", "<EOT>", "<EOT>", "<EOT>", "psum", "<EOT>", "<EOT>", "<EOT>"], ["<META_START>", "<META_START>", "<META_START>", "<META_START>", "<META_START>", "reme", "<META_START>", "<META_START>", "<META_START>"], ["<SOS>", "<SOS>", "<SOS>", "<SOS>", "<SOS>", "erous", "<SOS>", "<SOS>", "<SOS>"], ["<META_END>", "<META_END>", "<META_END>", "<META_END>", "<META_END>", "racle", "<META_END>", "<META_END>", "<META_END>"]], "bottom_logit_ablation_tokens_str": [["<META>", "<META>", "<META>", "<META>", "<META>", "iture", "<META>", "<META>", "<META>"], ["<EOT>", "<EOT>", "<EOT>", "<EOT>", "<EOT>", "$^{-", "<EOT>", "<EOT>", "<EOT>"], ["<META_START>", "<META_START>", "<META_START>", "<META_START>", "<META_START>", "ipelago", "<META_START>", "<META_START>", "<META_START>"], ["<SOS>", "<SOS>", "<SOS>", "<SOS>", "<SOS>", "imals", "<SOS>", "<SOS>", "<SOS>"], ["<META_END>", "<META_END>", "<META_END>", "<META_END>", "<META_END>", " Filed", "<META_END>", "<META_END>", "<META_END>"]], "top_logit_ablation_values": [[0, 0, 0, 0, 0, 0.4095, 0, 0, 0], [0, 0, 0, 0, 0, 0.3832, 0, 0, 0], [0, 0, 0, 0, 0, 0.36, 0, 0, 0], [0, 0, 0, 0, 0, 0.3569, 0, 0, 0], [0, 0, 0, 0, 0, 0.3475, 0, 0, 0]], "bottom_logit_ablation_values": [[0, 0, 0, 0, 0, -0.03632, 0, 0, 0], [0, 0, 0, 0, 0, -0.03227, 0, 0, 0], [0, 0, 0, 0, 0, -0.02364, 0, 0, 0], [0, 0, 0, 0, 0, -0.01613, 0, 0, 0], [0, 0, 0, 0, 0, -0.01379, 0, 0, 0]], "residual_loss_ablation": [0.03385, 1.764, -0.8869, -0.436, 1.627, 0.8447, 1.055, 0.2066, 0]}}, {"tokens_str_list": [" and", " breathed", " it", ",", " and", " who", " made", " sure", " every"], "tokens_acts_list": [0, 0, 0, 0, 0.01044, 0, 0, 0, 0], "train_token_ind": 4, "is_repeated_datapoint": 0, "datapoint_ind": 23855921, "ablations": {"loss_ablation": [0, 0, 0, 0, 0, -0.001815, 0, 0, 0], "top_logit_ablation_tokens_str": [["<META>", "<META>", "<META>", "<META>", "<META>", "psum", "<META>", "<META>", "<META>"], ["<EOT>", "<EOT>", "<EOT>", "<EOT>", "<EOT>", "sely", "<EOT>", "<EOT>", "<EOT>"], ["<META_START>", "<META_START>", "<META_START>", "<META_START>", "<META_START>", "erous", "<META_START>", "<META_START>", "<META_START>"], ["<SOS>", "<SOS>", "<SOS>", "<SOS>", "<SOS>", "sirable", "<SOS>", "<SOS>", "<SOS>"], ["<META_END>", "<META_END>", "<META_END>", "<META_END>", "<META_END>", "atory", "<META_END>", "<META_END>", "<META_END>"]],