{"index": 4039, "act_buckets": [1, 0, 0, 0, 0, 0, 0, 1, 0, 0, 0, 0, 0, 0, 0, 0, 0, 0, 0, 0, 0, 0, 0, 0, 0, 0, 0, 0, 0, 0, 0, 0, 0, 0, 0, 0, 0, 0, 0, 1], "act_bucket_edges": [0, 0.01639, 0.03278, 0.04918, 0.06557, 0.08196, 0.09835, 0.1147, 0.1311, 0.1475, 0.1639, 0.1803, 0.1967, 0.2131, 0.2295, 0.2459, 0.2623, 0.2787, 0.2951, 0.3115, 0.3278, 0.3442, 0.3606, 0.377, 0.3934, 0.4098, 0.4262, 0.4426, 0.459, 0.4754, 0.4918, 0.5082, 0.5246, 0.5409, 0.5573, 0.5737, 0.5901, 0.6065, 0.6229, 0.6393, 0.6557], "logit_buckets": [2, 3, 3, 5, 11, 16, 12, 23, 34, 38, 55, 99, 142, 210, 298, 484, 701, 1121, 1672, 2478, 3519, 5162, 7822, 8946, 8742, 7679, 5845, 3976, 2622, 1623, 973, 596, 311, 158, 72, 46, 25, 8, 2, 2], "logit_bucket_edges": [-0.7451, -0.7141, -0.683, -0.652, -0.6209, -0.5898, -0.5588, -0.5277, -0.4966, -0.4656, -0.4345, -0.4035, -0.3724, -0.3413, -0.3103, -0.2792, -0.2481, -0.2171, -0.186, -0.155, -0.1239, -0.09283, -0.06177, -0.03071, 0.000354, 0.03142, 0.06248, 0.09354, 0.1246, 0.1557, 0.1867, 0.2178, 0.2489, 0.2799, 0.311, 0.342, 0.3731, 0.4042, 0.4352, 0.4663, 0.4974], "examples_quantiles": [{"quantile_name": "Top Activations", "quantile_max_act": 0.6557, "examples": [{"tokens_str_list": [" it", " take", " for", " a", " bount", "y", " to", " be", " auto"], "tokens_acts_list": [0, 0, 0, 0, 0.6557, 0, 0, 0, 0], "train_token_ind": 4, "is_repeated_datapoint": 0, "datapoint_ind": 82550481, "ablations": {"loss_ablation": [0, 0, 0, 0, 0, 0.001928, 0, 0, 0], "top_logit_ablation_tokens_str": [["<META>", "<META>", "<META>", "<META>", "<META>", " the", "<META>", "<META>", "<META>"], ["<EOT>", "<EOT>", "<EOT>", "<EOT>", "<EOT>", " which", "<EOT>", "<EOT>", "<EOT>"], ["<META_START>", "<META_START>", "<META_START>", "<META_START>", "<META_START>", " that", "<META_START>", "<META_START>", "<META_START>"], ["<SOS>", "<SOS>", "<SOS>", "<SOS>", "<SOS>", " for", "<SOS>", "<SOS>", "<SOS>"], ["<META_END>", "<META_END>", "<META_END>", "<META_END>", "<META_END>", " with", "<META_END>", "<META_END>", "<META_END>"]], "bottom_logit_ablation_tokens_str": [["<META>", "<META>", "<META>", "<META>", "<META>", "cibility", "<META>", "<META>", "<META>"], ["<EOT>", "<EOT>", "<EOT>", "<EOT>", "<EOT>", "volent", "<EOT>", "<EOT>", "<EOT>"], ["<META_START>", "<META_START>", "<META_START>", "<META_START>", "<META_START>", " towels", "<META_START>", "<META_START>", "<META_START>"], ["<SOS>", "<SOS>", "<SOS>", "<SOS>", "<SOS>", "abeth", "<SOS>", "<SOS>", "<SOS>"], ["<META_END>", "<META_END>", "<META_END>", "<META_END>", "<META_END>", "matory", "<META_END>", "<META_END>", "<META_END>"]], "top_logit_ablation_values": [[0, 0, 0, 0, 0, 0.3534, 0, 0, 0], [0, 0, 0, 0, 0, 0.3464, 0, 0, 0], [0, 0, 0, 0, 0, 0.3223, 0, 0, 0], [0, 0, 0, 0, 0, 0.3174, 0, 0, 0], [0, 0, 0, 0, 0, 0.3155, 0, 0, 0]], "bottom_logit_ablation_values": [[0, 0, 0, 0, 0, -0.7447, 0, 0, 0], [0, 0, 0, 0, 0, -0.7286, 0, 0, 0], [0, 0, 0, 0, 0, -0.6981, 0, 0, 0], [0, 0, 0, 0, 0, -0.6913, 0, 0, 0], [0, 0, 0, 0, 0, -0.6868, 0, 0, 0]], "residual_loss_ablation": [0.5495, 1.034, -0.03435, 0.2797, -0.4034, 2.756, -1.464, -2.046, 0]}}, {"tokens_str_list": ["<EOT>", "Welcome", " to", " the", " Pok", "\u00e9", "Community", "!", "\n"], "tokens_acts_list": [0, 0, 0, 0, 0.1218, 0, 0, 0, 0], "train_token_ind": 4, "is_repeated_datapoint": 0, "datapoint_ind": 25906714, "ablations": {"loss_ablation": [0, 0, 0, 0, 0, -0.001241, 0, 0, 0], "top_logit_ablation_tokens_str": [["<META>", "<META>", "<META>", "<META>", "<META>", " the", "<META>", "<META>", "<META>"], ["<EOT>", "<EOT>", "<EOT>", "<EOT>", "<EOT>", " which", "<EOT>", "<EOT>", "<EOT>"], ["<META_START>", "<META_START>", "<META_START>", "<META_START>", "<META_START>", " for", "<META_START>", "<META_START>", "<META_START>"], ["<SOS>", "<SOS>", "<SOS>", "<SOS>", "<SOS>", " that", "<SOS>", "<SOS>", "<SOS>"], ["<META_END>", "<META_END>", "<META_END>", "<META_END>", "<META_END>", " with", "<META_END>", "<META_END>", "<META_END>"]], "bottom_logit_ablation_tokens_str": [["<META>", "<META>", "<META>", "<META>", "<META>", "cibility", "<META>", "<META>", "<META>"], ["<EOT>", "<EOT>", "<EOT>", "<EOT>", "<EOT>", "volent", "<EOT>", "<EOT>", "<EOT>"], ["<META_START>", "<META_START>", "<META_START>", "<META_START>", "<META_START>", " towels", "<META_START>", "<META_START>", "<META_START>"], ["<SOS>", "<SOS>", "<SOS>", "<SOS>", "<SOS>", "abeth", "<SOS>", "<SOS>", "<SOS>"], ["<META_END>", "<META_END>", "<META_END>", "<META_END>", "<META_END>", "matory", "<META_END>", "<META_END>", "<META_END>"]], "top_logit_ablation_values": [[0, 0, 0, 0, 0, 0.09022, 0, 0, 0], [0, 0, 0, 0, 0, 0.08611, 0, 0, 0], [0, 0, 0, 0, 0, 0.08144, 0, 0, 0], [0, 0, 0, 0, 0, 0.07991, 0, 0, 0], [0, 0, 0, 0, 0, 0.0783, 0, 0, 0]], "bottom_logit_ablation_values": [[0, 0, 0, 0, 0, -0.1696, 0, 0, 0], [0, 0, 0, 0, 0, -0.1635, 0, 0, 0], [0, 0, 0, 0, 0, -0.1619, 0, 0, 0], [0, 0, 0, 0, 0, -0.156, 0, 0, 0], [0, 0, 0, 0, 0, -0.1554, 0, 0, 0]], "residual_loss_ablation": [0.9248, -0.08247, 6.409, -0.7941, 0.1866, 1.009, 1.747, 0.5213, 0]}}, {"tokens_str_list": [" (-", "8", ")/(-", "12", ")*(-", "145", "66", ")/((-", "7"], "tokens_acts_list": [0, 0, 0, 0, 0.003943, 0, 0, 0, 0], "train_token_ind": 4, "is_repeated_datapoint": 0, "datapoint_ind": 5547788, "ablations": {"loss_ablation": [0, 0, 0, 0, 0, 0.0007057, 0, 0, 0], "top_logit_ablation_tokens_str": [["<META>", "<META>", "<META>", "<META>", "<META>", " a", "<META>", "<META>", "<META>"], ["<EOT>", "<EOT>", "<EOT>", "<EOT>", "<EOT>", " the", "<EOT>", "<EOT>", "<EOT>"], ["<META_START>", "<META_START>", "<META_START>", "<META_START>", "<META_START>", " have", "<META_START>", "<META_START>", "<META_START>"], ["<SOS>", "<SOS>", "<SOS>", "<SOS>", "<SOS>", " where", "<SOS>", "<SOS>", "<SOS>"], ["<META_END>", "<META_END>", "<META_END>", "<META_END>", "<META_END>", " which", "<META_END>", "<META_END>", "<META_END>"]], "bottom_logit_ablation_tokens_str": [["<META>", "<META>", "<META>", "<META>", "<META>", " Makeup", "<META>", "<META>", "<META>"], ["<EOT>", "<EOT>", "<EOT>", "<EOT>", "<EOT>", "pest", "<EOT>", "<EOT>", "<EOT>"], ["<META_START>", "<META_START>", "<META_START>", "<META_START>", "<META_START>", "volent", "<META_START>", "<META_START>", "<META_START>"], ["<SOS>", "<SOS>", "<SOS>", "<SOS>", "<SOS>", " Diocese", "<SOS>", "<SOS>", "<SOS>"], ["<META_END>", "<META_END>", "<META_END>", "<META_END>", "<META_END>", "icut", "<META_END>", "<META_END>", "<META_END>"]], "top_logit_ablation_values": [[0, 0, 0, 0, 0, 0.003388, 0, 0, 0], [0, 0, 0, 0, 0, 0.003283, 0, 0, 0], [0, 0, 0, 0, 0, 0.003232, 0, 0, 0], [0, 0, 0, 0, 0, 0.003209, 0, 0, 0], [0, 0, 0, 0, 0, 0.003126, 0, 0, 0]], "bottom_logit_ablation_values": [[0, 0, 0, 0, 0, -0.004704, 0, 0, 0], [0, 0, 0, 0, 0, -0.003737, 0, 0, 0], [0, 0, 0, 0, 0, -0.003639, 0, 0, 0], [0, 0, 0, 0, 0, -0.003435, 0, 0, 0], [0, 0, 0, 0, 0, -0.003395, 0, 0, 0]], "residual_loss_ablation": [4.172, -0.1182, 3.626, -0.09521, 0.08316, -0.2478, 2.347, -1.624, 0]}}]}], "statistics": {"density_frac": 3e-08, "global_max_act": 0.6557, "abs_max_neuron_weights": [0.1329, 0.1313, -0.1213], "abs_max_neuron_inds": [248, 113, 138], "l1_max_neuron_weights": [0.007192, 0.007105, 0.006567]}, "logit_effects": {"negatives": [[" from", -0.6429], [" are", -0.6486], [" in", -0.6562], [" is", -0.6794], [" between", -0.6829], [" with", -0.6931], [" for", -0.6952], [" that", -0.7034], [" which", -0.7379], [" the", -0.7451]], "positives": [["cibility", 0.4974], ["volent", 0.4884], [" towels", 0.4509], ["abeth", 0.4447], ["matory", 0.4321], ["__),", 0.4185], ["stones", 0.4164], ["')))", 0.4123], ["iem", 0.4111], ["nell", 0.4104]]}}