{"index": 428, "act_buckets": [0, 0, 0, 0, 0, 0, 0, 0, 0, 0, 0, 0, 0, 0, 0, 0, 0, 0, 0, 0, 0, 0, 0, 0, 0, 0, 0, 0, 0, 0, 0, 0, 0, 0, 0, 0, 0, 0, 0, 1], "act_bucket_edges": [0, 0.003211, 0.006421, 0.009632, 0.01284, 0.01605, 0.01926, 0.02247, 0.02569, 0.0289, 0.03211, 0.03532, 0.03853, 0.04174, 0.04495, 0.04816, 0.05137, 0.05458, 0.05779, 0.061, 0.06421, 0.06742, 0.07064, 0.07385, 0.07706, 0.08027, 0.08348, 0.08669, 0.0899, 0.09311, 0.09632, 0.09953, 0.1027, 0.106, 0.1092, 0.1124, 0.1156, 0.1188, 0.122, 0.1252, 0.1284], "logit_buckets": [5, 4, 7, 5, 13, 17, 46, 73, 119, 135, 232, 384, 566, 749, 1103, 1504, 2050, 2836, 6136, 6274, 7428, 7525, 7100, 6070, 4890, 3567, 2475, 1651, 1059, 612, 373, 233, 137, 69, 38, 27, 11, 7, 2, 4], "logit_bucket_edges": [-0.5331, -0.5082, -0.4833, -0.4584, -0.4335, -0.4086, -0.3837, -0.3588, -0.3339, -0.309, -0.2841, -0.2592, -0.2344, -0.2095, -0.1846, -0.1597, -0.1348, -0.1099, -0.08496, -0.06006, -0.03516, -0.01027, 0.01463, 0.03953, 0.06443, 0.08933, 0.1142, 0.1391, 0.164, 0.1889, 0.2138, 0.2387, 0.2636, 0.2885, 0.3134, 0.3383, 0.3632, 0.3881, 0.413, 0.4379, 0.4628], "examples_quantiles": [{"quantile_name": "Top Activations", "quantile_max_act": 0.1284, "examples": [{"tokens_str_list": [" and", " his", " mother", " had", " destined", " him", ",", " and", " the"], "tokens_acts_list": [0, 0, 0, 0, 0.1284, 0, 0, 0, 0], "train_token_ind": 4, "is_repeated_datapoint": 0, "datapoint_ind": 98673443, "ablations": {"loss_ablation": [0, 0, 0, 0, 0, 0.01003, 0, 0, 0], "top_logit_ablation_tokens_str": [["<META>", "<META>", "<META>", "<META>", "<META>", " the", "<META>", "<META>", "<META>"], ["<EOT>", "<EOT>", "<EOT>", "<EOT>", "<EOT>", " who", "<EOT>", "<EOT>", "<EOT>"], ["<META_START>", "<META_START>", "<META_START>", "<META_START>", "<META_START>", " between", "<META_START>", "<META_START>", "<META_START>"], ["<SOS>", "<SOS>", "<SOS>", "<SOS>", "<SOS>", " has", "<SOS>", "<SOS>", "<SOS>"], ["<META_END>", "<META_END>", "<META_END>", "<META_END>", "<META_END>", " resulting", "<META_END>", "<META_END>", "<META_END>"]], "bottom_logit_ablation_tokens_str": [["<META>", "<META>", "<META>", "<META>", "<META>", "backer", "<META>", "<META>", "<META>"], ["<EOT>", "<EOT>", "<EOT>", "<EOT>", "<EOT>", "cci\u00f3n", "<EOT>", "<EOT>", "<EOT>"], ["<META_START>", "<META_START>", "<META_START>", "<META_START>", "<META_START>", "i\u00f3n", "<META_START>", "<META_START>", "<META_START>"], ["<SOS>", "<SOS>", "<SOS>", "<SOS>", "<SOS>", "buster", "<SOS>", "<SOS>", "<SOS>"], ["<META_END>", "<META_END>", "<META_END>", "<META_END>", "<META_END>", "imeter", "<META_END>", "<META_END>", "<META_END>"]], "top_logit_ablation_values": [[0, 0, 0, 0, 0, 0.1195, 0, 0, 0], [0, 0, 0, 0, 0, 0.1094, 0, 0, 0], [0, 0, 0, 0, 0, 0.1076, 0, 0, 0], [0, 0, 0, 0, 0, 0.1075, 0, 0, 0], [0, 0, 0, 0, 0, 0.1058, 0, 0, 0]], "bottom_logit_ablation_values": [[0, 0, 0, 0, 0, -0.1418, 0, 0, 0], [0, 0, 0, 0, 0, -0.1403, 0, 0, 0], [0, 0, 0, 0, 0, -0.1394, 0, 0, 0], [0, 0, 0, 0, 0, -0.1288, 0, 0, 0], [0, 0, 0, 0, 0, -0.1288, 0, 0, 0]], "residual_loss_ablation": [-2.062, -0.2363, -0.9289, 2.237, 0.7003, 0.339, -1.134, 0.3711, 0]}}]}], "statistics": {"density_frac": 1e-08, "global_max_act": 0.1284, "abs_max_neuron_weights": [0.1541, 0.1269, 0.1224], "abs_max_neuron_inds": [112, 26, 22], "l1_max_neuron_weights": [0.008241, 0.006786, 0.006544]}, "logit_effects": {"negatives": [["'s", -0.4793], [" itself", -0.4868], [" using", -0.494], [" which", -0.4983], [" between", -0.5044], [" is", -0.5082], [" has", -0.5126], [" who", -0.514], [" resulting", -0.5156], [" the", -0.5331]], "positives": [["i\u00f3n", 0.4628], ["backer", 0.4515], ["cci\u00f3n", 0.4515], ["?'", 0.4382], ["ibilities", 0.427], ["wealth", 0.4201], ["\u00eancia", 0.4115], ["finals", 0.4069], ["buster", 0.4056], ["itimate", 0.3956]]}}