{"index": 440, "act_buckets": [1, 0, 1, 0, 0, 0, 0, 0, 2, 1, 0, 0, 0, 0, 0, 0, 0, 0, 0, 0, 0, 0, 0, 0, 0, 0, 0, 0, 0, 0, 0, 0, 0, 0, 0, 0, 0, 0, 0, 1], "act_bucket_edges": [0, 0.01067, 0.02135, 0.03202, 0.0427, 0.05337, 0.06404, 0.07472, 0.08539, 0.09606, 0.1067, 0.1174, 0.1281, 0.1388, 0.1494, 0.1601, 0.1708, 0.1815, 0.1921, 0.2028, 0.2135, 0.2241, 0.2348, 0.2455, 0.2562, 0.2668, 0.2775, 0.2882, 0.2989, 0.3095, 0.3202, 0.3309, 0.3416, 0.3522, 0.3629, 0.3736, 0.3843, 0.3949, 0.4056, 0.4163, 0.427], "logit_buckets": [4, 2, 5, 8, 21, 36, 50, 99, 216, 450, 810, 1239, 1851, 2525, 3548, 8034, 8328, 8925, 8729, 7317, 5417, 3495, 2051, 1140, 594, 325, 152, 79, 37, 27, 13, 3, 3, 2, 0, 0, 0, 0, 0, 1], "logit_bucket_edges": [-0.4516, -0.426, -0.4004, -0.3747, -0.3491, -0.3235, -0.2979, -0.2723, -0.2466, -0.221, -0.1954, -0.1698, -0.1442, -0.1186, -0.09293, -0.06731, -0.04169, -0.01608, 0.009544, 0.03516, 0.06078, 0.0864, 0.112, 0.1376, 0.1633, 0.1889, 0.2145, 0.2401, 0.2657, 0.2914, 0.317, 0.3426, 0.3682, 0.3938, 0.4194, 0.4451, 0.4707, 0.4963, 0.5219, 0.5475, 0.5732], "examples_quantiles": [{"quantile_name": "Top Activations", "quantile_max_act": 0.427, "examples": [{"tokens_str_list": ["<EOT>", " d\u00e9", "pas", "ser", " les", " 120"], "tokens_acts_list": [0, 0.427, 0, 0, 0, 0], "train_token_ind": 1, "is_repeated_datapoint": 0, "datapoint_ind": 33464340, "ablations": {"loss_ablation": [0, 0, 0.02407, 0, 0, 0], "top_logit_ablation_tokens_str": [["<META>", "<META>", " Commons", "<META>", "<META>", "<META>"], ["<EOT>", "<EOT>", "ously", "<EOT>", "<EOT>", "<EOT>"], ["<META_START>", "<META_START>", "ily", "<META_START>", "<META_START>", "<META_START>"], ["<SOS>", "<SOS>", "iness", "<SOS>", "<SOS>", "<SOS>"], ["<META_END>", "<META_END>", "sed", "<META_END>", "<META_END>", "<META_END>"]], "bottom_logit_ablation_tokens_str": [["<META>", "<META>", "))?", "<META>", "<META>", "<META>"], ["<EOT>", "<EOT>", "unnumbered", "<EOT>", "<EOT>", "<EOT>"], ["<META_START>", "<META_START>", "?\u201d", "<META_START>", "<META_START>", "<META_START>"], ["<SOS>", "<SOS>", "\u201d)", "<SOS>", "<SOS>", "<SOS>"], ["<META_END>", "<META_END>", "inherited", "<META_END>", "<META_END>", "<META_END>"]], "top_logit_ablation_values": [[0, 0, 0.1718, 0, 0, 0], [0, 0, 0.1616, 0, 0, 0], [0, 0, 0.1542, 0, 0, 0], [0, 0, 0.1507, 0, 0, 0], [0, 0, 0.1424, 0, 0, 0]], "bottom_logit_ablation_values": [[0, 0, -0.4162, 0, 0, 0], [0, 0, -0.3273, 0, 0, 0], [0, 0, -0.3266, 0, 0, 0], [0, 0, -0.3169, 0, 0, 0], [0, 0, -0.3033, 0, 0, 0]], "residual_loss_ablation": [0, -0.1216, -2.386, 4.357, 3.145, 0]}}, {"tokens_str_list": [")", "[@", "R", "133", "]^,", "^[@", "R", "134", "]"], "tokens_acts_list": [0, 0, 0, 0, 0.1017, 0, 0, 0, 0], "train_token_ind": 4, "is_repeated_datapoint": 0, "datapoint_ind": 68263343, "ablations": {"loss_ablation": [0, 0, 0, 0, 0, -0.004884, 0, 0, 0], "top_logit_ablation_tokens_str": [["<META>", "<META>", "<META>", "<META>", "<META>", " Commons", "<META>", "<META>", "<META>"], ["<EOT>", "<EOT>", "<EOT>", "<EOT>", "<EOT>", "sed", "<EOT>", "<EOT>", "<EOT>"], ["<META_START>", "<META_START>", "<META_START>", "<META_START>", "<META_START>", "ously", "<META_START>", "<META_START>", "<META_START>"], ["<SOS>", "<SOS>", "<SOS>", "<SOS>", "<SOS>", "lemen", "<SOS>", "<SOS>", "<SOS>"], ["<META_END>", "<META_END>", "<META_END>", "<META_END>", "<META_END>", "IVE", "<META_END>", "<META_END>", "<META_END>"]], "bottom_logit_ablation_tokens_str": [["<META>", "<META>", "<META>", "<META>", "<META>", "))?", "<META>", "<META>", "<META>"], ["<EOT>", "<EOT>", "<EOT>", "<EOT>", "<EOT>", "?\u201d", "<EOT>", "<EOT>", "<EOT>"], ["<META_START>", "<META_START>", "<META_START>", "<META_START>", "<META_START>", ")?", "<META_START>", "<META_START>", "<META_START>"], ["<SOS>", "<SOS>", "<SOS>", "<SOS>", "<SOS>", "?\"", "<SOS>", "<SOS>", "<SOS>"], ["<META_END>", "<META_END>", "<META_END>", "<META_END>", "<META_END>", "\u201d)", "<META_END>", "<META_END>", "<META_END>"]], "top_logit_ablation_values": [[0, 0, 0, 0, 0, 0.01297, 0, 0, 0], [0, 0, 0, 0, 0, 0.01207, 0, 0, 0], [0, 0, 0, 0, 0, 0.01102, 0, 0, 0], [0, 0, 0, 0, 0, 0.007154, 0, 0, 0], [0, 0, 0, 0, 0, 0.006851, 0, 0, 0]], "bottom_logit_ablation_values": [[0, 0, 0, 0, 0, -0.1257, 0, 0, 0], [0, 0, 0, 0, 0, -0.1069, 0, 0, 0], [0, 0, 0, 0, 0, -0.1064, 0, 0, 0], [0, 0, 0, 0, 0, -0.1053, 0, 0, 0], [0, 0, 0, 0, 0, -0.103, 0, 0, 0]], "residual_loss_ablation": [3.413, 4.123, 1.541, -0.1231, -0.4894, 2.517, 1.188, 1.069, 0]}}, {"tokens_str_list": ["\n                                             ", " 6", "\n\f", "<EOT>", "Abbrev", "iations", "\n", "=============", "\n"], "tokens_acts_list": [0, 0, 0, 0, 0.09485, 0, 0, 0, 0], "train_token_ind": 4, "is_repeated_datapoint": 0, "datapoint_ind": 17505211, "ablations": {"loss_ablation": [0, 0, 0, 0, 0, 0.0001085, 0, 0, 0], "top_logit_ablation_tokens_str": [["<META>", "<META>", "<META>", "<META>", "<META>", "sed", "<META>", "<META>", "<META>"], ["<EOT>", "<EOT>", "<EOT>", "<EOT>", "<EOT>", " Commons", "<EOT>", "<EOT>", "<EOT>"], ["<META_START>", "<META_START>", "<META_START>", "<META_START>", "<META_START>", "iness", "<META_START>", "<META_START>", "<META_START>"], ["<SOS>", "<SOS>", "<SOS>", "<SOS>", "<SOS>", "elist", "<SOS>", "<SOS>", "<SOS>"], ["<META_END>", "<META_END>", "<META_END>", "<META_END>", "<META_END>", "ily", "<META_END>", "<META_END>", "<META_END>"]], "bottom_logit_ablation_tokens_str": [["<META>", "<META>", "<META>", "<META>", "<META>", "))?", "<META>", "<META>", "<META>"], ["<EOT>", "<EOT>", "<EOT>", "<EOT>", "<EOT>", "?\u201d", "<EOT>", "<EOT>", "<EOT>"], ["<META_START>", "<META_START>", "<META_START>", "<META_START>", "<META_START>", "?\"", "<META_START>", "<META_START>", "<META_START>"], ["<SOS>", "<SOS>", "<SOS>", "<SOS>", "<SOS>", "]\"", "<SOS>", "<SOS>", "<SOS>"], ["<META_END>", "<META_END>", "<META_END>", "<META_END>", "<META_END>", "\u201d)", "<META_END>", "<META_END>", "<META_END>"]], "top_logit_ablation_values": [[0, 0, 0, 0, 0, 0.04174, 0, 0, 0], [0, 0, 0, 0, 0, 0.04102, 0, 0, 0], [0, 0, 0, 0, 0, 0.04015, 0, 0, 0], [0, 0, 0, 0, 0, 0.03874, 0, 0, 0], [0, 0, 0, 0, 0, 0.0371, 0, 0, 0]], "bottom_logit_ablation_values": [[0, 0, 0, 0, 0, -0.0603, 0, 0, 0], [0, 0, 0, 0, 0, -0.04909, 0, 0, 0], [0, 0, 0, 0, 0, -0.04874, 0, 0, 0], [0, 0, 0, 0, 0, -0.04744, 0, 0, 0], [0, 0, 0, 0, 0, -0.04692, 0, 0, 0]], "residual_loss_ablation": [0.7787, 2.314, 4.341, 1.989, 0.06188, 1.843, -1.845, 4.214, 0]}}, {"tokens_str_list": ["oids", ".\\[[@", "CR", "23", "],", " [@", "CR", "25", "]\\]"], "tokens_acts_list": [0, 0, 0, 0, 0.08948, 0, 0, 0, 0], "train_token_ind": 4, "is_repeated_datapoint": 0, "datapoint_ind": 24540605, "ablations": {"loss_ablation": [0, 0, 0, 0, 0, -0.003435, 0, 0, 0], "top_logit_ablation_tokens_str": [["<META>", "<META>", "<META>", "<META>", "<META>", " Commons", "<META>", "<META>", "<META>"], ["<EOT>", "<EOT>", "<EOT>", "<EOT>", "<EOT>", "iness", "<EOT>", "<EOT>", "<EOT>"], ["<META_START>", "<META_START>", "<META_START>", "<META_START>", "<META_START>", "sed", "<META_START>", "<META_START>", "<META_START>"], ["<SOS>", "<SOS>", "<SOS>", "<SOS>", "<SOS>", "ously", "<SOS>", "<SOS>", "<SOS>"], ["<META_END>", "<META_END>", "<META_END>", "<META_END>", "<META_END>", "lying", "<META_END>", "<META_END>", "<META_END>"]], "bottom_logit_ablation_tokens_str": [["<META>", "<META>", "<META>", "<META>", "<META>", "))?", "<META>", "<META>", "<META>"], ["<EOT>", "<EOT>", "<EOT>", "<EOT>", "<EOT>", "?\u201d", "<EOT>", "<EOT>", "<EOT>"], ["<META_START>", "<META_START>", "<META_START>", "<META_START>", "<META_START>", "?\"", "<META_START>", "<META_START>", "<META_START>"], ["<SOS>", "<SOS>", "<SOS>", "<SOS>", "<SOS>", "hmen", "<SOS>", "<SOS>", "<SOS>"], ["<META_END>", "<META_END>", "<META_END>", "<META_END>", "<META_END>", "\"?", "<META_END>", "<META_END>", "<META_END>"]],