{"index": 468, "act_buckets": [0, 0, 0, 0, 0, 0, 0, 0, 0, 0, 0, 0, 0, 0, 0, 0, 0, 0, 0, 0, 0, 0, 0, 0, 0, 0, 0, 0, 0, 0, 0, 0, 1, 0, 0, 0, 0, 0, 0, 1], "act_bucket_edges": [0, 0.01255, 0.0251, 0.03765, 0.0502, 0.06275, 0.0753, 0.08785, 0.1004, 0.113, 0.1255, 0.1381, 0.1506, 0.1632, 0.1757, 0.1883, 0.2008, 0.2134, 0.2259, 0.2385, 0.251, 0.2636, 0.2761, 0.2887, 0.3012, 0.3138, 0.3263, 0.3389, 0.3514, 0.364, 0.3765, 0.3891, 0.4016, 0.4142, 0.4267, 0.4393, 0.4518, 0.4644, 0.4769, 0.4895, 0.502], "logit_buckets": [3, 0, 2, 1, 3, 8, 9, 25, 27, 69, 96, 178, 292, 458, 725, 1191, 1807, 2568, 4026, 8980, 7515, 7315, 6941, 6117, 5051, 3982, 2874, 2016, 1280, 754, 499, 307, 176, 112, 66, 30, 15, 12, 3, 3], "logit_bucket_edges": [-0.506, -0.4826, -0.4593, -0.4359, -0.4125, -0.3891, -0.3657, -0.3424, -0.319, -0.2956, -0.2722, -0.2488, -0.2255, -0.2021, -0.1787, -0.1553, -0.1319, -0.1086, -0.08518, -0.0618, -0.03842, -0.01504, 0.008344, 0.03172, 0.0551, 0.07848, 0.1019, 0.1252, 0.1486, 0.172, 0.1954, 0.2188, 0.2421, 0.2655, 0.2889, 0.3123, 0.3357, 0.359, 0.3824, 0.4058, 0.4292], "examples_quantiles": [{"quantile_name": "Top Activations", "quantile_max_act": 0.502, "examples": [{"tokens_str_list": [" mit", "z", "ured", "en", ".\u00ab", "\n", "\n", "\u00bb", "All"], "tokens_acts_list": [0, 0, 0, 0, 0.502, 0, 0, 0, 0], "train_token_ind": 4, "is_repeated_datapoint": 0, "datapoint_ind": 76851631, "ablations": {"loss_ablation": [0, 0, 0, 0, 0, -0.005634, 0, 0, 0], "top_logit_ablation_tokens_str": [["<META>", "<META>", "<META>", "<META>", "<META>", "ists", "<META>", "<META>", "<META>"], ["<EOT>", "<EOT>", "<EOT>", "<EOT>", "<EOT>", "iates", "<EOT>", "<EOT>", "<EOT>"], ["<META_START>", "<META_START>", "<META_START>", "<META_START>", "<META_START>", "iate", "<META_START>", "<META_START>", "<META_START>"], ["<SOS>", "<SOS>", "<SOS>", "<SOS>", "<SOS>", " way", "<SOS>", "<SOS>", "<SOS>"], ["<META_END>", "<META_END>", "<META_END>", "<META_END>", "<META_END>", "otherapy", "<META_END>", "<META_END>", "<META_END>"]], "bottom_logit_ablation_tokens_str": [["<META>", "<META>", "<META>", "<META>", "<META>", "CR", "<META>", "<META>", "<META>"], ["<EOT>", "<EOT>", "<EOT>", "<EOT>", "<EOT>", "loor", "<EOT>", "<EOT>", "<EOT>"], ["<META_START>", "<META_START>", "<META_START>", "<META_START>", "<META_START>", "shoe", "<META_START>", "<META_START>", "<META_START>"], ["<SOS>", "<SOS>", "<SOS>", "<SOS>", "<SOS>", "stral", "<SOS>", "<SOS>", "<SOS>"], ["<META_END>", "<META_END>", "<META_END>", "<META_END>", "<META_END>", "N", "<META_END>", "<META_END>", "<META_END>"]], "top_logit_ablation_values": [[0, 0, 0, 0, 0, 0.5937, 0, 0, 0], [0, 0, 0, 0, 0, 0.5837, 0, 0, 0], [0, 0, 0, 0, 0, 0.5801, 0, 0, 0], [0, 0, 0, 0, 0, 0.552, 0, 0, 0], [0, 0, 0, 0, 0, 0.5339, 0, 0, 0]], "bottom_logit_ablation_values": [[0, 0, 0, 0, 0, -0.06764, 0, 0, 0], [0, 0, 0, 0, 0, -0.05357, 0, 0, 0], [0, 0, 0, 0, 0, -0.05322, 0, 0, 0], [0, 0, 0, 0, 0, -0.05265, 0, 0, 0], [0, 0, 0, 0, 0, -0.03665, 0, 0, 0]], "residual_loss_ablation": [-1.391, 0.6779, 1.498, 2.721, -0.6154, 3.15, 0.161, 5.499, 0]}}, {"tokens_str_list": ["\n", ",", " **", "**,", " ().", "\n", "\n", ",", " **"], "tokens_acts_list": [0, 0, 0, 0, 0.4084, 0, 0, 0, 0], "train_token_ind": 4, "is_repeated_datapoint": 0, "datapoint_ind": 53779, "ablations": {"loss_ablation": [0, 0, 0, 0, 0, 0.03065, 0, 0, 0], "top_logit_ablation_tokens_str": [["<META>", "<META>", "<META>", "<META>", "<META>", "ists", "<META>", "<META>", "<META>"], ["<EOT>", "<EOT>", "<EOT>", "<EOT>", "<EOT>", "iates", "<EOT>", "<EOT>", "<EOT>"], ["<META_START>", "<META_START>", "<META_START>", "<META_START>", "<META_START>", "iate", "<META_START>", "<META_START>", "<META_START>"], ["<SOS>", "<SOS>", "<SOS>", "<SOS>", "<SOS>", " way", "<SOS>", "<SOS>", "<SOS>"], ["<META_END>", "<META_END>", "<META_END>", "<META_END>", "<META_END>", "iance", "<META_END>", "<META_END>", "<META_END>"]], "bottom_logit_ablation_tokens_str": [["<META>", "<META>", "<META>", "<META>", "<META>", "CR", "<META>", "<META>", "<META>"], ["<EOT>", "<EOT>", "<EOT>", "<EOT>", "<EOT>", "shoe", "<EOT>", "<EOT>", "<EOT>"], ["<META_START>", "<META_START>", "<META_START>", "<META_START>", "<META_START>", "loor", "<META_START>", "<META_START>", "<META_START>"], ["<SOS>", "<SOS>", "<SOS>", "<SOS>", "<SOS>", "stral", "<SOS>", "<SOS>", "<SOS>"], ["<META_END>", "<META_END>", "<META_END>", "<META_END>", "<META_END>", "N", "<META_END>", "<META_END>", "<META_END>"]], "top_logit_ablation_values": [[0, 0, 0, 0, 0, 0.5217, 0, 0, 0], [0, 0, 0, 0, 0, 0.5135, 0, 0, 0], [0, 0, 0, 0, 0, 0.5083, 0, 0, 0], [0, 0, 0, 0, 0, 0.4927, 0, 0, 0], [0, 0, 0, 0, 0, 0.4693, 0, 0, 0]], "bottom_logit_ablation_values": [[0, 0, 0, 0, 0, -0.05919, 0, 0, 0], [0, 0, 0, 0, 0, -0.04773, 0, 0, 0], [0, 0, 0, 0, 0, -0.04649, 0, 0, 0], [0, 0, 0, 0, 0, -0.04191, 0, 0, 0], [0, 0, 0, 0, 0, -0.03552, 0, 0, 0]], "residual_loss_ablation": [-1.019, 2.532, 6.593, 2.603, 3.239, 3.891, -0.6105, 7.652, 0]}}]}], "statistics": {"density_frac": 2e-08, "global_max_act": 0.502, "abs_max_neuron_weights": [0.1874, -0.1566, 0.1391], "abs_max_neuron_inds": [343, 405, 470], "l1_max_neuron_weights": [0.01066, 0.008911, 0.007918]}, "logit_effects": {"negatives": [["iation", -0.3883], ["ause", -0.4001], ["ument", -0.4015], ["istic", -0.4016], ["iance", -0.4257], ["otherapy", -0.436], [" way", -0.4531], ["iate", -0.4897], ["iates", -0.4943], ["ists", -0.506]], "positives": [["CR", 0.4292], ["loor", 0.4152], ["stral", 0.4084], ["shoe", 0.4053], ["pple", 0.3875], ["N", 0.3856], ["office", 0.3803], [" cytometry", 0.3802], ["\u3048", 0.3777], ["earch", 0.3752]]}}