{"index": 490, "act_buckets": [0, 0, 0, 0, 0, 0, 1, 1, 0, 1, 0, 1, 0, 0, 0, 0, 0, 1, 0, 0, 0, 1, 0, 0, 0, 0, 0, 0, 0, 0, 0, 0, 0, 0, 0, 0, 0, 0, 0, 1], "act_bucket_edges": [0, 0.02569, 0.05138, 0.07707, 0.1028, 0.1285, 0.1541, 0.1798, 0.2055, 0.2312, 0.2569, 0.2826, 0.3083, 0.334, 0.3597, 0.3854, 0.4111, 0.4367, 0.4624, 0.4881, 0.5138, 0.5395, 0.5652, 0.5909, 0.6166, 0.6423, 0.668, 0.6937, 0.7193, 0.745, 0.7707, 0.7964, 0.8221, 0.8478, 0.8735, 0.8992, 0.9249, 0.9506, 0.9763, 1.002, 1.028], "logit_buckets": [1, 0, 0, 0, 1, 1, 2, 3, 8, 16, 21, 34, 55, 108, 194, 348, 545, 990, 1659, 2535, 3419, 4869, 6155, 7371, 7981, 7802, 7558, 8165, 2583, 1469, 797, 447, 222, 101, 42, 18, 11, 2, 1, 2], "logit_bucket_edges": [-0.6825, -0.6547, -0.6269, -0.5991, -0.5713, -0.5435, -0.5157, -0.488, -0.4602, -0.4324, -0.4046, -0.3768, -0.349, -0.3212, -0.2934, -0.2656, -0.2378, -0.21, -0.1823, -0.1545, -0.1267, -0.09888, -0.07109, -0.0433, -0.01551, 0.01229, 0.04008, 0.06787, 0.09566, 0.1235, 0.1512, 0.179, 0.2068, 0.2346, 0.2624, 0.2902, 0.318, 0.3458, 0.3736, 0.4014, 0.4292], "examples_quantiles": [{"quantile_name": "Top Activations", "quantile_max_act": 1.028, "examples": [{"tokens_str_list": [" old", " topic", " (", "not", " entirely", " sure", " why", " thats", " a"], "tokens_acts_list": [0, 0, 0, 0, 1.028, 0, 0, 0, 0], "train_token_ind": 4, "is_repeated_datapoint": 0, "datapoint_ind": 72925984, "ablations": {"loss_ablation": [0, 0, 0, 0, 0, -0.4942, 0, 0, 0], "top_logit_ablation_tokens_str": [["<META>", "<META>", "<META>", "<META>", "<META>", "ly", "<META>", "<META>", "<META>"], ["<EOT>", "<EOT>", "<EOT>", "<EOT>", "<EOT>", "ments", "<EOT>", "<EOT>", "<EOT>"], ["<META_START>", "<META_START>", "<META_START>", "<META_START>", "<META_START>", "fully", "<META_START>", "<META_START>", "<META_START>"], ["<SOS>", "<SOS>", "<SOS>", "<SOS>", "<SOS>", "ment", "<SOS>", "<SOS>", "<SOS>"], ["<META_END>", "<META_END>", "<META_END>", "<META_END>", "<META_END>", "led", "<META_END>", "<META_END>", "<META_END>"]], "bottom_logit_ablation_tokens_str": [["<META>", "<META>", "<META>", "<META>", "<META>", "TON", "<META>", "<META>", "<META>"], ["<EOT>", "<EOT>", "<EOT>", "<EOT>", "<EOT>", "UNCH", "<EOT>", "<EOT>", "<EOT>"], ["<META_START>", "<META_START>", "<META_START>", "<META_START>", "<META_START>", "URAL", "<META_START>", "<META_START>", "<META_START>"], ["<SOS>", "<SOS>", "<SOS>", "<SOS>", "<SOS>", " [**", "<SOS>", "<SOS>", "<SOS>"], ["<META_END>", "<META_END>", "<META_END>", "<META_END>", "<META_END>", "AMS", "<META_END>", "<META_END>", "<META_END>"]], "top_logit_ablation_values": [[0, 0, 0, 0, 0, 1.897, 0, 0, 0], [0, 0, 0, 0, 0, 1.623, 0, 0, 0], [0, 0, 0, 0, 0, 1.619, 0, 0, 0], [0, 0, 0, 0, 0, 1.54, 0, 0, 0], [0, 0, 0, 0, 0, 1.54, 0, 0, 0]], "bottom_logit_ablation_values": [[0, 0, 0, 0, 0, -0.1768, 0, 0, 0], [0, 0, 0, 0, 0, -0.1473, 0, 0, 0], [0, 0, 0, 0, 0, -0.09439, 0, 0, 0], [0, 0, 0, 0, 0, -0.08012, 0, 0, 0], [0, 0, 0, 0, 0, -0.04614, 0, 0, 0]], "residual_loss_ablation": [1.649, -0.9952, -0.2815, -0.6566, -1.431, 7.321, -0.4655, 0.3301, 0]}}, {"tokens_str_list": [" (-", "8", ")/(-", "12", ")*(-", "145", "66", ")/((-", "7"], "tokens_acts_list": [0, 0, 0, 0, 0.5504, 0, 0, 0, 0], "train_token_ind": 4, "is_repeated_datapoint": 0, "datapoint_ind": 5547788, "ablations": {"loss_ablation": [0, 0, 0, 0, 0, 0.04703, 0, 0, 0], "top_logit_ablation_tokens_str": [["<META>", "<META>", "<META>", "<META>", "<META>", "ly", "<META>", "<META>", "<META>"], ["<EOT>", "<EOT>", "<EOT>", "<EOT>", "<EOT>", "fully", "<EOT>", "<EOT>", "<EOT>"], ["<META_START>", "<META_START>", "<META_START>", "<META_START>", "<META_START>", "ments", "<META_START>", "<META_START>", "<META_START>"], ["<SOS>", "<SOS>", "<SOS>", "<SOS>", "<SOS>", "ment", "<SOS>", "<SOS>", "<SOS>"], ["<META_END>", "<META_END>", "<META_END>", "<META_END>", "<META_END>", "ful", "<META_END>", "<META_END>", "<META_END>"]], "bottom_logit_ablation_tokens_str": [["<META>", "<META>", "<META>", "<META>", "<META>", "TON", "<META>", "<META>", "<META>"], ["<EOT>", "<EOT>", "<EOT>", "<EOT>", "<EOT>", "UNCH", "<EOT>", "<EOT>", "<EOT>"], ["<META_START>", "<META_START>", "<META_START>", "<META_START>", "<META_START>", " [**", "<META_START>", "<META_START>", "<META_START>"], ["<SOS>", "<SOS>", "<SOS>", "<SOS>", "<SOS>", "URAL", "<SOS>", "<SOS>", "<SOS>"], ["<META_END>", "<META_END>", "<META_END>", "<META_END>", "<META_END>", "AMS", "<META_END>", "<META_END>", "<META_END>"]], "top_logit_ablation_values": [[0, 0, 0, 0, 0, 0.7124, 0, 0, 0], [0, 0, 0, 0, 0, 0.6212, 0, 0, 0], [0, 0, 0, 0, 0, 0.6207, 0, 0, 0], [0, 0, 0, 0, 0, 0.587, 0, 0, 0], [0, 0, 0, 0, 0, 0.5818, 0, 0, 0]], "bottom_logit_ablation_values": [[0, 0, 0, 0, 0, -0.0511, 0, 0, 0], [0, 0, 0, 0, 0, -0.03668, 0, 0, 0], [0, 0, 0, 0, 0, -0.01747, 0, 0, 0], [0, 0, 0, 0, 0, -0.01118, 0, 0, 0], [0, 0, 0, 0, 0, -0.004618, 0, 0, 0]], "residual_loss_ablation": [4.172, -0.1182, 3.626, -0.09521, 0.08316, -0.2478, 2.347, -1.624, 0]}}, {"tokens_str_list": ["\n                                             ", " 6", "\n\f", "<EOT>", "Abbrev", "iations", "\n", "=============", "\n"], "tokens_acts_list": [0, 0, 0, 0, 0.4412, 0, 0, 0, 0], "train_token_ind": 4, "is_repeated_datapoint": 0, "datapoint_ind": 17505211, "ablations": {"loss_ablation": [0, 0, 0, 0, 0, -1.417e-05, 0, 0, 0], "top_logit_ablation_tokens_str": [["<META>", "<META>", "<META>", "<META>", "<META>", "ly", "<META>", "<META>", "<META>"], ["<EOT>", "<EOT>", "<EOT>", "<EOT>", "<EOT>", "fully", "<EOT>", "<EOT>", "<EOT>"], ["<META_START>", "<META_START>", "<META_START>", "<META_START>", "<META_START>", "ments", "<META_START>", "<META_START>", "<META_START>"], ["<SOS>", "<SOS>", "<SOS>", "<SOS>", "<SOS>", "ment", "<SOS>", "<SOS>", "<SOS>"], ["<META_END>", "<META_END>", "<META_END>", "<META_END>", "<META_END>", "ful", "<META_END>", "<META_END>", "<META_END>"]], "bottom_logit_ablation_tokens_str": [["<META>", "<META>", "<META>", "<META>", "<META>", "TON", "<META>", "<META>", "<META>"], ["<EOT>", "<EOT>", "<EOT>", "<EOT>", "<EOT>", "UNCH", "<EOT>", "<EOT>", "<EOT>"], ["<META_START>", "<META_START>", "<META_START>", "<META_START>", "<META_START>", " [**", "<META_START>", "<META_START>", "<META_START>"], ["<SOS>", "<SOS>", "<SOS>", "<SOS>", "<SOS>", "AMS", "<SOS>", "<SOS>", "<SOS>"], ["<META_END>", "<META_END>", "<META_END>", "<META_END>", "<META_END>", " COURT", "<META_END>", "<META_END>", "<META_END>"]], "top_logit_ablation_values": [[0, 0, 0, 0, 0, 0.5281, 0, 0, 0], [0, 0, 0, 0, 0, 0.4541, 0, 0, 0], [0, 0, 0, 0, 0, 0.4474, 0, 0, 0], [0, 0, 0, 0, 0, 0.435, 0, 0, 0], [0, 0, 0, 0, 0, 0.4288, 0, 0, 0]], "bottom_logit_ablation_values": [[0, 0, 0, 0, 0, -0.03438, 0, 0, 0], [0, 0, 0, 0, 0, -0.03327, 0, 0, 0], [0, 0, 0, 0, 0, -0.005223, 0, 0, 0], [0, 0, 0, 0, 0, -0.0005498, 0, 0, 0], [0, 0, 0, 0, 0, 0.0005369, 0, 0, 0]], "residual_loss_ablation": [0.7787, 2.314, 4.341, 1.989, 0.06188, 1.843, -1.845, 4.214, 0]}}, {"tokens_str_list": [" 1", " 2", " 1", " 1", " 1", " 1", " 1", " 2", " 1"], "tokens_acts_list": [0, 0, 0.08583, 0.241, 0.3068, 0.1983, 0, 0, 0], "train_token_ind": 4, "is_repeated_datapoint": 0, "datapoint_ind": 36101591, "ablations": {"loss_ablation": [0, 0, 0, -0.007423, -0.02355, -0.02948, -0.02244, 0, 0], "top_logit_ablation_tokens_str": [["<META>", "<META>", "<META>", "ly", "ly", "ly", "ly", "<META>", "<META>"], ["<EOT>", "<EOT>", "<EOT>", "ments", "\\x86", "ments", " on", "<EOT>", "<EOT>"], ["<META_START>", "<META_START>", "<META_START>", " extent", "ments", " on", "ments", "<META_START>", "<META_START>"], ["<SOS>", "<SOS>", "<SOS>", "\\x86", " on", "\\x86", " extent", "<SOS>", "<SOS>"], ["<META_END>", "<META_END>", "<META_END>", " on", " extent", " extent", "\\x86", "<META_END>", "<META_END>"]],