{"index": 51, "act_buckets": [0, 0, 0, 0, 1, 0, 0, 0, 0, 0, 0, 0, 0, 0, 1, 0, 0, 0, 0, 0, 0, 0, 0, 0, 0, 0, 0, 0, 0, 0, 0, 0, 0, 0, 0, 0, 0, 0, 0, 1], "act_bucket_edges": [0, 0.03601, 0.07203, 0.108, 0.1441, 0.1801, 0.2161, 0.2521, 0.2881, 0.3241, 0.3601, 0.3962, 0.4322, 0.4682, 0.5042, 0.5402, 0.5762, 0.6123, 0.6483, 0.6843, 0.7203, 0.7563, 0.7923, 0.8283, 0.8644, 0.9004, 0.9364, 0.9724, 1.008, 1.044, 1.08, 1.116, 1.152, 1.188, 1.225, 1.261, 1.297, 1.333, 1.369, 1.405, 1.441], "logit_buckets": [1, 0, 0, 4, 2, 3, 16, 13, 14, 30, 67, 116, 203, 321, 607, 959, 1498, 2163, 3216, 4445, 7481, 8788, 8147, 7000, 5610, 4615, 3484, 2535, 1739, 1065, 591, 358, 212, 118, 52, 27, 20, 7, 5, 4], "logit_bucket_edges": [-0.4969, -0.4747, -0.4525, -0.4302, -0.408, -0.3857, -0.3635, -0.3412, -0.319, -0.2967, -0.2745, -0.2522, -0.23, -0.2077, -0.1855, -0.1632, -0.141, -0.1187, -0.09649, -0.07424, -0.052, -0.02975, -0.007501, 0.01475, 0.03699, 0.05924, 0.08149, 0.1037, 0.126, 0.1482, 0.1705, 0.1927, 0.215, 0.2372, 0.2595, 0.2817, 0.304, 0.3262, 0.3485, 0.3707, 0.393], "examples_quantiles": [{"quantile_name": "Top Activations", "quantile_max_act": 1.441, "examples": [{"tokens_str_list": ["\n                                             ", " 6", "\n\f", "<EOT>", "Abbrev", "iations", "\n", "=============", "\n"], "tokens_acts_list": [0, 0, 0, 0, 1.441, 0, 0, 0, 0], "train_token_ind": 4, "is_repeated_datapoint": 0, "datapoint_ind": 17505211, "ablations": {"loss_ablation": [0, 0, 0, 0, 0, -0.01759, 0, 0, 0], "top_logit_ablation_tokens_str": [["<META>", "<META>", "<META>", "<META>", "<META>", "aneously", "<META>", "<META>", "<META>"], ["<EOT>", "<EOT>", "<EOT>", "<EOT>", "<EOT>", "helial", "<EOT>", "<EOT>", "<EOT>"], ["<META_START>", "<META_START>", "<META_START>", "<META_START>", "<META_START>", "ting", "<META_START>", "<META_START>", "<META_START>"], ["<SOS>", "<SOS>", "<SOS>", "<SOS>", "<SOS>", "ended", "<SOS>", "<SOS>", "<SOS>"], ["<META_END>", "<META_END>", "<META_END>", "<META_END>", "<META_END>", "tain", "<META_END>", "<META_END>", "<META_END>"]], "bottom_logit_ablation_tokens_str": [["<META>", "<META>", "<META>", "<META>", "<META>", " LIABLE", "<META>", "<META>", "<META>"], ["<EOT>", "<EOT>", "<EOT>", "<EOT>", "<EOT>", "\u00f1os", "<EOT>", "<EOT>", "<EOT>"], ["<META_START>", "<META_START>", "<META_START>", "<META_START>", "<META_START>", ")]{}", "<META_START>", "<META_START>", "<META_START>"], ["<SOS>", "<SOS>", "<SOS>", "<SOS>", "<SOS>", "\u015f", "<SOS>", "<SOS>", "<SOS>"], ["<META_END>", "<META_END>", "<META_END>", "<META_END>", "<META_END>", "++)", "<META_END>", "<META_END>", "<META_END>"]], "top_logit_ablation_values": [[0, 0, 0, 0, 0, 1.284, 0, 0, 0], [0, 0, 0, 0, 0, 1.171, 0, 0, 0], [0, 0, 0, 0, 0, 1.134, 0, 0, 0], [0, 0, 0, 0, 0, 1.132, 0, 0, 0], [0, 0, 0, 0, 0, 1.127, 0, 0, 0]], "bottom_logit_ablation_values": [[0, 0, 0, 0, 0, -0.2388, 0, 0, 0], [0, 0, 0, 0, 0, -0.2269, 0, 0, 0], [0, 0, 0, 0, 0, -0.2268, 0, 0, 0], [0, 0, 0, 0, 0, -0.2258, 0, 0, 0], [0, 0, 0, 0, 0, -0.2013, 0, 0, 0]], "residual_loss_ablation": [0.7787, 2.314, 4.341, 1.989, 0.06188, 1.843, -1.845, 4.214, 0]}}, {"tokens_str_list": [" lower", " cost", ".", "<EOT>", "Abbrev", "iations", "\n", "=============", "\n"], "tokens_acts_list": [0, 0, 0, 0, 0.5084, 0, 0, 0, 0], "train_token_ind": 4, "is_repeated_datapoint": 0, "datapoint_ind": 82998532, "ablations": {"loss_ablation": [0, 0, 0, 0, 0, -0.00457, 0, 0, 0], "top_logit_ablation_tokens_str": [["<META>", "<META>", "<META>", "<META>", "<META>", "aneously", "<META>", "<META>", "<META>"], ["<EOT>", "<EOT>", "<EOT>", "<EOT>", "<EOT>", "helial", "<EOT>", "<EOT>", "<EOT>"], ["<META_START>", "<META_START>", "<META_START>", "<META_START>", "<META_START>", "ended", "<META_START>", "<META_START>", "<META_START>"], ["<SOS>", "<SOS>", "<SOS>", "<SOS>", "<SOS>", "ting", "<SOS>", "<SOS>", "<SOS>"], ["<META_END>", "<META_END>", "<META_END>", "<META_END>", "<META_END>", "ously", "<META_END>", "<META_END>", "<META_END>"]], "bottom_logit_ablation_tokens_str": [["<META>", "<META>", "<META>", "<META>", "<META>", " LIABLE", "<META>", "<META>", "<META>"], ["<EOT>", "<EOT>", "<EOT>", "<EOT>", "<EOT>", ")]{}", "<EOT>", "<EOT>", "<EOT>"], ["<META_START>", "<META_START>", "<META_START>", "<META_START>", "<META_START>", "\u00f1os", "<META_START>", "<META_START>", "<META_START>"], ["<SOS>", "<SOS>", "<SOS>", "<SOS>", "<SOS>", "\u015f", "<SOS>", "<SOS>", "<SOS>"], ["<META_END>", "<META_END>", "<META_END>", "<META_END>", "<META_END>", "++)", "<META_END>", "<META_END>", "<META_END>"]], "top_logit_ablation_values": [[0, 0, 0, 0, 0, 0.5006, 0, 0, 0], [0, 0, 0, 0, 0, 0.4548, 0, 0, 0], [0, 0, 0, 0, 0, 0.4446, 0, 0, 0], [0, 0, 0, 0, 0, 0.4438, 0, 0, 0], [0, 0, 0, 0, 0, 0.4382, 0, 0, 0]], "bottom_logit_ablation_values": [[0, 0, 0, 0, 0, -0.1107, 0, 0, 0], [0, 0, 0, 0, 0, -0.1068, 0, 0, 0], [0, 0, 0, 0, 0, -0.1051, 0, 0, 0], [0, 0, 0, 0, 0, -0.1036, 0, 0, 0], [0, 0, 0, 0, 0, -0.09428, 0, 0, 0]], "residual_loss_ablation": [5.883, 3.218, -0.346, 0.5796, -0.2728, -0.0514, -0.9989, 5.711, 0]}}, {"tokens_str_list": [" World", " Championships", "<EOT>", "Life", ".", " Mo", "ves", ".", " On"], "tokens_acts_list": [0, 0, 0, 0, 0.1489, 0, 0, 0, 0], "train_token_ind": 4, "is_repeated_datapoint": 0, "datapoint_ind": 18408180, "ablations": {"loss_ablation": [0, 0, 0, 0, 0, 0.01631, 0, 0, 0], "top_logit_ablation_tokens_str": [["<META>", "<META>", "<META>", "<META>", "<META>", "aneously", "<META>", "<META>", "<META>"], ["<EOT>", "<EOT>", "<EOT>", "<EOT>", "<EOT>", "helial", "<EOT>", "<EOT>", "<EOT>"], ["<META_START>", "<META_START>", "<META_START>", "<META_START>", "<META_START>", "ended", "<META_START>", "<META_START>", "<META_START>"], ["<SOS>", "<SOS>", "<SOS>", "<SOS>", "<SOS>", "ously", "<SOS>", "<SOS>", "<SOS>"], ["<META_END>", "<META_END>", "<META_END>", "<META_END>", "<META_END>", "tain", "<META_END>", "<META_END>", "<META_END>"]], "bottom_logit_ablation_tokens_str": [["<META>", "<META>", "<META>", "<META>", "<META>", " LIABLE", "<META>", "<META>", "<META>"], ["<EOT>", "<EOT>", "<EOT>", "<EOT>", "<EOT>", ")]{}", "<EOT>", "<EOT>", "<EOT>"], ["<META_START>", "<META_START>", "<META_START>", "<META_START>", "<META_START>", "\u015f", "<META_START>", "<META_START>", "<META_START>"], ["<SOS>", "<SOS>", "<SOS>", "<SOS>", "<SOS>", "\u00f1os", "<SOS>", "<SOS>", "<SOS>"], ["<META_END>", "<META_END>", "<META_END>", "<META_END>", "<META_END>", "++)", "<META_END>", "<META_END>", "<META_END>"]], "top_logit_ablation_values": [[0, 0, 0, 0, 0, 0.1902, 0, 0, 0], [0, 0, 0, 0, 0, 0.1774, 0, 0, 0], [0, 0, 0, 0, 0, 0.1664, 0, 0, 0], [0, 0, 0, 0, 0, 0.1662, 0, 0, 0], [0, 0, 0, 0, 0, 0.1626, 0, 0, 0]], "bottom_logit_ablation_values": [[0, 0, 0, 0, 0, -0.0483, 0, 0, 0], [0, 0, 0, 0, 0, -0.04486, 0, 0, 0], [0, 0, 0, 0, 0, -0.04352, 0, 0, 0], [0, 0, 0, 0, 0, -0.04256, 0, 0, 0], [0, 0, 0, 0, 0, -0.04043, 0, 0, 0]], "residual_loss_ablation": [1.957, 3.619, 3.772, 0.2216, -0.7509, 2.37, 0.947, 0.4517, 0]}}]}], "statistics": {"density_frac": 3e-08, "global_max_act": 1.441, "abs_max_neuron_weights": [-0.2451, -0.1525, 0.1499], "abs_max_neuron_inds": [299, 490, 175], "l1_max_neuron_weights": [0.01408, 0.008765, 0.00861]}, "logit_effects": {"negatives": [["enix", -0.3643], ["ious", -0.3771], ["ted", -0.3785], ["ally", -0.3918], ["tain", -0.4052], ["ting", -0.4101], ["ended", -0.4172], ["ously", -0.4214], ["helial", -0.4281], ["aneously", -0.4969]], "positives": [["\u00f1os", 0.393], ["\u015f", 0.3912], [")]{}", 0.3831], [" LIABLE", 0.3807], ["]{}]{}", 0.3684], ["++)", 0.3671], ["]{}", 0.3549], ["\u00e8res", 0.3521], ["mple", 0.3494], [" STATES", 0.3465]]}}