{"index": 515, "act_buckets": [0, 0, 0, 0, 0, 0, 0, 0, 1, 0, 0, 0, 0, 0, 0, 0, 0, 1, 0, 0, 0, 0, 0, 0, 0, 0, 0, 0, 0, 0, 0, 0, 0, 0, 0, 0, 0, 0, 0, 1], "act_bucket_edges": [0, 0.03665, 0.0733, 0.1099, 0.1466, 0.1832, 0.2199, 0.2565, 0.2932, 0.3298, 0.3665, 0.4031, 0.4398, 0.4764, 0.5131, 0.5497, 0.5864, 0.623, 0.6597, 0.6963, 0.733, 0.7696, 0.8063, 0.8429, 0.8796, 0.9162, 0.9529, 0.9895, 1.026, 1.063, 1.099, 1.136, 1.173, 1.209, 1.246, 1.283, 1.319, 1.356, 1.393, 1.429, 1.466], "logit_buckets": [2, 3, 5, 11, 26, 22, 53, 82, 133, 229, 303, 472, 764, 4032, 2669, 3047, 3417, 4327, 5011, 5694, 5904, 5788, 5539, 4983, 4218, 3173, 2136, 1410, 831, 481, 319, 188, 105, 75, 34, 26, 13, 6, 1, 4], "logit_bucket_edges": [-0.4194, -0.3988, -0.3783, -0.3577, -0.3372, -0.3166, -0.2961, -0.2755, -0.255, -0.2344, -0.2139, -0.1934, -0.1728, -0.1523, -0.1317, -0.1112, -0.09061, -0.07006, -0.04952, -0.02897, -0.008419, 0.01213, 0.03268, 0.05323, 0.07377, 0.09432, 0.1149, 0.1354, 0.156, 0.1765, 0.1971, 0.2176, 0.2382, 0.2587, 0.2793, 0.2998, 0.3204, 0.3409, 0.3614, 0.382, 0.4025], "examples_quantiles": [{"quantile_name": "Top Activations", "quantile_max_act": 1.466, "examples": [{"tokens_str_list": [" old", " topic", " (", "not", " entirely", " sure", " why", " thats", " a"], "tokens_acts_list": [0, 0, 0, 0, 1.466, 0, 0, 0, 0], "train_token_ind": 4, "is_repeated_datapoint": 0, "datapoint_ind": 72925984, "ablations": {"loss_ablation": [0, 0, 0, 0, 0, 0.2924, 0, 0, 0], "top_logit_ablation_tokens_str": [["<META>", "<META>", "<META>", "<META>", "<META>", "\u043e\u0431\u044b", "<META>", "<META>", "<META>"], ["<EOT>", "<EOT>", "<EOT>", "<EOT>", "<EOT>", "rica", "<EOT>", "<EOT>", "<EOT>"], ["<META_START>", "<META_START>", "<META_START>", "<META_START>", "<META_START>", "igion", "<META_START>", "<META_START>", "<META_START>"], ["<SOS>", "<SOS>", "<SOS>", "<SOS>", "<SOS>", "opters", "<SOS>", "<SOS>", "<SOS>"], ["<META_END>", "<META_END>", "<META_END>", "<META_END>", "<META_END>", "iable", "<META_END>", "<META_END>", "<META_END>"]], "bottom_logit_ablation_tokens_str": [["<META>", "<META>", "<META>", "<META>", "<META>", " he", "<META>", "<META>", "<META>"], ["<EOT>", "<EOT>", "<EOT>", "<EOT>", "<EOT>", "/*", "<EOT>", "<EOT>", "<EOT>"], ["<META_START>", "<META_START>", "<META_START>", "<META_START>", "<META_START>", " be", "<META_START>", "<META_START>", "<META_START>"], ["<SOS>", "<SOS>", "<SOS>", "<SOS>", "<SOS>", " no", "<SOS>", "<SOS>", "<SOS>"], ["<META_END>", "<META_END>", "<META_END>", "<META_END>", "<META_END>", "quo", "<META_END>", "<META_END>", "<META_END>"]], "top_logit_ablation_values": [[0, 0, 0, 0, 0, 2.22, 0, 0, 0], [0, 0, 0, 0, 0, 2.219, 0, 0, 0], [0, 0, 0, 0, 0, 2.149, 0, 0, 0], [0, 0, 0, 0, 0, 2.138, 0, 0, 0], [0, 0, 0, 0, 0, 2.125, 0, 0, 0]], "bottom_logit_ablation_values": [[0, 0, 0, 0, 0, 0.01989, 0, 0, 0], [0, 0, 0, 0, 0, 0.03896, 0, 0, 0], [0, 0, 0, 0, 0, 0.04997, 0, 0, 0], [0, 0, 0, 0, 0, 0.0692, 0, 0, 0], [0, 0, 0, 0, 0, 0.1099, 0, 0, 0]], "residual_loss_ablation": [1.649, -0.9952, -0.2815, -0.6566, -1.431, 7.321, -0.4655, 0.3301, 0]}}, {"tokens_str_list": ["\n                                             ", " 6", "\n\f", "<EOT>", "Abbrev", "iations", "\n", "=============", "\n"], "tokens_acts_list": [0, 0, 0, 0, 0.6289, 0, 0, 0, 0], "train_token_ind": 4, "is_repeated_datapoint": 0, "datapoint_ind": 17505211, "ablations": {"loss_ablation": [0, 0, 0, 0, 0, -0.009033, 0, 0, 0], "top_logit_ablation_tokens_str": [["<META>", "<META>", "<META>", "<META>", "<META>", "\u043e\u0431\u044b", "<META>", "<META>", "<META>"], ["<EOT>", "<EOT>", "<EOT>", "<EOT>", "<EOT>", "rica", "<EOT>", "<EOT>", "<EOT>"], ["<META_START>", "<META_START>", "<META_START>", "<META_START>", "<META_START>", "opters", "<META_START>", "<META_START>", "<META_START>"], ["<SOS>", "<SOS>", "<SOS>", "<SOS>", "<SOS>", "igion", "<SOS>", "<SOS>", "<SOS>"], ["<META_END>", "<META_END>", "<META_END>", "<META_END>", "<META_END>", "demic", "<META_END>", "<META_END>", "<META_END>"]], "bottom_logit_ablation_tokens_str": [["<META>", "<META>", "<META>", "<META>", "<META>", " he", "<META>", "<META>", "<META>"], ["<EOT>", "<EOT>", "<EOT>", "<EOT>", "<EOT>", "/*", "<EOT>", "<EOT>", "<EOT>"], ["<META_START>", "<META_START>", "<META_START>", "<META_START>", "<META_START>", " be", "<META_START>", "<META_START>", "<META_START>"], ["<SOS>", "<SOS>", "<SOS>", "<SOS>", "<SOS>", " no", "<SOS>", "<SOS>", "<SOS>"], ["<META_END>", "<META_END>", "<META_END>", "<META_END>", "<META_END>", " sake", "<META_END>", "<META_END>", "<META_END>"]], "top_logit_ablation_values": [[0, 0, 0, 0, 0, 0.5988, 0, 0, 0], [0, 0, 0, 0, 0, 0.5973, 0, 0, 0], [0, 0, 0, 0, 0, 0.5732, 0, 0, 0], [0, 0, 0, 0, 0, 0.5713, 0, 0, 0], [0, 0, 0, 0, 0, 0.5642, 0, 0, 0]], "bottom_logit_ablation_values": [[0, 0, 0, 0, 0, 0.004394, 0, 0, 0], [0, 0, 0, 0, 0, 0.01119, 0, 0, 0], [0, 0, 0, 0, 0, 0.02048, 0, 0, 0], [0, 0, 0, 0, 0, 0.02498, 0, 0, 0], [0, 0, 0, 0, 0, 0.03884, 0, 0, 0]], "residual_loss_ablation": [0.7787, 2.314, 4.341, 1.989, 0.06188, 1.843, -1.845, 4.214, 0]}}, {"tokens_str_list": ["\n", ",", " **", "**,", " ().", "\n", "\n", ",", " **"], "tokens_acts_list": [0, 0, 0, 0, 0.3051, 0, 0, 0, 0], "train_token_ind": 4, "is_repeated_datapoint": 0, "datapoint_ind": 53779, "ablations": {"loss_ablation": [0, 0, 0, 0, 0, -0.02119, 0, 0, 0], "top_logit_ablation_tokens_str": [["<META>", "<META>", "<META>", "<META>", "<META>", "\u043e\u0431\u044b", "<META>", "<META>", "<META>"], ["<EOT>", "<EOT>", "<EOT>", "<EOT>", "<EOT>", "rica", "<EOT>", "<EOT>", "<EOT>"], ["<META_START>", "<META_START>", "<META_START>", "<META_START>", "<META_START>", "iable", "<META_START>", "<META_START>", "<META_START>"], ["<SOS>", "<SOS>", "<SOS>", "<SOS>", "<SOS>", "igion", "<SOS>", "<SOS>", "<SOS>"], ["<META_END>", "<META_END>", "<META_END>", "<META_END>", "<META_END>", "opters", "<META_END>", "<META_END>", "<META_END>"]], "bottom_logit_ablation_tokens_str": [["<META>", "<META>", "<META>", "<META>", "<META>", " he", "<META>", "<META>", "<META>"], ["<EOT>", "<EOT>", "<EOT>", "<EOT>", "<EOT>", " be", "<EOT>", "<EOT>", "<EOT>"], ["<META_START>", "<META_START>", "<META_START>", "<META_START>", "<META_START>", "/*", "<META_START>", "<META_START>", "<META_START>"], ["<SOS>", "<SOS>", "<SOS>", "<SOS>", "<SOS>", " no", "<SOS>", "<SOS>", "<SOS>"], ["<META_END>", "<META_END>", "<META_END>", "<META_END>", "<META_END>", "quo", "<META_END>", "<META_END>", "<META_END>"]], "top_logit_ablation_values": [[0, 0, 0, 0, 0, 0.3541, 0, 0, 0], [0, 0, 0, 0, 0, 0.3529, 0, 0, 0], [0, 0, 0, 0, 0, 0.3445, 0, 0, 0], [0, 0, 0, 0, 0, 0.3442, 0, 0, 0], [0, 0, 0, 0, 0, 0.3439, 0, 0, 0]], "bottom_logit_ablation_values": [[0, 0, 0, 0, 0, -0.0004797, 0, 0, 0], [0, 0, 0, 0, 0, 0.006726, 0, 0, 0], [0, 0, 0, 0, 0, 0.007618, 0, 0, 0], [0, 0, 0, 0, 0, 0.00844, 0, 0, 0], [0, 0, 0, 0, 0, 0.01782, 0, 0, 0]], "residual_loss_ablation": [-1.019, 2.532, 6.593, 2.603, 3.239, 3.891, -0.6105, 7.652, 0]}}]}], "statistics": {"density_frac": 3e-08, "global_max_act": 1.466, "abs_max_neuron_weights": [0.165, 0.1648, 0.1335], "abs_max_neuron_inds": [294, 356, 195], "l1_max_neuron_weights": [0.009329, 0.009317, 0.007548]}, "logit_effects": {"negatives": [["erance", -0.3606], ["ading", -0.3608], ["ets", -0.3699], ["demic", -0.3734], ["uncture", -0.3763], ["iable", -0.382], ["opters", -0.3881], ["igion", -0.3912], ["rica", -0.4182], ["\u043e\u0431\u044b", -0.4194]], "positives": [[" he", 0.4025], ["/*", 0.3969], [" be", 0.3928], [" no", 0.3866], ["quo", 0.3691], [" =", 0.3576], [" sake", 0.356], [" are", 0.3518], [" pas", 0.3517], ["'s", 0.3484]]}}