{"index": 518, "act_buckets": [0, 0, 0, 0, 0, 0, 0, 0, 0, 1, 0, 0, 0, 0, 0, 0, 0, 0, 0, 0, 0, 0, 0, 0, 0, 0, 0, 0, 0, 0, 0, 0, 0, 0, 0, 0, 0, 0, 0, 1], "act_bucket_edges": [0, 0.004472, 0.008943, 0.01341, 0.01789, 0.02236, 0.02683, 0.0313, 0.03577, 0.04024, 0.04472, 0.04919, 0.05366, 0.05813, 0.0626, 0.06707, 0.07155, 0.07602, 0.08049, 0.08496, 0.08943, 0.0939, 0.09837, 0.1028, 0.1073, 0.1118, 0.1163, 0.1207, 0.1252, 0.1297, 0.1341, 0.1386, 0.1431, 0.1476, 0.152, 0.1565, 0.161, 0.1654, 0.1699, 0.1744, 0.1789], "logit_buckets": [3, 1, 3, 7, 10, 6, 21, 39, 66, 104, 210, 344, 630, 1057, 1571, 2021, 2970, 5059, 8736, 7080, 7115, 6567, 5638, 4633, 3562, 2804, 1922, 1272, 894, 500, 294, 180, 79, 74, 29, 18, 6, 4, 3, 4], "logit_bucket_edges": [-0.4167, -0.3963, -0.3758, -0.3554, -0.3349, -0.3145, -0.294, -0.2736, -0.2532, -0.2327, -0.2123, -0.1918, -0.1714, -0.1509, -0.1305, -0.1101, -0.08961, -0.06917, -0.04872, -0.02828, -0.007836, 0.01261, 0.03305, 0.05349, 0.07394, 0.09438, 0.1148, 0.1353, 0.1557, 0.1762, 0.1966, 0.217, 0.2375, 0.2579, 0.2784, 0.2988, 0.3193, 0.3397, 0.3601, 0.3806, 0.401], "examples_quantiles": [{"quantile_name": "Top Activations", "quantile_max_act": 0.1789, "examples": [{"tokens_str_list": [" to", " anti", "-", "neut", "roph", "il", " cytoplas", "mic", " antibody"], "tokens_acts_list": [0, 0, 0, 0, 0.1789, 0, 0, 0, 0], "train_token_ind": 4, "is_repeated_datapoint": 0, "datapoint_ind": 73401006, "ablations": {"loss_ablation": [0, 0, 0, 0, 0, 0.007932, 0, 0, 0], "top_logit_ablation_tokens_str": [["<META>", "<META>", "<META>", "<META>", "<META>", "ments", "<META>", "<META>", "<META>"], ["<EOT>", "<EOT>", "<EOT>", "<EOT>", "<EOT>", "berra", "<EOT>", "<EOT>", "<EOT>"], ["<META_START>", "<META_START>", "<META_START>", "<META_START>", "<META_START>", "rances", "<META_START>", "<META_START>", "<META_START>"], ["<SOS>", "<SOS>", "<SOS>", "<SOS>", "<SOS>", "marks", "<SOS>", "<SOS>", "<SOS>"], ["<META_END>", "<META_END>", "<META_END>", "<META_END>", "<META_END>", "meal", "<META_END>", "<META_END>", "<META_END>"]], "bottom_logit_ablation_tokens_str": [["<META>", "<META>", "<META>", "<META>", "<META>", "enu", "<META>", "<META>", "<META>"], ["<EOT>", "<EOT>", "<EOT>", "<EOT>", "<EOT>", "\n           ", "<EOT>", "<EOT>", "<EOT>"], ["<META_START>", "<META_START>", "<META_START>", "<META_START>", "<META_START>", "\":", "<META_START>", "<META_START>", "<META_START>"], ["<SOS>", "<SOS>", "<SOS>", "<SOS>", "<SOS>", "\n               ", "<SOS>", "<SOS>", "<SOS>"], ["<META_END>", "<META_END>", "<META_END>", "<META_END>", "<META_END>", "yles", "<META_END>", "<META_END>", "<META_END>"]], "top_logit_ablation_values": [[0, 0, 0, 0, 0, 0.1576, 0, 0, 0], [0, 0, 0, 0, 0, 0.1558, 0, 0, 0], [0, 0, 0, 0, 0, 0.1542, 0, 0, 0], [0, 0, 0, 0, 0, 0.1522, 0, 0, 0], [0, 0, 0, 0, 0, 0.1516, 0, 0, 0]], "bottom_logit_ablation_values": [[0, 0, 0, 0, 0, -0.1286, 0, 0, 0], [0, 0, 0, 0, 0, -0.1254, 0, 0, 0], [0, 0, 0, 0, 0, -0.1247, 0, 0, 0], [0, 0, 0, 0, 0, -0.1234, 0, 0, 0], [0, 0, 0, 0, 0, -0.1213, 0, 0, 0]], "residual_loss_ablation": [-0.1104, 2.754, -0.1269, 0.976, 0.9819, -0.1366, 5.869, 1.93, 0]}}, {"tokens_str_list": ["\u03bc", "L", " (", "neut", "roph", "il", " 96", "%,", " lymph"], "tokens_acts_list": [0, 0, 0, 0, 0.04385, 0, 0, 0, 0], "train_token_ind": 4, "is_repeated_datapoint": 0, "datapoint_ind": 35564458, "ablations": {"loss_ablation": [0, 0, 0, 0, 0, 0.002077, 0, 0, 0], "top_logit_ablation_tokens_str": [["<META>", "<META>", "<META>", "<META>", "<META>", "ments", "<META>", "<META>", "<META>"], ["<EOT>", "<EOT>", "<EOT>", "<EOT>", "<EOT>", "marks", "<EOT>", "<EOT>", "<EOT>"], ["<META_START>", "<META_START>", "<META_START>", "<META_START>", "<META_START>", "mers", "<META_START>", "<META_START>", "<META_START>"], ["<SOS>", "<SOS>", "<SOS>", "<SOS>", "<SOS>", "rances", "<SOS>", "<SOS>", "<SOS>"], ["<META_END>", "<META_END>", "<META_END>", "<META_END>", "<META_END>", "berra", "<META_END>", "<META_END>", "<META_END>"]], "bottom_logit_ablation_tokens_str": [["<META>", "<META>", "<META>", "<META>", "<META>", "\":", "<META>", "<META>", "<META>"], ["<EOT>", "<EOT>", "<EOT>", "<EOT>", "<EOT>", "\n           ", "<EOT>", "<EOT>", "<EOT>"], ["<META_START>", "<META_START>", "<META_START>", "<META_START>", "<META_START>", "unnumbered", "<META_START>", "<META_START>", "<META_START>"], ["<SOS>", "<SOS>", "<SOS>", "<SOS>", "<SOS>", "\n             ", "<SOS>", "<SOS>", "<SOS>"], ["<META_END>", "<META_END>", "<META_END>", "<META_END>", "<META_END>", "\n               ", "<META_END>", "<META_END>", "<META_END>"]], "top_logit_ablation_values": [[0, 0, 0, 0, 0, 0.0477, 0, 0, 0], [0, 0, 0, 0, 0, 0.04636, 0, 0, 0], [0, 0, 0, 0, 0, 0.04528, 0, 0, 0], [0, 0, 0, 0, 0, 0.04462, 0, 0, 0], [0, 0, 0, 0, 0, 0.04354, 0, 0, 0]], "bottom_logit_ablation_values": [[0, 0, 0, 0, 0, -0.02648, 0, 0, 0], [0, 0, 0, 0, 0, -0.02568, 0, 0, 0], [0, 0, 0, 0, 0, -0.02512, 0, 0, 0], [0, 0, 0, 0, 0, -0.02508, 0, 0, 0], [0, 0, 0, 0, 0, -0.02414, 0, 0, 0]], "residual_loss_ablation": [0.6584, 2.671, 1.149, 0.9731, 3.057, -0.2376, -0.299, 2.619, 0]}}]}], "statistics": {"density_frac": 2e-08, "global_max_act": 0.1789, "abs_max_neuron_weights": [-0.1739, -0.1727, -0.1557], "abs_max_neuron_inds": [490, 103, 129], "l1_max_neuron_weights": [0.01019, 0.01012, 0.00912]}, "logit_effects": {"negatives": [["berra", -0.3514], ["\u00e1s", -0.3541], ["rances", -0.3546], ["meal", -0.3571], [" PROFITS", -0.3623], [" Commons", -0.3665], ["\\x82", -0.3824], ["marks", -0.3994], ["ments", -0.4021], ["forms", -0.4167]], "positives": [["enu", 0.401], [" \n               ", 0.3908], ["yles", 0.3882], ["\n           ", 0.3834], ["\n               ", 0.3725], ["\":", 0.3693], ["ager", 0.3604], ["\n             ", 0.3543], ["irst", 0.3512], ["olip", 0.3498]]}}