{"index": 547, "act_buckets": [0, 0, 0, 1, 0, 0, 1, 2, 1, 0, 0, 0, 0, 0, 0, 0, 0, 0, 0, 0, 0, 0, 0, 0, 0, 0, 0, 0, 0, 0, 0, 0, 0, 0, 0, 0, 0, 0, 0, 1], "act_bucket_edges": [0, 0.009279, 0.01856, 0.02784, 0.03712, 0.0464, 0.05568, 0.06495, 0.07423, 0.08351, 0.09279, 0.1021, 0.1114, 0.1206, 0.1299, 0.1392, 0.1485, 0.1577, 0.167, 0.1763, 0.1856, 0.1949, 0.2041, 0.2134, 0.2227, 0.232, 0.2413, 0.2505, 0.2598, 0.2691, 0.2784, 0.2877, 0.2969, 0.3062, 0.3155, 0.3248, 0.3341, 0.3433, 0.3526, 0.3619, 0.3712], "logit_buckets": [1, 6, 11, 28, 39, 70, 175, 318, 592, 1053, 1673, 2366, 3190, 4017, 4898, 5994, 6835, 7061, 6206, 5364, 4967, 3666, 1961, 1417, 1055, 778, 550, 385, 255, 172, 141, 99, 72, 42, 36, 23, 9, 7, 2, 2], "logit_bucket_edges": [-0.2362, -0.2225, -0.2087, -0.195, -0.1813, -0.1676, -0.1538, -0.1401, -0.1264, -0.1126, -0.09889, -0.08516, -0.07143, -0.0577, -0.04397, -0.03024, -0.0165, -0.002773, 0.01096, 0.02469, 0.03842, 0.05215, 0.06589, 0.07962, 0.09335, 0.1071, 0.1208, 0.1345, 0.1483, 0.162, 0.1757, 0.1895, 0.2032, 0.2169, 0.2307, 0.2444, 0.2581, 0.2719, 0.2856, 0.2993, 0.3131], "examples_quantiles": [{"quantile_name": "Top Activations", "quantile_max_act": 0.3712, "examples": [{"tokens_str_list": ["AP", "\n", "\n", "----------------------------------------------------------------", "--------------", "\u200b", "\n", "\n", "----------------------------------------------------------------"], "tokens_acts_list": [0, 0, 0, 0, 0.3712, 0, 0, 0, 0], "train_token_ind": 4, "is_repeated_datapoint": 0, "datapoint_ind": 55168073, "ablations": {"loss_ablation": [0, 0, 0, 0, 0, 0.004538, 0, 0, 0], "top_logit_ablation_tokens_str": [["<META>", "<META>", "<META>", "<META>", "<META>", " Court", "<META>", "<META>", "<META>"], ["<EOT>", "<EOT>", "<EOT>", "<EOT>", "<EOT>", " Judges", "<EOT>", "<EOT>", "<EOT>"], ["<META_START>", "<META_START>", "<META_START>", "<META_START>", "<META_START>", " others", "<META_START>", "<META_START>", "<META_START>"], ["<SOS>", "<SOS>", "<SOS>", "<SOS>", "<SOS>", "urance", "<SOS>", "<SOS>", "<SOS>"], ["<META_END>", "<META_END>", "<META_END>", "<META_END>", "<META_END>", " remanded", "<META_END>", "<META_END>", "<META_END>"]], "bottom_logit_ablation_tokens_str": [["<META>", "<META>", "<META>", "<META>", "<META>", "ails", "<META>", "<META>", "<META>"], ["<EOT>", "<EOT>", "<EOT>", "<EOT>", "<EOT>", "iddle", "<EOT>", "<EOT>", "<EOT>"], ["<META_START>", "<META_START>", "<META_START>", "<META_START>", "<META_START>", "Cs", "<META_START>", "<META_START>", "<META_START>"], ["<SOS>", "<SOS>", "<SOS>", "<SOS>", "<SOS>", "macs", "<SOS>", "<SOS>", "<SOS>"], ["<META_END>", "<META_END>", "<META_END>", "<META_END>", "<META_END>", "Ms", "<META_END>", "<META_END>", "<META_END>"]], "top_logit_ablation_values": [[0, 0, 0, 0, 0, 0.02726, 0, 0, 0], [0, 0, 0, 0, 0, 0.02609, 0, 0, 0], [0, 0, 0, 0, 0, 0.01797, 0, 0, 0], [0, 0, 0, 0, 0, 0.01385, 0, 0, 0], [0, 0, 0, 0, 0, 0.009139, 0, 0, 0]], "bottom_logit_ablation_values": [[0, 0, 0, 0, 0, -0.3886, 0, 0, 0], [0, 0, 0, 0, 0, -0.3822, 0, 0, 0], [0, 0, 0, 0, 0, -0.3801, 0, 0, 0], [0, 0, 0, 0, 0, -0.3505, 0, 0, 0], [0, 0, 0, 0, 0, -0.3478, 0, 0, 0]], "residual_loss_ablation": [2.237, -0.0268, -0.1759, 3.08, -0.7029, 3.594, 0.1561, -0.02383, 0]}}, {"tokens_str_list": [" B", "CM", "27", "11", " So", "C", " and", " RC", " mode"], "tokens_acts_list": [0, 0, 0, 0, 0.07687, 0, 0, 0, 0], "train_token_ind": 4, "is_repeated_datapoint": 0, "datapoint_ind": 29249445, "ablations": {"loss_ablation": [0, 0, 0, 0, 0, 0.009507, 0, 0, 0], "top_logit_ablation_tokens_str": [["<META>", "<META>", "<META>", "<META>", "<META>", "forth", "<META>", "<META>", "<META>"], ["<EOT>", "<EOT>", "<EOT>", "<EOT>", "<EOT>", "zial", "<EOT>", "<EOT>", "<EOT>"], ["<META_START>", "<META_START>", "<META_START>", "<META_START>", "<META_START>", "abolic", "<META_START>", "<META_START>", "<META_START>"], ["<SOS>", "<SOS>", "<SOS>", "<SOS>", "<SOS>", "chez", "<SOS>", "<SOS>", "<SOS>"], ["<META_END>", "<META_END>", "<META_END>", "<META_END>", "<META_END>", " Paulo", "<META_END>", "<META_END>", "<META_END>"]], "bottom_logit_ablation_tokens_str": [["<META>", "<META>", "<META>", "<META>", "<META>", "DI", "<META>", "<META>", "<META>"], ["<EOT>", "<EOT>", "<EOT>", "<EOT>", "<EOT>", "ID", "<EOT>", "<EOT>", "<EOT>"], ["<META_START>", "<META_START>", "<META_START>", "<META_START>", "<META_START>", "TH", "<META_START>", "<META_START>", "<META_START>"], ["<SOS>", "<SOS>", "<SOS>", "<SOS>", "<SOS>", "IDs", "<SOS>", "<SOS>", "<SOS>"], ["<META_END>", "<META_END>", "<META_END>", "<META_END>", "<META_END>", "API", "<META_END>", "<META_END>", "<META_END>"]], "top_logit_ablation_values": [[0, 0, 0, 0, 0, 0.01715, 0, 0, 0], [0, 0, 0, 0, 0, 0.008507, 0, 0, 0], [0, 0, 0, 0, 0, 0.006052, 0, 0, 0], [0, 0, 0, 0, 0, 0.00496, 0, 0, 0], [0, 0, 0, 0, 0, 0.003965, 0, 0, 0]], "bottom_logit_ablation_values": [[0, 0, 0, 0, 0, -0.06009, 0, 0, 0], [0, 0, 0, 0, 0, -0.05905, 0, 0, 0], [0, 0, 0, 0, 0, -0.05871, 0, 0, 0], [0, 0, 0, 0, 0, -0.05796, 0, 0, 0], [0, 0, 0, 0, 0, -0.05788, 0, 0, 0]], "residual_loss_ablation": [3.036, 2.219, -0.5079, -0.1605, 0.7708, 6.979, 3.292, 1.275, 0]}}, {"tokens_str_list": ["\\|_{", "L", "^", "2", "}", " ", "\n", "&\\", "le"], "tokens_acts_list": [0, 0, 0, 0, 0.0685, 0, 0, 0, 0], "train_token_ind": 4, "is_repeated_datapoint": 0, "datapoint_ind": 84502123, "ablations": {"loss_ablation": [0, 0, 0, 0, 0, -0.004288, 0, 0, 0], "top_logit_ablation_tokens_str": [["<META>", "<META>", "<META>", "<META>", "<META>", " others", "<META>", "<META>", "<META>"], ["<EOT>", "<EOT>", "<EOT>", "<EOT>", "<EOT>", " remanded", "<EOT>", "<EOT>", "<EOT>"], ["<META_START>", "<META_START>", "<META_START>", "<META_START>", "<META_START>", " extinguished", "<META_START>", "<META_START>", "<META_START>"], ["<SOS>", "<SOS>", "<SOS>", "<SOS>", "<SOS>", "holds", "<SOS>", "<SOS>", "<SOS>"], ["<META_END>", "<META_END>", "<META_END>", "<META_END>", "<META_END>", " dissent", "<META_END>", "<META_END>", "<META_END>"]], "bottom_logit_ablation_tokens_str": [["<META>", "<META>", "<META>", "<META>", "<META>", "Cs", "<META>", "<META>", "<META>"], ["<EOT>", "<EOT>", "<EOT>", "<EOT>", "<EOT>", "DB", "<EOT>", "<EOT>", "<EOT>"], ["<META_START>", "<META_START>", "<META_START>", "<META_START>", "<META_START>", "VM", "<META_START>", "<META_START>", "<META_START>"], ["<SOS>", "<SOS>", "<SOS>", "<SOS>", "<SOS>", "VC", "<SOS>", "<SOS>", "<SOS>"], ["<META_END>", "<META_END>", "<META_END>", "<META_END>", "<META_END>", "DI", "<META_END>", "<META_END>", "<META_END>"]], "top_logit_ablation_values": [[0, 0, 0, 0, 0, 0.01633, 0, 0, 0], [0, 0, 0, 0, 0, 0.0163, 0, 0, 0], [0, 0, 0, 0, 0, 0.01569, 0, 0, 0], [0, 0, 0, 0, 0, 0.01553, 0, 0, 0], [0, 0, 0, 0, 0, 0.01547, 0, 0, 0]], "bottom_logit_ablation_values": [[0, 0, 0, 0, 0, -0.06826, 0, 0, 0], [0, 0, 0, 0, 0, -0.06619, 0, 0, 0], [0, 0, 0, 0, 0, -0.06561, 0, 0, 0], [0, 0, 0, 0, 0, -0.06522, 0, 0, 0], [0, 0, 0, 0, 0, -0.06466, 0, 0, 0]], "residual_loss_ablation": [4.308, 3.574, 3.749, -0.3681, 1.067, 0.1134, 2.598, 1.238, 0]}}, {"tokens_str_list": ["\n", "UNIT", "ED", " STATES", " of", " America", ",", " Appellant", ","], "tokens_acts_list": [0, 0, 0, 0, 0.06832, 0, 0, 0, 0], "train_token_ind": 4, "is_repeated_datapoint": 0, "datapoint_ind": 23258679, "ablations": {"loss_ablation": [0, 0, 0, 0, 0, -0.0008458, 0, 0, 0], "top_logit_ablation_tokens_str": [["<META>", "<META>", "<META>", "<META>", "<META>", " others", "<META>", "<META>", "<META>"], ["<EOT>", "<EOT>", "<EOT>", "<EOT>", "<EOT>", "cence", "<EOT>", "<EOT>", "<EOT>"], ["<META_START>", "<META_START>", "<META_START>", "<META_START>", "<META_START>", "wikipedia", "<META_START>", "<META_START>", "<META_START>"], ["<SOS>", "<SOS>", "<SOS>", "<SOS>", "<SOS>", " tender", "<SOS>", "<SOS>", "<SOS>"], ["<META_END>", "<META_END>", "<META_END>", "<META_END>", "<META_END>", " defendant", "<META_END>", "<META_END>", "<META_END>"]],