{"index": 562, "act_buckets": [0, 0, 0, 1, 0, 0, 0, 0, 0, 0, 0, 1, 0, 0, 1, 0, 1, 0, 0, 0, 0, 0, 0, 1, 0, 0, 0, 0, 0, 0, 0, 0, 0, 0, 0, 0, 0, 0, 0, 1], "act_bucket_edges": [0, 0.02351, 0.04701, 0.07052, 0.09403, 0.1175, 0.141, 0.1645, 0.1881, 0.2116, 0.2351, 0.2586, 0.2821, 0.3056, 0.3291, 0.3526, 0.3761, 0.3996, 0.4231, 0.4466, 0.4701, 0.4936, 0.5171, 0.5406, 0.5642, 0.5877, 0.6112, 0.6347, 0.6582, 0.6817, 0.7052, 0.7287, 0.7522, 0.7757, 0.7992, 0.8227, 0.8462, 0.8697, 0.8932, 0.9168, 0.9403], "logit_buckets": [5, 7, 10, 16, 17, 36, 66, 116, 171, 230, 437, 2722, 1447, 1685, 2009, 2413, 3091, 3879, 4905, 5753, 6235, 6524, 5852, 5060, 3935, 2965, 2110, 1401, 933, 635, 349, 224, 150, 69, 39, 19, 9, 4, 3, 5], "logit_bucket_edges": [-0.419, -0.3987, -0.3783, -0.358, -0.3377, -0.3174, -0.297, -0.2767, -0.2564, -0.236, -0.2157, -0.1954, -0.1751, -0.1547, -0.1344, -0.1141, -0.09375, -0.07342, -0.0531, -0.03277, -0.01244, 0.007886, 0.02821, 0.04854, 0.06887, 0.0892, 0.1095, 0.1299, 0.1502, 0.1705, 0.1908, 0.2112, 0.2315, 0.2518, 0.2721, 0.2925, 0.3128, 0.3331, 0.3535, 0.3738, 0.3941], "examples_quantiles": [{"quantile_name": "Top Activations", "quantile_max_act": 0.9403, "examples": [{"tokens_str_list": [" old", " topic", " (", "not", " entirely", " sure", " why", " thats", " a"], "tokens_acts_list": [0, 0, 0, 0, 0.9403, 0, 0, 0, 0], "train_token_ind": 4, "is_repeated_datapoint": 0, "datapoint_ind": 72925984, "ablations": {"loss_ablation": [0, 0, 0, 0, 0, -0.3184, 0, 0, 0], "top_logit_ablation_tokens_str": [["<META>", "<META>", "<META>", "<META>", "<META>", "quate", "<META>", "<META>", "<META>"], ["<EOT>", "<EOT>", "<EOT>", "<EOT>", "<EOT>", "urally", "<EOT>", "<EOT>", "<EOT>"], ["<META_START>", "<META_START>", "<META_START>", "<META_START>", "<META_START>", ">/", "<META_START>", "<META_START>", "<META_START>"], ["<SOS>", "<SOS>", "<SOS>", "<SOS>", "<SOS>", "activity", "<SOS>", "<SOS>", "<SOS>"], ["<META_END>", "<META_END>", "<META_END>", "<META_END>", "<META_END>", "cesses", "<META_END>", "<META_END>", "<META_END>"]], "bottom_logit_ablation_tokens_str": [["<META>", "<META>", "<META>", "<META>", "<META>", "\f", "<META>", "<META>", "<META>"], ["<EOT>", "<EOT>", "<EOT>", "<EOT>", "<EOT>", "UTE", "<EOT>", "<EOT>", "<EOT>"], ["<META_START>", "<META_START>", "<META_START>", "<META_START>", "<META_START>", "romy", "<META_START>", "<META_START>", "<META_START>"], ["<SOS>", "<SOS>", "<SOS>", "<SOS>", "<SOS>", " Uber", "<SOS>", "<SOS>", "<SOS>"], ["<META_END>", "<META_END>", "<META_END>", "<META_END>", "<META_END>", " Revenue", "<META_END>", "<META_END>", "<META_END>"]], "top_logit_ablation_values": [[0, 0, 0, 0, 0, 1.586, 0, 0, 0], [0, 0, 0, 0, 0, 1.58, 0, 0, 0], [0, 0, 0, 0, 0, 1.565, 0, 0, 0], [0, 0, 0, 0, 0, 1.55, 0, 0, 0], [0, 0, 0, 0, 0, 1.548, 0, 0, 0]], "bottom_logit_ablation_values": [[0, 0, 0, 0, 0, 0.1854, 0, 0, 0], [0, 0, 0, 0, 0, 0.2113, 0, 0, 0], [0, 0, 0, 0, 0, 0.2175, 0, 0, 0], [0, 0, 0, 0, 0, 0.2247, 0, 0, 0], [0, 0, 0, 0, 0, 0.2258, 0, 0, 0]], "residual_loss_ablation": [1.649, -0.9952, -0.2815, -0.6566, -1.431, 7.321, -0.4655, 0.3301, 0]}}, {"tokens_str_list": [" who", " recorded", " an", " axial", "/", "equ", "atorial", " tra", "pping"], "tokens_acts_list": [0, 0, 0, 0, 0.5446, 0, 0, 0, 0], "train_token_ind": 4, "is_repeated_datapoint": 0, "datapoint_ind": 24233315, "ablations": {"loss_ablation": [0, 0, 0, 0, 0, -0.04854, 0, 0, 0], "top_logit_ablation_tokens_str": [["<META>", "<META>", "<META>", "<META>", "<META>", "quate", "<META>", "<META>", "<META>"], ["<EOT>", "<EOT>", "<EOT>", "<EOT>", "<EOT>", "urally", "<EOT>", "<EOT>", "<EOT>"], ["<META_START>", "<META_START>", "<META_START>", "<META_START>", "<META_START>", ">/", "<META_START>", "<META_START>", "<META_START>"], ["<SOS>", "<SOS>", "<SOS>", "<SOS>", "<SOS>", "asures", "<SOS>", "<SOS>", "<SOS>"], ["<META_END>", "<META_END>", "<META_END>", "<META_END>", "<META_END>", "cesses", "<META_END>", "<META_END>", "<META_END>"]], "bottom_logit_ablation_tokens_str": [["<META>", "<META>", "<META>", "<META>", "<META>", "\f", "<META>", "<META>", "<META>"], ["<EOT>", "<EOT>", "<EOT>", "<EOT>", "<EOT>", "UTE", "<EOT>", "<EOT>", "<EOT>"], ["<META_START>", "<META_START>", "<META_START>", "<META_START>", "<META_START>", "romy", "<META_START>", "<META_START>", "<META_START>"], ["<SOS>", "<SOS>", "<SOS>", "<SOS>", "<SOS>", " Uber", "<SOS>", "<SOS>", "<SOS>"], ["<META_END>", "<META_END>", "<META_END>", "<META_END>", "<META_END>", " Revenue", "<META_END>", "<META_END>", "<META_END>"]], "top_logit_ablation_values": [[0, 0, 0, 0, 0, 0.8378, 0, 0, 0], [0, 0, 0, 0, 0, 0.8323, 0, 0, 0], [0, 0, 0, 0, 0, 0.8258, 0, 0, 0], [0, 0, 0, 0, 0, 0.8186, 0, 0, 0], [0, 0, 0, 0, 0, 0.8164, 0, 0, 0]], "bottom_logit_ablation_values": [[0, 0, 0, 0, 0, 0.09675, 0, 0, 0], [0, 0, 0, 0, 0, 0.1087, 0, 0, 0], [0, 0, 0, 0, 0, 0.1166, 0, 0, 0], [0, 0, 0, 0, 0, 0.1185, 0, 0, 0], [0, 0, 0, 0, 0, 0.1207, 0, 0, 0]], "residual_loss_ablation": [3.296, 1.012, 2.07, 3.446, -0.01147, -0.7091, -1.699, -0.3281, 0]}}, {"tokens_str_list": ["_", "output", "(", "int", " dev", ");", "\n", "static", " void"], "tokens_acts_list": [0, 0, 0, 0, 0.3971, 0, 0, 0, 0], "train_token_ind": 4, "is_repeated_datapoint": 0, "datapoint_ind": 41035784, "ablations": {"loss_ablation": [0, 0, 0, 0, 0, -0.01633, 0, 0, 0], "top_logit_ablation_tokens_str": [["<META>", "<META>", "<META>", "<META>", "<META>", "quate", "<META>", "<META>", "<META>"], ["<EOT>", "<EOT>", "<EOT>", "<EOT>", "<EOT>", "urally", "<EOT>", "<EOT>", "<EOT>"], ["<META_START>", "<META_START>", "<META_START>", "<META_START>", "<META_START>", ">/", "<META_START>", "<META_START>", "<META_START>"], ["<SOS>", "<SOS>", "<SOS>", "<SOS>", "<SOS>", "cesses", "<SOS>", "<SOS>", "<SOS>"], ["<META_END>", "<META_END>", "<META_END>", "<META_END>", "<META_END>", "activity", "<META_END>", "<META_END>", "<META_END>"]], "bottom_logit_ablation_tokens_str": [["<META>", "<META>", "<META>", "<META>", "<META>", "\f", "<META>", "<META>", "<META>"], ["<EOT>", "<EOT>", "<EOT>", "<EOT>", "<EOT>", "romy", "<EOT>", "<EOT>", "<EOT>"], ["<META_START>", "<META_START>", "<META_START>", "<META_START>", "<META_START>", " Revenue", "<META_START>", "<META_START>", "<META_START>"], ["<SOS>", "<SOS>", "<SOS>", "<SOS>", "<SOS>", "UTE", "<SOS>", "<SOS>", "<SOS>"], ["<META_END>", "<META_END>", "<META_END>", "<META_END>", "<META_END>", "ENE", "<META_END>", "<META_END>", "<META_END>"]], "top_logit_ablation_values": [[0, 0, 0, 0, 0, 0.5309, 0, 0, 0], [0, 0, 0, 0, 0, 0.529, 0, 0, 0], [0, 0, 0, 0, 0, 0.5235, 0, 0, 0], [0, 0, 0, 0, 0, 0.517, 0, 0, 0], [0, 0, 0, 0, 0, 0.5145, 0, 0, 0]], "bottom_logit_ablation_values": [[0, 0, 0, 0, 0, 0.05438, 0, 0, 0], [0, 0, 0, 0, 0, 0.06583, 0, 0, 0], [0, 0, 0, 0, 0, 0.06781, 0, 0, 0], [0, 0, 0, 0, 0, 0.07127, 0, 0, 0], [0, 0, 0, 0, 0, 0.07363, 0, 0, 0]], "residual_loss_ablation": [-0.9871, 0.4839, 0.9522, 1.435, 2.139, 1.564, -0.6015, 3.519, 0]}}, {"tokens_str_list": ["_", "dev", "(", "struct", " dev", "man", "_", "dev", " *"], "tokens_acts_list": [0, 0, 0, 0, 0.3315, 0, 0, 0, 0], "train_token_ind": 4, "is_repeated_datapoint": 0, "datapoint_ind": 72524994, "ablations": {"loss_ablation": [0, 0, 0, 0, 0, -0.04569, 0, 0, 0], "top_logit_ablation_tokens_str": [["<META>", "<META>", "<META>", "<META>", "<META>", "urally", "<META>", "<META>", "<META>"], ["<EOT>", "<EOT>", "<EOT>", "<EOT>", "<EOT>", "quate", "<EOT>", "<EOT>", "<EOT>"], ["<META_START>", "<META_START>", "<META_START>", "<META_START>", "<META_START>", ">/", "<META_START>", "<META_START>", "<META_START>"], ["<SOS>", "<SOS>", "<SOS>", "<SOS>", "<SOS>", "cesses", "<SOS>", "<SOS>", "<SOS>"], ["<META_END>", "<META_END>", "<META_END>", "<META_END>", "<META_END>", "activity", "<META_END>", "<META_END>", "<META_END>"]],