{"index": 568, "act_buckets": [0, 0, 1, 0, 0, 0, 0, 0, 0, 0, 0, 0, 0, 0, 0, 0, 0, 0, 0, 0, 0, 0, 0, 0, 0, 0, 0, 0, 0, 0, 0, 0, 0, 0, 0, 0, 0, 0, 0, 1], "act_bucket_edges": [0, 0.04861, 0.09722, 0.1458, 0.1944, 0.2431, 0.2917, 0.3403, 0.3889, 0.4375, 0.4861, 0.5347, 0.5833, 0.6319, 0.6806, 0.7292, 0.7778, 0.8264, 0.875, 0.9236, 0.9722, 1.021, 1.069, 1.118, 1.167, 1.215, 1.264, 1.313, 1.361, 1.41, 1.458, 1.507, 1.556, 1.604, 1.653, 1.701, 1.75, 1.799, 1.847, 1.896, 1.944], "logit_buckets": [2, 1, 1, 0, 3, 4, 3, 11, 18, 33, 58, 85, 146, 237, 445, 651, 965, 1606, 2211, 3404, 4778, 6526, 10060, 10580, 8572, 6076, 3904, 2322, 1347, 755, 388, 183, 96, 33, 20, 11, 1, 2, 0, 2], "logit_bucket_edges": [-0.7471, -0.7148, -0.6825, -0.6502, -0.6179, -0.5856, -0.5533, -0.521, -0.4887, -0.4564, -0.4241, -0.3918, -0.3595, -0.3271, -0.2948, -0.2625, -0.2302, -0.1979, -0.1656, -0.1333, -0.101, -0.06868, -0.03637, -0.004064, 0.02824, 0.06055, 0.09286, 0.1252, 0.1575, 0.1898, 0.2221, 0.2544, 0.2867, 0.319, 0.3513, 0.3836, 0.4159, 0.4482, 0.4806, 0.5129, 0.5452], "examples_quantiles": [{"quantile_name": "Top Activations", "quantile_max_act": 1.944, "examples": [{"tokens_str_list": [" old", " topic", " (", "not", " entirely", " sure", " why", " thats", " a"], "tokens_acts_list": [0, 0, 0, 0, 1.944, 0, 0, 0, 0], "train_token_ind": 4, "is_repeated_datapoint": 0, "datapoint_ind": 72925984, "ablations": {"loss_ablation": [0, 0, 0, 0, 0, 0.7342, 0, 0, 0], "top_logit_ablation_tokens_str": [["<META>", "<META>", "<META>", "<META>", "<META>", " by", "<META>", "<META>", "<META>"], ["<EOT>", "<EOT>", "<EOT>", "<EOT>", "<EOT>", " way", "<EOT>", "<EOT>", "<EOT>"], ["<META_START>", "<META_START>", "<META_START>", "<META_START>", "<META_START>", " with", "<META_START>", "<META_START>", "<META_START>"], ["<SOS>", "<SOS>", "<SOS>", "<SOS>", "<SOS>", " to", "<SOS>", "<SOS>", "<SOS>"], ["<META_END>", "<META_END>", "<META_END>", "<META_END>", "<META_END>", " than", "<META_END>", "<META_END>", "<META_END>"]], "bottom_logit_ablation_tokens_str": [["<META>", "<META>", "<META>", "<META>", "<META>", "initely", "<META>", "<META>", "<META>"], ["<EOT>", "<EOT>", "<EOT>", "<EOT>", "<EOT>", "aving", "<EOT>", "<EOT>", "<EOT>"], ["<META_START>", "<META_START>", "<META_START>", "<META_START>", "<META_START>", "structive", "<META_START>", "<META_START>", "<META_START>"], ["<SOS>", "<SOS>", "<SOS>", "<SOS>", "<SOS>", "sened", "<SOS>", "<SOS>", "<SOS>"], ["<META_END>", "<META_END>", "<META_END>", "<META_END>", "<META_END>", "aved", "<META_END>", "<META_END>", "<META_END>"]], "top_logit_ablation_values": [[0, 0, 0, 0, 0, 1.49, 0, 0, 0], [0, 0, 0, 0, 0, 1.387, 0, 0, 0], [0, 0, 0, 0, 0, 1.281, 0, 0, 0], [0, 0, 0, 0, 0, 1.252, 0, 0, 0], [0, 0, 0, 0, 0, 1.015, 0, 0, 0]], "bottom_logit_ablation_values": [[0, 0, 0, 0, 0, -2.914, 0, 0, 0], [0, 0, 0, 0, 0, -2.813, 0, 0, 0], [0, 0, 0, 0, 0, -2.596, 0, 0, 0], [0, 0, 0, 0, 0, -2.479, 0, 0, 0], [0, 0, 0, 0, 0, -2.437, 0, 0, 0]], "residual_loss_ablation": [1.649, -0.9952, -0.2815, -0.6566, -1.431, 7.321, -0.4655, 0.3301, 0]}}, {"tokens_str_list": ["...", "start", " listening", ",", " etc", "\n ", " }", "\n\n ", " @"], "tokens_acts_list": [0, 0, 0, 0, 0.1388, 0, 0, 0, 0], "train_token_ind": 4, "is_repeated_datapoint": 0, "datapoint_ind": 50076056, "ablations": {"loss_ablation": [0, 0, 0, 0, 0, 0.04851, 0, 0, 0], "top_logit_ablation_tokens_str": [["<META>", "<META>", "<META>", "<META>", "<META>", " by", "<META>", "<META>", "<META>"], ["<EOT>", "<EOT>", "<EOT>", "<EOT>", "<EOT>", " way", "<EOT>", "<EOT>", "<EOT>"], ["<META_START>", "<META_START>", "<META_START>", "<META_START>", "<META_START>", " with", "<META_START>", "<META_START>", "<META_START>"], ["<SOS>", "<SOS>", "<SOS>", "<SOS>", "<SOS>", " to", "<SOS>", "<SOS>", "<SOS>"], ["<META_END>", "<META_END>", "<META_END>", "<META_END>", "<META_END>", " following", "<META_END>", "<META_END>", "<META_END>"]], "bottom_logit_ablation_tokens_str": [["<META>", "<META>", "<META>", "<META>", "<META>", "initely", "<META>", "<META>", "<META>"], ["<EOT>", "<EOT>", "<EOT>", "<EOT>", "<EOT>", "aving", "<EOT>", "<EOT>", "<EOT>"], ["<META_START>", "<META_START>", "<META_START>", "<META_START>", "<META_START>", "structive", "<META_START>", "<META_START>", "<META_START>"], ["<SOS>", "<SOS>", "<SOS>", "<SOS>", "<SOS>", "sened", "<SOS>", "<SOS>", "<SOS>"], ["<META_END>", "<META_END>", "<META_END>", "<META_END>", "<META_END>", "illator", "<META_END>", "<META_END>", "<META_END>"]], "top_logit_ablation_values": [[0, 0, 0, 0, 0, 0.07373, 0, 0, 0], [0, 0, 0, 0, 0, 0.07176, 0, 0, 0], [0, 0, 0, 0, 0, 0.06523, 0, 0, 0], [0, 0, 0, 0, 0, 0.06248, 0, 0, 0], [0, 0, 0, 0, 0, 0.04946, 0, 0, 0]], "bottom_logit_ablation_values": [[0, 0, 0, 0, 0, -0.1653, 0, 0, 0], [0, 0, 0, 0, 0, -0.163, 0, 0, 0], [0, 0, 0, 0, 0, -0.1531, 0, 0, 0], [0, 0, 0, 0, 0, -0.1457, 0, 0, 0], [0, 0, 0, 0, 0, -0.1432, 0, 0, 0]], "residual_loss_ablation": [0.4261, 2.519, 1.223, -1.412, -2.199, 3.243, 0.2762, 1.887, 0]}}]}], "statistics": {"density_frac": 2e-08, "global_max_act": 1.944, "abs_max_neuron_weights": [0.1596, 0.1405, 0.1215], "abs_max_neuron_inds": [317, 109, 305], "l1_max_neuron_weights": [0.00891, 0.00784, 0.006783]}, "logit_effects": {"negatives": [[" for", -0.5592], [" in", -0.5703], [" respectively", -0.5762], [" following", -0.5905], [" using", -0.5969], [" than", -0.6124], [" to", -0.675], [" with", -0.6897], [" way", -0.7176], [" by", -0.7471]], "positives": [["aving", 0.5452], ["initely", 0.5279], ["sened", 0.4601], ["structive", 0.455], ["aved", 0.4234], ["ssa", 0.4096], ["quakes", 0.4075], ["bung", 0.4042], ["shirt", 0.4038], ["illator", 0.4036]]}}