{"index": 57, "act_buckets": [0, 0, 1, 1, 0, 0, 0, 0, 0, 1, 0, 0, 0, 1, 1, 1, 0, 1, 0, 0, 0, 0, 0, 0, 0, 0, 0, 0, 0, 0, 0, 0, 0, 0, 0, 0, 0, 0, 0, 1], "act_bucket_edges": [0, 0.02305, 0.04611, 0.06916, 0.09221, 0.1153, 0.1383, 0.1614, 0.1844, 0.2075, 0.2305, 0.2536, 0.2766, 0.2997, 0.3227, 0.3458, 0.3689, 0.3919, 0.415, 0.438, 0.4611, 0.4841, 0.5072, 0.5302, 0.5533, 0.5763, 0.5994, 0.6224, 0.6455, 0.6685, 0.6916, 0.7147, 0.7377, 0.7608, 0.7838, 0.8069, 0.8299, 0.853, 0.876, 0.8991, 0.9221], "logit_buckets": [2, 0, 0, 6, 6, 10, 17, 29, 48, 73, 126, 189, 301, 473, 897, 3991, 2946, 3700, 4614, 5675, 6539, 7335, 7136, 6093, 4809, 3664, 2505, 1582, 903, 684, 417, 380, 235, 78, 42, 22, 4, 2, 2, 1], "logit_bucket_edges": [-0.5737, -0.547, -0.5202, -0.4934, -0.4667, -0.4399, -0.4131, -0.3864, -0.3596, -0.3328, -0.3061, -0.2793, -0.2525, -0.2258, -0.199, -0.1722, -0.1455, -0.1187, -0.09194, -0.06518, -0.03841, -0.01165, 0.01512, 0.04188, 0.06865, 0.09541, 0.1222, 0.1489, 0.1757, 0.2025, 0.2292, 0.256, 0.2828, 0.3095, 0.3363, 0.3631, 0.3898, 0.4166, 0.4434, 0.4701, 0.4969], "examples_quantiles": [{"quantile_name": "Top Activations", "quantile_max_act": 0.9221, "examples": [{"tokens_str_list": ["oids", ".\\[[@", "CR", "23", "],", " [@", "CR", "25", "]\\]"], "tokens_acts_list": [0, 0, 0, 0, 0.9221, 0, 0, 0, 0], "train_token_ind": 4, "is_repeated_datapoint": 0, "datapoint_ind": 24540605, "ablations": {"loss_ablation": [0, 0, 0, 0, 0, 0.02723, 0, 0, 0], "top_logit_ablation_tokens_str": [["<META>", "<META>", "<META>", "<META>", "<META>", " MERCHANTABILITY", "<META>", "<META>", "<META>"], ["<EOT>", "<EOT>", "<EOT>", "<EOT>", "<EOT>", "ients", "<EOT>", "<EOT>", "<EOT>"], ["<META_START>", "<META_START>", "<META_START>", "<META_START>", "<META_START>", "ism", "<META_START>", "<META_START>", "<META_START>"], ["<SOS>", "<SOS>", "<SOS>", "<SOS>", "<SOS>", "iii", "<SOS>", "<SOS>", "<SOS>"], ["<META_END>", "<META_END>", "<META_END>", "<META_END>", "<META_END>", "riter", "<META_END>", "<META_END>", "<META_END>"]], "bottom_logit_ablation_tokens_str": [["<META>", "<META>", "<META>", "<META>", "<META>", "\":[{\"", "<META>", "<META>", "<META>"], ["<EOT>", "<EOT>", "<EOT>", "<EOT>", "<EOT>", "duct", "<EOT>", "<EOT>", "<EOT>"], ["<META_START>", "<META_START>", "<META_START>", "<META_START>", "<META_START>", "\":\"", "<META_START>", "<META_START>", "<META_START>"], ["<SOS>", "<SOS>", "<SOS>", "<SOS>", "<SOS>", "weet", "<SOS>", "<SOS>", "<SOS>"], ["<META_END>", "<META_END>", "<META_END>", "<META_END>", "<META_END>", " Ibid", "<META_END>", "<META_END>", "<META_END>"]], "top_logit_ablation_values": [[0, 0, 0, 0, 0, 1.32, 0, 0, 0], [0, 0, 0, 0, 0, 1.285, 0, 0, 0], [0, 0, 0, 0, 0, 1.192, 0, 0, 0], [0, 0, 0, 0, 0, 1.171, 0, 0, 0], [0, 0, 0, 0, 0, 1.162, 0, 0, 0]], "bottom_logit_ablation_values": [[0, 0, 0, 0, 0, -0.4581, 0, 0, 0], [0, 0, 0, 0, 0, -0.4102, 0, 0, 0], [0, 0, 0, 0, 0, -0.4002, 0, 0, 0], [0, 0, 0, 0, 0, -0.3691, 0, 0, 0], [0, 0, 0, 0, 0, -0.3603, 0, 0, 0]], "residual_loss_ablation": [4.096, 1.95, -0.3874, -0.3619, -4.063, 0.1594, -0.01477, 0.699, 0]}}, {"tokens_str_list": ["age", " 02", "17", "230", "5", ".^[@", "ref", "36", "]^"], "tokens_acts_list": [0, 0, 0, 0, 0.3946, 0, 0, 0, 0], "train_token_ind": 4, "is_repeated_datapoint": 0, "datapoint_ind": 95466406, "ablations": {"loss_ablation": [0, 0, 0, 0, 0, 0.07788, 0, 0, 0], "top_logit_ablation_tokens_str": [["<META>", "<META>", "<META>", "<META>", "<META>", " MERCHANTABILITY", "<META>", "<META>", "<META>"], ["<EOT>", "<EOT>", "<EOT>", "<EOT>", "<EOT>", "ients", "<EOT>", "<EOT>", "<EOT>"], ["<META_START>", "<META_START>", "<META_START>", "<META_START>", "<META_START>", "ism", "<META_START>", "<META_START>", "<META_START>"], ["<SOS>", "<SOS>", "<SOS>", "<SOS>", "<SOS>", "iii", "<SOS>", "<SOS>", "<SOS>"], ["<META_END>", "<META_END>", "<META_END>", "<META_END>", "<META_END>", " WARRANTIES", "<META_END>", "<META_END>", "<META_END>"]], "bottom_logit_ablation_tokens_str": [["<META>", "<META>", "<META>", "<META>", "<META>", "\":[{\"", "<META>", "<META>", "<META>"], ["<EOT>", "<EOT>", "<EOT>", "<EOT>", "<EOT>", "\":\"", "<EOT>", "<EOT>", "<EOT>"], ["<META_START>", "<META_START>", "<META_START>", "<META_START>", "<META_START>", "duct", "<META_START>", "<META_START>", "<META_START>"], ["<SOS>", "<SOS>", "<SOS>", "<SOS>", "<SOS>", "weet", "<SOS>", "<SOS>", "<SOS>"], ["<META_END>", "<META_END>", "<META_END>", "<META_END>", "<META_END>", " Ibid", "<META_END>", "<META_END>", "<META_END>"]], "top_logit_ablation_values": [[0, 0, 0, 0, 0, 0.5659, 0, 0, 0], [0, 0, 0, 0, 0, 0.5451, 0, 0, 0], [0, 0, 0, 0, 0, 0.4985, 0, 0, 0], [0, 0, 0, 0, 0, 0.4954, 0, 0, 0], [0, 0, 0, 0, 0, 0.4951, 0, 0, 0]], "bottom_logit_ablation_values": [[0, 0, 0, 0, 0, -0.2893, 0, 0, 0], [0, 0, 0, 0, 0, -0.2672, 0, 0, 0], [0, 0, 0, 0, 0, -0.2472, 0, 0, 0], [0, 0, 0, 0, 0, -0.2391, 0, 0, 0], [0, 0, 0, 0, 0, -0.2328, 0, 0, 0]], "residual_loss_ablation": [-0.4138, 1.373, 0.2235, 0.7763, 3.931, 5.181, 0.629, 0.1493, 0]}}, {"tokens_str_list": [" damage", " (", "MD", ").", "**", " (", "A", ")", " The"], "tokens_acts_list": [0, 0, 0, 0, 0.3573, 0, 0, 0, 0], "train_token_ind": 4, "is_repeated_datapoint": 0, "datapoint_ind": 42413622, "ablations": {"loss_ablation": [0, 0, 0, 0, 0, 0.02782, 0, 0, 0], "top_logit_ablation_tokens_str": [["<META>", "<META>", "<META>", "<META>", "<META>", " MERCHANTABILITY", "<META>", "<META>", "<META>"], ["<EOT>", "<EOT>", "<EOT>", "<EOT>", "<EOT>", "ients", "<EOT>", "<EOT>", "<EOT>"], ["<META_START>", "<META_START>", "<META_START>", "<META_START>", "<META_START>", "ism", "<META_START>", "<META_START>", "<META_START>"], ["<SOS>", "<SOS>", "<SOS>", "<SOS>", "<SOS>", "riter", "<SOS>", "<SOS>", "<SOS>"], ["<META_END>", "<META_END>", "<META_END>", "<META_END>", "<META_END>", " WARRANTIES", "<META_END>", "<META_END>", "<META_END>"]], "bottom_logit_ablation_tokens_str": [["<META>", "<META>", "<META>", "<META>", "<META>", "\":[{\"", "<META>", "<META>", "<META>"], ["<EOT>", "<EOT>", "<EOT>", "<EOT>", "<EOT>", "duct", "<EOT>", "<EOT>", "<EOT>"], ["<META_START>", "<META_START>", "<META_START>", "<META_START>", "<META_START>", "\":\"", "<META_START>", "<META_START>", "<META_START>"], ["<SOS>", "<SOS>", "<SOS>", "<SOS>", "<SOS>", " Ibid", "<SOS>", "<SOS>", "<SOS>"], ["<META_END>", "<META_END>", "<META_END>", "<META_END>", "<META_END>", "weet", "<META_END>", "<META_END>", "<META_END>"]], "top_logit_ablation_values": [[0, 0, 0, 0, 0, 0.6105, 0, 0, 0], [0, 0, 0, 0, 0, 0.5963, 0, 0, 0], [0, 0, 0, 0, 0, 0.5573, 0, 0, 0], [0, 0, 0, 0, 0, 0.5423, 0, 0, 0], [0, 0, 0, 0, 0, 0.542, 0, 0, 0]], "bottom_logit_ablation_values": [[0, 0, 0, 0, 0, -0.1707, 0, 0, 0], [0, 0, 0, 0, 0, -0.1568, 0, 0, 0], [0, 0, 0, 0, 0, -0.1478, 0, 0, 0], [0, 0, 0, 0, 0, -0.1377, 0, 0, 0], [0, 0, 0, 0, 0, -0.1326, 0, 0, 0]], "residual_loss_ablation": [2.703, -1.247, 0.4048, -0.9549, 1.596, -2.211, -1.247, 0.7785, 0]}}, {"tokens_str_list": [" at", " day", " 4", " with", " 79", "%", " of", " cells", " expressing"], "tokens_acts_list": [0, 0, 0, 0, 0.3369, 0, 0, 0, 0], "train_token_ind": 4, "is_repeated_datapoint": 0, "datapoint_ind": 88415182, "ablations": {"loss_ablation": [0, 0, 0, 0, 0, 0.001601, 0, 0, 0], "top_logit_ablation_tokens_str": [["<META>", "<META>", "<META>", "<META>", "<META>", " MERCHANTABILITY", "<META>", "<META>", "<META>"], ["<EOT>", "<EOT>", "<EOT>", "<EOT>", "<EOT>", "ients", "<EOT>", "<EOT>", "<EOT>"], ["<META_START>", "<META_START>", "<META_START>", "<META_START>", "<META_START>", "ism", "<META_START>", "<META_START>", "<META_START>"], ["<SOS>", "<SOS>", "<SOS>", "<SOS>", "<SOS>", "iii", "<SOS>", "<SOS>", "<SOS>"], ["<META_END>", "<META_END>", "<META_END>", "<META_END>", "<META_END>", "riter", "<META_END>", "<META_END>", "<META_END>"]], "bottom_logit_ablation_tokens_str": [["<META>", "<META>", "<META>", "<META>", "<META>", "\":[{\"", "<META>", "<META>", "<META>"], ["<EOT>", "<EOT>", "<EOT>", "<EOT>", "<EOT>",