{"index": 571, "act_buckets": [0, 0, 0, 0, 0, 0, 0, 0, 0, 0, 0, 0, 0, 0, 0, 0, 0, 1, 0, 0, 0, 0, 0, 0, 0, 0, 0, 0, 0, 0, 0, 0, 0, 0, 0, 0, 0, 0, 0, 1], "act_bucket_edges": [0, 0.0238, 0.0476, 0.0714, 0.0952, 0.119, 0.1428, 0.1666, 0.1904, 0.2142, 0.238, 0.2618, 0.2856, 0.3094, 0.3332, 0.357, 0.3808, 0.4046, 0.4284, 0.4522, 0.476, 0.4998, 0.5236, 0.5474, 0.5712, 0.595, 0.6188, 0.6426, 0.6664, 0.6902, 0.714, 0.7378, 0.7616, 0.7854, 0.8092, 0.833, 0.8568, 0.8806, 0.9044, 0.9282, 0.952], "logit_buckets": [1, 0, 0, 1, 3, 0, 3, 12, 17, 25, 36, 67, 119, 154, 261, 401, 647, 980, 1519, 2326, 3508, 5041, 6974, 8906, 12440, 7760, 5514, 3699, 2266, 1373, 764, 342, 193, 106, 42, 17, 7, 4, 0, 4], "logit_bucket_edges": [-0.6235, -0.5977, -0.5719, -0.5461, -0.5203, -0.4945, -0.4687, -0.4429, -0.4171, -0.3913, -0.3655, -0.3397, -0.3139, -0.2881, -0.2623, -0.2364, -0.2106, -0.1848, -0.159, -0.1332, -0.1074, -0.08164, -0.05584, -0.03004, -0.004235, 0.02157, 0.04737, 0.07317, 0.09897, 0.1248, 0.1506, 0.1764, 0.2022, 0.228, 0.2538, 0.2796, 0.3054, 0.3312, 0.357, 0.3828, 0.4086], "examples_quantiles": [{"quantile_name": "Top Activations", "quantile_max_act": 0.952, "examples": [{"tokens_str_list": [".", "\n", "\n", "In", " the", " conditions", " of", " Definition", " 2"], "tokens_acts_list": [0, 0, 0, 0, 0.952, 0, 0, 0, 0], "train_token_ind": 4, "is_repeated_datapoint": 0, "datapoint_ind": 26340538, "ablations": {"loss_ablation": [0, 0, 0, 0, 0, -0.1087, 0, 0, 0], "top_logit_ablation_tokens_str": [["<META>", "<META>", "<META>", "<META>", "<META>", "abouts", "<META>", "<META>", "<META>"], ["<EOT>", "<EOT>", "<EOT>", "<EOT>", "<EOT>", "ants", "<EOT>", "<EOT>", "<EOT>"], ["<META_START>", "<META_START>", "<META_START>", "<META_START>", "<META_START>", "lium", "<META_START>", "<META_START>", "<META_START>"], ["<SOS>", "<SOS>", "<SOS>", "<SOS>", "<SOS>", "upon", "<SOS>", "<SOS>", "<SOS>"], ["<META_END>", "<META_END>", "<META_END>", "<META_END>", "<META_END>", "ates", "<META_END>", "<META_END>", "<META_END>"]], "bottom_logit_ablation_tokens_str": [["<META>", "<META>", "<META>", "<META>", "<META>", "http", "<META>", "<META>", "<META>"], ["<EOT>", "<EOT>", "<EOT>", "<EOT>", "<EOT>", "hetamine", "<EOT>", "<EOT>", "<EOT>"], ["<META_START>", "<META_START>", "<META_START>", "<META_START>", "<META_START>", "blr", "<META_START>", "<META_START>", "<META_START>"], ["<SOS>", "<SOS>", "<SOS>", "<SOS>", "<SOS>", " Matter", "<SOS>", "<SOS>", "<SOS>"], ["<META_END>", "<META_END>", "<META_END>", "<META_END>", "<META_END>", "nore", "<META_END>", "<META_END>", "<META_END>"]], "top_logit_ablation_values": [[0, 0, 0, 0, 0, 1.015, 0, 0, 0], [0, 0, 0, 0, 0, 0.8392, 0, 0, 0], [0, 0, 0, 0, 0, 0.7641, 0, 0, 0], [0, 0, 0, 0, 0, 0.731, 0, 0, 0], [0, 0, 0, 0, 0, 0.7134, 0, 0, 0]], "bottom_logit_ablation_values": [[0, 0, 0, 0, 0, -1.186, 0, 0, 0], [0, 0, 0, 0, 0, -1.109, 0, 0, 0], [0, 0, 0, 0, 0, -1.068, 0, 0, 0], [0, 0, 0, 0, 0, -1.036, 0, 0, 0], [0, 0, 0, 0, 0, -1.027, 0, 0, 0]], "residual_loss_ablation": [2.005, 0.1299, 0.2012, -0.02559, -0.5824, 1.777, 0.3678, 0.1318, 0]}}, {"tokens_str_list": [".", "\n", "\n", "Before", " departure", " from", " Stockholm", ",", " at"], "tokens_acts_list": [0, 0, 0, 0, 0.4162, 0, 0, 0, 0], "train_token_ind": 4, "is_repeated_datapoint": 0, "datapoint_ind": 79185273, "ablations": {"loss_ablation": [0, 0, 0, 0, 0, 0.01362, 0, 0, 0], "top_logit_ablation_tokens_str": [["<META>", "<META>", "<META>", "<META>", "<META>", "abouts", "<META>", "<META>", "<META>"], ["<EOT>", "<EOT>", "<EOT>", "<EOT>", "<EOT>", "ants", "<EOT>", "<EOT>", "<EOT>"], ["<META_START>", "<META_START>", "<META_START>", "<META_START>", "<META_START>", "ates", "<META_START>", "<META_START>", "<META_START>"], ["<SOS>", "<SOS>", "<SOS>", "<SOS>", "<SOS>", "lium", "<SOS>", "<SOS>", "<SOS>"], ["<META_END>", "<META_END>", "<META_END>", "<META_END>", "<META_END>", "upon", "<META_END>", "<META_END>", "<META_END>"]], "bottom_logit_ablation_tokens_str": [["<META>", "<META>", "<META>", "<META>", "<META>", "http", "<META>", "<META>", "<META>"], ["<EOT>", "<EOT>", "<EOT>", "<EOT>", "<EOT>", " Matter", "<EOT>", "<EOT>", "<EOT>"], ["<META_START>", "<META_START>", "<META_START>", "<META_START>", "<META_START>", "hetamine", "<META_START>", "<META_START>", "<META_START>"], ["<SOS>", "<SOS>", "<SOS>", "<SOS>", "<SOS>", "blr", "<SOS>", "<SOS>", "<SOS>"], ["<META_END>", "<META_END>", "<META_END>", "<META_END>", "<META_END>", "olla", "<META_END>", "<META_END>", "<META_END>"]], "top_logit_ablation_values": [[0, 0, 0, 0, 0, 0.4036, 0, 0, 0], [0, 0, 0, 0, 0, 0.33, 0, 0, 0], [0, 0, 0, 0, 0, 0.3211, 0, 0, 0], [0, 0, 0, 0, 0, 0.3206, 0, 0, 0], [0, 0, 0, 0, 0, 0.3127, 0, 0, 0]], "bottom_logit_ablation_values": [[0, 0, 0, 0, 0, -0.3455, 0, 0, 0], [0, 0, 0, 0, 0, -0.3349, 0, 0, 0], [0, 0, 0, 0, 0, -0.3289, 0, 0, 0], [0, 0, 0, 0, 0, -0.3273, 0, 0, 0], [0, 0, 0, 0, 0, -0.2945, 0, 0, 0]], "residual_loss_ablation": [-0.1486, -0.1393, -0.002485, -0.6322, 1.433, 2.658, 2.64, 0.08047, 0]}}]}], "statistics": {"density_frac": 2e-08, "global_max_act": 0.952, "abs_max_neuron_weights": [0.1464, 0.1355, -0.1302], "abs_max_neuron_inds": [293, 40, 92], "l1_max_neuron_weights": [0.008162, 0.007554, 0.007257]}, "logit_effects": {"negatives": [["izes", -0.4398], ["fold", -0.4423], ["+^", -0.4495], ["abilities", -0.4539], ["ocene", -0.4619], ["upon", -0.4978], ["lium", -0.5087], ["ates", -0.5132], ["ants", -0.5214], ["abouts", -0.6235]], "positives": [["http", 0.4086], [" Matter", 0.3975], ["hetamine", 0.3879], ["blr", 0.387], ["olla", 0.3419], ["nore", 0.3398], ["mpeg", 0.3392], ["ubuntu", 0.3318], ["wrapper", 0.3239], ["acency", 0.3212]]}}