{"index": 602, "act_buckets": [0, 0, 0, 0, 0, 0, 0, 0, 0, 0, 0, 0, 0, 0, 0, 0, 0, 0, 0, 0, 0, 0, 0, 0, 0, 0, 0, 0, 0, 0, 0, 0, 0, 0, 0, 0, 0, 0, 0, 1], "act_bucket_edges": [0, 0.003032, 0.006063, 0.009095, 0.01213, 0.01516, 0.01819, 0.02122, 0.02425, 0.02728, 0.03032, 0.03335, 0.03638, 0.03941, 0.04244, 0.04547, 0.04851, 0.05154, 0.05457, 0.0576, 0.06063, 0.06366, 0.0667, 0.06973, 0.07276, 0.07579, 0.07882, 0.08185, 0.08489, 0.08792, 0.09095, 0.09398, 0.09701, 0.1, 0.1031, 0.1061, 0.1091, 0.1122, 0.1152, 0.1182, 0.1213], "logit_buckets": [2, 1, 3, 2, 2, 4, 6, 20, 20, 36, 63, 89, 155, 1500, 1165, 1106, 1284, 1513, 1956, 2679, 3589, 4748, 6173, 7517, 7973, 7094, 5718, 4287, 2962, 1761, 1054, 577, 265, 112, 53, 23, 14, 6, 3, 1], "logit_bucket_edges": [-0.6094, -0.5839, -0.5584, -0.5329, -0.5074, -0.4819, -0.4564, -0.4308, -0.4053, -0.3798, -0.3543, -0.3288, -0.3033, -0.2778, -0.2523, -0.2267, -0.2012, -0.1757, -0.1502, -0.1247, -0.09918, -0.07367, -0.04816, -0.02265, 0.002866, 0.02838, 0.05389, 0.0794, 0.1049, 0.1304, 0.1559, 0.1815, 0.207, 0.2325, 0.258, 0.2835, 0.309, 0.3345, 0.36, 0.3855, 0.4111], "examples_quantiles": [{"quantile_name": "Top Activations", "quantile_max_act": 0.1213, "examples": [{"tokens_str_list": ["\\x9d", "\\xe1\\x83", "\\x93", " \\xe1\\x83", "\\xac", "\u10d8\\xe1\\x83", "\\x9c", "\u10d0\\xe1\\x83", "\\xa1"], "tokens_acts_list": [0, 0, 0, 0, 0.1213, 0, 0, 0, 0], "train_token_ind": 4, "is_repeated_datapoint": 0, "datapoint_ind": 54671983, "ablations": {"loss_ablation": [0, 0, 0, 0, 0, -0.002291, 0, 0, 0], "top_logit_ablation_tokens_str": [["<META>", "<META>", "<META>", "<META>", "<META>", "'s", "<META>", "<META>", "<META>"], ["<EOT>", "<EOT>", "<EOT>", "<EOT>", "<EOT>", "atic", "<EOT>", "<EOT>", "<EOT>"], ["<META_START>", "<META_START>", "<META_START>", "<META_START>", "<META_START>", "ism", "<META_START>", "<META_START>", "<META_START>"], ["<SOS>", "<SOS>", "<SOS>", "<SOS>", "<SOS>", "ists", "<SOS>", "<SOS>", "<SOS>"], ["<META_END>", "<META_END>", "<META_END>", "<META_END>", "<META_END>", "ically", "<META_END>", "<META_END>", "<META_END>"]], "bottom_logit_ablation_tokens_str": [["<META>", "<META>", "<META>", "<META>", "<META>", "i\u00f3n", "<META>", "<META>", "<META>"], ["<EOT>", "<EOT>", "<EOT>", "<EOT>", "<EOT>", "\u00e7\u00e3o", "<EOT>", "<EOT>", "<EOT>"], ["<META_START>", "<META_START>", "<META_START>", "<META_START>", "<META_START>", "cci\u00f3n", "<META_START>", "<META_START>", "<META_START>"], ["<SOS>", "<SOS>", "<SOS>", "<SOS>", "<SOS>", "\u00e7\u00f5es", "<SOS>", "<SOS>", "<SOS>"], ["<META_END>", "<META_END>", "<META_END>", "<META_END>", "<META_END>", " Matter", "<META_END>", "<META_END>", "<META_END>"]], "top_logit_ablation_values": [[0, 0, 0, 0, 0, 0.1682, 0, 0, 0], [0, 0, 0, 0, 0, 0.1653, 0, 0, 0], [0, 0, 0, 0, 0, 0.1538, 0, 0, 0], [0, 0, 0, 0, 0, 0.1529, 0, 0, 0], [0, 0, 0, 0, 0, 0.1486, 0, 0, 0]], "bottom_logit_ablation_values": [[0, 0, 0, 0, 0, -0.006804, 0, 0, 0], [0, 0, 0, 0, 0, -0.005254, 0, 0, 0], [0, 0, 0, 0, 0, -0.001401, 0, 0, 0], [0, 0, 0, 0, 0, 0.001852, 0, 0, 0], [0, 0, 0, 0, 0, 0.004022, 0, 0, 0]], "residual_loss_ablation": [1.262, -0.07189, 1.003, -0.7419, 1.176, 0.2246, 0.1431, 0.2026, 0]}}]}], "statistics": {"density_frac": 1e-08, "global_max_act": 0.1213, "abs_max_neuron_weights": [0.1195, 0.1141, 0.1113], "abs_max_neuron_inds": [317, 153, 447], "l1_max_neuron_weights": [0.006203, 0.005921, 0.005775]}, "logit_effects": {"negatives": [[" is", -0.4823], [" has", -0.4905], [" to", -0.509], [" with", -0.5228], [" of", -0.5349], ["atic", -0.5407], ["ists", -0.5521], [" and", -0.5679], ["ism", -0.6023], ["'s", -0.6094]], "positives": [["\u00e7\u00e3o", 0.4111], ["pone", 0.3716], ["\n\f", 0.3656], ["i\u00f3n", 0.3615], ["cir", 0.359], ["\u00e7\u00f5es", 0.3508], ["Kline", 0.3478], ["cci\u00f3n", 0.3384], ["buster", 0.3351], ["CHAPTER", 0.3346]]}}