{"index": 629, "act_buckets": [1, 1, 0, 0, 0, 0, 0, 0, 0, 0, 0, 0, 0, 0, 1, 0, 0, 0, 0, 0, 0, 0, 0, 0, 0, 0, 0, 0, 0, 0, 0, 0, 0, 0, 0, 0, 0, 0, 0, 1], "act_bucket_edges": [0, 0.01767, 0.03535, 0.05302, 0.0707, 0.08837, 0.106, 0.1237, 0.1414, 0.1591, 0.1767, 0.1944, 0.2121, 0.2298, 0.2474, 0.2651, 0.2828, 0.3005, 0.3181, 0.3358, 0.3535, 0.3712, 0.3888, 0.4065, 0.4242, 0.4419, 0.4595, 0.4772, 0.4949, 0.5126, 0.5302, 0.5479, 0.5656, 0.5833, 0.6009, 0.6186, 0.6363, 0.654, 0.6716, 0.6893, 0.707], "logit_buckets": [3, 1, 7, 16, 40, 89, 127, 204, 301, 372, 530, 783, 1172, 1655, 2642, 3526, 4843, 5952, 6616, 6938, 9921, 6335, 4341, 3100, 2139, 1438, 936, 560, 341, 218, 144, 106, 52, 35, 31, 11, 3, 5, 2, 1], "logit_bucket_edges": [-0.4073, -0.3865, -0.3656, -0.3448, -0.324, -0.3032, -0.2824, -0.2616, -0.2407, -0.2199, -0.1991, -0.1783, -0.1575, -0.1367, -0.1158, -0.09503, -0.07422, -0.0534, -0.03258, -0.01177, 0.009049, 0.02987, 0.05068, 0.0715, 0.09231, 0.1131, 0.1339, 0.1548, 0.1756, 0.1964, 0.2172, 0.238, 0.2588, 0.2797, 0.3005, 0.3213, 0.3421, 0.3629, 0.3837, 0.4046, 0.4254], "examples_quantiles": [{"quantile_name": "Top Activations", "quantile_max_act": 0.707, "examples": [{"tokens_str_list": ["\n                                             ", " 6", "\n\f", "<EOT>", "Abbrev", "iations", "\n", "=============", "\n"], "tokens_acts_list": [0, 0, 0, 0, 0.707, 0, 0, 0, 0], "train_token_ind": 4, "is_repeated_datapoint": 0, "datapoint_ind": 17505211, "ablations": {"loss_ablation": [0, 0, 0, 0, 0, -0.005954, 0, 0, 0], "top_logit_ablation_tokens_str": [["<META>", "<META>", "<META>", "<META>", "<META>", "WHM", "<META>", "<META>", "<META>"], ["<EOT>", "<EOT>", "<EOT>", "<EOT>", "<EOT>", "mph", "<EOT>", "<EOT>", "<EOT>"], ["<META_START>", "<META_START>", "<META_START>", "<META_START>", "<META_START>", "rays", "<META_START>", "<META_START>", "<META_START>"], ["<SOS>", "<SOS>", "<SOS>", "<SOS>", "<SOS>", "otide", "<SOS>", "<SOS>", "<SOS>"], ["<META_END>", "<META_END>", "<META_END>", "<META_END>", "<META_END>", "ameth", "<META_END>", "<META_END>", "<META_END>"]], "bottom_logit_ablation_tokens_str": [["<META>", "<META>", "<META>", "<META>", "<META>", "ibility", "<META>", "<META>", "<META>"], ["<EOT>", "<EOT>", "<EOT>", "<EOT>", "<EOT>", "izer", "<EOT>", "<EOT>", "<EOT>"], ["<META_START>", "<META_START>", "<META_START>", "<META_START>", "<META_START>", "orial", "<META_START>", "<META_START>", "<META_START>"], ["<SOS>", "<SOS>", "<SOS>", "<SOS>", "<SOS>", "itate", "<SOS>", "<SOS>", "<SOS>"], ["<META_END>", "<META_END>", "<META_END>", "<META_END>", "<META_END>", "ize", "<META_END>", "<META_END>", "<META_END>"]], "top_logit_ablation_values": [[0, 0, 0, 0, 0, -0.1578, 0, 0, 0], [0, 0, 0, 0, 0, -0.1731, 0, 0, 0], [0, 0, 0, 0, 0, -0.1869, 0, 0, 0], [0, 0, 0, 0, 0, -0.1942, 0, 0, 0], [0, 0, 0, 0, 0, -0.2125, 0, 0, 0]], "bottom_logit_ablation_values": [[0, 0, 0, 0, 0, -0.8444, 0, 0, 0], [0, 0, 0, 0, 0, -0.83, 0, 0, 0], [0, 0, 0, 0, 0, -0.8281, 0, 0, 0], [0, 0, 0, 0, 0, -0.8215, 0, 0, 0], [0, 0, 0, 0, 0, -0.8183, 0, 0, 0]], "residual_loss_ablation": [0.7787, 2.314, 4.341, 1.989, 0.06188, 1.843, -1.845, 4.214, 0]}}, {"tokens_str_list": ["Value", "=\"#", "{", "javascript", ":@", "Created", "()}", "\">", "\n           "], "tokens_acts_list": [0, 0, 0, 0, 0.2608, 0, 0, 0, 0], "train_token_ind": 4, "is_repeated_datapoint": 0, "datapoint_ind": 89413861, "ablations": {"loss_ablation": [0, 0, 0, 0, 0, -0.01425, 0, 0, 0], "top_logit_ablation_tokens_str": [["<META>", "<META>", "<META>", "<META>", "<META>", "WHM", "<META>", "<META>", "<META>"], ["<EOT>", "<EOT>", "<EOT>", "<EOT>", "<EOT>", "tright", "<EOT>", "<EOT>", "<EOT>"], ["<META_START>", "<META_START>", "<META_START>", "<META_START>", "<META_START>", "otide", "<META_START>", "<META_START>", "<META_START>"], ["<SOS>", "<SOS>", "<SOS>", "<SOS>", "<SOS>", "mph", "<SOS>", "<SOS>", "<SOS>"], ["<META_END>", "<META_END>", "<META_END>", "<META_END>", "<META_END>", "psilon", "<META_END>", "<META_END>", "<META_END>"]], "bottom_logit_ablation_tokens_str": [["<META>", "<META>", "<META>", "<META>", "<META>", "ize", "<META>", "<META>", "<META>"], ["<EOT>", "<EOT>", "<EOT>", "<EOT>", "<EOT>", "ibility", "<EOT>", "<EOT>", "<EOT>"], ["<META_START>", "<META_START>", "<META_START>", "<META_START>", "<META_START>", "usepackage", "<META_START>", "<META_START>", "<META_START>"], ["<SOS>", "<SOS>", "<SOS>", "<SOS>", "<SOS>", "\u0435\u043d\u044f", "<SOS>", "<SOS>", "<SOS>"], ["<META_END>", "<META_END>", "<META_END>", "<META_END>", "<META_END>", " mind", "<META_END>", "<META_END>", "<META_END>"]], "top_logit_ablation_values": [[0, 0, 0, 0, 0, -0.1234, 0, 0, 0], [0, 0, 0, 0, 0, -0.1406, 0, 0, 0], [0, 0, 0, 0, 0, -0.1434, 0, 0, 0], [0, 0, 0, 0, 0, -0.1434, 0, 0, 0], [0, 0, 0, 0, 0, -0.1565, 0, 0, 0]], "bottom_logit_ablation_values": [[0, 0, 0, 0, 0, -0.5786, 0, 0, 0], [0, 0, 0, 0, 0, -0.5767, 0, 0, 0], [0, 0, 0, 0, 0, -0.5616, 0, 0, 0], [0, 0, 0, 0, 0, -0.5591, 0, 0, 0], [0, 0, 0, 0, 0, -0.5558, 0, 0, 0]], "residual_loss_ablation": [0.8517, 2.095, 7.384, 1.848, -0.9824, -1.045, -2.036, 4.798, 0]}}, {"tokens_str_list": ["?\"", "\n", "\n", "Uh", ".", " I", " shoot", " them", " and"], "tokens_acts_list": [0, 0, 0, 0, 0.03126, 0, 0, 0, 0], "train_token_ind": 4, "is_repeated_datapoint": 0, "datapoint_ind": 45088313, "ablations": {"loss_ablation": [0, 0, 0, 0, 0, -0.01835, 0, 0, 0], "top_logit_ablation_tokens_str": [["<META>", "<META>", "<META>", "<META>", "<META>", "tright", "<META>", "<META>", "<META>"], ["<EOT>", "<EOT>", "<EOT>", "<EOT>", "<EOT>", "WHM", "<EOT>", "<EOT>", "<EOT>"], ["<META_START>", "<META_START>", "<META_START>", "<META_START>", "<META_START>", " 4", "<META_START>", "<META_START>", "<META_START>"], ["<SOS>", "<SOS>", "<SOS>", "<SOS>", "<SOS>", " 7", "<SOS>", "<SOS>", "<SOS>"], ["<META_END>", "<META_END>", "<META_END>", "<META_END>", "<META_END>", " 16", "<META_END>", "<META_END>", "<META_END>"]], "bottom_logit_ablation_tokens_str": [["<META>", "<META>", "<META>", "<META>", "<META>", "ibility", "<META>", "<META>", "<META>"], ["<EOT>", "<EOT>", "<EOT>", "<EOT>", "<EOT>", "ibilities", "<EOT>", "<EOT>", "<EOT>"], ["<META_START>", "<META_START>", "<META_START>", "<META_START>", "<META_START>", "orial", "<META_START>", "<META_START>", "<META_START>"], ["<SOS>", "<SOS>", "<SOS>", "<SOS>", "<SOS>", "ize", "<SOS>", "<SOS>", "<SOS>"], ["<META_END>", "<META_END>", "<META_END>", "<META_END>", "<META_END>", "izer", "<META_END>", "<META_END>", "<META_END>"]], "top_logit_ablation_values": [[0, 0, 0, 0, 0, -0.02551, 0, 0, 0], [0, 0, 0, 0, 0, -0.02599, 0, 0, 0], [0, 0, 0, 0, 0, -0.02726, 0, 0, 0], [0, 0, 0, 0, 0, -0.02798, 0, 0, 0], [0, 0, 0, 0, 0, -0.02826, 0, 0, 0]], "bottom_logit_ablation_values": [[0, 0, 0, 0, 0, -0.1269, 0, 0, 0], [0, 0, 0, 0, 0, -0.1217, 0, 0, 0], [0, 0, 0, 0, 0, -0.1206, 0, 0, 0], [0, 0, 0, 0, 0, -0.1192, 0, 0, 0], [0, 0, 0, 0, 0, -0.1179, 0, 0, 0]], "residual_loss_ablation": [5.114, 0.4084, 0.002053, 0.08575, -0.1833, -1.264, -0.4918, -1.048, 0]}}, {"tokens_str_list": [":", "\n", "\n", "Find", " and", " copy", " FORM", " tag", "\n"], "tokens_acts_list": [0, 0, 0, 0, 0.01241, 0, 0, 0, 0], "train_token_ind": 4, "is_repeated_datapoint": 0, "datapoint_ind": 46122956, "ablations": {"loss_ablation": [0, 0, 0, 0, 0, 0.0006318, 0, 0, 0], "top_logit_ablation_tokens_str": [["<META>", "<META>", "<META>", "<META>", "<META>", " icmp", "<META>", "<META>", "<META>"], ["<EOT>", "<EOT>", "<EOT>", "<EOT>", "<EOT>", " pci", "<EOT>", "<EOT>", "<EOT>"], ["<META_START>", "<META_START>", "<META_START>", "<META_START>", "<META_START>", " gpio", "<META_START>", "<META_START>", "<META_START>"], ["<SOS>", "<SOS>", "<SOS>", "<SOS>", "<SOS>", " 8080", "<SOS>", "<SOS>", "<SOS>"], ["<META_END>", "<META_END>", "<META_END>", "<META_END>", "<META_END>", " cpu", "<META_END>", "<META_END>", "<META_END>"]],