{"index": 637, "act_buckets": [0, 0, 0, 0, 0, 0, 0, 0, 0, 0, 0, 0, 0, 1, 1, 1, 0, 0, 0, 0, 1, 0, 0, 0, 0, 0, 0, 0, 0, 0, 0, 0, 0, 0, 0, 0, 0, 0, 0, 1], "act_bucket_edges": [0, 0.00493, 0.009861, 0.01479, 0.01972, 0.02465, 0.02958, 0.03451, 0.03944, 0.04437, 0.0493, 0.05423, 0.05916, 0.0641, 0.06903, 0.07396, 0.07889, 0.08382, 0.08875, 0.09368, 0.09861, 0.1035, 0.1085, 0.1134, 0.1183, 0.1233, 0.1282, 0.1331, 0.1381, 0.143, 0.1479, 0.1528, 0.1578, 0.1627, 0.1676, 0.1726, 0.1775, 0.1824, 0.1874, 0.1923, 0.1972], "logit_buckets": [2, 1, 1, 1, 2, 5, 6, 6, 13, 16, 32, 56, 73, 101, 193, 287, 433, 636, 2659, 2401, 2900, 3788, 5062, 6515, 7907, 8224, 7262, 5749, 4331, 2922, 1760, 1041, 578, 316, 145, 69, 27, 10, 4, 2], "logit_bucket_edges": [-0.6784, -0.6513, -0.6241, -0.5969, -0.5697, -0.5425, -0.5153, -0.4882, -0.461, -0.4338, -0.4066, -0.3794, -0.3523, -0.3251, -0.2979, -0.2707, -0.2435, -0.2163, -0.1892, -0.162, -0.1348, -0.1076, -0.08044, -0.05326, -0.02608, 0.0011, 0.02828, 0.05546, 0.08264, 0.1098, 0.137, 0.1642, 0.1914, 0.2186, 0.2457, 0.2729, 0.3001, 0.3273, 0.3545, 0.3816, 0.4088], "examples_quantiles": [{"quantile_name": "Top Activations", "quantile_max_act": 0.1972, "examples": [{"tokens_str_list": [" projections", ",", " a", " major", " modification", " does", " not", " result", " if"], "tokens_acts_list": [0, 0, 0, 0, 0.1972, 0, 0, 0, 0], "train_token_ind": 4, "is_repeated_datapoint": 0, "datapoint_ind": 91872688, "ablations": {"loss_ablation": [0, 0, 0, 0, 0, 0.01331, 0, 0, 0], "top_logit_ablation_tokens_str": [["<META>", "<META>", "<META>", "<META>", "<META>", " with", "<META>", "<META>", "<META>"], ["<EOT>", "<EOT>", "<EOT>", "<EOT>", "<EOT>", "ically", "<EOT>", "<EOT>", "<EOT>"], ["<META_START>", "<META_START>", "<META_START>", "<META_START>", "<META_START>", " between", "<META_START>", "<META_START>", "<META_START>"], ["<SOS>", "<SOS>", "<SOS>", "<SOS>", "<SOS>", " of", "<SOS>", "<SOS>", "<SOS>"], ["<META_END>", "<META_END>", "<META_END>", "<META_END>", "<META_END>", " which", "<META_END>", "<META_END>", "<META_END>"]], "bottom_logit_ablation_tokens_str": [["<META>", "<META>", "<META>", "<META>", "<META>", "Kline", "<META>", "<META>", "<META>"], ["<EOT>", "<EOT>", "<EOT>", "<EOT>", "<EOT>", "'ve", "<EOT>", "<EOT>", "<EOT>"], ["<META_START>", "<META_START>", "<META_START>", "<META_START>", "<META_START>", "lass", "<META_START>", "<META_START>", "<META_START>"], ["<SOS>", "<SOS>", "<SOS>", "<SOS>", "<SOS>", " audition", "<SOS>", "<SOS>", "<SOS>"], ["<META_END>", "<META_END>", "<META_END>", "<META_END>", "<META_END>", "isl", "<META_END>", "<META_END>", "<META_END>"]], "top_logit_ablation_values": [[0, 0, 0, 0, 0, 0.2128, 0, 0, 0], [0, 0, 0, 0, 0, 0.2028, 0, 0, 0], [0, 0, 0, 0, 0, 0.1907, 0, 0, 0], [0, 0, 0, 0, 0, 0.1901, 0, 0, 0], [0, 0, 0, 0, 0, 0.1713, 0, 0, 0]], "bottom_logit_ablation_values": [[0, 0, 0, 0, 0, -0.1807, 0, 0, 0], [0, 0, 0, 0, 0, -0.1797, 0, 0, 0], [0, 0, 0, 0, 0, -0.1718, 0, 0, 0], [0, 0, 0, 0, 0, -0.1675, 0, 0, 0], [0, 0, 0, 0, 0, -0.1652, 0, 0, 0]], "residual_loss_ablation": [5.996, -0.47, 0.1873, 0.5531, 2.581, 2.725, -0.0154, 1.475, 0]}}, {"tokens_str_list": [" 2017", " CIR", "A", " report", " (", "Table", " 28", ".", "2"], "tokens_acts_list": [0, 0, 0, 0, 0.1003, 0, 0, 0, 0], "train_token_ind": 4, "is_repeated_datapoint": 0, "datapoint_ind": 11469372, "ablations": {"loss_ablation": [0, 0, 0, 0, 0, 0.02525, 0, 0, 0], "top_logit_ablation_tokens_str": [["<META>", "<META>", "<META>", "<META>", "<META>", " with", "<META>", "<META>", "<META>"], ["<EOT>", "<EOT>", "<EOT>", "<EOT>", "<EOT>", " of", "<EOT>", "<EOT>", "<EOT>"], ["<META_START>", "<META_START>", "<META_START>", "<META_START>", "<META_START>", " between", "<META_START>", "<META_START>", "<META_START>"], ["<SOS>", "<SOS>", "<SOS>", "<SOS>", "<SOS>", " which", "<SOS>", "<SOS>", "<SOS>"], ["<META_END>", "<META_END>", "<META_END>", "<META_END>", "<META_END>", "ically", "<META_END>", "<META_END>", "<META_END>"]], "bottom_logit_ablation_tokens_str": [["<META>", "<META>", "<META>", "<META>", "<META>", "Kline", "<META>", "<META>", "<META>"], ["<EOT>", "<EOT>", "<EOT>", "<EOT>", "<EOT>", "'ve", "<EOT>", "<EOT>", "<EOT>"], ["<META_START>", "<META_START>", "<META_START>", "<META_START>", "<META_START>", " audition", "<META_START>", "<META_START>", "<META_START>"], ["<SOS>", "<SOS>", "<SOS>", "<SOS>", "<SOS>", " Makeup", "<SOS>", "<SOS>", "<SOS>"], ["<META_END>", "<META_END>", "<META_END>", "<META_END>", "<META_END>", "lass", "<META_END>", "<META_END>", "<META_END>"]], "top_logit_ablation_values": [[0, 0, 0, 0, 0, 0.07439, 0, 0, 0], [0, 0, 0, 0, 0, 0.07144, 0, 0, 0], [0, 0, 0, 0, 0, 0.06647, 0, 0, 0], [0, 0, 0, 0, 0, 0.06232, 0, 0, 0], [0, 0, 0, 0, 0, 0.06212, 0, 0, 0]], "bottom_logit_ablation_values": [[0, 0, 0, 0, 0, -0.06462, 0, 0, 0], [0, 0, 0, 0, 0, -0.06121, 0, 0, 0], [0, 0, 0, 0, 0, -0.06021, 0, 0, 0], [0, 0, 0, 0, 0, -0.05935, 0, 0, 0], [0, 0, 0, 0, 0, -0.0589, 0, 0, 0]], "residual_loss_ablation": [2.979, 3.094, 8.35, 1.5, 0.7272, -0.9606, -0.2662, -2.01, 0]}}, {"tokens_str_list": [" (-", "8", ")/(-", "12", ")*(-", "145", "66", ")/((-", "7"], "tokens_acts_list": [0, 0, 0, 0, 0.07653, 0, 0, 0, 0], "train_token_ind": 4, "is_repeated_datapoint": 0, "datapoint_ind": 5547788, "ablations": {"loss_ablation": [0, 0, 0, 0, 0, 0.005861, 0, 0, 0], "top_logit_ablation_tokens_str": [["<META>", "<META>", "<META>", "<META>", "<META>", " with", "<META>", "<META>", "<META>"], ["<EOT>", "<EOT>", "<EOT>", "<EOT>", "<EOT>", " between", "<EOT>", "<EOT>", "<EOT>"], ["<META_START>", "<META_START>", "<META_START>", "<META_START>", "<META_START>", " of", "<META_START>", "<META_START>", "<META_START>"], ["<SOS>", "<SOS>", "<SOS>", "<SOS>", "<SOS>", " which", "<SOS>", "<SOS>", "<SOS>"], ["<META_END>", "<META_END>", "<META_END>", "<META_END>", "<META_END>", "ically", "<META_END>", "<META_END>", "<META_END>"]], "bottom_logit_ablation_tokens_str": [["<META>", "<META>", "<META>", "<META>", "<META>", "idades", "<META>", "<META>", "<META>"], ["<EOT>", "<EOT>", "<EOT>", "<EOT>", "<EOT>", "\\xb3", "<EOT>", "<EOT>", "<EOT>"], ["<META_START>", "<META_START>", "<META_START>", "<META_START>", "<META_START>", "Kline", "<META_START>", "<META_START>", "<META_START>"], ["<SOS>", "<SOS>", "<SOS>", "<SOS>", "<SOS>", " audition", "<SOS>", "<SOS>", "<SOS>"], ["<META_END>", "<META_END>", "<META_END>", "<META_END>", "<META_END>", "volvimento", "<META_END>", "<META_END>", "<META_END>"]], "top_logit_ablation_values": [[0, 0, 0, 0, 0, 0.052, 0, 0, 0], [0, 0, 0, 0, 0, 0.05018, 0, 0, 0], [0, 0, 0, 0, 0, 0.04623, 0, 0, 0], [0, 0, 0, 0, 0, 0.04358, 0, 0, 0], [0, 0, 0, 0, 0, 0.04205, 0, 0, 0]], "bottom_logit_ablation_values": [[0, 0, 0, 0, 0, -0.04232, 0, 0, 0], [0, 0, 0, 0, 0, -0.04202, 0, 0, 0], [0, 0, 0, 0, 0, -0.0417, 0, 0, 0], [0, 0, 0, 0, 0, -0.04133, 0, 0, 0], [0, 0, 0, 0, 0, -0.04127, 0, 0, 0]], "residual_loss_ablation": [4.172, -0.1182, 3.626, -0.09521, 0.08316, -0.2478, 2.347, -1.624, 0]}}, {"tokens_str_list": ["}", "K", "(", "A", "/", "I", "^", "s", ")$"], "tokens_acts_list": [0, 0, 0, 0, 0.07016, 0, 0, 0, 0], "train_token_ind": 4, "is_repeated_datapoint": 0, "datapoint_ind": 12359574, "ablations": {"loss_ablation": [0, 0, 0, 0, 0, -0.004281, 0, 0, 0], "top_logit_ablation_tokens_str": [["<META>", "<META>", "<META>", "<META>", "<META>", "ically", "<META>", "<META>", "<META>"], ["<EOT>", "<EOT>", "<EOT>", "<EOT>", "<EOT>", " of", "<EOT>", "<EOT>", "<EOT>"], ["<META_START>", "<META_START>", "<META_START>", "<META_START>", "<META_START>", " with", "<META_START>", "<META_START>", "<META_START>"], ["<SOS>", "<SOS>", "<SOS>", "<SOS>", "<SOS>", " between", "<SOS>", "<SOS>", "<SOS>"], ["<META_END>", "<META_END>", "<META_END>", "<META_END>", "<META_END>", "uds", "<META_END>", "<META_END>", "<META_END>"]],