{"index": 659, "act_buckets": [0, 0, 1, 0, 0, 0, 0, 0, 0, 0, 0, 0, 0, 0, 0, 0, 0, 0, 0, 0, 0, 0, 0, 0, 0, 0, 0, 1, 0, 0, 0, 0, 0, 0, 0, 0, 0, 0, 0, 1], "act_bucket_edges": [0, 0.01011, 0.02022, 0.03033, 0.04044, 0.05055, 0.06066, 0.07077, 0.08088, 0.091, 0.1011, 0.1112, 0.1213, 0.1314, 0.1415, 0.1517, 0.1618, 0.1719, 0.182, 0.1921, 0.2022, 0.2123, 0.2224, 0.2325, 0.2427, 0.2528, 0.2629, 0.273, 0.2831, 0.2932, 0.3033, 0.3134, 0.3235, 0.3336, 0.3438, 0.3539, 0.364, 0.3741, 0.3842, 0.3943, 0.4044], "logit_buckets": [1, 0, 0, 0, 1, 2, 2, 6, 16, 26, 62, 99, 152, 271, 424, 721, 1144, 1655, 2283, 3130, 4101, 4994, 6158, 9381, 9677, 6877, 4773, 3408, 2322, 1576, 961, 554, 348, 198, 110, 50, 31, 16, 3, 3], "logit_bucket_edges": [-0.5768, -0.5527, -0.5286, -0.5045, -0.4803, -0.4562, -0.4321, -0.408, -0.3839, -0.3598, -0.3357, -0.3115, -0.2874, -0.2633, -0.2392, -0.2151, -0.191, -0.1669, -0.1427, -0.1186, -0.09451, -0.07039, -0.04628, -0.02216, 0.00195, 0.02606, 0.05018, 0.07429, 0.09841, 0.1225, 0.1466, 0.1708, 0.1949, 0.219, 0.2431, 0.2672, 0.2913, 0.3154, 0.3396, 0.3637, 0.3878], "examples_quantiles": [{"quantile_name": "Top Activations", "quantile_max_act": 0.4044, "examples": [{"tokens_str_list": ["-", "mail", ".", " It", " usually", " is", " a", " weekly", " connection"], "tokens_acts_list": [0, 0, 0, 0, 0.4044, 0, 0, 0, 0], "train_token_ind": 4, "is_repeated_datapoint": 0, "datapoint_ind": 14369672, "ablations": {"loss_ablation": [0, 0, 0, 0, 0, -0.07207, 0, 0, 0], "top_logit_ablation_tokens_str": [["<META>", "<META>", "<META>", "<META>", "<META>", "'s", "<META>", "<META>", "<META>"], ["<EOT>", "<EOT>", "<EOT>", "<EOT>", "<EOT>", "hea", "<EOT>", "<EOT>", "<EOT>"], ["<META_START>", "<META_START>", "<META_START>", "<META_START>", "<META_START>", "iate", "<META_START>", "<META_START>", "<META_START>"], ["<SOS>", "<SOS>", "<SOS>", "<SOS>", "<SOS>", " potential", "<SOS>", "<SOS>", "<SOS>"], ["<META_END>", "<META_END>", "<META_END>", "<META_END>", "<META_END>", "inate", "<META_END>", "<META_END>", "<META_END>"]], "bottom_logit_ablation_tokens_str": [["<META>", "<META>", "<META>", "<META>", "<META>", "ateur", "<META>", "<META>", "<META>"], ["<EOT>", "<EOT>", "<EOT>", "<EOT>", "<EOT>", " \u00a7\u00a7", "<EOT>", "<EOT>", "<EOT>"], ["<META_START>", "<META_START>", "<META_START>", "<META_START>", "<META_START>", "ichael", "<META_START>", "<META_START>", "<META_START>"], ["<SOS>", "<SOS>", "<SOS>", "<SOS>", "<SOS>", "ctors", "<SOS>", "<SOS>", "<SOS>"], ["<META_END>", "<META_END>", "<META_END>", "<META_END>", "<META_END>", "ffs", "<META_END>", "<META_END>", "<META_END>"]], "top_logit_ablation_values": [[0, 0, 0, 0, 0, 0.2475, 0, 0, 0], [0, 0, 0, 0, 0, 0.1793, 0, 0, 0], [0, 0, 0, 0, 0, 0.1673, 0, 0, 0], [0, 0, 0, 0, 0, 0.156, 0, 0, 0], [0, 0, 0, 0, 0, 0.1556, 0, 0, 0]], "bottom_logit_ablation_values": [[0, 0, 0, 0, 0, -0.3685, 0, 0, 0], [0, 0, 0, 0, 0, -0.3671, 0, 0, 0], [0, 0, 0, 0, 0, -0.3567, 0, 0, 0], [0, 0, 0, 0, 0, -0.3562, 0, 0, 0], [0, 0, 0, 0, 0, -0.3533, 0, 0, 0]], "residual_loss_ablation": [-2.246, 4.351, 0.4287, -0.4677, 0.4352, 1.22, -0.3202, 0.8054, 0]}}, {"tokens_str_list": ["\n", "//", "\n", "//", " Unless", " required", " by", " applicable", " law"], "tokens_acts_list": [0, 0, 0, 0, 0.2746, 0, 0, 0, 0], "train_token_ind": 4, "is_repeated_datapoint": 0, "datapoint_ind": 53583507, "ablations": {"loss_ablation": [0, 0, 0, 0, 0, 0.05054, 0, 0, 0], "top_logit_ablation_tokens_str": [["<META>", "<META>", "<META>", "<META>", "<META>", "'s", "<META>", "<META>", "<META>"], ["<EOT>", "<EOT>", "<EOT>", "<EOT>", "<EOT>", "ness", "<EOT>", "<EOT>", "<EOT>"], ["<META_START>", "<META_START>", "<META_START>", "<META_START>", "<META_START>", "hea", "<META_START>", "<META_START>", "<META_START>"], ["<SOS>", "<SOS>", "<SOS>", "<SOS>", "<SOS>", " possible", "<SOS>", "<SOS>", "<SOS>"], ["<META_END>", "<META_END>", "<META_END>", "<META_END>", "<META_END>", "'t", "<META_END>", "<META_END>", "<META_END>"]], "bottom_logit_ablation_tokens_str": [["<META>", "<META>", "<META>", "<META>", "<META>", " \u00a7\u00a7", "<META>", "<META>", "<META>"], ["<EOT>", "<EOT>", "<EOT>", "<EOT>", "<EOT>", "stat", "<EOT>", "<EOT>", "<EOT>"], ["<META_START>", "<META_START>", "<META_START>", "<META_START>", "<META_START>", " \u00a7", "<META_START>", "<META_START>", "<META_START>"], ["<SOS>", "<SOS>", "<SOS>", "<SOS>", "<SOS>", "\u00eancia", "<SOS>", "<SOS>", "<SOS>"], ["<META_END>", "<META_END>", "<META_END>", "<META_END>", "<META_END>", "orphic", "<META_END>", "<META_END>", "<META_END>"]], "top_logit_ablation_values": [[0, 0, 0, 0, 0, 0.2159, 0, 0, 0], [0, 0, 0, 0, 0, 0.1574, 0, 0, 0], [0, 0, 0, 0, 0, 0.1459, 0, 0, 0], [0, 0, 0, 0, 0, 0.1353, 0, 0, 0], [0, 0, 0, 0, 0, 0.1248, 0, 0, 0]], "bottom_logit_ablation_values": [[0, 0, 0, 0, 0, -0.312, 0, 0, 0], [0, 0, 0, 0, 0, -0.2996, 0, 0, 0], [0, 0, 0, 0, 0, -0.2975, 0, 0, 0], [0, 0, 0, 0, 0, -0.2925, 0, 0, 0], [0, 0, 0, 0, 0, -0.2861, 0, 0, 0]], "residual_loss_ablation": [-0.6813, -0.5678, -0.886, 2.761, -0.8605, 7.766, 4.713, 3.62, 0]}}, {"tokens_str_list": [" service", " charges", " as", " it", " decides", " the", " situation", " requires", ";"], "tokens_acts_list": [0, 0, 0, 0, 0.02604, 0, 0, 0, 0], "train_token_ind": 4, "is_repeated_datapoint": 0, "datapoint_ind": 95076735, "ablations": {"loss_ablation": [0, 0, 0, 0, 0, -0.002613, 0, 0, 0], "top_logit_ablation_tokens_str": [["<META>", "<META>", "<META>", "<META>", "<META>", "'s", "<META>", "<META>", "<META>"], ["<EOT>", "<EOT>", "<EOT>", "<EOT>", "<EOT>", "hea", "<EOT>", "<EOT>", "<EOT>"], ["<META_START>", "<META_START>", "<META_START>", "<META_START>", "<META_START>", "ness", "<META_START>", "<META_START>", "<META_START>"], ["<SOS>", "<SOS>", "<SOS>", "<SOS>", "<SOS>", " possible", "<SOS>", "<SOS>", "<SOS>"], ["<META_END>", "<META_END>", "<META_END>", "<META_END>", "<META_END>", " potential", "<META_END>", "<META_END>", "<META_END>"]], "bottom_logit_ablation_tokens_str": [["<META>", "<META>", "<META>", "<META>", "<META>", "\u201d).", "<META>", "<META>", "<META>"], ["<EOT>", "<EOT>", "<EOT>", "<EOT>", "<EOT>", " \u00a7\u00a7", "<EOT>", "<EOT>", "<EOT>"], ["<META_START>", "<META_START>", "<META_START>", "<META_START>", "<META_START>", "\u201d)", "<META_START>", "<META_START>", "<META_START>"], ["<SOS>", "<SOS>", "<SOS>", "<SOS>", "<SOS>", "stat", "<SOS>", "<SOS>", "<SOS>"], ["<META_END>", "<META_END>", "<META_END>", "<META_END>", "<META_END>", "ateur", "<META_END>", "<META_END>", "<META_END>"]], "top_logit_ablation_values": [[0, 0, 0, 0, 0, 0.01888, 0, 0, 0], [0, 0, 0, 0, 0, 0.01555, 0, 0, 0], [0, 0, 0, 0, 0, 0.01448, 0, 0, 0], [0, 0, 0, 0, 0, 0.01428, 0, 0, 0], [0, 0, 0, 0, 0, 0.0124, 0, 0, 0]], "bottom_logit_ablation_values": [[0, 0, 0, 0, 0, -0.02844, 0, 0, 0], [0, 0, 0, 0, 0, -0.02802, 0, 0, 0], [0, 0, 0, 0, 0, -0.0279, 0, 0, 0], [0, 0, 0, 0, 0, -0.02747, 0, 0, 0], [0, 0, 0, 0, 0, -0.02734, 0, 0, 0]], "residual_loss_ablation": [1.924, -1.237, 0.8228, 0.4679, 0.7616, 1.364, 1.762, 1.893, 0]}}]}], "statistics": {"density_frac": 3e-08, "global_max_act": 0.4044, "abs_max_neuron_weights": [-0.1491, 0.1428, 0.1395], "abs_max_neuron_inds": [505, 91, 24], "l1_max_neuron_weights": [0.008335, 0.007984, 0.007803]}, "logit_effects": {"negatives": [[" problems", -0.3933], ["'t", -0.3938], [" way", -0.4041], [" ways", -0.4046], [" potential", -0.413], [" of", -0.4159], ["ness", -0.4423], ["hea", -0.4531], [" possible", -0.4619], ["'s", -0.5768]], "positives": [[" \u00a7\u00a7", 0.3878], ["stat", 0.3796], ["\u00eancia", 0.3652], ["orphic", 0.353], ["ateur", 0.3526], [" \u00a7", 0.3501], ["ichael", 0.3394], ["STM", 0.3317], [" Oslo", 0.331], ["writers", 0.329]]}}