{"index": 66, "act_buckets": [1, 0, 0, 1, 1, 0, 0, 0, 0, 0, 0, 0, 0, 0, 0, 0, 0, 0, 0, 0, 0, 0, 0, 0, 0, 0, 0, 0, 0, 0, 1, 0, 0, 0, 0, 1, 0, 0, 0, 1], "act_bucket_edges": [0, 0.02678, 0.05355, 0.08033, 0.1071, 0.1339, 0.1607, 0.1874, 0.2142, 0.241, 0.2678, 0.2945, 0.3213, 0.3481, 0.3749, 0.4016, 0.4284, 0.4552, 0.482, 0.5087, 0.5355, 0.5623, 0.5891, 0.6158, 0.6426, 0.6694, 0.6962, 0.7229, 0.7497, 0.7765, 0.8033, 0.83, 0.8568, 0.8836, 0.9104, 0.9371, 0.9639, 0.9907, 1.017, 1.044, 1.071], "logit_buckets": [1, 0, 0, 1, 3, 5, 3, 21, 43, 88, 173, 380, 673, 1298, 2295, 3809, 5995, 8270, 9245, 8992, 7679, 5913, 4589, 3167, 1253, 716, 424, 251, 107, 70, 30, 26, 9, 3, 1, 1, 1, 0, 0, 1], "logit_bucket_edges": [-0.5738, -0.5437, -0.5135, -0.4834, -0.4533, -0.4232, -0.3931, -0.363, -0.3328, -0.3027, -0.2726, -0.2425, -0.2124, -0.1823, -0.1522, -0.122, -0.09192, -0.0618, -0.03169, -0.001571, 0.02854, 0.05866, 0.08878, 0.1189, 0.149, 0.1791, 0.2092, 0.2394, 0.2695, 0.2996, 0.3297, 0.3598, 0.3899, 0.4201, 0.4502, 0.4803, 0.5104, 0.5405, 0.5706, 0.6008, 0.6309], "examples_quantiles": [{"quantile_name": "Top Activations", "quantile_max_act": 1.071, "examples": [{"tokens_str_list": [" mit", "z", "ured", "en", ".\u00ab", "\n", "\n", "\u00bb", "All"], "tokens_acts_list": [0, 0, 0, 0, 1.071, 0, 0, 0, 0], "train_token_ind": 4, "is_repeated_datapoint": 0, "datapoint_ind": 76851631, "ablations": {"loss_ablation": [0, 0, 0, 0, 0, 0.04187, 0, 0, 0], "top_logit_ablation_tokens_str": [["<META>", "<META>", "<META>", "<META>", "<META>", "?\u201d", "<META>", "<META>", "<META>"], ["<EOT>", "<EOT>", "<EOT>", "<EOT>", "<EOT>", "!\u201d", "<EOT>", "<EOT>", "<EOT>"], ["<META_START>", "<META_START>", "<META_START>", "<META_START>", "<META_START>", " versa", "<META_START>", "<META_START>", "<META_START>"], ["<SOS>", "<SOS>", "<SOS>", "<SOS>", "<SOS>", " ,'", "<SOS>", "<SOS>", "<SOS>"], ["<META_END>", "<META_END>", "<META_END>", "<META_END>", "<META_END>", "?\u2019", "<META_END>", "<META_END>", "<META_END>"]], "bottom_logit_ablation_tokens_str": [["<META>", "<META>", "<META>", "<META>", "<META>", "ically", "<META>", "<META>", "<META>"], ["<EOT>", "<EOT>", "<EOT>", "<EOT>", "<EOT>", "ively", "<EOT>", "<EOT>", "<EOT>"], ["<META_START>", "<META_START>", "<META_START>", "<META_START>", "<META_START>", "leness", "<META_START>", "<META_START>", "<META_START>"], ["<SOS>", "<SOS>", "<SOS>", "<SOS>", "<SOS>", " way", "<SOS>", "<SOS>", "<SOS>"], ["<META_END>", "<META_END>", "<META_END>", "<META_END>", "<META_END>", "atically", "<META_END>", "<META_END>", "<META_END>"]], "top_logit_ablation_values": [[0, 0, 0, 0, 0, 0.8155, 0, 0, 0], [0, 0, 0, 0, 0, 0.6574, 0, 0, 0], [0, 0, 0, 0, 0, 0.6535, 0, 0, 0], [0, 0, 0, 0, 0, 0.6405, 0, 0, 0], [0, 0, 0, 0, 0, 0.63, 0, 0, 0]], "bottom_logit_ablation_values": [[0, 0, 0, 0, 0, -0.8757, 0, 0, 0], [0, 0, 0, 0, 0, -0.7546, 0, 0, 0], [0, 0, 0, 0, 0, -0.6959, 0, 0, 0], [0, 0, 0, 0, 0, -0.6534, 0, 0, 0], [0, 0, 0, 0, 0, -0.6415, 0, 0, 0]], "residual_loss_ablation": [-1.391, 0.6779, 1.498, 2.721, -0.6154, 3.15, 0.161, 5.499, 0]}}, {"tokens_str_list": ["\\x9d", "\\xe1\\x83", "\\x93", " \\xe1\\x83", "\\xac", "\u10d8\\xe1\\x83", "\\x9c", "\u10d0\\xe1\\x83", "\\xa1"], "tokens_acts_list": [0, 0, 0, 0, 0.9386, 0, 0, 0, 0], "train_token_ind": 4, "is_repeated_datapoint": 0, "datapoint_ind": 54671983, "ablations": {"loss_ablation": [0, 0, 0, 0, 0, 0.04735, 0, 0, 0], "top_logit_ablation_tokens_str": [["<META>", "<META>", "<META>", "<META>", "<META>", "?\u201d", "<META>", "<META>", "<META>"], ["<EOT>", "<EOT>", "<EOT>", "<EOT>", "<EOT>", "!\u201d", "<EOT>", "<EOT>", "<EOT>"], ["<META_START>", "<META_START>", "<META_START>", "<META_START>", "<META_START>", " ,'", "<META_START>", "<META_START>", "<META_START>"], ["<SOS>", "<SOS>", "<SOS>", "<SOS>", "<SOS>", "?\u2019", "<SOS>", "<SOS>", "<SOS>"], ["<META_END>", "<META_END>", "<META_END>", "<META_END>", "<META_END>", "nih", "<META_END>", "<META_END>", "<META_END>"]], "bottom_logit_ablation_tokens_str": [["<META>", "<META>", "<META>", "<META>", "<META>", "ically", "<META>", "<META>", "<META>"], ["<EOT>", "<EOT>", "<EOT>", "<EOT>", "<EOT>", "ively", "<EOT>", "<EOT>", "<EOT>"], ["<META_START>", "<META_START>", "<META_START>", "<META_START>", "<META_START>", "leness", "<META_START>", "<META_START>", "<META_START>"], ["<SOS>", "<SOS>", "<SOS>", "<SOS>", "<SOS>", "IONS", "<SOS>", "<SOS>", "<SOS>"], ["<META_END>", "<META_END>", "<META_END>", "<META_END>", "<META_END>", " way", "<META_END>", "<META_END>", "<META_END>"]], "top_logit_ablation_values": [[0, 0, 0, 0, 0, 0.6448, 0, 0, 0], [0, 0, 0, 0, 0, 0.506, 0, 0, 0], [0, 0, 0, 0, 0, 0.5035, 0, 0, 0], [0, 0, 0, 0, 0, 0.4751, 0, 0, 0], [0, 0, 0, 0, 0, 0.4713, 0, 0, 0]], "bottom_logit_ablation_values": [[0, 0, 0, 0, 0, -0.9961, 0, 0, 0], [0, 0, 0, 0, 0, -0.8291, 0, 0, 0], [0, 0, 0, 0, 0, -0.8116, 0, 0, 0], [0, 0, 0, 0, 0, -0.7732, 0, 0, 0], [0, 0, 0, 0, 0, -0.7596, 0, 0, 0]], "residual_loss_ablation": [1.262, -0.07189, 1.003, -0.7419, 1.176, 0.2246, 0.1431, 0.2026, 0]}}, {"tokens_str_list": [" Land", ".", " D", "ann", " k\u00f6n", "nten", " die", " Kan", "adier"], "tokens_acts_list": [0, 0, 0, 0, 0.8215, 0, 0, 0, 0], "train_token_ind": 4, "is_repeated_datapoint": 0, "datapoint_ind": 608366, "ablations": {"loss_ablation": [0, 0, 0, 0, 0, -0.02364, 0, 0, 0], "top_logit_ablation_tokens_str": [["<META>", "<META>", "<META>", "<META>", "<META>", "?\u201d", "<META>", "<META>", "<META>"], ["<EOT>", "<EOT>", "<EOT>", "<EOT>", "<EOT>", " versa", "<EOT>", "<EOT>", "<EOT>"], ["<META_START>", "<META_START>", "<META_START>", "<META_START>", "<META_START>", "!\u201d", "<META_START>", "<META_START>", "<META_START>"], ["<SOS>", "<SOS>", "<SOS>", "<SOS>", "<SOS>", " ,'", "<SOS>", "<SOS>", "<SOS>"], ["<META_END>", "<META_END>", "<META_END>", "<META_END>", "<META_END>", "?\u2019", "<META_END>", "<META_END>", "<META_END>"]], "bottom_logit_ablation_tokens_str": [["<META>", "<META>", "<META>", "<META>", "<META>", "ically", "<META>", "<META>", "<META>"], ["<EOT>", "<EOT>", "<EOT>", "<EOT>", "<EOT>", "leness", "<EOT>", "<EOT>", "<EOT>"], ["<META_START>", "<META_START>", "<META_START>", "<META_START>", "<META_START>", "ively", "<META_START>", "<META_START>", "<META_START>"], ["<SOS>", "<SOS>", "<SOS>", "<SOS>", "<SOS>", "ologies", "<SOS>", "<SOS>", "<SOS>"], ["<META_END>", "<META_END>", "<META_END>", "<META_END>", "<META_END>", "atically", "<META_END>", "<META_END>", "<META_END>"]], "top_logit_ablation_values": [[0, 0, 0, 0, 0, 0.5847, 0, 0, 0], [0, 0, 0, 0, 0, 0.4751, 0, 0, 0], [0, 0, 0, 0, 0, 0.4705, 0, 0, 0], [0, 0, 0, 0, 0, 0.4531, 0, 0, 0], [0, 0, 0, 0, 0, 0.4351, 0, 0, 0]], "bottom_logit_ablation_values": [[0, 0, 0, 0, 0, -0.7804, 0, 0, 0], [0, 0, 0, 0, 0, -0.6431, 0, 0, 0], [0, 0, 0, 0, 0, -0.5954, 0, 0, 0], [0, 0, 0, 0, 0, -0.5794, 0, 0, 0], [0, 0, 0, 0, 0, -0.5782, 0, 0, 0]], "residual_loss_ablation": [1.365, -1.241, 0.06819, 2.275, -0.6633, 6.757, 0.2098, 0.2636, 0]}}, {"tokens_str_list": ["Value", "=\"#", "{", "javascript", ":@", "Created", "()}", "\">", "\n           "], "tokens_acts_list": [0, 0, 0, 0, 0.1212, 0, 0, 0, 0], "train_token_ind": 4, "is_repeated_datapoint": 0, "datapoint_ind": 89413861, "ablations": {"loss_ablation": [0, 0, 0, 0, 0, 0.01359, 0, 0, 0], "top_logit_ablation_tokens_str": [["<META>", "<META>", "<META>", "<META>", "<META>", "?\u201d", "<META>", "<META>", "<META>"], ["<EOT>", "<EOT>", "<EOT>", "<EOT>", "<EOT>", " ,'", "<EOT>", "<EOT>", "<EOT>"], ["<META_START>", "<META_START>", "<META_START>", "<META_START>", "<META_START>", "!\u201d", "<META_START>", "<META_START>", "<META_START>"], ["<SOS>", "<SOS>", "<SOS>", "<SOS>", "<SOS>", " versa", "<SOS>", "<SOS>", "<SOS>"], ["<META_END>", "<META_END>", "<META_END>", "<META_END>", "<META_END>", "cester", "<META_END>", "<META_END>", "<META_END>"]],