{"index": 670, "act_buckets": [0, 0, 0, 0, 0, 0, 0, 1, 0, 0, 0, 0, 0, 0, 0, 0, 0, 0, 0, 0, 0, 0, 0, 0, 0, 0, 0, 0, 0, 0, 0, 0, 0, 0, 0, 0, 0, 0, 0, 1], "act_bucket_edges": [0, 0.01089, 0.02177, 0.03266, 0.04355, 0.05444, 0.06532, 0.07621, 0.0871, 0.09799, 0.1089, 0.1198, 0.1306, 0.1415, 0.1524, 0.1633, 0.1742, 0.1851, 0.196, 0.2069, 0.2177, 0.2286, 0.2395, 0.2504, 0.2613, 0.2722, 0.2831, 0.294, 0.3048, 0.3157, 0.3266, 0.3375, 0.3484, 0.3593, 0.3702, 0.3811, 0.3919, 0.4028, 0.4137, 0.4246, 0.4355], "logit_buckets": [3, 4, 13, 16, 31, 41, 76, 135, 197, 322, 2663, 1722, 2202, 2864, 3977, 5347, 6609, 7183, 7108, 6317, 5034, 4140, 3124, 2235, 1558, 1055, 689, 389, 216, 122, 61, 40, 21, 12, 3, 3, 3, 0, 0, 1], "logit_bucket_edges": [-0.4196, -0.3962, -0.3728, -0.3494, -0.326, -0.3025, -0.2791, -0.2557, -0.2323, -0.2088, -0.1854, -0.162, -0.1386, -0.1151, -0.09172, -0.0683, -0.04487, -0.02145, 0.001973, 0.0254, 0.04882, 0.07224, 0.09567, 0.1191, 0.1425, 0.1659, 0.1894, 0.2128, 0.2362, 0.2596, 0.2831, 0.3065, 0.3299, 0.3533, 0.3767, 0.4002, 0.4236, 0.447, 0.4704, 0.4939, 0.5173], "examples_quantiles": [{"quantile_name": "Top Activations", "quantile_max_act": 0.4355, "examples": [{"tokens_str_list": ["oids", ".\\[[@", "CR", "23", "],", " [@", "CR", "25", "]\\]"], "tokens_acts_list": [0, 0, 0, 0, 0.4355, 0, 0, 0, 0], "train_token_ind": 4, "is_repeated_datapoint": 0, "datapoint_ind": 24540605, "ablations": {"loss_ablation": [0, 0, 0, 0, 0, 0.01556, 0, 0, 0], "top_logit_ablation_tokens_str": [["<META>", "<META>", "<META>", "<META>", "<META>", "icians", "<META>", "<META>", "<META>"], ["<EOT>", "<EOT>", "<EOT>", "<EOT>", "<EOT>", "auts", "<EOT>", "<EOT>", "<EOT>"], ["<META_START>", "<META_START>", "<META_START>", "<META_START>", "<META_START>", "ights", "<META_START>", "<META_START>", "<META_START>"], ["<SOS>", "<SOS>", "<SOS>", "<SOS>", "<SOS>", "ity", "<SOS>", "<SOS>", "<SOS>"], ["<META_END>", "<META_END>", "<META_END>", "<META_END>", "<META_END>", "Rev", "<META_END>", "<META_END>", "<META_END>"]], "bottom_logit_ablation_tokens_str": [["<META>", "<META>", "<META>", "<META>", "<META>", "ingly", "<META>", "<META>", "<META>"], ["<EOT>", "<EOT>", "<EOT>", "<EOT>", "<EOT>", "}})", "<EOT>", "<EOT>", "<EOT>"], ["<META_START>", "<META_START>", "<META_START>", "<META_START>", "<META_START>", "ered", "<META_START>", "<META_START>", "<META_START>"], ["<SOS>", "<SOS>", "<SOS>", "<SOS>", "<SOS>", "weet", "<SOS>", "<SOS>", "<SOS>"], ["<META_END>", "<META_END>", "<META_END>", "<META_END>", "<META_END>", "\"\u2014", "<META_END>", "<META_END>", "<META_END>"]], "top_logit_ablation_values": [[0, 0, 0, 0, 0, 0.3829, 0, 0, 0], [0, 0, 0, 0, 0, 0.377, 0, 0, 0], [0, 0, 0, 0, 0, 0.3713, 0, 0, 0], [0, 0, 0, 0, 0, 0.363, 0, 0, 0], [0, 0, 0, 0, 0, 0.3595, 0, 0, 0]], "bottom_logit_ablation_values": [[0, 0, 0, 0, 0, -0.33, 0, 0, 0], [0, 0, 0, 0, 0, -0.2837, 0, 0, 0], [0, 0, 0, 0, 0, -0.2692, 0, 0, 0], [0, 0, 0, 0, 0, -0.269, 0, 0, 0], [0, 0, 0, 0, 0, -0.267, 0, 0, 0]], "residual_loss_ablation": [4.096, 1.95, -0.3874, -0.3619, -4.063, 0.1594, -0.01477, 0.699, 0]}}, {"tokens_str_list": [" conditions", ".", " In", " contrast", ",", " 5", "-", "HT", "~"], "tokens_acts_list": [0, 0, 0, 0, 0.07928, 0, 0, 0, 0], "train_token_ind": 4, "is_repeated_datapoint": 0, "datapoint_ind": 44862297, "ablations": {"loss_ablation": [0, 0, 0, 0, 0, -0.009622, 0, 0, 0], "top_logit_ablation_tokens_str": [["<META>", "<META>", "<META>", "<META>", "<META>", "ights", "<META>", "<META>", "<META>"], ["<EOT>", "<EOT>", "<EOT>", "<EOT>", "<EOT>", "auts", "<EOT>", "<EOT>", "<EOT>"], ["<META_START>", "<META_START>", "<META_START>", "<META_START>", "<META_START>", "icians", "<META_START>", "<META_START>", "<META_START>"], ["<SOS>", "<SOS>", "<SOS>", "<SOS>", "<SOS>", "ences", "<SOS>", "<SOS>", "<SOS>"], ["<META_END>", "<META_END>", "<META_END>", "<META_END>", "<META_END>", "iqu", "<META_END>", "<META_END>", "<META_END>"]], "bottom_logit_ablation_tokens_str": [["<META>", "<META>", "<META>", "<META>", "<META>", "ingly", "<META>", "<META>", "<META>"], ["<EOT>", "<EOT>", "<EOT>", "<EOT>", "<EOT>", "\"\u2014", "<EOT>", "<EOT>", "<EOT>"], ["<META_START>", "<META_START>", "<META_START>", "<META_START>", "<META_START>", ",\"", "<META_START>", "<META_START>", "<META_START>"], ["<SOS>", "<SOS>", "<SOS>", "<SOS>", "<SOS>", "}})", "<SOS>", "<SOS>", "<SOS>"], ["<META_END>", "<META_END>", "<META_END>", "<META_END>", "<META_END>", "weet", "<META_END>", "<META_END>", "<META_END>"]], "top_logit_ablation_values": [[0, 0, 0, 0, 0, 0.077, 0, 0, 0], [0, 0, 0, 0, 0, 0.07233, 0, 0, 0], [0, 0, 0, 0, 0, 0.07232, 0, 0, 0], [0, 0, 0, 0, 0, 0.07197, 0, 0, 0], [0, 0, 0, 0, 0, 0.07118, 0, 0, 0]], "bottom_logit_ablation_values": [[0, 0, 0, 0, 0, -0.08924, 0, 0, 0], [0, 0, 0, 0, 0, -0.07519, 0, 0, 0], [0, 0, 0, 0, 0, -0.07388, 0, 0, 0], [0, 0, 0, 0, 0, -0.07133, 0, 0, 0], [0, 0, 0, 0, 0, -0.07114, 0, 0, 0]], "residual_loss_ablation": [1.046, 0.2116, -0.3119, 0.5894, -0.1229, 2.026, -0.1312, 6.317, 0]}}]}], "statistics": {"density_frac": 2e-08, "global_max_act": 0.4355, "abs_max_neuron_weights": [0.1769, 0.1633, 0.1431], "abs_max_neuron_inds": [79, 493, 41], "l1_max_neuron_weights": [0.01013, 0.009354, 0.008198]}, "logit_effects": {"negatives": [["ical", -0.3696], [" Pradesh", -0.3707], ["Rev", -0.3716], ["ity", -0.3744], ["iqu", -0.3841], ["ences", -0.3853], ["\u0441\u0442\u0432", -0.3907], ["auts", -0.3978], ["icians", -0.4045], ["ights", -0.4196]], "positives": [["ingly", 0.5173], [",\"", 0.4366], ["}})", 0.4352], ["\"\u2014", 0.4292], ["weet", 0.422], ["\"--", 0.4045], ["ered", 0.4019], [".\")", 0.3974], ["}},", 0.396], [",'", 0.3782]]}}