{"index": 710, "act_buckets": [0, 0, 0, 0, 0, 0, 0, 0, 0, 0, 0, 0, 0, 0, 0, 0, 0, 0, 0, 0, 0, 0, 0, 0, 0, 0, 0, 0, 0, 0, 0, 0, 0, 0, 0, 0, 0, 0, 0, 1], "act_bucket_edges": [0, 0.01157, 0.02315, 0.03472, 0.04629, 0.05786, 0.06944, 0.08101, 0.09258, 0.1042, 0.1157, 0.1273, 0.1389, 0.1504, 0.162, 0.1736, 0.1852, 0.1967, 0.2083, 0.2199, 0.2315, 0.243, 0.2546, 0.2662, 0.2777, 0.2893, 0.3009, 0.3125, 0.324, 0.3356, 0.3472, 0.3588, 0.3703, 0.3819, 0.3935, 0.405, 0.4166, 0.4282, 0.4398, 0.4513, 0.4629], "logit_buckets": [1, 2, 8, 21, 30, 58, 97, 156, 317, 515, 828, 1048, 1414, 1855, 2347, 3137, 3853, 4702, 5225, 5670, 6052, 5969, 5614, 5027, 5701, 2175, 1397, 860, 596, 395, 201, 109, 77, 34, 24, 7, 8, 4, 1, 1], "logit_bucket_edges": [-0.3939, -0.3744, -0.355, -0.3355, -0.3161, -0.2966, -0.2772, -0.2577, -0.2383, -0.2188, -0.1993, -0.1799, -0.1604, -0.141, -0.1215, -0.1021, -0.08262, -0.06316, -0.04371, -0.02425, -0.004798, 0.01466, 0.03411, 0.05357, 0.07302, 0.09248, 0.1119, 0.1314, 0.1508, 0.1703, 0.1898, 0.2092, 0.2287, 0.2481, 0.2676, 0.287, 0.3065, 0.3259, 0.3454, 0.3648, 0.3843], "examples_quantiles": [{"quantile_name": "Top Activations", "quantile_max_act": 0.4629, "examples": [{"tokens_str_list": [" mit", "z", "ured", "en", ".\u00ab", "\n", "\n", "\u00bb", "All"], "tokens_acts_list": [0, 0, 0, 0, 0.4629, 0, 0, 0, 0], "train_token_ind": 4, "is_repeated_datapoint": 0, "datapoint_ind": 76851631, "ablations": {"loss_ablation": [0, 0, 0, 0, 0, -0.01504, 0, 0, 0], "top_logit_ablation_tokens_str": [["<META>", "<META>", "<META>", "<META>", "<META>", "3", "<META>", "<META>", "<META>"], ["<EOT>", "<EOT>", "<EOT>", "<EOT>", "<EOT>", " importantly", "<EOT>", "<EOT>", "<EOT>"], ["<META_START>", "<META_START>", "<META_START>", "<META_START>", "<META_START>", "\u2019", "<META_START>", "<META_START>", "<META_START>"], ["<SOS>", "<SOS>", "<SOS>", "<SOS>", "<SOS>", "2", "<SOS>", "<SOS>", "<SOS>"], ["<META_END>", "<META_END>", "<META_END>", "<META_END>", "<META_END>", "\\x86", "<META_END>", "<META_END>", "<META_END>"]], "bottom_logit_ablation_tokens_str": [["<META>", "<META>", "<META>", "<META>", "<META>", "pose", "<META>", "<META>", "<META>"], ["<EOT>", "<EOT>", "<EOT>", "<EOT>", "<EOT>", "t\u00e9", "<EOT>", "<EOT>", "<EOT>"], ["<META_START>", "<META_START>", "<META_START>", "<META_START>", "<META_START>", "Getty", "<META_START>", "<META_START>", "<META_START>"], ["<SOS>", "<SOS>", "<SOS>", "<SOS>", "<SOS>", "unnumbered", "<SOS>", "<SOS>", "<SOS>"], ["<META_END>", "<META_END>", "<META_END>", "<META_END>", "<META_END>", "\u0159", "<META_END>", "<META_END>", "<META_END>"]], "top_logit_ablation_values": [[0, 0, 0, 0, 0, 0.02819, 0, 0, 0], [0, 0, 0, 0, 0, 0.02359, 0, 0, 0], [0, 0, 0, 0, 0, 0.008383, 0, 0, 0], [0, 0, 0, 0, 0, 0.007493, 0, 0, 0], [0, 0, 0, 0, 0, 0.006865, 0, 0, 0]], "bottom_logit_ablation_values": [[0, 0, 0, 0, 0, -0.4678, 0, 0, 0], [0, 0, 0, 0, 0, -0.4412, 0, 0, 0], [0, 0, 0, 0, 0, -0.4407, 0, 0, 0], [0, 0, 0, 0, 0, -0.424, 0, 0, 0], [0, 0, 0, 0, 0, -0.4219, 0, 0, 0]], "residual_loss_ablation": [-1.391, 0.6779, 1.498, 2.721, -0.6154, 3.15, 0.161, 5.499, 0]}}]}], "statistics": {"density_frac": 1e-08, "global_max_act": 0.4629, "abs_max_neuron_weights": [0.1661, 0.1551, 0.1218], "abs_max_neuron_inds": [314, 508, 219], "l1_max_neuron_weights": [0.009311, 0.008698, 0.006827]}, "logit_effects": {"negatives": [["ounds", -0.338], [" also", -0.3398], [" HOWEVER", -0.3398], ["isions", -0.3403], ["\\x86", -0.3422], ["ized", -0.3456], ["atics", -0.3493], ["3", -0.3611], ["ifically", -0.3674], [" importantly", -0.3939]], "positives": [["pose", 0.3843], ["Getty", 0.3546], ["t\u00e9", 0.3441], ["\u00e8re", 0.3385], ["\u00f1o", 0.3374], ["\u0159", 0.3344], ["pel", 0.3161], ["\u015f", 0.3161], ["bridge", 0.3145], ["\u00f1", 0.3144]]}}