{"index": 719, "act_buckets": [1, 3, 0, 0, 0, 1, 0, 0, 0, 0, 0, 1, 0, 0, 0, 0, 0, 0, 0, 0, 1, 0, 0, 0, 0, 0, 0, 0, 1, 0, 0, 0, 0, 0, 0, 0, 0, 0, 0, 1], "act_bucket_edges": [0, 0.01323, 0.02646, 0.03969, 0.05293, 0.06616, 0.07939, 0.09262, 0.1059, 0.1191, 0.1323, 0.1455, 0.1588, 0.172, 0.1852, 0.1985, 0.2117, 0.2249, 0.2382, 0.2514, 0.2646, 0.2779, 0.2911, 0.3043, 0.3176, 0.3308, 0.344, 0.3572, 0.3705, 0.3837, 0.3969, 0.4102, 0.4234, 0.4366, 0.4499, 0.4631, 0.4763, 0.4896, 0.5028, 0.516, 0.5293], "logit_buckets": [1, 0, 3, 5, 8, 17, 32, 37, 82, 102, 159, 340, 521, 823, 1217, 1951, 2755, 3897, 5180, 6684, 7784, 11450, 7937, 5509, 3684, 2238, 1316, 802, 466, 249, 136, 73, 38, 17, 9, 5, 4, 3, 0, 1], "logit_bucket_edges": [-0.4811, -0.4582, -0.4354, -0.4126, -0.3898, -0.3669, -0.3441, -0.3213, -0.2984, -0.2756, -0.2528, -0.2299, -0.2071, -0.1843, -0.1614, -0.1386, -0.1158, -0.09292, -0.07009, -0.04726, -0.02443, -0.001593, 0.02124, 0.04407, 0.0669, 0.08974, 0.1126, 0.1354, 0.1582, 0.1811, 0.2039, 0.2267, 0.2496, 0.2724, 0.2952, 0.3181, 0.3409, 0.3637, 0.3866, 0.4094, 0.4322], "examples_quantiles": [{"quantile_name": "Top Activations", "quantile_max_act": 0.5293, "examples": [{"tokens_str_list": [" that", " Jacob", " de", " Le", "des", "ma", " had", " died", "."], "tokens_acts_list": [0, 0, 0, 0, 0.5293, 0, 0, 0, 0], "train_token_ind": 4, "is_repeated_datapoint": 0, "datapoint_ind": 86989185, "ablations": {"loss_ablation": [0, 0, 0, 0, 0, 0.08739, 0, 0, 0], "top_logit_ablation_tokens_str": [["<META>", "<META>", "<META>", "<META>", "<META>", "ize", "<META>", "<META>", "<META>"], ["<EOT>", "<EOT>", "<EOT>", "<EOT>", "<EOT>", "one", "<EOT>", "<EOT>", "<EOT>"], ["<META_START>", "<META_START>", "<META_START>", "<META_START>", "<META_START>", "ized", "<META_START>", "<META_START>", "<META_START>"], ["<SOS>", "<SOS>", "<SOS>", "<SOS>", "<SOS>", "izes", "<SOS>", "<SOS>", "<SOS>"], ["<META_END>", "<META_END>", "<META_END>", "<META_END>", "<META_END>", "1", "<META_END>", "<META_END>", "<META_END>"]], "bottom_logit_ablation_tokens_str": [["<META>", "<META>", "<META>", "<META>", "<META>", "berry", "<META>", "<META>", "<META>"], ["<EOT>", "<EOT>", "<EOT>", "<EOT>", "<EOT>", "caster", "<EOT>", "<EOT>", "<EOT>"], ["<META_START>", "<META_START>", "<META_START>", "<META_START>", "<META_START>", "ships", "<META_START>", "<META_START>", "<META_START>"], ["<SOS>", "<SOS>", "<SOS>", "<SOS>", "<SOS>", "cci\u00f3n", "<SOS>", "<SOS>", "<SOS>"], ["<META_END>", "<META_END>", "<META_END>", "<META_END>", "<META_END>", "berries", "<META_END>", "<META_END>", "<META_END>"]], "top_logit_ablation_values": [[0, 0, 0, 0, 0, 0.7, 0, 0, 0], [0, 0, 0, 0, 0, 0.6461, 0, 0, 0], [0, 0, 0, 0, 0, 0.6387, 0, 0, 0], [0, 0, 0, 0, 0, 0.6386, 0, 0, 0], [0, 0, 0, 0, 0, 0.6304, 0, 0, 0]], "bottom_logit_ablation_values": [[0, 0, 0, 0, 0, -0.1207, 0, 0, 0], [0, 0, 0, 0, 0, -0.09447, 0, 0, 0], [0, 0, 0, 0, 0, -0.09135, 0, 0, 0], [0, 0, 0, 0, 0, -0.0681, 0, 0, 0], [0, 0, 0, 0, 0, -0.06448, 0, 0, 0]], "residual_loss_ablation": [0.5343, -0.9996, 0.2822, 1.468, 0.3515, 1.614, 0.5093, 0.9998, 0]}}, {"tokens_str_list": ["if", " n", "ah", "m", " ihn", " auch", " zu", " sein", "en"], "tokens_acts_list": [0, 0, 0, 0, 0.3804, 0, 0, 0, 0], "train_token_ind": 4, "is_repeated_datapoint": 0, "datapoint_ind": 80229430, "ablations": {"loss_ablation": [0, 0, 0, 0, 0, 0.007122, 0, 0, 0], "top_logit_ablation_tokens_str": [["<META>", "<META>", "<META>", "<META>", "<META>", "ize", "<META>", "<META>", "<META>"], ["<EOT>", "<EOT>", "<EOT>", "<EOT>", "<EOT>", "ized", "<EOT>", "<EOT>", "<EOT>"], ["<META_START>", "<META_START>", "<META_START>", "<META_START>", "<META_START>", "izes", "<META_START>", "<META_START>", "<META_START>"], ["<SOS>", "<SOS>", "<SOS>", "<SOS>", "<SOS>", "ization", "<SOS>", "<SOS>", "<SOS>"], ["<META_END>", "<META_END>", "<META_END>", "<META_END>", "<META_END>", "one", "<META_END>", "<META_END>", "<META_END>"]], "bottom_logit_ablation_tokens_str": [["<META>", "<META>", "<META>", "<META>", "<META>", "berry", "<META>", "<META>", "<META>"], ["<EOT>", "<EOT>", "<EOT>", "<EOT>", "<EOT>", "caster", "<EOT>", "<EOT>", "<EOT>"], ["<META_START>", "<META_START>", "<META_START>", "<META_START>", "<META_START>", "ships", "<META_START>", "<META_START>", "<META_START>"], ["<SOS>", "<SOS>", "<SOS>", "<SOS>", "<SOS>", "cci\u00f3n", "<SOS>", "<SOS>", "<SOS>"], ["<META_END>", "<META_END>", "<META_END>", "<META_END>", "<META_END>", "berries", "<META_END>", "<META_END>", "<META_END>"]], "top_logit_ablation_values": [[0, 0, 0, 0, 0, 0.406, 0, 0, 0], [0, 0, 0, 0, 0, 0.369, 0, 0, 0], [0, 0, 0, 0, 0, 0.368, 0, 0, 0], [0, 0, 0, 0, 0, 0.3636, 0, 0, 0], [0, 0, 0, 0, 0, 0.3631, 0, 0, 0]], "bottom_logit_ablation_values": [[0, 0, 0, 0, 0, -0.1403, 0, 0, 0], [0, 0, 0, 0, 0, -0.1041, 0, 0, 0], [0, 0, 0, 0, 0, -0.1028, 0, 0, 0], [0, 0, 0, 0, 0, -0.1017, 0, 0, 0], [0, 0, 0, 0, 0, -0.09928, 0, 0, 0]], "residual_loss_ablation": [0.3174, 0.5951, -2.435, 1.449, 1.557, 3.472, 2.955, 0.2689, 0]}}, {"tokens_str_list": [" a", " pon", "cho", ",", " Dak", "ine", " backpack", " stra", "pped"], "tokens_acts_list": [0, 0, 0, 0, 0.2698, 0, 0, 0, 0], "train_token_ind": 4, "is_repeated_datapoint": 0, "datapoint_ind": 52797192, "ablations": {"loss_ablation": [0, 0, 0, 0, 0, -0.08529, 0, 0, 0], "top_logit_ablation_tokens_str": [["<META>", "<META>", "<META>", "<META>", "<META>", "ize", "<META>", "<META>", "<META>"], ["<EOT>", "<EOT>", "<EOT>", "<EOT>", "<EOT>", "1", "<EOT>", "<EOT>", "<EOT>"], ["<META_START>", "<META_START>", "<META_START>", "<META_START>", "<META_START>", "one", "<META_START>", "<META_START>", "<META_START>"], ["<SOS>", "<SOS>", "<SOS>", "<SOS>", "<SOS>", "ized", "<SOS>", "<SOS>", "<SOS>"], ["<META_END>", "<META_END>", "<META_END>", "<META_END>", "<META_END>", "ization", "<META_END>", "<META_END>", "<META_END>"]], "bottom_logit_ablation_tokens_str": [["<META>", "<META>", "<META>", "<META>", "<META>", "berry", "<META>", "<META>", "<META>"], ["<EOT>", "<EOT>", "<EOT>", "<EOT>", "<EOT>", "cci\u00f3n", "<EOT>", "<EOT>", "<EOT>"], ["<META_START>", "<META_START>", "<META_START>", "<META_START>", "<META_START>", "ships", "<META_START>", "<META_START>", "<META_START>"], ["<SOS>", "<SOS>", "<SOS>", "<SOS>", "<SOS>", "caster", "<SOS>", "<SOS>", "<SOS>"], ["<META_END>", "<META_END>", "<META_END>", "<META_END>", "<META_END>", "berries", "<META_END>", "<META_END>", "<META_END>"]], "top_logit_ablation_values": [[0, 0, 0, 0, 0, 0.2915, 0, 0, 0], [0, 0, 0, 0, 0, 0.2718, 0, 0, 0], [0, 0, 0, 0, 0, 0.2716, 0, 0, 0], [0, 0, 0, 0, 0, 0.2655, 0, 0, 0], [0, 0, 0, 0, 0, 0.2648, 0, 0, 0]], "bottom_logit_ablation_values": [[0, 0, 0, 0, 0, -0.1021, 0, 0, 0], [0, 0, 0, 0, 0, -0.07934, 0, 0, 0], [0, 0, 0, 0, 0, -0.07717, 0, 0, 0], [0, 0, 0, 0, 0, -0.07694, 0, 0, 0], [0, 0, 0, 0, 0, -0.07315, 0, 0, 0]], "residual_loss_ablation": [-0.9029, 1.309, 7.391, -0.9914, 1.416, 4.854, 5.241, 1.579, 0]}}, {"tokens_str_list": [" it", " take", " for", " a", " bount", "y", " to", " be", " auto"], "tokens_acts_list": [0, 0, 0, 0, 0.1494, 0, 0, 0, 0], "train_token_ind": 4, "is_repeated_datapoint": 0, "datapoint_ind": 82550481, "ablations": {"loss_ablation": [0, 0, 0, 0, 0, -0.0003574, 0, 0, 0], "top_logit_ablation_tokens_str": [["<META>", "<META>", "<META>", "<META>", "<META>", "ize", "<META>", "<META>", "<META>"], ["<EOT>", "<EOT>", "<EOT>", "<EOT>", "<EOT>", "one", "<EOT>", "<EOT>", "<EOT>"], ["<META_START>", "<META_START>", "<META_START>", "<META_START>", "<META_START>", "ized", "<META_START>", "<META_START>", "<META_START>"], ["<SOS>", "<SOS>", "<SOS>", "<SOS>", "<SOS>", "1", "<SOS>", "<SOS>", "<SOS>"], ["<META_END>", "<META_END>", "<META_END>", "<META_END>", "<META_END>", ">", "<META_END>", "<META_END>", "<META_END>"]],