{"index": 742, "act_buckets": [0, 0, 0, 0, 0, 0, 0, 0, 0, 0, 0, 0, 1, 0, 0, 0, 0, 0, 0, 0, 0, 0, 0, 0, 0, 0, 0, 0, 0, 0, 0, 0, 0, 0, 0, 0, 0, 0, 0, 2], "act_bucket_edges": [0, 0.006231, 0.01246, 0.01869, 0.02493, 0.03116, 0.03739, 0.04362, 0.04985, 0.05608, 0.06231, 0.06855, 0.07478, 0.08101, 0.08724, 0.09347, 0.0997, 0.1059, 0.1122, 0.1184, 0.1246, 0.1309, 0.1371, 0.1433, 0.1496, 0.1558, 0.162, 0.1682, 0.1745, 0.1807, 0.1869, 0.1932, 0.1994, 0.2056, 0.2119, 0.2181, 0.2243, 0.2306, 0.2368, 0.243, 0.2493], "logit_buckets": [3, 0, 0, 3, 4, 10, 22, 51, 95, 154, 289, 471, 789, 1206, 1646, 2148, 2804, 3445, 4377, 5355, 9067, 8020, 7276, 5926, 4421, 3160, 2011, 1122, 695, 392, 228, 138, 95, 50, 29, 12, 9, 6, 2, 5], "logit_bucket_edges": [-0.5751, -0.5478, -0.5205, -0.4933, -0.466, -0.4388, -0.4115, -0.3843, -0.357, -0.3298, -0.3025, -0.2752, -0.248, -0.2207, -0.1935, -0.1662, -0.139, -0.1117, -0.08445, -0.05719, -0.02993, -0.002678, 0.02458, 0.05184, 0.07909, 0.1063, 0.1336, 0.1609, 0.1881, 0.2154, 0.2426, 0.2699, 0.2971, 0.3244, 0.3517, 0.3789, 0.4062, 0.4334, 0.4607, 0.4879, 0.5152], "examples_quantiles": [{"quantile_name": "Top Activations", "quantile_max_act": 0.2493, "examples": [{"tokens_str_list": ["oids", ".\\[[@", "CR", "23", "],", " [@", "CR", "25", "]\\]"], "tokens_acts_list": [0, 0, 0, 0, 0.2493, 0, 0, 0, 0], "train_token_ind": 4, "is_repeated_datapoint": 0, "datapoint_ind": 24540605, "ablations": {"loss_ablation": [0, 0, 0, 0, 0, -0.00802, 0, 0, 0], "top_logit_ablation_tokens_str": [["<META>", "<META>", "<META>", "<META>", "<META>", "ists", "<META>", "<META>", "<META>"], ["<EOT>", "<EOT>", "<EOT>", "<EOT>", "<EOT>", " like", "<EOT>", "<EOT>", "<EOT>"], ["<META_START>", "<META_START>", "<META_START>", "<META_START>", "<META_START>", "'s", "<META_START>", "<META_START>", "<META_START>"], ["<SOS>", "<SOS>", "<SOS>", "<SOS>", "<SOS>", " sure", "<SOS>", "<SOS>", "<SOS>"], ["<META_END>", "<META_END>", "<META_END>", "<META_END>", "<META_END>", " as", "<META_END>", "<META_END>", "<META_END>"]], "bottom_logit_ablation_tokens_str": [["<META>", "<META>", "<META>", "<META>", "<META>", "ppings", "<META>", "<META>", "<META>"], ["<EOT>", "<EOT>", "<EOT>", "<EOT>", "<EOT>", " COURT", "<EOT>", "<EOT>", "<EOT>"], ["<META_START>", "<META_START>", "<META_START>", "<META_START>", "<META_START>", "\u00eancia", "<META_START>", "<META_START>", "<META_START>"], ["<SOS>", "<SOS>", "<SOS>", "<SOS>", "<SOS>", "erated", "<SOS>", "<SOS>", "<SOS>"], ["<META_END>", "<META_END>", "<META_END>", "<META_END>", "<META_END>", "utant", "<META_END>", "<META_END>", "<META_END>"]], "top_logit_ablation_values": [[0, 0, 0, 0, 0, 0.3888, 0, 0, 0], [0, 0, 0, 0, 0, 0.3812, 0, 0, 0], [0, 0, 0, 0, 0, 0.3787, 0, 0, 0], [0, 0, 0, 0, 0, 0.3533, 0, 0, 0], [0, 0, 0, 0, 0, 0.3473, 0, 0, 0]], "bottom_logit_ablation_values": [[0, 0, 0, 0, 0, -0.1056, 0, 0, 0], [0, 0, 0, 0, 0, -0.09641, 0, 0, 0], [0, 0, 0, 0, 0, -0.09276, 0, 0, 0], [0, 0, 0, 0, 0, -0.0885, 0, 0, 0], [0, 0, 0, 0, 0, -0.08599, 0, 0, 0]], "residual_loss_ablation": [4.096, 1.95, -0.3874, -0.3619, -4.063, 0.1594, -0.01477, 0.699, 0]}}, {"tokens_str_list": ["<EOT>", ",", " pec", "uni", "ary", " loss", " and"], "tokens_acts_list": [0, 0, 0.2438, 0, 0, 0, 0], "train_token_ind": 2, "is_repeated_datapoint": 0, "datapoint_ind": 48542371, "ablations": {"loss_ablation": [0, 0, 0, 0.0467, 0, 0, 0], "top_logit_ablation_tokens_str": [["<META>", "<META>", "<META>", " like", "<META>", "<META>", "<META>"], ["<EOT>", "<EOT>", "<EOT>", "ists", "<EOT>", "<EOT>", "<EOT>"], ["<META_START>", "<META_START>", "<META_START>", "'s", "<META_START>", "<META_START>", "<META_START>"], ["<SOS>", "<SOS>", "<SOS>", " sure", "<SOS>", "<SOS>", "<SOS>"], ["<META_END>", "<META_END>", "<META_END>", " as", "<META_END>", "<META_END>", "<META_END>"]], "bottom_logit_ablation_tokens_str": [["<META>", "<META>", "<META>", "\u00eancia", "<META>", "<META>", "<META>"], ["<EOT>", "<EOT>", "<EOT>", "utant", "<EOT>", "<EOT>", "<EOT>"], ["<META_START>", "<META_START>", "<META_START>", "erated", "<META_START>", "<META_START>", "<META_START>"], ["<SOS>", "<SOS>", "<SOS>", "acent", "<SOS>", "<SOS>", "<SOS>"], ["<META_END>", "<META_END>", "<META_END>", " COURT", "<META_END>", "<META_END>", "<META_END>"]], "top_logit_ablation_values": [[0, 0, 0, 0.4425, 0, 0, 0], [0, 0, 0, 0.4423, 0, 0, 0], [0, 0, 0, 0.4387, 0, 0, 0], [0, 0, 0, 0.4144, 0, 0, 0], [0, 0, 0, 0.4073, 0, 0, 0]], "bottom_logit_ablation_values": [[0, 0, 0, -0.1389, 0, 0, 0], [0, 0, 0, -0.1362, 0, 0, 0], [0, 0, 0, -0.1292, 0, 0, 0], [0, 0, 0, -0.1224, 0, 0, 0], [0, 0, 0, -0.1185, 0, 0, 0]], "residual_loss_ablation": [0, 0.05736, 0.1963, 15.45, 10.62, 10.26, 0]}}, {"tokens_str_list": [" lot", " of", " time", ",", " depending", " on", " the", " volume", " of"], "tokens_acts_list": [0, 0, 0, 0, 0.07608, 0, 0, 0, 0], "train_token_ind": 4, "is_repeated_datapoint": 0, "datapoint_ind": 40959597, "ablations": {"loss_ablation": [0, 0, 0, 0, 0, -0.002214, 0, 0, 0], "top_logit_ablation_tokens_str": [["<META>", "<META>", "<META>", "<META>", "<META>", "'s", "<META>", "<META>", "<META>"], ["<EOT>", "<EOT>", "<EOT>", "<EOT>", "<EOT>", " like", "<EOT>", "<EOT>", "<EOT>"], ["<META_START>", "<META_START>", "<META_START>", "<META_START>", "<META_START>", "ists", "<META_START>", "<META_START>", "<META_START>"], ["<SOS>", "<SOS>", "<SOS>", "<SOS>", "<SOS>", " sure", "<SOS>", "<SOS>", "<SOS>"], ["<META_END>", "<META_END>", "<META_END>", "<META_END>", "<META_END>", " as", "<META_END>", "<META_END>", "<META_END>"]], "bottom_logit_ablation_tokens_str": [["<META>", "<META>", "<META>", "<META>", "<META>", "ppings", "<META>", "<META>", "<META>"], ["<EOT>", "<EOT>", "<EOT>", "<EOT>", "<EOT>", "erated", "<EOT>", "<EOT>", "<EOT>"], ["<META_START>", "<META_START>", "<META_START>", "<META_START>", "<META_START>", "\u00eancia", "<META_START>", "<META_START>", "<META_START>"], ["<SOS>", "<SOS>", "<SOS>", "<SOS>", "<SOS>", "utant", "<SOS>", "<SOS>", "<SOS>"], ["<META_END>", "<META_END>", "<META_END>", "<META_END>", "<META_END>", " COURT", "<META_END>", "<META_END>", "<META_END>"]], "top_logit_ablation_values": [[0, 0, 0, 0, 0, 0.1141, 0, 0, 0], [0, 0, 0, 0, 0, 0.1129, 0, 0, 0], [0, 0, 0, 0, 0, 0.1126, 0, 0, 0], [0, 0, 0, 0, 0, 0.1074, 0, 0, 0], [0, 0, 0, 0, 0, 0.1031, 0, 0, 0]], "bottom_logit_ablation_values": [[0, 0, 0, 0, 0, -0.0252, 0, 0, 0], [0, 0, 0, 0, 0, -0.02188, 0, 0, 0], [0, 0, 0, 0, 0, -0.02183, 0, 0, 0], [0, 0, 0, 0, 0, -0.02119, 0, 0, 0], [0, 0, 0, 0, 0, -0.01871, 0, 0, 0]], "residual_loss_ablation": [-1.249, 0.1361, 0.7594, -0.9452, 1.48, -0.06309, -0.2858, 1.997, 0]}}]}], "statistics": {"density_frac": 3e-08, "global_max_act": 0.2493, "abs_max_neuron_weights": [0.1507, 0.1319, 0.1276], "abs_max_neuron_inds": [79, 31, 397], "l1_max_neuron_weights": [0.008336, 0.007296, 0.007061]}, "logit_effects": {"negatives": [[" alone", -0.4412], [" means", -0.4422], ["ocratic", -0.4439], [" more", -0.4556], [" as", -0.469], ["ful", -0.477], [" sure", -0.493], [" like", -0.5563], ["'s", -0.557], ["ists", -0.5751]], "positives": [["ppings", 0.5152], ["erated", 0.5038], [" COURT", 0.5016], ["utant", 0.4979], ["\u00eancia", 0.4943], ["iors", 0.4674], ["romes", 0.464], ["LED", 0.4557], ["acent", 0.454], ["GIN", 0.4518]]}}