{"index": 760, "act_buckets": [0, 0, 0, 0, 0, 0, 0, 0, 0, 0, 1, 0, 0, 0, 0, 0, 0, 0, 0, 0, 0, 0, 0, 0, 0, 0, 0, 1, 1, 0, 0, 0, 0, 0, 0, 0, 0, 0, 0, 1], "act_bucket_edges": [0, 0.01019, 0.02037, 0.03056, 0.04075, 0.05094, 0.06112, 0.07131, 0.0815, 0.09169, 0.1019, 0.1121, 0.1222, 0.1324, 0.1426, 0.1528, 0.163, 0.1732, 0.1834, 0.1936, 0.2037, 0.2139, 0.2241, 0.2343, 0.2445, 0.2547, 0.2649, 0.2751, 0.2852, 0.2954, 0.3056, 0.3158, 0.326, 0.3362, 0.3464, 0.3566, 0.3667, 0.3769, 0.3871, 0.3973, 0.4075], "logit_buckets": [3, 3, 7, 6, 11, 12, 29, 47, 86, 122, 220, 349, 470, 766, 1132, 1736, 2557, 3476, 4867, 6437, 7931, 8672, 8267, 5063, 3966, 2969, 2350, 1582, 1130, 587, 292, 173, 103, 44, 45, 11, 10, 2, 1, 2], "logit_bucket_edges": [-0.4835, -0.4608, -0.4381, -0.4154, -0.3926, -0.3699, -0.3472, -0.3245, -0.3017, -0.279, -0.2563, -0.2336, -0.2108, -0.1881, -0.1654, -0.1427, -0.1199, -0.0972, -0.07447, -0.05175, -0.02902, -0.006293, 0.01643, 0.03916, 0.06189, 0.08461, 0.1073, 0.1301, 0.1528, 0.1755, 0.1982, 0.221, 0.2437, 0.2664, 0.2891, 0.3119, 0.3346, 0.3573, 0.3801, 0.4028, 0.4255], "examples_quantiles": [{"quantile_name": "Top Activations", "quantile_max_act": 0.4075, "examples": [{"tokens_str_list": ["v", ".", " Schl", "age", " Lock", " Co", ".", " (", "2002"], "tokens_acts_list": [0, 0, 0, 0, 0.4075, 0, 0, 0, 0], "train_token_ind": 4, "is_repeated_datapoint": 0, "datapoint_ind": 51473891, "ablations": {"loss_ablation": [0, 0, 0, 0, 0, 0.1258, 0, 0, 0], "top_logit_ablation_tokens_str": [["<META>", "<META>", "<META>", "<META>", "<META>", "ogenous", "<META>", "<META>", "<META>"], ["<EOT>", "<EOT>", "<EOT>", "<EOT>", "<EOT>", "ly", "<EOT>", "<EOT>", "<EOT>"], ["<META_START>", "<META_START>", "<META_START>", "<META_START>", "<META_START>", "odule", "<META_START>", "<META_START>", "<META_START>"], ["<SOS>", "<SOS>", "<SOS>", "<SOS>", "<SOS>", "antine", "<SOS>", "<SOS>", "<SOS>"], ["<META_END>", "<META_END>", "<META_END>", "<META_END>", "<META_END>", "Solve", "<META_END>", "<META_END>", "<META_END>"]], "bottom_logit_ablation_tokens_str": [["<META>", "<META>", "<META>", "<META>", "<META>", "supplementary", "<META>", "<META>", "<META>"], ["<EOT>", "<EOT>", "<EOT>", "<EOT>", "<EOT>", " \u00a9", "<EOT>", "<EOT>", "<EOT>"], ["<META_START>", "<META_START>", "<META_START>", "<META_START>", "<META_START>", "),", "<META_START>", "<META_START>", "<META_START>"], ["<SOS>", "<SOS>", "<SOS>", "<SOS>", "<SOS>", " respectively", "<SOS>", "<SOS>", "<SOS>"], ["<META_END>", "<META_END>", "<META_END>", "<META_END>", "<META_END>", " Paulo", "<META_END>", "<META_END>", "<META_END>"]], "top_logit_ablation_values": [[0, 0, 0, 0, 0, 0.4729, 0, 0, 0], [0, 0, 0, 0, 0, 0.4712, 0, 0, 0], [0, 0, 0, 0, 0, 0.4656, 0, 0, 0], [0, 0, 0, 0, 0, 0.4576, 0, 0, 0], [0, 0, 0, 0, 0, 0.4488, 0, 0, 0]], "bottom_logit_ablation_values": [[0, 0, 0, 0, 0, -0.00808, 0, 0, 0], [0, 0, 0, 0, 0, -0.00523, 0, 0, 0], [0, 0, 0, 0, 0, 0.01558, 0, 0, 0], [0, 0, 0, 0, 0, 0.02197, 0, 0, 0], [0, 0, 0, 0, 0, 0.02664, 0, 0, 0]], "residual_loss_ablation": [1.528, -0.6784, -1.148, 0.4481, 0.6174, 0.4755, 0.9174, -0.8176, 0]}}, {"tokens_str_list": [" it", " take", " for", " a", " bount", "y", " to", " be", " auto"], "tokens_acts_list": [0, 0, 0, 0, 0.2885, 0, 0, 0, 0], "train_token_ind": 4, "is_repeated_datapoint": 0, "datapoint_ind": 82550481, "ablations": {"loss_ablation": [0, 0, 0, 0, 0, -0.006634, 0, 0, 0], "top_logit_ablation_tokens_str": [["<META>", "<META>", "<META>", "<META>", "<META>", "atically", "<META>", "<META>", "<META>"], ["<EOT>", "<EOT>", "<EOT>", "<EOT>", "<EOT>", "atic", "<EOT>", "<EOT>", "<EOT>"], ["<META_START>", "<META_START>", "<META_START>", "<META_START>", "<META_START>", "ly", "<META_START>", "<META_START>", "<META_START>"], ["<SOS>", "<SOS>", "<SOS>", "<SOS>", "<SOS>", "atics", "<SOS>", "<SOS>", "<SOS>"], ["<META_END>", "<META_END>", "<META_END>", "<META_END>", "<META_END>", "ogenous", "<META_END>", "<META_END>", "<META_END>"]], "bottom_logit_ablation_tokens_str": [["<META>", "<META>", "<META>", "<META>", "<META>", " \u00a9", "<META>", "<META>", "<META>"], ["<EOT>", "<EOT>", "<EOT>", "<EOT>", "<EOT>", ");", "<EOT>", "<EOT>", "<EOT>"], ["<META_START>", "<META_START>", "<META_START>", "<META_START>", "<META_START>", "),", "<META_START>", "<META_START>", "<META_START>"], ["<SOS>", "<SOS>", "<SOS>", "<SOS>", "<SOS>", "ci\u00f3n", "<SOS>", "<SOS>", "<SOS>"], ["<META_END>", "<META_END>", "<META_END>", "<META_END>", "<META_END>", "KERN", "<META_END>", "<META_END>", "<META_END>"]], "top_logit_ablation_values": [[0, 0, 0, 0, 0, 0.3032, 0, 0, 0], [0, 0, 0, 0, 0, 0.3015, 0, 0, 0], [0, 0, 0, 0, 0, 0.299, 0, 0, 0], [0, 0, 0, 0, 0, 0.2969, 0, 0, 0], [0, 0, 0, 0, 0, 0.2967, 0, 0, 0]], "bottom_logit_ablation_values": [[0, 0, 0, 0, 0, -0.03346, 0, 0, 0], [0, 0, 0, 0, 0, -0.02353, 0, 0, 0], [0, 0, 0, 0, 0, -0.02094, 0, 0, 0], [0, 0, 0, 0, 0, -0.01937, 0, 0, 0], [0, 0, 0, 0, 0, -0.01719, 0, 0, 0]], "residual_loss_ablation": [0.5495, 1.034, -0.03435, 0.2797, -0.4034, 2.756, -1.464, -2.046, 0]}}, {"tokens_str_list": ["'t", " want", " to", " re", "install", " everything", "\n", "\n", "I"], "tokens_acts_list": [0, 0, 0, 0, 0.2808, 0, 0, 0, 0], "train_token_ind": 4, "is_repeated_datapoint": 0, "datapoint_ind": 37999439, "ablations": {"loss_ablation": [0, 0, 0, 0, 0, 0.006292, 0, 0, 0], "top_logit_ablation_tokens_str": [["<META>", "<META>", "<META>", "<META>", "<META>", "ly", "<META>", "<META>", "<META>"], ["<EOT>", "<EOT>", "<EOT>", "<EOT>", "<EOT>", "odule", "<EOT>", "<EOT>", "<EOT>"], ["<META_START>", "<META_START>", "<META_START>", "<META_START>", "<META_START>", "ogenous", "<META_START>", "<META_START>", "<META_START>"], ["<SOS>", "<SOS>", "<SOS>", "<SOS>", "<SOS>", "ological", "<SOS>", "<SOS>", "<SOS>"], ["<META_END>", "<META_END>", "<META_END>", "<META_END>", "<META_END>", "atically", "<META_END>", "<META_END>", "<META_END>"]], "bottom_logit_ablation_tokens_str": [["<META>", "<META>", "<META>", "<META>", "<META>", "supplementary", "<META>", "<META>", "<META>"], ["<EOT>", "<EOT>", "<EOT>", "<EOT>", "<EOT>", " \u00a9", "<EOT>", "<EOT>", "<EOT>"], ["<META_START>", "<META_START>", "<META_START>", "<META_START>", "<META_START>", "),", "<META_START>", "<META_START>", "<META_START>"], ["<SOS>", "<SOS>", "<SOS>", "<SOS>", "<SOS>", " (\"", "<SOS>", "<SOS>", "<SOS>"], ["<META_END>", "<META_END>", "<META_END>", "<META_END>", "<META_END>", " injured", "<META_END>", "<META_END>", "<META_END>"]], "top_logit_ablation_values": [[0, 0, 0, 0, 0, 0.4065, 0, 0, 0], [0, 0, 0, 0, 0, 0.4031, 0, 0, 0], [0, 0, 0, 0, 0, 0.4009, 0, 0, 0], [0, 0, 0, 0, 0, 0.3876, 0, 0, 0], [0, 0, 0, 0, 0, 0.3876, 0, 0, 0]], "bottom_logit_ablation_values": [[0, 0, 0, 0, 0, 0.002135, 0, 0, 0], [0, 0, 0, 0, 0, 0.002776, 0, 0, 0], [0, 0, 0, 0, 0, 0.01685, 0, 0, 0], [0, 0, 0, 0, 0, 0.02687, 0, 0, 0], [0, 0, 0, 0, 0, 0.02912, 0, 0, 0]], "residual_loss_ablation": [-0.118, -1.488, -0.3642, 0.4233, 2.479, -0.6169, 2.169, 0.4111, 0]}}, {"tokens_str_list": [" old", " topic", " (", "not", " entirely", " sure", " why", " thats", " a"], "tokens_acts_list": [0, 0, 0, 0, 0.1078, 0, 0, 0, 0], "train_token_ind": 4, "is_repeated_datapoint": 0, "datapoint_ind": 72925984, "ablations": {"loss_ablation": [0, 0, 0, 0, 0, -0.02204, 0, 0, 0], "top_logit_ablation_tokens_str": [["<META>", "<META>", "<META>", "<META>", "<META>", "ly", "<META>", "<META>", "<META>"], ["<EOT>", "<EOT>", "<EOT>", "<EOT>", "<EOT>", "odule", "<EOT>", "<EOT>", "<EOT>"], ["<META_START>", "<META_START>", "<META_START>", "<META_START>", "<META_START>", "ogenous", "<META_START>", "<META_START>", "<META_START>"], ["<SOS>", "<SOS>", "<SOS>", "<SOS>", "<SOS>", "antine", "<SOS>", "<SOS>", "<SOS>"], ["<META_END>", "<META_END>", "<META_END>", "<META_END>", "<META_END>", "ological", "<META_END>", "<META_END>", "<META_END>"]],