{"index": 779, "act_buckets": [0, 0, 0, 0, 0, 0, 0, 0, 0, 0, 0, 1, 0, 0, 1, 0, 0, 0, 0, 0, 0, 0, 0, 0, 0, 0, 0, 0, 0, 0, 0, 0, 0, 0, 0, 0, 0, 0, 0, 1], "act_bucket_edges": [0, 0.004653, 0.009306, 0.01396, 0.01861, 0.02326, 0.02792, 0.03257, 0.03722, 0.04188, 0.04653, 0.05118, 0.05584, 0.06049, 0.06514, 0.06979, 0.07445, 0.0791, 0.08375, 0.08841, 0.09306, 0.09771, 0.1024, 0.107, 0.1117, 0.1163, 0.121, 0.1256, 0.1303, 0.1349, 0.1396, 0.1442, 0.1489, 0.1535, 0.1582, 0.1629, 0.1675, 0.1722, 0.1768, 0.1815, 0.1861], "logit_buckets": [2, 1, 2, 1, 5, 10, 12, 17, 39, 65, 101, 158, 253, 367, 567, 851, 1247, 1987, 3173, 6872, 7961, 8027, 7999, 7365, 5861, 4520, 3092, 1975, 1352, 772, 427, 219, 125, 57, 29, 10, 8, 5, 0, 2], "logit_bucket_edges": [-0.4963, -0.4739, -0.4515, -0.429, -0.4066, -0.3842, -0.3618, -0.3393, -0.3169, -0.2945, -0.2721, -0.2496, -0.2272, -0.2048, -0.1823, -0.1599, -0.1375, -0.1151, -0.09264, -0.07022, -0.04779, -0.02536, -0.002937, 0.01949, 0.04192, 0.06434, 0.08677, 0.1092, 0.1316, 0.154, 0.1765, 0.1989, 0.2213, 0.2438, 0.2662, 0.2886, 0.311, 0.3335, 0.3559, 0.3783, 0.4007], "examples_quantiles": [{"quantile_name": "Top Activations", "quantile_max_act": 0.1861, "examples": [{"tokens_str_list": [" old", " topic", " (", "not", " entirely", " sure", " why", " thats", " a"], "tokens_acts_list": [0, 0, 0, 0, 0.1861, 0, 0, 0, 0], "train_token_ind": 4, "is_repeated_datapoint": 0, "datapoint_ind": 72925984, "ablations": {"loss_ablation": [0, 0, 0, 0, 0, -0.03919, 0, 0, 0], "top_logit_ablation_tokens_str": [["<META>", "<META>", "<META>", "<META>", "<META>", "roup", "<META>", "<META>", "<META>"], ["<EOT>", "<EOT>", "<EOT>", "<EOT>", "<EOT>", "ility", "<EOT>", "<EOT>", "<EOT>"], ["<META_START>", "<META_START>", "<META_START>", "<META_START>", "<META_START>", "illion", "<META_START>", "<META_START>", "<META_START>"], ["<SOS>", "<SOS>", "<SOS>", "<SOS>", "<SOS>", "===============", "<SOS>", "<SOS>", "<SOS>"], ["<META_END>", "<META_END>", "<META_END>", "<META_END>", "<META_END>", "ify", "<META_END>", "<META_END>", "<META_END>"]], "bottom_logit_ablation_tokens_str": [["<META>", "<META>", "<META>", "<META>", "<META>", " cooker", "<META>", "<META>", "<META>"], ["<EOT>", "<EOT>", "<EOT>", "<EOT>", "<EOT>", "coat", "<EOT>", "<EOT>", "<EOT>"], ["<META_START>", "<META_START>", "<META_START>", "<META_START>", "<META_START>", "berry", "<META_START>", "<META_START>", "<META_START>"], ["<SOS>", "<SOS>", "<SOS>", "<SOS>", "<SOS>", "GeV", "<SOS>", "<SOS>", "<SOS>"], ["<META_END>", "<META_END>", "<META_END>", "<META_END>", "<META_END>", " swollen", "<META_END>", "<META_END>", "<META_END>"]], "top_logit_ablation_values": [[0, 0, 0, 0, 0, 0.1942, 0, 0, 0], [0, 0, 0, 0, 0, 0.1903, 0, 0, 0], [0, 0, 0, 0, 0, 0.1734, 0, 0, 0], [0, 0, 0, 0, 0, 0.1729, 0, 0, 0], [0, 0, 0, 0, 0, 0.1723, 0, 0, 0]], "bottom_logit_ablation_values": [[0, 0, 0, 0, 0, -0.104, 0, 0, 0], [0, 0, 0, 0, 0, -0.09947, 0, 0, 0], [0, 0, 0, 0, 0, -0.08342, 0, 0, 0], [0, 0, 0, 0, 0, -0.0824, 0, 0, 0], [0, 0, 0, 0, 0, -0.07973, 0, 0, 0]], "residual_loss_ablation": [1.649, -0.9952, -0.2815, -0.6566, -1.431, 7.321, -0.4655, 0.3301, 0]}}, {"tokens_str_list": [" area", " under", " the", " spectrum", " peak", " by", " magnetic", " resonance", " spectroscopy"], "tokens_acts_list": [0, 0, 0, 0, 0.06905, 0, 0, 0, 0], "train_token_ind": 4, "is_repeated_datapoint": 0, "datapoint_ind": 84329231, "ablations": {"loss_ablation": [0, 0, 0, 0, 0, -0.006258, 0, 0, 0], "top_logit_ablation_tokens_str": [["<META>", "<META>", "<META>", "<META>", "<META>", "ility", "<META>", "<META>", "<META>"], ["<EOT>", "<EOT>", "<EOT>", "<EOT>", "<EOT>", "roup", "<EOT>", "<EOT>", "<EOT>"], ["<META_START>", "<META_START>", "<META_START>", "<META_START>", "<META_START>", "===============", "<META_START>", "<META_START>", "<META_START>"], ["<SOS>", "<SOS>", "<SOS>", "<SOS>", "<SOS>", "\u0443\u043b\u044c\u0442", "<SOS>", "<SOS>", "<SOS>"], ["<META_END>", "<META_END>", "<META_END>", "<META_END>", "<META_END>", "ilities", "<META_END>", "<META_END>", "<META_END>"]], "bottom_logit_ablation_tokens_str": [["<META>", "<META>", "<META>", "<META>", "<META>", "SED", "<META>", "<META>", "<META>"], ["<EOT>", "<EOT>", "<EOT>", "<EOT>", "<EOT>", "heit", "<EOT>", "<EOT>", "<EOT>"], ["<META_START>", "<META_START>", "<META_START>", "<META_START>", "<META_START>", " cooker", "<META_START>", "<META_START>", "<META_START>"], ["<SOS>", "<SOS>", "<SOS>", "<SOS>", "<SOS>", "materials", "<SOS>", "<SOS>", "<SOS>"], ["<META_END>", "<META_END>", "<META_END>", "<META_END>", "<META_END>", "tz", "<META_END>", "<META_END>", "<META_END>"]], "top_logit_ablation_values": [[0, 0, 0, 0, 0, 0.06561, 0, 0, 0], [0, 0, 0, 0, 0, 0.06241, 0, 0, 0], [0, 0, 0, 0, 0, 0.05771, 0, 0, 0], [0, 0, 0, 0, 0, 0.05151, 0, 0, 0], [0, 0, 0, 0, 0, 0.04896, 0, 0, 0]], "bottom_logit_ablation_values": [[0, 0, 0, 0, 0, -0.05622, 0, 0, 0], [0, 0, 0, 0, 0, -0.05622, 0, 0, 0], [0, 0, 0, 0, 0, -0.05554, 0, 0, 0], [0, 0, 0, 0, 0, -0.05381, 0, 0, 0], [0, 0, 0, 0, 0, -0.0537, 0, 0, 0]], "residual_loss_ablation": [0.127, 2.544, -0.8616, 1.6, 0.8953, 0.6448, 1.836, 4.403, 0]}}, {"tokens_str_list": [" Height", " normalized", " spectra", " have", " been", " vertically", " shifted", " for", " clarity"], "tokens_acts_list": [0, 0, 0, 0, 0.05233, 0, 0, 0, 0], "train_token_ind": 4, "is_repeated_datapoint": 0, "datapoint_ind": 58737380, "ablations": {"loss_ablation": [0, 0, 0, 0, 0, -0.003016, 0, 0, 0], "top_logit_ablation_tokens_str": [["<META>", "<META>", "<META>", "<META>", "<META>", "===============", "<META>", "<META>", "<META>"], ["<EOT>", "<EOT>", "<EOT>", "<EOT>", "<EOT>", "roup", "<EOT>", "<EOT>", "<EOT>"], ["<META_START>", "<META_START>", "<META_START>", "<META_START>", "<META_START>", "ility", "<META_START>", "<META_START>", "<META_START>"], ["<SOS>", "<SOS>", "<SOS>", "<SOS>", "<SOS>", "inely", "<SOS>", "<SOS>", "<SOS>"], ["<META_END>", "<META_END>", "<META_END>", "<META_END>", "<META_END>", "ify", "<META_END>", "<META_END>", "<META_END>"]], "bottom_logit_ablation_tokens_str": [["<META>", "<META>", "<META>", "<META>", "<META>", "abouts", "<META>", "<META>", "<META>"], ["<EOT>", "<EOT>", "<EOT>", "<EOT>", "<EOT>", " cooker", "<EOT>", "<EOT>", "<EOT>"], ["<META_START>", "<META_START>", "<META_START>", "<META_START>", "<META_START>", "coat", "<META_START>", "<META_START>", "<META_START>"], ["<SOS>", "<SOS>", "<SOS>", "<SOS>", "<SOS>", "materials", "<SOS>", "<SOS>", "<SOS>"], ["<META_END>", "<META_END>", "<META_END>", "<META_END>", "<META_END>", "GeV", "<META_END>", "<META_END>", "<META_END>"]], "top_logit_ablation_values": [[0, 0, 0, 0, 0, 0.07496, 0, 0, 0], [0, 0, 0, 0, 0, 0.07277, 0, 0, 0], [0, 0, 0, 0, 0, 0.07223, 0, 0, 0], [0, 0, 0, 0, 0, 0.06719, 0, 0, 0], [0, 0, 0, 0, 0, 0.066, 0, 0, 0]], "bottom_logit_ablation_values": [[0, 0, 0, 0, 0, -0.05847, 0, 0, 0], [0, 0, 0, 0, 0, -0.05817, 0, 0, 0], [0, 0, 0, 0, 0, -0.05489, 0, 0, 0], [0, 0, 0, 0, 0, -0.04665, 0, 0, 0], [0, 0, 0, 0, 0, -0.04564, 0, 0, 0]], "residual_loss_ablation": [1.174, 0.1316, 0.8088, 1.31, -0.3492, -0.2979, 2.943, -1.46, 0]}}]}], "statistics": {"density_frac": 3e-08, "global_max_act": 0.1861, "abs_max_neuron_weights": [0.1916, 0.1524, 0.1389], "abs_max_neuron_inds": [430, 276, 18], "l1_max_neuron_weights": [0.01116, 0.008874, 0.008093]}, "logit_effects": {"negatives": [["========================", -0.3989], [" */", -0.3996], ["inely", -0.4011], ["iotics", -0.4027], ["==========", -0.411], ["illion", -0.4326], ["ify", -0.4343], ["===============", -0.4662], ["ility", -0.477], ["roup", -0.4963]], "positives": [[" cooker", 0.4007], ["coat", 0.3836], ["GeV", 0.3555], ["Fig", 0.3547], ["SED", 0.3412], ["materials", 0.3394], ["berry", 0.3355], ["tz", 0.3327], [" swollen", 0.3324], ["abouts", 0.3323]]}}