{"index": 793, "act_buckets": [1, 0, 0, 0, 0, 0, 0, 0, 1, 0, 0, 0, 1, 0, 0, 0, 0, 0, 0, 0, 0, 0, 1, 0, 0, 0, 0, 0, 0, 0, 0, 0, 0, 0, 0, 0, 0, 0, 0, 1], "act_bucket_edges": [0, 0.02518, 0.05036, 0.07555, 0.1007, 0.1259, 0.1511, 0.1763, 0.2015, 0.2266, 0.2518, 0.277, 0.3022, 0.3274, 0.3526, 0.3777, 0.4029, 0.4281, 0.4533, 0.4785, 0.5036, 0.5288, 0.554, 0.5792, 0.6044, 0.6296, 0.6547, 0.6799, 0.7051, 0.7303, 0.7555, 0.7807, 0.8058, 0.831, 0.8562, 0.8814, 0.9066, 0.9317, 0.9569, 0.9821, 1.007], "logit_buckets": [1, 0, 0, 6, 0, 1, 12, 21, 39, 59, 108, 176, 290, 477, 756, 1185, 3796, 3938, 4651, 5801, 6691, 7012, 6930, 6287, 5099, 3902, 2864, 2011, 1321, 869, 559, 326, 173, 89, 49, 18, 12, 2, 4, 1], "logit_bucket_edges": [-0.5232, -0.4991, -0.4749, -0.4508, -0.4266, -0.4025, -0.3784, -0.3542, -0.3301, -0.3059, -0.2818, -0.2577, -0.2335, -0.2094, -0.1852, -0.1611, -0.1369, -0.1128, -0.08866, -0.06452, -0.04038, -0.01624, 0.007904, 0.03205, 0.05619, 0.08033, 0.1045, 0.1286, 0.1528, 0.1769, 0.201, 0.2252, 0.2493, 0.2735, 0.2976, 0.3217, 0.3459, 0.37, 0.3942, 0.4183, 0.4425], "examples_quantiles": [{"quantile_name": "Top Activations", "quantile_max_act": 1.007, "examples": [{"tokens_str_list": [" mit", "z", "ured", "en", ".\u00ab", "\n", "\n", "\u00bb", "All"], "tokens_acts_list": [0, 0, 0, 0, 1.007, 0, 0, 0, 0], "train_token_ind": 4, "is_repeated_datapoint": 0, "datapoint_ind": 76851631, "ablations": {"loss_ablation": [0, 0, 0, 0, 0, -0.05497, 0, 0, 0], "top_logit_ablation_tokens_str": [["<META>", "<META>", "<META>", "<META>", "<META>", "izes", "<META>", "<META>", "<META>"], ["<EOT>", "<EOT>", "<EOT>", "<EOT>", "<EOT>", "izing", "<EOT>", "<EOT>", "<EOT>"], ["<META_START>", "<META_START>", "<META_START>", "<META_START>", "<META_START>", "ization", "<META_START>", "<META_START>", "<META_START>"], ["<SOS>", "<SOS>", "<SOS>", "<SOS>", "<SOS>", "ize", "<SOS>", "<SOS>", "<SOS>"], ["<META_END>", "<META_END>", "<META_END>", "<META_END>", "<META_END>", "ities", "<META_END>", "<META_END>", "<META_END>"]], "bottom_logit_ablation_tokens_str": [["<META>", "<META>", "<META>", "<META>", "<META>", "))?", "<META>", "<META>", "<META>"], ["<EOT>", "<EOT>", "<EOT>", "<EOT>", "<EOT>", "volent", "<EOT>", "<EOT>", "<EOT>"], ["<META_START>", "<META_START>", "<META_START>", "<META_START>", "<META_START>", ",\u201d", "<META_START>", "<META_START>", "<META_START>"], ["<SOS>", "<SOS>", "<SOS>", "<SOS>", "<SOS>", ".\u201d", "<SOS>", "<SOS>", "<SOS>"], ["<META_END>", "<META_END>", "<META_END>", "<META_END>", "<META_END>", "unnumbered", "<META_END>", "<META_END>", "<META_END>"]], "top_logit_ablation_values": [[0, 0, 0, 0, 0, 0.5795, 0, 0, 0], [0, 0, 0, 0, 0, 0.4628, 0, 0, 0], [0, 0, 0, 0, 0, 0.4558, 0, 0, 0], [0, 0, 0, 0, 0, 0.4546, 0, 0, 0], [0, 0, 0, 0, 0, 0.4291, 0, 0, 0]], "bottom_logit_ablation_values": [[0, 0, 0, 0, 0, -0.7618, 0, 0, 0], [0, 0, 0, 0, 0, -0.6994, 0, 0, 0], [0, 0, 0, 0, 0, -0.672, 0, 0, 0], [0, 0, 0, 0, 0, -0.669, 0, 0, 0], [0, 0, 0, 0, 0, -0.6635, 0, 0, 0]], "residual_loss_ablation": [-1.391, 0.6779, 1.498, 2.721, -0.6154, 3.15, 0.161, 5.499, 0]}}, {"tokens_str_list": [".", "oauth", "2", " import", " service", "_", "account", "\n", "Import"], "tokens_acts_list": [0, 0, 0, 0, 0.5591, 0, 0, 0, 0], "train_token_ind": 4, "is_repeated_datapoint": 0, "datapoint_ind": 37442150, "ablations": {"loss_ablation": [0, 0, 0, 0, 0, -0.2091, 0, 0, 0], "top_logit_ablation_tokens_str": [["<META>", "<META>", "<META>", "<META>", "<META>", "izes", "<META>", "<META>", "<META>"], ["<EOT>", "<EOT>", "<EOT>", "<EOT>", "<EOT>", "ities", "<EOT>", "<EOT>", "<EOT>"], ["<META_START>", "<META_START>", "<META_START>", "<META_START>", "<META_START>", "izing", "<META_START>", "<META_START>", "<META_START>"], ["<SOS>", "<SOS>", "<SOS>", "<SOS>", "<SOS>", "ization", "<SOS>", "<SOS>", "<SOS>"], ["<META_END>", "<META_END>", "<META_END>", "<META_END>", "<META_END>", "ize", "<META_END>", "<META_END>", "<META_END>"]], "bottom_logit_ablation_tokens_str": [["<META>", "<META>", "<META>", "<META>", "<META>", "))?", "<META>", "<META>", "<META>"], ["<EOT>", "<EOT>", "<EOT>", "<EOT>", "<EOT>", "\"\u2014", "<EOT>", "<EOT>", "<EOT>"], ["<META_START>", "<META_START>", "<META_START>", "<META_START>", "<META_START>", ",\u201d", "<META_START>", "<META_START>", "<META_START>"], ["<SOS>", "<SOS>", "<SOS>", "<SOS>", "<SOS>", "?\u201d", "<SOS>", "<SOS>", "<SOS>"], ["<META_END>", "<META_END>", "<META_END>", "<META_END>", "<META_END>", ".\u201d", "<META_END>", "<META_END>", "<META_END>"]], "top_logit_ablation_values": [[0, 0, 0, 0, 0, 0.4729, 0, 0, 0], [0, 0, 0, 0, 0, 0.4046, 0, 0, 0], [0, 0, 0, 0, 0, 0.4015, 0, 0, 0], [0, 0, 0, 0, 0, 0.3876, 0, 0, 0], [0, 0, 0, 0, 0, 0.387, 0, 0, 0]], "bottom_logit_ablation_values": [[0, 0, 0, 0, 0, -0.4956, 0, 0, 0], [0, 0, 0, 0, 0, -0.4504, 0, 0, 0], [0, 0, 0, 0, 0, -0.4394, 0, 0, 0], [0, 0, 0, 0, 0, -0.4323, 0, 0, 0], [0, 0, 0, 0, 0, -0.4284, 0, 0, 0]], "residual_loss_ablation": [1.666, 1.061, 4.82, 2.446, 1.128, -0.2748, 1.001, 2.873, 0]}}, {"tokens_str_list": [" tx", "_", "gt", "_", "def", ",", " genesis", "Activation", "Height"], "tokens_acts_list": [0, 0, 0, 0, 0.3149, 0, 0, 0, 0], "train_token_ind": 4, "is_repeated_datapoint": 0, "datapoint_ind": 64431586, "ablations": {"loss_ablation": [0, 0, 0, 0, 0, 0.03735, 0, 0, 0], "top_logit_ablation_tokens_str": [["<META>", "<META>", "<META>", "<META>", "<META>", "izes", "<META>", "<META>", "<META>"], ["<EOT>", "<EOT>", "<EOT>", "<EOT>", "<EOT>", "ities", "<EOT>", "<EOT>", "<EOT>"], ["<META_START>", "<META_START>", "<META_START>", "<META_START>", "<META_START>", "izing", "<META_START>", "<META_START>", "<META_START>"], ["<SOS>", "<SOS>", "<SOS>", "<SOS>", "<SOS>", "ization", "<SOS>", "<SOS>", "<SOS>"], ["<META_END>", "<META_END>", "<META_END>", "<META_END>", "<META_END>", "coring", "<META_END>", "<META_END>", "<META_END>"]], "bottom_logit_ablation_tokens_str": [["<META>", "<META>", "<META>", "<META>", "<META>", "))?", "<META>", "<META>", "<META>"], ["<EOT>", "<EOT>", "<EOT>", "<EOT>", "<EOT>", "?\u201d", "<EOT>", "<EOT>", "<EOT>"], ["<META_START>", "<META_START>", "<META_START>", "<META_START>", "<META_START>", ",\u201d", "<META_START>", "<META_START>", "<META_START>"], ["<SOS>", "<SOS>", "<SOS>", "<SOS>", "<SOS>", ".\u201d", "<SOS>", "<SOS>", "<SOS>"], ["<META_END>", "<META_END>", "<META_END>", "<META_END>", "<META_END>", "\"\u2014", "<META_END>", "<META_END>", "<META_END>"]], "top_logit_ablation_values": [[0, 0, 0, 0, 0, 0.3209, 0, 0, 0], [0, 0, 0, 0, 0, 0.278, 0, 0, 0], [0, 0, 0, 0, 0, 0.2664, 0, 0, 0], [0, 0, 0, 0, 0, 0.2663, 0, 0, 0], [0, 0, 0, 0, 0, 0.2595, 0, 0, 0]], "bottom_logit_ablation_values": [[0, 0, 0, 0, 0, -0.3277, 0, 0, 0], [0, 0, 0, 0, 0, -0.3034, 0, 0, 0], [0, 0, 0, 0, 0, -0.2924, 0, 0, 0], [0, 0, 0, 0, 0, -0.2912, 0, 0, 0], [0, 0, 0, 0, 0, -0.2839, 0, 0, 0]], "residual_loss_ablation": [5.54, -0.169, 1.115, -1.385, -0.8227, 0.2416, 2.063, 3.319, 0]}}, {"tokens_str_list": ["each", "(", "nodes", ",", "function", "(", "list", "){", "\n           "], "tokens_acts_list": [0, 0, 0, 0, 0.2031, 0, 0, 0, 0], "train_token_ind": 4, "is_repeated_datapoint": 0, "datapoint_ind": 49953734, "ablations": {"loss_ablation": [0, 0, 0, 0, 0, -0.02356, 0, 0, 0], "top_logit_ablation_tokens_str": [["<META>", "<META>", "<META>", "<META>", "<META>", "izes", "<META>", "<META>", "<META>"], ["<EOT>", "<EOT>", "<EOT>", "<EOT>", "<EOT>", "coring", "<EOT>", "<EOT>", "<EOT>"], ["<META_START>", "<META_START>", "<META_START>", "<META_START>", "<META_START>", "ities", "<META_START>", "<META_START>", "<META_START>"], ["<SOS>", "<SOS>", "<SOS>", "<SOS>", "<SOS>", "izing", "<SOS>", "<SOS>", "<SOS>"], ["<META_END>", "<META_END>", "<META_END>", "<META_END>", "<META_END>", "ize", "<META_END>", "<META_END>", "<META_END>"]],