{"index": 950, "act_buckets": [0, 0, 0, 0, 0, 0, 0, 0, 0, 0, 0, 0, 0, 0, 0, 0, 0, 0, 0, 0, 0, 0, 0, 0, 0, 0, 0, 0, 0, 0, 0, 0, 0, 0, 0, 0, 0, 0, 0, 1], "act_bucket_edges": [0, 0.013, 0.02601, 0.03901, 0.05202, 0.06502, 0.07803, 0.09103, 0.104, 0.117, 0.13, 0.1431, 0.1561, 0.1691, 0.1821, 0.1951, 0.2081, 0.2211, 0.2341, 0.2471, 0.2601, 0.2731, 0.2861, 0.2991, 0.3121, 0.3251, 0.3381, 0.3511, 0.3641, 0.3771, 0.3901, 0.4032, 0.4162, 0.4292, 0.4422, 0.4552, 0.4682, 0.4812, 0.4942, 0.5072, 0.5202], "logit_buckets": [2, 1, 2, 8, 13, 17, 34, 51, 94, 158, 252, 431, 543, 947, 1325, 1955, 2802, 3888, 4726, 7876, 7656, 7440, 6563, 5600, 4287, 3013, 2151, 1412, 940, 542, 398, 204, 98, 46, 34, 14, 7, 3, 1, 2], "logit_bucket_edges": [-0.4373, -0.4165, -0.3956, -0.3748, -0.354, -0.3332, -0.3123, -0.2915, -0.2707, -0.2499, -0.229, -0.2082, -0.1874, -0.1666, -0.1457, -0.1249, -0.1041, -0.08326, -0.06244, -0.04161, -0.02079, 3.691e-05, 0.02086, 0.04169, 0.06251, 0.08334, 0.1042, 0.125, 0.1458, 0.1666, 0.1875, 0.2083, 0.2291, 0.2499, 0.2708, 0.2916, 0.3124, 0.3332, 0.3541, 0.3749, 0.3957], "examples_quantiles": [{"quantile_name": "Top Activations", "quantile_max_act": 0.5202, "examples": [{"tokens_str_list": ["More", " and", " worse", ".'", " Dak", "ar", " could", " not", " resist"], "tokens_acts_list": [0, 0, 0, 0, 0.5202, 0, 0, 0, 0], "train_token_ind": 4, "is_repeated_datapoint": 0, "datapoint_ind": 49568994, "ablations": {"loss_ablation": [0, 0, 0, 0, 0, -0.07693, 0, 0, 0], "top_logit_ablation_tokens_str": [["<META>", "<META>", "<META>", "<META>", "<META>", "=\"", "<META>", "<META>", "<META>"], ["<EOT>", "<EOT>", "<EOT>", "<EOT>", "<EOT>", "uration", "<EOT>", "<EOT>", "<EOT>"], ["<META_START>", "<META_START>", "<META_START>", "<META_START>", "<META_START>", "ological", "<META_START>", "<META_START>", "<META_START>"], ["<SOS>", "<SOS>", "<SOS>", "<SOS>", "<SOS>", "ausal", "<SOS>", "<SOS>", "<SOS>"], ["<META_END>", "<META_END>", "<META_END>", "<META_END>", "<META_END>", "at", "<META_END>", "<META_END>", "<META_END>"]], "bottom_logit_ablation_tokens_str": [["<META>", "<META>", "<META>", "<META>", "<META>", "stone", "<META>", "<META>", "<META>"], ["<EOT>", "<EOT>", "<EOT>", "<EOT>", "<EOT>", "stones", "<EOT>", "<EOT>", "<EOT>"], ["<META_START>", "<META_START>", "<META_START>", "<META_START>", "<META_START>", "berry", "<META_START>", "<META_START>", "<META_START>"], ["<SOS>", "<SOS>", "<SOS>", "<SOS>", "<SOS>", "?\u201d", "<SOS>", "<SOS>", "<SOS>"], ["<META_END>", "<META_END>", "<META_END>", "<META_END>", "<META_END>", " cider", "<META_END>", "<META_END>", "<META_END>"]], "top_logit_ablation_values": [[0, 0, 0, 0, 0, 0.3563, 0, 0, 0], [0, 0, 0, 0, 0, 0.343, 0, 0, 0], [0, 0, 0, 0, 0, 0.3312, 0, 0, 0], [0, 0, 0, 0, 0, 0.315, 0, 0, 0], [0, 0, 0, 0, 0, 0.3132, 0, 0, 0]], "bottom_logit_ablation_values": [[0, 0, 0, 0, 0, -0.2892, 0, 0, 0], [0, 0, 0, 0, 0, -0.2798, 0, 0, 0], [0, 0, 0, 0, 0, -0.2714, 0, 0, 0], [0, 0, 0, 0, 0, -0.256, 0, 0, 0], [0, 0, 0, 0, 0, -0.2479, 0, 0, 0]], "residual_loss_ablation": [-0.542, 0.02166, 1.963, 0.3808, 0.6914, 1.052, 0.7885, 1.08, 0]}}]}], "statistics": {"density_frac": 1e-08, "global_max_act": 0.5202, "abs_max_neuron_weights": [0.1318, 0.1305, 0.1276], "abs_max_neuron_inds": [113, 41, 408], "l1_max_neuron_weights": [0.007246, 0.00717, 0.007011]}, "logit_effects": {"negatives": [[" method", -0.3663], ["iveness", -0.3675], ["between", -0.3677], ["selines", -0.3681], ["{", -0.3738], ["at", -0.3801], ["ausal", -0.3889], ["ological", -0.4051], ["uration", -0.4277], ["=\"", -0.4373]], "positives": [["stone", 0.3957], ["stones", 0.3811], ["berry", 0.3707], ["?\u201d", 0.3377], [" cider", 0.3373], ["pple", 0.3341], ["Ohio", 0.3307], [" sue", 0.322], [" Hawking", 0.3184], [" guessed", 0.3161]]}}