{"index": 966, "act_buckets": [0, 0, 0, 0, 0, 0, 0, 0, 0, 0, 0, 0, 0, 0, 0, 0, 0, 0, 0, 0, 0, 0, 0, 0, 0, 0, 0, 0, 0, 0, 0, 0, 0, 0, 0, 0, 0, 0, 0, 1], "act_bucket_edges": [0, 1.249e-05, 2.499e-05, 3.748e-05, 4.997e-05, 6.247e-05, 7.496e-05, 8.745e-05, 9.995e-05, 0.0001124, 0.0001249, 0.0001374, 0.0001499, 0.0001624, 0.0001749, 0.0001874, 0.0001999, 0.0002124, 0.0002249, 0.0002374, 0.0002499, 0.0002624, 0.0002748, 0.0002873, 0.0002998, 0.0003123, 0.0003248, 0.0003373, 0.0003498, 0.0003623, 0.0003748, 0.0003873, 0.0003998, 0.0004123, 0.0004248, 0.0004373, 0.0004498, 0.0004622, 0.0004747, 0.0004872, 0.0004997], "logit_buckets": [3, 1, 1, 3, 5, 3, 3, 6, 5, 15, 26, 30, 57, 92, 154, 280, 421, 683, 1146, 1684, 2617, 4069, 8613, 9224, 9499, 8845, 6870, 4579, 2928, 1699, 908, 504, 297, 147, 63, 36, 10, 6, 1, 3], "logit_bucket_edges": [-0.7334, -0.7033, -0.6732, -0.6432, -0.6131, -0.583, -0.5529, -0.5228, -0.4928, -0.4627, -0.4326, -0.4025, -0.3724, -0.3424, -0.3123, -0.2822, -0.2521, -0.222, -0.192, -0.1619, -0.1318, -0.1017, -0.07164, -0.04156, -0.01148, 0.0186, 0.04868, 0.07876, 0.1088, 0.1389, 0.169, 0.1991, 0.2292, 0.2592, 0.2893, 0.3194, 0.3495, 0.3796, 0.4096, 0.4397, 0.4698], "examples_quantiles": [{"quantile_name": "Top Activations", "quantile_max_act": 0.0004997, "examples": [{"tokens_str_list": ["121", " There", "after", " INTER", "FET", " forces", " either", " moved", " to"], "tokens_acts_list": [0, 0, 0, 0, 0.0004997, 0, 0, 0, 0], "train_token_ind": 4, "is_repeated_datapoint": 0, "datapoint_ind": 4860282, "ablations": {"loss_ablation": [0, 0, 0, 0, 0, -0.001221, 0, 0, 0], "top_logit_ablation_tokens_str": [["<META>", "<META>", "<META>", "<META>", "<META>", "izes", "<META>", "<META>", "<META>"], ["<EOT>", "<EOT>", "<EOT>", "<EOT>", "<EOT>", "isms", "<EOT>", "<EOT>", "<EOT>"], ["<META_START>", "<META_START>", "<META_START>", "<META_START>", "<META_START>", "rains", "<META_START>", "<META_START>", "<META_START>"], ["<SOS>", "<SOS>", "<SOS>", "<SOS>", "<SOS>", " getopt", "<SOS>", "<SOS>", "<SOS>"], ["<META_END>", "<META_END>", "<META_END>", "<META_END>", "<META_END>", " vlan", "<META_END>", "<META_END>", "<META_END>"]], "bottom_logit_ablation_tokens_str": [["<META>", "<META>", "<META>", "<META>", "<META>", "OR", "<META>", "<META>", "<META>"], ["<EOT>", "<EOT>", "<EOT>", "<EOT>", "<EOT>", " place", "<EOT>", "<EOT>", "<EOT>"], ["<META_START>", "<META_START>", "<META_START>", "<META_START>", "<META_START>", "AGE", "<META_START>", "<META_START>", "<META_START>"], ["<SOS>", "<SOS>", "<SOS>", "<SOS>", "<SOS>", " century", "<SOS>", "<SOS>", "<SOS>"], ["<META_END>", "<META_END>", "<META_END>", "<META_END>", "<META_END>", "}.$$", "<META_END>", "<META_END>", "<META_END>"]], "top_logit_ablation_values": [[0, 0, 0, 0, 0, 0.0175, 0, 0, 0], [0, 0, 0, 0, 0, 0.01649, 0, 0, 0], [0, 0, 0, 0, 0, 0.01618, 0, 0, 0], [0, 0, 0, 0, 0, 0.0161, 0, 0, 0], [0, 0, 0, 0, 0, 0.01605, 0, 0, 0]], "bottom_logit_ablation_values": [[0, 0, 0, 0, 0, 0.0008087, 0, 0, 0], [0, 0, 0, 0, 0, 0.001064, 0, 0, 0], [0, 0, 0, 0, 0, 0.001559, 0, 0, 0], [0, 0, 0, 0, 0, 0.001837, 0, 0, 0], [0, 0, 0, 0, 0, 0.002091, 0, 0, 0]], "residual_loss_ablation": [1.893, 2.018, 2.795, -0.09515, -0.2409, 2.973, -0.1433, 2.148, 0]}}]}], "statistics": {"density_frac": 1e-08, "global_max_act": 0.0004997, "abs_max_neuron_weights": [0.1903, -0.1874, -0.1727], "abs_max_neuron_inds": [111, 64, 428], "l1_max_neuron_weights": [0.01102, 0.01085, 0.009996]}, "logit_effects": {"negatives": [["ising", -0.6048], ["oned", -0.6112], ["ized", -0.6201], ["reated", -0.6289], ["ically", -0.6321], ["ize", -0.6625], ["izes", -0.6943], ["ists", -0.7075], ["ious", -0.7226], ["izing", -0.7334]], "positives": [["ci\u00f3n", 0.4698], ["\\xa4", 0.4576], [" Makeup", 0.4522], ["\u00eancia", 0.4135], ["leton", 0.4088], ["MOESM", 0.4051], ["pgen", 0.397], ["\\xa8", 0.3918], [" },", 0.3811], ["\n \n", 0.3808]]}}