{"index": 977, "act_buckets": [0, 0, 0, 0, 1, 0, 0, 0, 0, 0, 0, 0, 0, 1, 0, 0, 0, 0, 0, 0, 0, 0, 0, 0, 0, 0, 0, 0, 0, 0, 0, 0, 0, 0, 0, 0, 0, 1, 0, 1], "act_bucket_edges": [0, 0.01014, 0.02027, 0.03041, 0.04054, 0.05068, 0.06081, 0.07095, 0.08108, 0.09122, 0.1014, 0.1115, 0.1216, 0.1318, 0.1419, 0.152, 0.1622, 0.1723, 0.1824, 0.1926, 0.2027, 0.2128, 0.223, 0.2331, 0.2433, 0.2534, 0.2635, 0.2737, 0.2838, 0.2939, 0.3041, 0.3142, 0.3243, 0.3345, 0.3446, 0.3547, 0.3649, 0.375, 0.3851, 0.3953, 0.4054], "logit_buckets": [1, 1, 0, 0, 1, 6, 5, 16, 30, 41, 78, 165, 276, 2467, 1598, 1928, 2375, 3177, 4258, 5636, 6816, 7493, 7333, 6767, 5489, 3864, 2471, 1449, 838, 465, 224, 106, 73, 39, 27, 10, 9, 1, 2, 1], "logit_bucket_edges": [-0.5974, -0.5696, -0.5419, -0.5141, -0.4864, -0.4586, -0.4309, -0.4031, -0.3754, -0.3476, -0.3199, -0.2922, -0.2644, -0.2367, -0.2089, -0.1812, -0.1534, -0.1257, -0.09793, -0.07019, -0.04244, -0.01469, 0.01305, 0.0408, 0.06854, 0.09629, 0.124, 0.1518, 0.1795, 0.2073, 0.235, 0.2628, 0.2905, 0.3183, 0.346, 0.3738, 0.4015, 0.4292, 0.457, 0.4847, 0.5125], "examples_quantiles": [{"quantile_name": "Top Activations", "quantile_max_act": 0.4054, "examples": [{"tokens_str_list": ["<EOT>", "And", "rei", " Alexand", "res", "cu", " (", "See", " Website"], "tokens_acts_list": [0, 0, 0, 0, 0.4054, 0, 0, 0, 0], "train_token_ind": 4, "is_repeated_datapoint": 0, "datapoint_ind": 48686026, "ablations": {"loss_ablation": [0, 0, 0, 0, 0, -0.04326, 0, 0, 0], "top_logit_ablation_tokens_str": [["<META>", "<META>", "<META>", "<META>", "<META>", "ful", "<META>", "<META>", "<META>"], ["<EOT>", "<EOT>", "<EOT>", "<EOT>", "<EOT>", "uds", "<EOT>", "<EOT>", "<EOT>"], ["<META_START>", "<META_START>", "<META_START>", "<META_START>", "<META_START>", "omic", "<META_START>", "<META_START>", "<META_START>"], ["<SOS>", "<SOS>", "<SOS>", "<SOS>", "<SOS>", "ogy", "<SOS>", "<SOS>", "<SOS>"], ["<META_END>", "<META_END>", "<META_END>", "<META_END>", "<META_END>", "pend", "<META_END>", "<META_END>", "<META_END>"]], "bottom_logit_ablation_tokens_str": [["<META>", "<META>", "<META>", "<META>", "<META>", "),\"", "<META>", "<META>", "<META>"], ["<EOT>", "<EOT>", "<EOT>", "<EOT>", "<EOT>", ").\"", "<EOT>", "<EOT>", "<EOT>"], ["<META_START>", "<META_START>", "<META_START>", "<META_START>", "<META_START>", ")\"", "<META_START>", "<META_START>", "<META_START>"], ["<SOS>", "<SOS>", "<SOS>", "<SOS>", "<SOS>", ")](#", "<SOS>", "<SOS>", "<SOS>"], ["<META_END>", "<META_END>", "<META_END>", "<META_END>", "<META_END>", "}$)", "<META_END>", "<META_END>", "<META_END>"]], "top_logit_ablation_values": [[0, 0, 0, 0, 0, 0.2648, 0, 0, 0], [0, 0, 0, 0, 0, 0.234, 0, 0, 0], [0, 0, 0, 0, 0, 0.1871, 0, 0, 0], [0, 0, 0, 0, 0, 0.185, 0, 0, 0], [0, 0, 0, 0, 0, 0.1837, 0, 0, 0]], "bottom_logit_ablation_values": [[0, 0, 0, 0, 0, -0.2585, 0, 0, 0], [0, 0, 0, 0, 0, -0.2463, 0, 0, 0], [0, 0, 0, 0, 0, -0.2386, 0, 0, 0], [0, 0, 0, 0, 0, -0.2318, 0, 0, 0], [0, 0, 0, 0, 0, -0.2295, 0, 0, 0]], "residual_loss_ablation": [-0.1678, 0.9846, 3.986, -0.05603, -0.2977, -0.09168, -0.526, -2.442, 0]}}, {"tokens_str_list": [".", "\n", "\n", "In", " the", " conditions", " of", " Definition", " 2"], "tokens_acts_list": [0, 0, 0, 0, 0.3826, 0, 0, 0, 0], "train_token_ind": 4, "is_repeated_datapoint": 0, "datapoint_ind": 26340538, "ablations": {"loss_ablation": [0, 0, 0, 0, 0, 0.03023, 0, 0, 0], "top_logit_ablation_tokens_str": [["<META>", "<META>", "<META>", "<META>", "<META>", "ful", "<META>", "<META>", "<META>"], ["<EOT>", "<EOT>", "<EOT>", "<EOT>", "<EOT>", "uds", "<EOT>", "<EOT>", "<EOT>"], ["<META_START>", "<META_START>", "<META_START>", "<META_START>", "<META_START>", "ogy", "<META_START>", "<META_START>", "<META_START>"], ["<SOS>", "<SOS>", "<SOS>", "<SOS>", "<SOS>", "unched", "<SOS>", "<SOS>", "<SOS>"], ["<META_END>", "<META_END>", "<META_END>", "<META_END>", "<META_END>", "tically", "<META_END>", "<META_END>", "<META_END>"]], "bottom_logit_ablation_tokens_str": [["<META>", "<META>", "<META>", "<META>", "<META>", "),\"", "<META>", "<META>", "<META>"], ["<EOT>", "<EOT>", "<EOT>", "<EOT>", "<EOT>", ").\"", "<EOT>", "<EOT>", "<EOT>"], ["<META_START>", "<META_START>", "<META_START>", "<META_START>", "<META_START>", ")\"", "<META_START>", "<META_START>", "<META_START>"], ["<SOS>", "<SOS>", "<SOS>", "<SOS>", "<SOS>", "}$)", "<SOS>", "<SOS>", "<SOS>"], ["<META_END>", "<META_END>", "<META_END>", "<META_END>", "<META_END>", " Filed", "<META_END>", "<META_END>", "<META_END>"]], "top_logit_ablation_values": [[0, 0, 0, 0, 0, 0.4923, 0, 0, 0], [0, 0, 0, 0, 0, 0.446, 0, 0, 0], [0, 0, 0, 0, 0, 0.3789, 0, 0, 0], [0, 0, 0, 0, 0, 0.3655, 0, 0, 0], [0, 0, 0, 0, 0, 0.3605, 0, 0, 0]], "bottom_logit_ablation_values": [[0, 0, 0, 0, 0, -0.438, 0, 0, 0], [0, 0, 0, 0, 0, -0.4082, 0, 0, 0], [0, 0, 0, 0, 0, -0.3931, 0, 0, 0], [0, 0, 0, 0, 0, -0.3777, 0, 0, 0], [0, 0, 0, 0, 0, -0.3673, 0, 0, 0]], "residual_loss_ablation": [2.005, 0.1299, 0.2012, -0.02559, -0.5824, 1.777, 0.3678, 0.1318, 0]}}, {"tokens_str_list": ["{", "aligned", "}$$", " In", " the", " fl", "avour", " basis", " ("], "tokens_acts_list": [0, 0, 0, 0, 0.1323, 0, 0, 0, 0], "train_token_ind": 4, "is_repeated_datapoint": 0, "datapoint_ind": 45416480, "ablations": {"loss_ablation": [0, 0, 0, 0, 0, 0.02455, 0, 0, 0], "top_logit_ablation_tokens_str": [["<META>", "<META>", "<META>", "<META>", "<META>", "ful", "<META>", "<META>", "<META>"], ["<EOT>", "<EOT>", "<EOT>", "<EOT>", "<EOT>", "uds", "<EOT>", "<EOT>", "<EOT>"], ["<META_START>", "<META_START>", "<META_START>", "<META_START>", "<META_START>", "ogy", "<META_START>", "<META_START>", "<META_START>"], ["<SOS>", "<SOS>", "<SOS>", "<SOS>", "<SOS>", "unched", "<SOS>", "<SOS>", "<SOS>"], ["<META_END>", "<META_END>", "<META_END>", "<META_END>", "<META_END>", "omic", "<META_END>", "<META_END>", "<META_END>"]], "bottom_logit_ablation_tokens_str": [["<META>", "<META>", "<META>", "<META>", "<META>", "),\"", "<META>", "<META>", "<META>"], ["<EOT>", "<EOT>", "<EOT>", "<EOT>", "<EOT>", ").\"", "<EOT>", "<EOT>", "<EOT>"], ["<META_START>", "<META_START>", "<META_START>", "<META_START>", "<META_START>", ")\"", "<META_START>", "<META_START>", "<META_START>"], ["<SOS>", "<SOS>", "<SOS>", "<SOS>", "<SOS>", "}$)", "<SOS>", "<SOS>", "<SOS>"], ["<META_END>", "<META_END>", "<META_END>", "<META_END>", "<META_END>", "})$", "<META_END>", "<META_END>", "<META_END>"]], "top_logit_ablation_values": [[0, 0, 0, 0, 0, 0.1802, 0, 0, 0], [0, 0, 0, 0, 0, 0.1683, 0, 0, 0], [0, 0, 0, 0, 0, 0.1415, 0, 0, 0], [0, 0, 0, 0, 0, 0.135, 0, 0, 0], [0, 0, 0, 0, 0, 0.1333, 0, 0, 0]], "bottom_logit_ablation_values": [[0, 0, 0, 0, 0, -0.1593, 0, 0, 0], [0, 0, 0, 0, 0, -0.1491, 0, 0, 0], [0, 0, 0, 0, 0, -0.1432, 0, 0, 0], [0, 0, 0, 0, 0, -0.1387, 0, 0, 0], [0, 0, 0, 0, 0, -0.1347, 0, 0, 0]], "residual_loss_ablation": [-0.004557, -0.4357, 0.04514, 1.723, -0.7019, 0.8969, -0.06058, 6.301, 0]}}, {"tokens_str_list": [" mit", "z", "ured", "en", ".\u00ab", "\n", "\n", "\u00bb", "All"], "tokens_acts_list": [0, 0, 0, 0, 0.0412, 0, 0, 0, 0], "train_token_ind": 4, "is_repeated_datapoint": 0, "datapoint_ind": 76851631, "ablations": {"loss_ablation": [0, 0, 0, 0, 0, -0.001954, 0, 0, 0], "top_logit_ablation_tokens_str": [["<META>", "<META>", "<META>", "<META>", "<META>", "ful", "<META>", "<META>", "<META>"], ["<EOT>", "<EOT>", "<EOT>", "<EOT>", "<EOT>", "uds", "<EOT>", "<EOT>", "<EOT>"], ["<META_START>", "<META_START>", "<META_START>", "<META_START>", "<META_START>", "'s", "<META_START>", "<META_START>", "<META_START>"], ["<SOS>", "<SOS>", "<SOS>", "<SOS>", "<SOS>", " of", "<SOS>", "<SOS>", "<SOS>"], ["<META_END>", "<META_END>", "<META_END>", "<META_END>", "<META_END>", "-", "<META_END>", "<META_END>", "<META_END>"]],