{"index": 987, "act_buckets": [0, 1, 0, 0, 0, 0, 0, 0, 0, 0, 0, 0, 0, 0, 0, 0, 0, 0, 1, 0, 0, 0, 0, 0, 0, 0, 0, 0, 0, 0, 0, 0, 0, 0, 0, 0, 0, 0, 0, 1], "act_bucket_edges": [0, 0.01134, 0.02269, 0.03403, 0.04538, 0.05672, 0.06807, 0.07941, 0.09075, 0.1021, 0.1134, 0.1248, 0.1361, 0.1475, 0.1588, 0.1702, 0.1815, 0.1929, 0.2042, 0.2155, 0.2269, 0.2382, 0.2496, 0.2609, 0.2723, 0.2836, 0.295, 0.3063, 0.3176, 0.329, 0.3403, 0.3517, 0.363, 0.3744, 0.3857, 0.397, 0.4084, 0.4197, 0.4311, 0.4424, 0.4538], "logit_buckets": [2, 0, 2, 1, 5, 7, 23, 30, 54, 100, 178, 280, 503, 821, 1452, 2356, 3750, 5349, 6725, 8335, 12500, 8024, 5393, 3755, 2341, 1457, 911, 495, 286, 174, 86, 57, 50, 15, 9, 4, 2, 2, 0, 2], "logit_bucket_edges": [-0.4967, -0.4721, -0.4474, -0.4228, -0.3981, -0.3734, -0.3488, -0.3241, -0.2995, -0.2748, -0.2501, -0.2255, -0.2008, -0.1762, -0.1515, -0.1269, -0.1022, -0.07754, -0.05288, -0.02822, -0.003559, 0.0211, 0.04576, 0.07042, 0.09508, 0.1197, 0.1444, 0.1691, 0.1937, 0.2184, 0.243, 0.2677, 0.2923, 0.317, 0.3417, 0.3663, 0.391, 0.4156, 0.4403, 0.465, 0.4896], "examples_quantiles": [{"quantile_name": "Top Activations", "quantile_max_act": 0.4538, "examples": [{"tokens_str_list": ["\n", ",", " **", "**,", " ().", "\n", "\n", ",", " **"], "tokens_acts_list": [0, 0, 0, 0, 0.4538, 0, 0, 0, 0], "train_token_ind": 4, "is_repeated_datapoint": 0, "datapoint_ind": 53779, "ablations": {"loss_ablation": [0, 0, 0, 0, 0, 0.01768, 0, 0, 0], "top_logit_ablation_tokens_str": [["<META>", "<META>", "<META>", "<META>", "<META>", "idding", "<META>", "<META>", "<META>"], ["<EOT>", "<EOT>", "<EOT>", "<EOT>", "<EOT>", "1", "<EOT>", "<EOT>", "<EOT>"], ["<META_START>", "<META_START>", "<META_START>", "<META_START>", "<META_START>", "](#", "<META_START>", "<META_START>", "<META_START>"], ["<SOS>", "<SOS>", "<SOS>", "<SOS>", "<SOS>", "umbled", "<SOS>", "<SOS>", "<SOS>"], ["<META_END>", "<META_END>", "<META_END>", "<META_END>", "<META_END>", "App", "<META_END>", "<META_END>", "<META_END>"]], "bottom_logit_ablation_tokens_str": [["<META>", "<META>", "<META>", "<META>", "<META>", "rable", "<META>", "<META>", "<META>"], ["<EOT>", "<EOT>", "<EOT>", "<EOT>", "<EOT>", "gic", "<EOT>", "<EOT>", "<EOT>"], ["<META_START>", "<META_START>", "<META_START>", "<META_START>", "<META_START>", "ria", "<META_START>", "<META_START>", "<META_START>"], ["<SOS>", "<SOS>", "<SOS>", "<SOS>", "<SOS>", "ocene", "<SOS>", "<SOS>", "<SOS>"], ["<META_END>", "<META_END>", "<META_END>", "<META_END>", "<META_END>", "quence", "<META_END>", "<META_END>", "<META_END>"]], "top_logit_ablation_values": [[0, 0, 0, 0, 0, 0.4463, 0, 0, 0], [0, 0, 0, 0, 0, 0.4417, 0, 0, 0], [0, 0, 0, 0, 0, 0.404, 0, 0, 0], [0, 0, 0, 0, 0, 0.4029, 0, 0, 0], [0, 0, 0, 0, 0, 0.3899, 0, 0, 0]], "bottom_logit_ablation_values": [[0, 0, 0, 0, 0, -0.2383, 0, 0, 0], [0, 0, 0, 0, 0, -0.2292, 0, 0, 0], [0, 0, 0, 0, 0, -0.1816, 0, 0, 0], [0, 0, 0, 0, 0, -0.1732, 0, 0, 0], [0, 0, 0, 0, 0, -0.1724, 0, 0, 0]], "residual_loss_ablation": [-1.019, 2.532, 6.593, 2.603, 3.239, 3.891, -0.6105, 7.652, 0]}}, {"tokens_str_list": [" old", " topic", " (", "not", " entirely", " sure", " why", " thats", " a"], "tokens_acts_list": [0, 0, 0, 0, 0.207, 0, 0, 0, 0], "train_token_ind": 4, "is_repeated_datapoint": 0, "datapoint_ind": 72925984, "ablations": {"loss_ablation": [0, 0, 0, 0, 0, -0.1003, 0, 0, 0], "top_logit_ablation_tokens_str": [["<META>", "<META>", "<META>", "<META>", "<META>", "idding", "<META>", "<META>", "<META>"], ["<EOT>", "<EOT>", "<EOT>", "<EOT>", "<EOT>", "1", "<EOT>", "<EOT>", "<EOT>"], ["<META_START>", "<META_START>", "<META_START>", "<META_START>", "<META_START>", "umbled", "<META_START>", "<META_START>", "<META_START>"], ["<SOS>", "<SOS>", "<SOS>", "<SOS>", "<SOS>", "](#", "<SOS>", "<SOS>", "<SOS>"], ["<META_END>", "<META_END>", "<META_END>", "<META_END>", "<META_END>", "App", "<META_END>", "<META_END>", "<META_END>"]], "bottom_logit_ablation_tokens_str": [["<META>", "<META>", "<META>", "<META>", "<META>", "rable", "<META>", "<META>", "<META>"], ["<EOT>", "<EOT>", "<EOT>", "<EOT>", "<EOT>", "gic", "<EOT>", "<EOT>", "<EOT>"], ["<META_START>", "<META_START>", "<META_START>", "<META_START>", "<META_START>", "ocene", "<META_START>", "<META_START>", "<META_START>"], ["<SOS>", "<SOS>", "<SOS>", "<SOS>", "<SOS>", ".\u201d", "<SOS>", "<SOS>", "<SOS>"], ["<META_END>", "<META_END>", "<META_END>", "<META_END>", "<META_END>", "ria", "<META_END>", "<META_END>", "<META_END>"]], "top_logit_ablation_values": [[0, 0, 0, 0, 0, 0.2432, 0, 0, 0], [0, 0, 0, 0, 0, 0.236, 0, 0, 0], [0, 0, 0, 0, 0, 0.2266, 0, 0, 0], [0, 0, 0, 0, 0, 0.2189, 0, 0, 0], [0, 0, 0, 0, 0, 0.2107, 0, 0, 0]], "bottom_logit_ablation_values": [[0, 0, 0, 0, 0, -0.0945, 0, 0, 0], [0, 0, 0, 0, 0, -0.08863, 0, 0, 0], [0, 0, 0, 0, 0, -0.07225, 0, 0, 0], [0, 0, 0, 0, 0, -0.06847, 0, 0, 0], [0, 0, 0, 0, 0, -0.06734, 0, 0, 0]], "residual_loss_ablation": [1.649, -0.9952, -0.2815, -0.6566, -1.431, 7.321, -0.4655, 0.3301, 0]}}, {"tokens_str_list": [" lot", " of", " time", ",", " depending", " on", " the", " volume", " of"], "tokens_acts_list": [0, 0, 0, 0, 0.01752, 0, 0, 0, 0], "train_token_ind": 4, "is_repeated_datapoint": 0, "datapoint_ind": 40959597, "ablations": {"loss_ablation": [0, 0, 0, 0, 0, 0, 0, 0, 0], "top_logit_ablation_tokens_str": [["<META>", "<META>", "<META>", "<META>", "<META>", "<META>", "<META>", "<META>", "<META>"], ["<EOT>", "<EOT>", "<EOT>", "<EOT>", "<EOT>", "<EOT>", "<EOT>", "<EOT>", "<EOT>"], ["<META_START>", "<META_START>", "<META_START>", "<META_START>", "<META_START>", "<META_START>", "<META_START>", "<META_START>", "<META_START>"], ["<SOS>", "<SOS>", "<SOS>", "<SOS>", "<SOS>", "<SOS>", "<SOS>", "<SOS>", "<SOS>"], ["<META_END>", "<META_END>", "<META_END>", "<META_END>", "<META_END>", "<META_END>", "<META_END>", "<META_END>", "<META_END>"]], "bottom_logit_ablation_tokens_str": [["<META>", "<META>", "<META>", "<META>", "<META>", "<META>", "<META>", "<META>", "<META>"], ["<EOT>", "<EOT>", "<EOT>", "<EOT>", "<EOT>", "<EOT>", "<EOT>", "<EOT>", "<EOT>"], ["<META_START>", "<META_START>", "<META_START>", "<META_START>", "<META_START>", "<META_START>", "<META_START>", "<META_START>", "<META_START>"], ["<SOS>", "<SOS>", "<SOS>", "<SOS>", "<SOS>", "<SOS>", "<SOS>", "<SOS>", "<SOS>"], ["<META_END>", "<META_END>", "<META_END>", "<META_END>", "<META_END>", "<META_END>", "<META_END>", "<META_END>", "<META_END>"]], "top_logit_ablation_values": [[0, 0, 0, 0, 0, 0, 0, 0, 0], [0, 0, 0, 0, 0, 0, 0, 0, 0], [0, 0, 0, 0, 0, 0, 0, 0, 0], [0, 0, 0, 0, 0, 0, 0, 0, 0], [0, 0, 0, 0, 0, 0, 0, 0, 0]], "bottom_logit_ablation_values": [[0, 0, 0, 0, 0, 0, 0, 0, 0], [0, 0, 0, 0, 0, 0, 0, 0, 0], [0, 0, 0, 0, 0, 0, 0, 0, 0], [0, 0, 0, 0, 0, 0, 0, 0, 0], [0, 0, 0, 0, 0, 0, 0, 0, 0]], "residual_loss_ablation": [-1.249, 0.1361, 0.7594, -0.9452, 1.48, -0.06309, -0.2858, 1.997, 0]}}]}], "statistics": {"density_frac": 3e-08, "global_max_act": 0.4538, "abs_max_neuron_weights": [0.1482, 0.136, 0.127], "abs_max_neuron_inds": [128, 115, 142], "l1_max_neuron_weights": [0.008666, 0.007953, 0.007425]}, "logit_effects": {"negatives": [["0", -0.3767], [" NONINFRINGEMENT", -0.385], ["3", -0.3899], ["ergic", -0.3954], ["inds", -0.3971], ["App", -0.4034], ["](#", -0.4264], ["umbled", -0.4452], ["1", -0.4759], ["idding", -0.4967]], "positives": [["rable", 0.4896], ["gic", 0.4785], ["ocene", 0.4297], ["ria", 0.4161], ["quence", 0.4112], [".\u201d", 0.4064], [",\u201d", 0.3888], ["sible", 0.3795], ["gua", 0.3765], ["ssa", 0.3701]]}}