{"index": 992, "act_buckets": [0, 1, 0, 0, 0, 0, 0, 0, 0, 0, 0, 0, 0, 0, 0, 0, 0, 0, 0, 0, 0, 0, 0, 0, 0, 0, 1, 0, 0, 0, 0, 0, 0, 0, 0, 0, 0, 0, 0, 1], "act_bucket_edges": [0, 0.02247, 0.04494, 0.06741, 0.08988, 0.1123, 0.1348, 0.1573, 0.1798, 0.2022, 0.2247, 0.2472, 0.2696, 0.2921, 0.3146, 0.337, 0.3595, 0.382, 0.4044, 0.4269, 0.4494, 0.4719, 0.4943, 0.5168, 0.5393, 0.5617, 0.5842, 0.6067, 0.6291, 0.6516, 0.6741, 0.6966, 0.719, 0.7415, 0.764, 0.7864, 0.8089, 0.8314, 0.8538, 0.8763, 0.8988], "logit_buckets": [1, 0, 1, 2, 5, 6, 18, 26, 26, 76, 117, 202, 388, 686, 1102, 1990, 5074, 6551, 8267, 9365, 9040, 7653, 5750, 3955, 2372, 1355, 787, 408, 193, 68, 28, 14, 6, 1, 1, 1, 0, 0, 0, 1], "logit_bucket_edges": [-0.4705, -0.4468, -0.4232, -0.3995, -0.3758, -0.3522, -0.3285, -0.3048, -0.2812, -0.2575, -0.2338, -0.2102, -0.1865, -0.1628, -0.1392, -0.1155, -0.09184, -0.06817, -0.04451, -0.02084, 0.002826, 0.02649, 0.05016, 0.07383, 0.09749, 0.1212, 0.1448, 0.1685, 0.1922, 0.2158, 0.2395, 0.2632, 0.2868, 0.3105, 0.3342, 0.3578, 0.3815, 0.4052, 0.4288, 0.4525, 0.4762], "examples_quantiles": [{"quantile_name": "Top Activations", "quantile_max_act": 0.8988, "examples": [{"tokens_str_list": [" old", " topic", " (", "not", " entirely", " sure", " why", " thats", " a"], "tokens_acts_list": [0, 0, 0, 0, 0.8988, 0, 0, 0, 0], "train_token_ind": 4, "is_repeated_datapoint": 0, "datapoint_ind": 72925984, "ablations": {"loss_ablation": [0, 0, 0, 0, 0, -0.05849, 0, 0, 0], "top_logit_ablation_tokens_str": [["<META>", "<META>", "<META>", "<META>", "<META>", "osterone", "<META>", "<META>", "<META>"], ["<EOT>", "<EOT>", "<EOT>", "<EOT>", "<EOT>", "ity", "<EOT>", "<EOT>", "<EOT>"], ["<META_START>", "<META_START>", "<META_START>", "<META_START>", "<META_START>", "=\"", "<META_START>", "<META_START>", "<META_START>"], ["<SOS>", "<SOS>", "<SOS>", "<SOS>", "<SOS>", "rile", "<SOS>", "<SOS>", "<SOS>"], ["<META_END>", "<META_END>", "<META_END>", "<META_END>", "<META_END>", "ments", "<META_END>", "<META_END>", "<META_END>"]], "bottom_logit_ablation_tokens_str": [["<META>", "<META>", "<META>", "<META>", "<META>", "unnumbered", "<META>", "<META>", "<META>"], ["<EOT>", "<EOT>", "<EOT>", "<EOT>", "<EOT>", "volvimento", "<EOT>", "<EOT>", "<EOT>"], ["<META_START>", "<META_START>", "<META_START>", "<META_START>", "<META_START>", "sted", "<META_START>", "<META_START>", "<META_START>"], ["<SOS>", "<SOS>", "<SOS>", "<SOS>", "<SOS>", "mpre", "<SOS>", "<SOS>", "<SOS>"], ["<META_END>", "<META_END>", "<META_END>", "<META_END>", "<META_END>", "gathered", "<META_END>", "<META_END>", "<META_END>"]], "top_logit_ablation_values": [[0, 0, 0, 0, 0, 0.8193, 0, 0, 0], [0, 0, 0, 0, 0, 0.6943, 0, 0, 0], [0, 0, 0, 0, 0, 0.6917, 0, 0, 0], [0, 0, 0, 0, 0, 0.6801, 0, 0, 0], [0, 0, 0, 0, 0, 0.649, 0, 0, 0]], "bottom_logit_ablation_values": [[0, 0, 0, 0, 0, -0.7515, 0, 0, 0], [0, 0, 0, 0, 0, -0.5578, 0, 0, 0], [0, 0, 0, 0, 0, -0.5209, 0, 0, 0], [0, 0, 0, 0, 0, -0.5, 0, 0, 0], [0, 0, 0, 0, 0, -0.4744, 0, 0, 0]], "residual_loss_ablation": [1.649, -0.9952, -0.2815, -0.6566, -1.431, 7.321, -0.4655, 0.3301, 0]}}, {"tokens_str_list": [" it", " take", " for", " a", " bount", "y", " to", " be", " auto"], "tokens_acts_list": [0, 0, 0, 0, 0.588, 0, 0, 0, 0], "train_token_ind": 4, "is_repeated_datapoint": 0, "datapoint_ind": 82550481, "ablations": {"loss_ablation": [0, 0, 0, 0, 0, -0.004107, 0, 0, 0], "top_logit_ablation_tokens_str": [["<META>", "<META>", "<META>", "<META>", "<META>", "osterone", "<META>", "<META>", "<META>"], ["<EOT>", "<EOT>", "<EOT>", "<EOT>", "<EOT>", "ity", "<EOT>", "<EOT>", "<EOT>"], ["<META_START>", "<META_START>", "<META_START>", "<META_START>", "<META_START>", "=\"", "<META_START>", "<META_START>", "<META_START>"], ["<SOS>", "<SOS>", "<SOS>", "<SOS>", "<SOS>", "rile", "<SOS>", "<SOS>", "<SOS>"], ["<META_END>", "<META_END>", "<META_END>", "<META_END>", "<META_END>", "iveness", "<META_END>", "<META_END>", "<META_END>"]], "bottom_logit_ablation_tokens_str": [["<META>", "<META>", "<META>", "<META>", "<META>", "unnumbered", "<META>", "<META>", "<META>"], ["<EOT>", "<EOT>", "<EOT>", "<EOT>", "<EOT>", "volvimento", "<EOT>", "<EOT>", "<EOT>"], ["<META_START>", "<META_START>", "<META_START>", "<META_START>", "<META_START>", "sted", "<META_START>", "<META_START>", "<META_START>"], ["<SOS>", "<SOS>", "<SOS>", "<SOS>", "<SOS>", "mpre", "<SOS>", "<SOS>", "<SOS>"], ["<META_END>", "<META_END>", "<META_END>", "<META_END>", "<META_END>", "gathered", "<META_END>", "<META_END>", "<META_END>"]], "top_logit_ablation_values": [[0, 0, 0, 0, 0, 0.4001, 0, 0, 0], [0, 0, 0, 0, 0, 0.3443, 0, 0, 0], [0, 0, 0, 0, 0, 0.3424, 0, 0, 0], [0, 0, 0, 0, 0, 0.342, 0, 0, 0], [0, 0, 0, 0, 0, 0.3223, 0, 0, 0]], "bottom_logit_ablation_values": [[0, 0, 0, 0, 0, -0.3429, 0, 0, 0], [0, 0, 0, 0, 0, -0.2574, 0, 0, 0], [0, 0, 0, 0, 0, -0.2443, 0, 0, 0], [0, 0, 0, 0, 0, -0.2287, 0, 0, 0], [0, 0, 0, 0, 0, -0.2196, 0, 0, 0]], "residual_loss_ablation": [0.5495, 1.034, -0.03435, 0.2797, -0.4034, 2.756, -1.464, -2.046, 0]}}, {"tokens_str_list": [" \\", "tau", " \\", "begin", "{", "pmatrix", "}", " 0", " &"], "tokens_acts_list": [0, 0, 0, 0, 0.02693, 0, 0, 0, 0], "train_token_ind": 4, "is_repeated_datapoint": 0, "datapoint_ind": 5100325, "ablations": {"loss_ablation": [0, 0, 0, 0, 0, 0.0002153, 0, 0, 0], "top_logit_ablation_tokens_str": [["<META>", "<META>", "<META>", "<META>", "<META>", "osterone", "<META>", "<META>", "<META>"], ["<EOT>", "<EOT>", "<EOT>", "<EOT>", "<EOT>", " {", "<EOT>", "<EOT>", "<EOT>"], ["<META_START>", "<META_START>", "<META_START>", "<META_START>", "<META_START>", "IBUT", "<META_START>", "<META_START>", "<META_START>"], ["<SOS>", "<SOS>", "<SOS>", "<SOS>", "<SOS>", "ments", "<SOS>", "<SOS>", "<SOS>"], ["<META_END>", "<META_END>", "<META_END>", "<META_END>", "<META_END>", "atically", "<META_END>", "<META_END>", "<META_END>"]], "bottom_logit_ablation_tokens_str": [["<META>", "<META>", "<META>", "<META>", "<META>", "unnumbered", "<META>", "<META>", "<META>"], ["<EOT>", "<EOT>", "<EOT>", "<EOT>", "<EOT>", "KERN", "<EOT>", "<EOT>", "<EOT>"], ["<META_START>", "<META_START>", "<META_START>", "<META_START>", "<META_START>", ".\"\"", "<META_START>", "<META_START>", "<META_START>"], ["<SOS>", "<SOS>", "<SOS>", "<SOS>", "<SOS>", "\".\"", "<SOS>", "<SOS>", "<SOS>"], ["<META_END>", "<META_END>", "<META_END>", "<META_END>", "<META_END>", "$^{", "<META_END>", "<META_END>", "<META_END>"]], "top_logit_ablation_values": [[0, 0, 0, 0, 0, 0.01513, 0, 0, 0], [0, 0, 0, 0, 0, 0.01382, 0, 0, 0], [0, 0, 0, 0, 0, 0.01376, 0, 0, 0], [0, 0, 0, 0, 0, 0.01335, 0, 0, 0], [0, 0, 0, 0, 0, 0.01304, 0, 0, 0]], "bottom_logit_ablation_values": [[0, 0, 0, 0, 0, -0.0101, 0, 0, 0], [0, 0, 0, 0, 0, -0.009844, 0, 0, 0], [0, 0, 0, 0, 0, -0.008615, 0, 0, 0], [0, 0, 0, 0, 0, -0.00796, 0, 0, 0], [0, 0, 0, 0, 0, -0.00786, 0, 0, 0]], "residual_loss_ablation": [-0.4856, 1.331, -0.207, -2.795, -0.102, 3.588, -0.05083, 3.782, 0]}}]}], "statistics": {"density_frac": 3e-08, "global_max_act": 0.8988, "abs_max_neuron_weights": [0.1555, -0.1257, 0.1237], "abs_max_neuron_inds": [367, 86, 175], "l1_max_neuron_weights": [0.008695, 0.007024, 0.006915]}, "logit_effects": {"negatives": [[" {", -0.3493], ["inal", -0.3553], ["ifies", -0.3593], ["ification", -0.3605], ["iveness", -0.363], ["ments", -0.3701], ["rile", -0.3889], ["=\"", -0.3938], ["ity", -0.3998], ["osterone", -0.4705]], "positives": [["unnumbered", 0.4762], ["volvimento", 0.3638], ["sted", 0.336], ["mpre", 0.327], ["gathered", 0.3088], ["`\\", 0.3063], ["$^", 0.3048], [".\"\"", 0.3006], ["$^{", 0.2929], ["nesday", 0.2891]]}}